//! Auto-generated ELF binary for consoled
//! Generated by cargo xtask

#[rustfmt::skip]
pub static CONSOLED_ELF: &[u8] = &[
    0x7f, 0x45, 0x4c, 0x46, 0x02, 0x01, 0x01, 0x00, 0x00, 0x00, 0x00, 0x00, 
    0x00, 0x00, 0x00, 0x00, 0x02, 0x00, 0xb7, 0x00, 0x01, 0x00, 0x00, 0x00, 
    0x00, 0x00, 0x01, 0x40, 0x00, 0x00, 0x00, 0x00, 0x40, 0x00, 0x00, 0x00, 
    0x00, 0x00, 0x00, 0x00, 0xc0, 0x58, 0x01, 0x00, 0x00, 0x00, 0x00, 0x00, 
    0x00, 0x00, 0x00, 0x00, 0x40, 0x00, 0x38, 0x00, 0x04, 0x00, 0x40, 0x00, 
    0x08, 0x00, 0x06, 0x00, 0x01, 0x00, 0x00, 0x00, 0x05, 0x00, 0x00, 0x00, 
    0x20, 0x01, 0x00, 0x00, 0x00, 0x00, 0x00, 0x00, 0x00, 0x00, 0x01, 0x40, 
    0x00, 0x00, 0x00, 0x00, 0x00, 0x00, 0x01, 0x40, 0x00, 0x00, 0x00, 0x00, 
    0x44, 0x85, 0x00, 0x00, 0x00, 0x00, 0x00, 0x00, 0x44, 0x85, 0x00, 0x00, 
    0x00, 0x00, 0x00, 0x00, 0x04, 0x00, 0x00, 0x00, 0x00, 0x00, 0x00, 0x00, 
    0x01, 0x00, 0x00, 0x00, 0x04, 0x00, 0x00, 0x00, 0x00, 0x90, 0x00, 0x00, 
    0x00, 0x00, 0x00, 0x00, 0x00, 0x90, 0x01, 0x40, 0x00, 0x00, 0x00, 0x00, 
    0x00, 0x90, 0x01, 0x40, 0x00, 0x00, 0x00, 0x00, 0x88, 0x31, 0x00, 0x00, 
    0x00, 0x00, 0x00, 0x00, 0x88, 0x31, 0x00, 0x00, 0x00, 0x00, 0x00, 0x00, 
    0x00, 0x10, 0x00, 0x00, 0x00, 0x00, 0x00, 0x00, 0x01, 0x00, 0x00, 0x00, 
    0x06, 0x00, 0x00, 0x00, 0x00, 0xd0, 0x00, 0x00, 0x00, 0x00, 0x00, 0x00, 
    0x00, 0xd0, 0x01, 0x40, 0x00, 0x00, 0x00, 0x00, 0x00, 0xd0, 0x01, 0x40, 
    0x00, 0x00, 0x00, 0x00, 0x48, 0x00, 0x00, 0x00, 0x00, 0x00, 0x00, 0x00, 
    0x20, 0x90, 0x00, 0x00, 0x00, 0x00, 0x00, 0x00, 0x00, 0x10, 0x00, 0x00, 
    0x00, 0x00, 0x00, 0x00, 0x51, 0xe5, 0x74, 0x64, 0x06, 0x00, 0x00, 0x00, 
    0x00, 0x00, 0x00, 0x00, 0x00, 0x00, 0x00, 0x00, 0x00, 0x00, 0x00, 0x00, 
    0x00, 0x00, 0x00, 0x00, 0x00, 0x00, 0x00, 0x00, 0x00, 0x00, 0x00, 0x00, 
    0x00, 0x00, 0x00, 0x00, 0x00, 0x00, 0x00, 0x00, 0x00, 0x00, 0x00, 0x00, 
    0x00, 0x00, 0x00, 0x00, 0x00, 0x00, 0x00, 0x00, 0x00, 0x00, 0x00, 0x00, 
    0x70, 0x17, 0x00, 0x94, 0x08, 0x00, 0x80, 0xd2, 0x01, 0x00, 0x00, 0xd4, 
    0x00, 0x00, 0x00, 0x14, 0x08, 0xc4, 0x48, 0x39, 0x1f, 0x09, 0x00, 0x71, 
    0x41, 0x00, 0x00, 0x54, 0xc0, 0x03, 0x5f, 0xd6, 0x00, 0x40, 0x00, 0x91, 
    0x02, 0x1d, 0x00, 0x14, 0x08, 0x10, 0x40, 0x39, 0x1f, 0x0d, 0x00, 0x71, 
    0x41, 0x00, 0x00, 0x54, 0xc0, 0x03, 0x5f, 0xd6, 0xfd, 0x1c, 0x00, 0x14, 
    0xfd, 0x0f, 0x1e, 0xf8, 0xfe, 0x4f, 0x01, 0xa9, 0xe0, 0x03, 0x1e, 0xaa, 
    0xc6, 0x20, 0x00, 0x94, 0xfe, 0x03, 0x00, 0xaa, 0xff, 0x03, 0x2d, 0xd1, 
    0xff, 0x03, 0x00, 0xf9, 0xe2, 0x0f, 0x40, 0x91, 0x81, 0x00, 0x80, 0x52, 
    0x93, 0x00, 0x80, 0x52, 0xe0, 0x43, 0x00, 0x91, 0x42, 0x3c, 0x2d, 0x91, 
    0x01, 0x20, 0xa0, 0x72, 0xe3, 0x03, 0x1f, 0xaa, 0x13, 0x20, 0xa0, 0x72, 
    0x6a, 0x1a, 0x00, 0x94, 0xe8, 0x13, 0x40, 0xb9, 0x1f, 0x05, 0x00, 0x71, 
    0x41, 0x02, 0x00, 0x54, 0xe8, 0x17, 0x40, 0xb9, 0x1f, 0x1d, 0x00, 0x71, 
    0xe1, 0x01, 0x00, 0x54, 0x1f, 0x20, 0x03, 0xd5, 0x01, 0xbf, 0x05, 0x10, 
    0xe0, 0x43, 0x00, 0x91, 0x62, 0x01, 0x80, 0x52, 0x14, 0x1b, 0x00, 0x94, 
    0xe8, 0x13, 0x40, 0xb9, 0xc8, 0x03, 0x00, 0x36, 0xe0, 0x03, 0x1f, 0xaa, 
    0x1f, 0x20, 0x03, 0xd5, 0xc1, 0x81, 0x04, 0x10, 0x88, 0x09, 0x80, 0x52, 
    0x22, 0x03, 0x80, 0x52, 0x01, 0x00, 0x00, 0xd4, 0x15, 0x00, 0x00, 0x14, 
    0x28, 0x00, 0x80, 0x52, 0xf3, 0x03, 0x00, 0xb9, 0xff, 0x13, 0x00, 0x39, 
    0xe8, 0x33, 0x00, 0x39, 0xe8, 0x0b, 0x00, 0xb9, 0x15, 0x1b, 0x00, 0x94, 
    0x1f, 0x70, 0x00, 0x71, 0xe1, 0x00, 0x00, 0x54, 0x02, 0xfc, 0x60, 0xd3, 
    0xe0, 0x43, 0x00, 0x91, 0xe1, 0x03, 0x00, 0x91, 0x5b, 0x0c, 0x00, 0x94, 
    0xe0, 0x43, 0x00, 0x91, 0x08, 0x0d, 0x00, 0x94, 0xe0, 0x03, 0x1f, 0xaa, 
    0x1f, 0x20, 0x03, 0xd5, 0xe1, 0x7f, 0x04, 0x30, 0x88, 0x09, 0x80, 0x52, 
    0xe2, 0x02, 0x80, 0x52, 0x01, 0x00, 0x00, 0xd4, 0x20, 0x00, 0x80, 0x52, 
    0xc7, 0x19, 0x00, 0x94, 0xe8, 0x17, 0x40, 0xb9, 0xea, 0x63, 0x40, 0x39, 
    0x29, 0x00, 0x80, 0x52, 0xe9, 0x33, 0x00, 0x39, 0xea, 0xa7, 0x00, 0x29, 
    0xe8, 0x03, 0x00, 0xb9, 0xe9, 0xff, 0xff, 0x17, 0xfe, 0x0f, 0x1f, 0xf8, 
    0x5f, 0x3c, 0x00, 0x72, 0xe8, 0x03, 0x00, 0xaa, 0x20, 0x03, 0x00, 0x54, 
    0xe0, 0x03, 0x1f, 0xaa, 0x2b, 0x20, 0x00, 0x94, 0x5f, 0x3c, 0x00, 0x72, 
    0xe0, 0x00, 0x00, 0x54, 0x1f, 0x14, 0x00, 0xf1, 0x20, 0x03, 0x00, 0x54, 
    0x20, 0x20, 0x00, 0x94, 0x6c, 0x69, 0x20, 0x38, 0x00, 0x04, 0x00, 0x91, 
    0xf9, 0xff, 0xff, 0x17, 0xea, 0x03, 0x1f, 0xaa, 0x09, 0x04, 0x00, 0xd1, 
    0xeb, 0x23, 0x00, 0x91, 0x3f, 0x05, 0x00, 0xb1, 0xc0, 0x01, 0x00, 0x54, 
    0x5f, 0x01, 0x01, 0xeb, 0xa2, 0x00, 0x00, 0x54, 0x3f, 0x15, 0x00, 0xf1, 
    0xe2, 0x01, 0x00, 0x54, 0x6c, 0x69, 0x69, 0x38, 0x0c, 0x69, 0x2a, 0x38, 
    0x29, 0x05, 0x00, 0xd1, 0x4a, 0x05, 0x00, 0x91, 0xf6, 0xff, 0xff, 0x17, 
    0x61, 0x00, 0x00, 0xb4, 0x09, 0x06, 0x80, 0x52, 0x09, 0x01, 0x00, 0x39, 
    0x20, 0x00, 0x80, 0x52, 0xfe, 0x07, 0x41, 0xf8, 0xc0, 0x03, 0x5f, 0xd6, 
    0x1f, 0x20, 0x03, 0xd5, 0x62, 0x99, 0x04, 0x10, 0x04, 0x00, 0x00, 0x14, 
    0x1f, 0x20, 0x03, 0xd5, 0x42, 0x98, 0x04, 0x10, 0xe0, 0x03, 0x09, 0xaa, 
    0x47, 0x20, 0x00, 0x94, 0xfe, 0x0f, 0x1f, 0xf8, 0x5f, 0x3c, 0x00, 0x72, 
    0x60, 0x03, 0x00, 0x54, 0xe8, 0x03, 0x1f, 0xaa, 0x03, 0x20, 0x00, 0x94, 
    0x5f, 0x3c, 0x00, 0x72, 0xe0, 0x00, 0x00, 0x54, 0x1f, 0x15, 0x00, 0xf1, 
    0x80, 0x03, 0x00, 0x54, 0xf8, 0x1f, 0x00, 0x94, 0x6c, 0x69, 0x28, 0x38, 
    0x08, 0x05, 0x00, 0x91, 0xf9, 0xff, 0xff, 0x17, 0xea, 0x03, 0x1f, 0xaa, 
    0xeb, 0x23, 0x00, 0x91, 0x1f, 0x01, 0x0a, 0xab, 0x20, 0x02, 0x00, 0x54, 
    0x09, 0x01, 0x0a, 0x8b, 0x29, 0x05, 0x00, 0xd1, 0x3f, 0x15, 0x00, 0xf1, 
    0x02, 0x03, 0x00, 0x54, 0x29, 0x00, 0x0a, 0x8b, 0x49, 0x02, 0x00, 0xb4, 
    0x49, 0x01, 0x08, 0x8b, 0x4a, 0x05, 0x00, 0xd1, 0x69, 0x01, 0x09, 0x8b, 
    0x29, 0xf1, 0x5f, 0x38, 0x09, 0x14, 0x00, 0x38, 0xf3, 0xff, 0xff, 0x17, 
    0x61, 0x02, 0x00, 0xb4, 0x08, 0x06, 0x80, 0x52, 0x08, 0x00, 0x00, 0x39, 
    0x28, 0x00, 0x80, 0x52, 0xe0, 0x03, 0x08, 0xaa, 0xfe, 0x07, 0x41, 0xf8, 
    0xc0, 0x03, 0x5f, 0xd6, 0x1f, 0x20, 0x03, 0xd5, 0xc2, 0x98, 0x04, 0x10, 
    0xa0, 0x00, 0x80, 0x52, 0x08, 0x00, 0x00, 0x14, 0x1f, 0x20, 0x03, 0xd5, 
    0x82, 0x97, 0x04, 0x10, 0xe0, 0x03, 0x01, 0xaa, 0x06, 0x18, 0x00, 0x94, 
    0x1f, 0x20, 0x03, 0xd5, 0x42, 0x96, 0x04, 0x10, 0xe0, 0x03, 0x09, 0xaa, 
    0x17, 0x20, 0x00, 0x94, 0x1f, 0x20, 0x03, 0xd5, 0x02, 0x95, 0x04, 0x10, 
    0xe0, 0x03, 0x1f, 0xaa, 0xfe, 0x17, 0x00, 0x94, 0xff, 0x83, 0x00, 0xd1, 
    0xfe, 0x0b, 0x00, 0xf9, 0x62, 0x1f, 0x00, 0x94, 0xfe, 0x0b, 0x40, 0xf9, 
    0xfe, 0x1f, 0x00, 0x14, 0xfd, 0x7b, 0xbb, 0xa9, 0xfa, 0x67, 0x01, 0xa9, 
    0x59, 0x1f, 0x00, 0x94, 0xff, 0x03, 0x0b, 0xd1, 0x08, 0x0c, 0x41, 0x39, 
    0x88, 0x15, 0x00, 0x37, 0x28, 0x00, 0x80, 0x52, 0xf3, 0x03, 0x00, 0xaa, 
    0xe1, 0x03, 0x1f, 0x2a, 0x08, 0x0c, 0x01, 0x39, 0xe0, 0x13, 0x00, 0x91, 
    0x82, 0x57, 0x80, 0x52, 0xf6, 0x13, 0x00, 0x91, 0x91, 0x20, 0x00, 0x94, 
    0x1f, 0x20, 0x03, 0xd5, 0x23, 0x95, 0x04, 0x10, 0xe0, 0x13, 0x00, 0x91, 
    0xe1, 0x03, 0x1f, 0xaa, 0x82, 0x00, 0x80, 0x52, 0x97, 0x16, 0x00, 0x94, 
    0x1f, 0x20, 0x03, 0xd5, 0x62, 0x95, 0x04, 0x10, 0x1f, 0x20, 0x03, 0xd5, 
    0x64, 0x95, 0x04, 0x10, 0x83, 0x00, 0x80, 0x52, 0x66, 0x18, 0x00, 0x94, 
    0x1f, 0x20, 0x03, 0xd5, 0xa3, 0x95, 0x04, 0x10, 0xe0, 0x13, 0x00, 0x91, 
    0x81, 0x00, 0x80, 0x52, 0xc2, 0x00, 0x80, 0x52, 0xce, 0x1f, 0x00, 0x94, 
    0x1f, 0x20, 0x03, 0xd5, 0xe4, 0x95, 0x04, 0x10, 0x5d, 0x1f, 0x00, 0x94, 
    0x1f, 0x20, 0x03, 0xd5, 0x42, 0x96, 0x04, 0x10, 0xe0, 0x13, 0x00, 0x91, 
    0xc1, 0x00, 0x80, 0x52, 0x88, 0x16, 0x00, 0x94, 0x77, 0x82, 0x40, 0x79, 
    0xe2, 0x06, 0x00, 0x11, 0x9d, 0xff, 0xff, 0x97, 0xf4, 0x03, 0x00, 0xaa, 
    0x15, 0x24, 0x00, 0x91, 0x1f, 0x20, 0x03, 0xd5, 0xc3, 0x95, 0x04, 0x10, 
    0xe0, 0x13, 0x00, 0x91, 0x81, 0x1a, 0x00, 0x91, 0xe2, 0x03, 0x15, 0xaa, 
    0x78, 0x16, 0x00, 0x94, 0x1f, 0x20, 0x03, 0xd5, 0xc2, 0x95, 0x04, 0x10, 
    0x1f, 0x20, 0x03, 0xd5, 0xc4, 0x95, 0x04, 0x10, 0x6a, 0x1f, 0x00, 0x94, 
    0x68, 0x7a, 0x40, 0x79, 0x09, 0x19, 0x80, 0x52, 0xf8, 0x03, 0x1f, 0xaa, 
    0x1f, 0x21, 0x03, 0x71, 0x19, 0x31, 0x89, 0x1a, 0xa8, 0x05, 0x80, 0x52, 
    0x1f, 0x03, 0x19, 0xeb, 0xe0, 0x00, 0x00, 0x54, 0xbf, 0xf2, 0x0a, 0xf1, 
    0x62, 0x0f, 0x00, 0x54, 0x18, 0x07, 0x00, 0x91, 0xc8, 0x6a, 0x35, 0x38, 
    0xb5, 0x06, 0x00, 0x91, 0xf9, 0xff, 0xff, 0x17, 0xb6, 0x0a, 0x00, 0x91, 
    0x1f, 0x20, 0x03, 0xd5, 0x43, 0x94, 0x04, 0x10, 0xe0, 0x13, 0x00, 0x91, 
    0xe1, 0x03, 0x15, 0xaa, 0xe2, 0x03, 0x16, 0xaa, 0xfa, 0x13, 0x00, 0x91, 
    0xa0, 0x1f, 0x00, 0x94, 0x1f, 0x20, 0x03, 0xd5, 0x24, 0x94, 0x04, 0x10, 
    0x2f, 0x1f, 0x00, 0x94, 0x1f, 0x20, 0x03, 0xd5, 0x82, 0x94, 0x04, 0x10, 
    0xe0, 0x13, 0x00, 0x91, 0xe1, 0x03, 0x16, 0xaa, 0x5a, 0x16, 0x00, 0x94, 
    0x73, 0x7e, 0x40, 0x79, 0x62, 0x06, 0x00, 0x51, 0x6f, 0xff, 0xff, 0x97, 
    0x01, 0x00, 0x16, 0x8b, 0xf5, 0x03, 0x00, 0xaa, 0x1f, 0x20, 0x03, 0xd5, 
    0x03, 0x94, 0x04, 0x10, 0xe0, 0x13, 0x00, 0x91, 0x22, 0x0c, 0x00, 0x91, 
    0x4b, 0x16, 0x00, 0x94, 0x1f, 0x20, 0x03, 0xd5, 0x22, 0x90, 0x04, 0x10, 
    0x1f, 0x20, 0x03, 0xd5, 0xe4, 0x93, 0x04, 0x10, 0x3d, 0x1f, 0x00, 0x94, 
    0x88, 0x02, 0x15, 0x8b, 0x49, 0x03, 0x18, 0x8b, 0xaa, 0x05, 0x80, 0x52, 
    0x08, 0x39, 0x00, 0x91, 0x01, 0x03, 0x08, 0x8b, 0xf9, 0x00, 0x00, 0xb4, 
    0x3f, 0xf0, 0x0a, 0xf1, 0x82, 0x0a, 0x00, 0x54, 0x2a, 0x69, 0x28, 0x38, 
    0x39, 0x07, 0x00, 0xd1, 0x08, 0x05, 0x00, 0x91, 0xf9, 0xff, 0xff, 0x17, 
    0x34, 0x08, 0x00, 0x91, 0x1f, 0x20, 0x03, 0xd5, 0xa3, 0x92, 0x04, 0x10, 
    0xe0, 0x13, 0x00, 0x91, 0xe2, 0x03, 0x14, 0xaa, 0xf5, 0x13, 0x00, 0x91, 
    0x76, 0x1f, 0x00, 0x94, 0x1f, 0x20, 0x03, 0xd5, 0xa4, 0x92, 0x04, 0x10, 
    0x05, 0x1f, 0x00, 0x94, 0x1f, 0x20, 0x03, 0xd5, 0x02, 0x93, 0x04, 0x10, 
    0xd9, 0x1e, 0x00, 0x94, 0xe2, 0x0a, 0x00, 0x11, 0x48, 0xff, 0xff, 0x97, 
    0x00, 0x00, 0x14, 0x8b, 0x1f, 0xec, 0x0a, 0xf1, 0x68, 0x08, 0x00, 0x54, 
    0x14, 0x04, 0x00, 0x91, 0x68, 0x07, 0x80, 0x52, 0xa8, 0x6a, 0x20, 0x38, 
    0x1f, 0x20, 0x03, 0xd5, 0x22, 0x93, 0x04, 0x10, 0xce, 0x1e, 0x00, 0x94, 
    0xe2, 0x03, 0x13, 0x2a, 0x3d, 0xff, 0xff, 0x97, 0x08, 0x00, 0x14, 0x8b, 
    0x1f, 0xf1, 0x0a, 0xf1, 0x62, 0x07, 0x00, 0x54, 0x14, 0x0d, 0x00, 0x91, 
    0xe9, 0x13, 0x00, 0x91, 0x1f, 0x20, 0x03, 0xd5, 0x63, 0x93, 0x04, 0x10, 
    0xe0, 0x13, 0x00, 0x91, 0x01, 0x05, 0x00, 0x91, 0xe2, 0x03, 0x14, 0xaa, 
    0x4a, 0x0e, 0x80, 0x52, 0x2a, 0x69, 0x28, 0x38, 0x56, 0x1f, 0x00, 0x94, 
    0x1f, 0x20, 0x03, 0xd5, 0x24, 0x93, 0x04, 0x10, 0xe5, 0x1e, 0x00, 0x94, 
    0x1f, 0x20, 0x03, 0xd5, 0x82, 0x93, 0x04, 0x10, 0xb9, 0x1e, 0x00, 0x94, 
    0xe2, 0x03, 0x13, 0x2a, 0x28, 0xff, 0xff, 0x97, 0x01, 0x00, 0x14, 0x8b, 
    0x1f, 0x20, 0x03, 0xd5, 0x83, 0x93, 0x04, 0x10, 0x33, 0x0c, 0x00, 0x91, 
    0xe0, 0x13, 0x00, 0x91, 0xe2, 0x03, 0x13, 0xaa, 0x04, 0x16, 0x00, 0x94, 
    0x1f, 0x20, 0x03, 0xd5, 0x42, 0x87, 0x04, 0x10, 0x1f, 0x20, 0x03, 0xd5, 
    0x44, 0x93, 0x04, 0x10, 0xf6, 0x1e, 0x00, 0x94, 0x7f, 0xf6, 0x0a, 0xf1, 
    0x22, 0x01, 0x00, 0x54, 0xe0, 0x13, 0x00, 0x91, 0xe1, 0x03, 0x13, 0xaa, 
    0x4b, 0xff, 0xff, 0x97, 0xff, 0x03, 0x0b, 0x91, 0xbc, 0x1e, 0x00, 0x94, 
    0xfa, 0x67, 0x41, 0xa9, 0xfd, 0x7b, 0xc5, 0xa8, 0xc0, 0x03, 0x5f, 0xd6, 
    0x1f, 0x20, 0x03, 0xd5, 0x63, 0x92, 0x04, 0x10, 0xe0, 0x03, 0x1f, 0xaa, 
    0xe1, 0x03, 0x13, 0xaa, 0x82, 0x57, 0x80, 0x52, 0x1a, 0x16, 0x00, 0x94, 
    0x1f, 0x20, 0x03, 0xd5, 0x22, 0x93, 0x04, 0x10, 0xe0, 0x03, 0x15, 0xaa, 
    0x04, 0x00, 0x00, 0x14, 0x1f, 0x20, 0x03, 0xd5, 0xe2, 0x91, 0x04, 0x10, 
    0xe0, 0x03, 0x01, 0xaa, 0x81, 0x57, 0x80, 0x52, 0x34, 0x17, 0x00, 0x94, 
    0x1f, 0x20, 0x03, 0xd5, 0x82, 0x8a, 0x04, 0x10, 0xfc, 0xff, 0xff, 0x17, 
    0x1f, 0x20, 0x03, 0xd5, 0xa2, 0x8b, 0x04, 0x10, 0xe0, 0x03, 0x08, 0xaa, 
    0xf8, 0xff, 0xff, 0x17, 0xfd, 0x0f, 0x1c, 0xf8, 0xfe, 0x5f, 0x01, 0xa9, 
    0x97, 0x1e, 0x00, 0x94, 0xff, 0xc3, 0x0a, 0xd1, 0x15, 0xb0, 0x40, 0x39, 
    0xf4, 0x03, 0x00, 0xaa, 0xf3, 0x03, 0x01, 0xaa, 0xbf, 0x0a, 0x00, 0x71, 
    0x80, 0x00, 0x00, 0x54, 0x81, 0x22, 0x40, 0xb9, 0xe0, 0x03, 0x13, 0xaa, 
    0x10, 0x1e, 0x00, 0x94, 0x88, 0x12, 0x40, 0x39, 0x1f, 0x0d, 0x00, 0x71, 
    0x80, 0x00, 0x00, 0x54, 0x81, 0x02, 0x40, 0xb9, 0xe0, 0x03, 0x13, 0xaa, 
    0x0a, 0x1e, 0x00, 0x94, 0xbf, 0x0a, 0x00, 0x71, 0x80, 0x00, 0x00, 0x54, 
    0x80, 0x22, 0x40, 0xb9, 0x08, 0x0d, 0x80, 0x52, 0x01, 0x00, 0x00, 0xd4, 
    0x48, 0x00, 0x80, 0x52, 0xe0, 0x03, 0x14, 0xaa, 0x88, 0xb2, 0x00, 0x39, 
    0x72, 0xfe, 0xff, 0x97, 0x88, 0xda, 0x40, 0x39, 0x69, 0x00, 0x80, 0x52, 
    0x89, 0x12, 0x00, 0x39, 0x1f, 0x09, 0x00, 0x71, 0xa0, 0x00, 0x00, 0x54, 
    0x88, 0xd6, 0x40, 0x39, 0x08, 0x05, 0x00, 0x71, 0xe8, 0x33, 0x88, 0x1a, 
    0x88, 0xd6, 0x00, 0x39, 0x88, 0xa0, 0x82, 0x52, 0x76, 0x0a, 0x55, 0xb9, 
    0x9f, 0x0a, 0x01, 0x39, 0x75, 0x6a, 0x68, 0x38, 0xc8, 0x06, 0x00, 0x11, 
    0xbf, 0x0e, 0x00, 0x71, 0x68, 0x0a, 0x15, 0xb9, 0x20, 0x08, 0x00, 0x54, 
    0xa8, 0x21, 0x80, 0x52, 0xf4, 0x83, 0x08, 0x91, 0xe1, 0x03, 0x1f, 0x2a, 
    0x08, 0x81, 0x16, 0xaa, 0x80, 0x56, 0x00, 0x91, 0x62, 0x05, 0x80, 0x52, 
    0x17, 0xa0, 0x82, 0x52, 0xff, 0x1b, 0x02, 0xb9, 0xe8, 0x0b, 0x01, 0xf9, 
    0x9d, 0x1f, 0x00, 0x94, 0xe0, 0x43, 0x08, 0x91, 0x71, 0x1a, 0x00, 0x94, 
    0x08, 0x20, 0x81, 0x52, 0xe0, 0x13, 0x01, 0xf9, 0x1f, 0x20, 0x03, 0xd5, 
    0xe1, 0x8a, 0x04, 0x50, 0x80, 0x32, 0x00, 0x91, 0x22, 0x01, 0x80, 0x52, 
    0xe8, 0x2b, 0x02, 0xb9, 0x92, 0x1f, 0x00, 0x94, 0x60, 0x6a, 0x77, 0xb8, 
    0xe2, 0x83, 0x08, 0x91, 0xe1, 0x03, 0x15, 0x2a, 0xa3, 0x02, 0x80, 0x52, 
    0x10, 0x1a, 0x00, 0x94, 0x1f, 0x70, 0x00, 0x71, 0xc1, 0x04, 0x00, 0x54, 
    0x00, 0xe4, 0x00, 0x6f, 0xe8, 0x83, 0x09, 0x91, 0x15, 0x01, 0x80, 0x52, 
    0x1f, 0x20, 0x03, 0xd5, 0xf4, 0x7d, 0x05, 0x10, 0x00, 0x01, 0x00, 0xad, 
    0x00, 0x01, 0x01, 0xad, 0xd5, 0x03, 0x00, 0x34, 0xe0, 0x83, 0x0a, 0x91, 
    0x61, 0x02, 0x17, 0x8b, 0xe2, 0x83, 0x09, 0x91, 0x03, 0x08, 0x80, 0x52, 
    0xbf, 0x19, 0x00, 0x94, 0xe8, 0xa3, 0x42, 0xb9, 0xe8, 0x02, 0x00, 0x37, 
    0xe1, 0x57, 0x41, 0xf9, 0x3f, 0x30, 0x00, 0xf1, 0x43, 0x02, 0x00, 0x54, 
    0xe0, 0x83, 0x09, 0x91, 0xe2, 0x03, 0x14, 0xaa, 0x45, 0x15, 0x00, 0x94, 
    0x0a, 0x1f, 0x00, 0x94, 0xe0, 0x83, 0x0a, 0x91, 0xd0, 0x1e, 0x00, 0x94, 
    0xe8, 0xa3, 0x42, 0xb9, 0x1f, 0x05, 0x00, 0x71, 0x21, 0x01, 0x00, 0x54, 
    0xe8, 0xab, 0x42, 0xb9, 0x1f, 0x01, 0x16, 0x6b, 0xc1, 0x00, 0x00, 0x54, 
    0xe8, 0x4b, 0x45, 0x79, 0x1f, 0x35, 0x04, 0x71, 0xa0, 0x00, 0x00, 0x54, 
    0x1f, 0xfd, 0x0f, 0x71, 0x60, 0x00, 0x00, 0x54, 0xb5, 0x06, 0x00, 0x51, 
    0x95, 0xfc, 0xff, 0x35, 0x1f, 0x20, 0x03, 0xd5, 0xe2, 0x85, 0x04, 0x70, 
    0xe0, 0x23, 0x00, 0x91, 0x41, 0x00, 0x80, 0x52, 0xc3, 0x01, 0x80, 0x52, 
    0x1c, 0x1e, 0x00, 0x94, 0xe0, 0x23, 0x00, 0x91, 0x81, 0x1b, 0x00, 0x94, 
    0xff, 0xc3, 0x0a, 0x91, 0x33, 0x1e, 0x00, 0x94, 0xfe, 0x5f, 0x41, 0xa9, 
    0x60, 0x1e, 0x00, 0x14, 0xfd, 0x7b, 0xbb, 0xa9, 0xfa, 0x67, 0x01, 0xa9, 
    0x15, 0x1e, 0x00, 0x94, 0xff, 0x03, 0x09, 0xd1, 0xf3, 0x03, 0x00, 0xaa, 
    0xe0, 0x03, 0x00, 0x91, 0xd6, 0x1d, 0x00, 0x94, 0x68, 0xb2, 0x40, 0x39, 
    0x1f, 0x09, 0x00, 0x71, 0x40, 0x18, 0x00, 0x54, 0x68, 0x06, 0x40, 0xf9, 
    0x2b, 0x00, 0x80, 0x52, 0x09, 0x11, 0x00, 0x91, 0x08, 0x01, 0x40, 0xb9, 
    0x29, 0xfd, 0xdf, 0x88, 0x6a, 0x52, 0x40, 0x79, 0x4a, 0x0d, 0x40, 0x92, 
    0x28, 0x01, 0x08, 0x4b, 0x4a, 0x31, 0x00, 0x91, 0x76, 0x21, 0xca, 0x9a, 
    0xca, 0x06, 0x00, 0x51, 0x48, 0x01, 0x08, 0xea, 0xa0, 0x16, 0x00, 0x54, 
    0x1f, 0x01, 0x08, 0xf1, 0x09, 0x40, 0x80, 0x52, 0x1f, 0x20, 0x03, 0xd5, 
    0x42, 0x8a, 0x04, 0x10, 0x01, 0x31, 0x89, 0x9a, 0xe0, 0x03, 0x00, 0x91, 
    0x33, 0x15, 0x00, 0x94, 0x78, 0x82, 0x40, 0xf8, 0x08, 0x13, 0x00, 0x91, 
    0x19, 0x03, 0x40, 0xb9, 0x09, 0xfd, 0xdf, 0x88, 0xc8, 0x06, 0x00, 0x51, 
    0x29, 0x01, 0x19, 0x4b, 0x09, 0x01, 0x09, 0x0a, 0x3f, 0x01, 0x01, 0xeb, 
    0x34, 0x31, 0x81, 0x9a, 0x94, 0x14, 0x00, 0xb4, 0x08, 0x01, 0x19, 0x0a, 
    0xf5, 0x03, 0x00, 0xaa, 0xda, 0x02, 0x08, 0xcb, 0x16, 0x03, 0x01, 0x91, 
    0x5f, 0x03, 0x14, 0xeb, 0xc1, 0x02, 0x08, 0x8b, 0x57, 0x33, 0x94, 0x9a, 
    0xe2, 0x03, 0x17, 0xaa, 0x29, 0x1f, 0x00, 0x94, 0x5f, 0x03, 0x14, 0xeb, 
    0xa2, 0x00, 0x00, 0x54, 0x82, 0x02, 0x17, 0xcb, 0xa0, 0x02, 0x17, 0x8b, 
    0xe1, 0x03, 0x16, 0xaa, 0x23, 0x1f, 0x00, 0x94, 0x28, 0x03, 0x14, 0x0b, 
    0x1f, 0x20, 0x03, 0xd5, 0xa9, 0x88, 0x04, 0x10, 0x08, 0xff, 0x9f, 0x88, 
    0x1f, 0x20, 0x03, 0xd5, 0x88, 0x87, 0x04, 0x10, 0x78, 0x0e, 0x41, 0x39, 
    0xf5, 0x03, 0x1f, 0xaa, 0xf9, 0x03, 0x00, 0x91, 0x1f, 0x03, 0x00, 0x71, 
    0x36, 0x11, 0x88, 0x9a, 0x9f, 0x02, 0x15, 0xeb, 0x00, 0x02, 0x00, 0x54, 
    0xbf, 0x02, 0x08, 0xf1, 0x60, 0x2b, 0x00, 0x54, 0x28, 0x6b, 0x75, 0x38, 
    0x1f, 0x29, 0x00, 0x71, 0x04, 0x19, 0x4d, 0x7a, 0x61, 0x01, 0x00, 0x54, 
    0xb7, 0x06, 0x00, 0x91, 0xe0, 0x03, 0x00, 0x91, 0xe1, 0x03, 0x15, 0xaa, 
    0xe2, 0x03, 0x17, 0xaa, 0xe3, 0x03, 0x16, 0xaa, 0xbb, 0x14, 0x00, 0x94, 
    0x67, 0xfe, 0xff, 0x97, 0xf5, 0x03, 0x17, 0xaa, 0xf0, 0xff, 0xff, 0x17, 
    0xf5, 0x03, 0x14, 0xaa, 0x1f, 0x20, 0x03, 0xd5, 0xe3, 0x85, 0x04, 0x10, 
    0xe0, 0x03, 0x00, 0x91, 0xe1, 0x03, 0x15, 0xaa, 0xe2, 0x03, 0x14, 0xaa, 
    0xb1, 0x14, 0x00, 0x94, 0x89, 0x02, 0x15, 0xcb, 0xe8, 0x03, 0x01, 0xaa, 
    0x3f, 0x11, 0x00, 0xf1, 0xc9, 0x0a, 0x00, 0x54, 0x1f, 0x11, 0x00, 0xf1, 
    0xc9, 0x26, 0x00, 0x54, 0x0a, 0x08, 0x40, 0x39, 0x0b, 0x04, 0x40, 0x39, 
    0x0c, 0x00, 0x40, 0x39, 0x0d, 0x0c, 0x40, 0x39, 0x4a, 0xbd, 0x70, 0xd3, 
    0x8b, 0x21, 0x0b, 0xaa, 0x0c, 0x10, 0x40, 0x39, 0x4a, 0x61, 0x0d, 0xaa, 
    0x4a, 0x01, 0x0b, 0xaa, 0x6b, 0x0a, 0x8a, 0xd2, 0x4a, 0x81, 0x0c, 0xaa, 
    0x8b, 0x29, 0xa9, 0xf2, 0x8b, 0x0a, 0xc0, 0xf2, 0x5f, 0x01, 0x0b, 0xeb, 
    0xe1, 0x03, 0x00, 0x54, 0x3f, 0x19, 0x00, 0xf1, 0xa9, 0x09, 0x00, 0x54, 
    0x1f, 0x15, 0x00, 0xf1, 0xc0, 0x27, 0x00, 0x54, 0x0a, 0x14, 0x40, 0x39, 
    0x5f, 0x81, 0x00, 0x71, 0x01, 0x09, 0x00, 0x54, 0xea, 0x03, 0x1f, 0x2a, 
    0xcb, 0x00, 0x80, 0x52, 0xec, 0xff, 0x9f, 0x52, 0xed, 0x01, 0xa0, 0x52, 
    0x7f, 0x01, 0x09, 0xeb, 0xa2, 0x07, 0x00, 0x54, 0x1f, 0x01, 0x0b, 0xeb, 
    0xe0, 0x24, 0x00, 0x54, 0x0e, 0x68, 0x6b, 0x38, 0xce, 0xc1, 0x00, 0x51, 
    0xdf, 0x29, 0x00, 0x71, 0xe2, 0x06, 0x00, 0x54, 0x4f, 0x3d, 0x00, 0x12, 
    0x6b, 0x05, 0x00, 0x91, 0xef, 0x75, 0x1e, 0x53, 0xea, 0x21, 0x2a, 0x0b, 
    0x4f, 0x39, 0x1f, 0x53, 0xee, 0x01, 0x2e, 0x0b, 0xdf, 0x01, 0x0c, 0x6b, 
    0xce, 0x31, 0x8c, 0x1a, 0xbf, 0x05, 0x0a, 0x6a, 0xca, 0x01, 0x9f, 0x5a, 
    0xee, 0xff, 0xff, 0x17, 0x3f, 0x19, 0x00, 0xf1, 0xa9, 0x04, 0x00, 0x54, 
    0x1f, 0x19, 0x00, 0xf1, 0x69, 0x21, 0x00, 0x54, 0x0a, 0x08, 0x40, 0x39, 
    0xeb, 0x03, 0x00, 0xaa, 0x09, 0x04, 0x40, 0x39, 0x0c, 0x14, 0x40, 0x39, 
    0x6d, 0x4d, 0x40, 0x38, 0x0e, 0x00, 0x40, 0x39, 0x0f, 0x0c, 0x40, 0x39, 
    0x4a, 0xbd, 0x70, 0xd3, 0xac, 0x21, 0x0c, 0x2a, 0x6b, 0x09, 0x40, 0x39, 
    0xc9, 0x21, 0x09, 0xaa, 0x4a, 0x61, 0x0f, 0xaa, 0x8b, 0x41, 0x0b, 0x2a, 
    0x49, 0x01, 0x09, 0xaa, 0xea, 0xa8, 0x88, 0xd2, 0x8a, 0x6a, 0xaa, 0xf2, 
    0x29, 0x81, 0x0b, 0xaa, 0x2a, 0x49, 0xcb, 0xf2, 0xaa, 0x08, 0xe0, 0xf2, 
    0x3f, 0x01, 0x0a, 0xeb, 0x60, 0x05, 0x00, 0x54, 0xca, 0xe9, 0x89, 0xd2, 
    0x6a, 0x0a, 0xaa, 0xf2, 0x8a, 0x29, 0xc9, 0xf2, 0x8a, 0x0a, 0xe0, 0xf2, 
    0x3f, 0x01, 0x0a, 0xeb, 0x01, 0x01, 0x00, 0x54, 0x78, 0x02, 0x00, 0x34, 
    0x1f, 0x20, 0x03, 0xd5, 0x40, 0x6d, 0x04, 0x10, 0x41, 0x01, 0x80, 0x52, 
    0x7f, 0x0e, 0x01, 0x39, 0x06, 0xfe, 0xff, 0x97, 0x0d, 0x00, 0x00, 0x14, 
    0x9f, 0x02, 0x15, 0xeb, 0xa0, 0x02, 0x00, 0x54, 0xe1, 0x03, 0x08, 0xaa, 
    0x01, 0xfe, 0xff, 0x97, 0x12, 0x00, 0x00, 0x14, 0x48, 0x05, 0x00, 0x51, 
    0x08, 0x3d, 0x00, 0x12, 0x1f, 0x51, 0x00, 0x71, 0x42, 0x00, 0x00, 0x54, 
    0x6a, 0x82, 0x00, 0x79, 0xe0, 0x03, 0x13, 0xaa, 0xfe, 0xfd, 0xff, 0x97, 
    0x68, 0xb2, 0x40, 0x39, 0x1f, 0x09, 0x00, 0x71, 0x00, 0x01, 0x00, 0x54, 
    0x1f, 0x20, 0x03, 0xd5, 0x61, 0x7b, 0x04, 0x10, 0x60, 0x22, 0x00, 0x91, 
    0x62, 0x00, 0x80, 0x52, 0x52, 0x18, 0x00, 0x94, 0x60, 0x22, 0x40, 0xb9, 
    0x45, 0x18, 0x00, 0x94, 0xe0, 0x03, 0x13, 0xaa, 0x36, 0xff, 0xff, 0x97, 
    0xff, 0x03, 0x09, 0x91, 0x5e, 0x1d, 0x00, 0x94, 0xfa, 0x67, 0x41, 0xa9, 
    0xfd, 0x7b, 0xc5, 0xa8, 0xc0, 0x03, 0x5f, 0xd6, 0xb8, 0x00, 0x00, 0x36, 
    0x1f, 0x20, 0x03, 0xd5, 0x80, 0x78, 0x04, 0x10, 0x61, 0x00, 0x80, 0x52, 
    0xe3, 0xfd, 0xff, 0x97, 0x1f, 0x20, 0x03, 0xd5, 0xc0, 0x09, 0x05, 0x10, 
    0x61, 0x02, 0x80, 0x52, 0x88, 0x13, 0x00, 0x94, 0x00, 0xe4, 0x00, 0x6f, 
    0xf5, 0x03, 0x1f, 0x2a, 0xf4, 0x03, 0x1f, 0xaa, 0xf6, 0x03, 0x08, 0x91, 
    0xe0, 0x03, 0x10, 0xad, 0xbf, 0x92, 0x01, 0x71, 0x60, 0x03, 0x00, 0x54, 
    0x21, 0x00, 0x80, 0x52, 0xe0, 0xc3, 0x08, 0x91, 0xe2, 0xb3, 0x08, 0x91, 
    0x01, 0x20, 0xa0, 0x72, 0x23, 0x00, 0x80, 0x52, 0xff, 0xb3, 0x08, 0x39, 
    0xac, 0x17, 0x00, 0x94, 0xe8, 0x33, 0x42, 0xb9, 0x68, 0x01, 0x00, 0x37, 
    0xe8, 0x1f, 0x41, 0xf9, 0x28, 0x01, 0x00, 0xb4, 0xe8, 0xb3, 0x48, 0x39, 
    0x9f, 0x82, 0x00, 0xf1, 0x62, 0x00, 0x00, 0x54, 0xc8, 0x6a, 0x34, 0x38, 
    0x94, 0x06, 0x00, 0x91, 0x1f, 0x49, 0x01, 0x71, 0x20, 0x01, 0x00, 0x54, 
    0x06, 0x00, 0x00, 0x14, 0x08, 0xe2, 0x84, 0x52, 0x88, 0x00, 0x00, 0x34, 
    0xdf, 0x3f, 0x03, 0xd5, 0x08, 0x05, 0x00, 0x51, 0xc8, 0xff, 0xff, 0x35, 
    0xb5, 0x06, 0x00, 0x11, 0xe5, 0xff, 0xff, 0x17, 0x1f, 0x20, 0x03, 0xd5, 
    0xa0, 0x05, 0x05, 0x70, 0x61, 0x00, 0x80, 0x52, 0x63, 0x13, 0x00, 0x94, 
    0x9f, 0x1a, 0x00, 0xf1, 0x62, 0x08, 0x00, 0x54, 0x98, 0x00, 0x00, 0x36, 
    0xe0, 0x03, 0x13, 0xaa, 0x7f, 0x0e, 0x01, 0x39, 0xb9, 0xfd, 0xff, 0x97, 
    0x00, 0xe4, 0x00, 0x6f, 0x76, 0x7a, 0x40, 0x79, 0x74, 0x7e, 0x40, 0x79, 
    0xe8, 0x03, 0x1f, 0xaa, 0xf5, 0x03, 0x1f, 0xaa, 0x1f, 0x20, 0x03, 0xd5, 
    0x89, 0x48, 0x04, 0x10, 0xea, 0x03, 0x08, 0x91, 0xeb, 0x03, 0x1f, 0xaa, 
    0xe0, 0x03, 0x10, 0xad, 0x7f, 0x15, 0x00, 0xf1, 0x20, 0x01, 0x00, 0x54, 
    0xbf, 0x82, 0x00, 0xf1, 0x6b, 0x05, 0x00, 0x91, 0x82, 0xff, 0xff, 0x54, 
    0x2c, 0x69, 0x68, 0x38, 0xe8, 0x03, 0x0b, 0xaa, 0x4c, 0x69, 0x35, 0x38, 
    0xb5, 0x06, 0x00, 0x91, 0xf7, 0xff, 0xff, 0x17, 0x1f, 0x20, 0x03, 0xd5, 
    0xe3, 0x46, 0x04, 0x10, 0xe1, 0x03, 0x08, 0x91, 0xe0, 0x03, 0x15, 0xaa, 
    0x02, 0x04, 0x80, 0x52, 0x17, 0x04, 0x80, 0x52, 0xf8, 0x03, 0x08, 0x91, 
    0xd6, 0x13, 0x00, 0x94, 0xe2, 0x03, 0x16, 0x2a, 0x39, 0xfd, 0xff, 0x97, 
    0x15, 0x00, 0x15, 0x8b, 0xbf, 0x82, 0x00, 0xf1, 0x62, 0x00, 0x00, 0x54, 
    0x17, 0x6b, 0x35, 0x38, 0xb5, 0x06, 0x00, 0x91, 0x1f, 0x20, 0x03, 0xd5, 
    0xc3, 0x45, 0x04, 0x10, 0xe1, 0x03, 0x08, 0x91, 0xe0, 0x03, 0x15, 0xaa, 
    0x02, 0x04, 0x80, 0x52, 0xf6, 0x03, 0x08, 0x91, 0xc8, 0x13, 0x00, 0x94, 
    0xe2, 0x03, 0x14, 0x2a, 0x2b, 0xfd, 0xff, 0x97, 0x01, 0x00, 0x15, 0x8b, 
    0x3f, 0x80, 0x00, 0xf1, 0x82, 0x00, 0x00, 0x54, 0x48, 0x01, 0x80, 0x52, 
    0xc8, 0x6a, 0x21, 0x38, 0x21, 0x04, 0x00, 0x91, 0x68, 0xb2, 0x40, 0x39, 
    0x1f, 0x09, 0x00, 0x71, 0x20, 0xf2, 0xff, 0x54, 0x1f, 0x20, 0x03, 0xd5, 
    0xc2, 0x6b, 0x04, 0x10, 0xe0, 0x03, 0x08, 0x91, 0xde, 0x13, 0x00, 0x94, 
    0xb1, 0x1d, 0x00, 0x94, 0x60, 0x22, 0x00, 0x91, 0xe1, 0x03, 0x02, 0xaa, 
    0xe2, 0x03, 0x03, 0xaa, 0x85, 0xff, 0xff, 0x17, 0xe9, 0x03, 0x1f, 0xaa, 
    0x88, 0x0a, 0x00, 0xd1, 0xea, 0x03, 0x08, 0x91, 0x1f, 0x01, 0x09, 0xeb, 
    0x40, 0xf7, 0xff, 0x54, 0x3f, 0x81, 0x00, 0xf1, 0x20, 0x0c, 0x00, 0x54, 
    0x4b, 0x69, 0x69, 0x38, 0x7f, 0x6d, 0x00, 0x71, 0xe1, 0x00, 0x00, 0x54, 
    0x3f, 0x7d, 0x00, 0xf1, 0xe0, 0x0b, 0x00, 0x54, 0x4b, 0x01, 0x09, 0x8b, 
    0x6b, 0x05, 0x40, 0x39, 0x7f, 0x6d, 0x01, 0x71, 0x60, 0x00, 0x00, 0x54, 
    0x29, 0x05, 0x00, 0x91, 0xf2, 0xff, 0xff, 0x17, 0xe8, 0x03, 0x1f, 0x2a, 
    0x20, 0x09, 0x00, 0x91, 0xe9, 0x03, 0x08, 0x91, 0xea, 0xff, 0x9f, 0x52, 
    0xeb, 0x01, 0xa0, 0x52, 0x1f, 0x00, 0x14, 0xeb, 0xc2, 0xf4, 0xff, 0x54, 
    0x1f, 0x7c, 0x00, 0xf1, 0x08, 0x0b, 0x00, 0x54, 0x2d, 0x69, 0x60, 0x38, 
    0xac, 0xc1, 0x00, 0x51, 0x9f, 0x29, 0x00, 0x71, 0x82, 0x01, 0x00, 0x54, 
    0x0d, 0x3d, 0x00, 0x12, 0x00, 0x04, 0x00, 0x91, 0xad, 0x75, 0x1e, 0x53, 
    0xa8, 0x21, 0x28, 0x0b, 0x0d, 0x39, 0x1f, 0x53, 0xac, 0x01, 0x2c, 0x0b, 
    0x9f, 0x01, 0x0a, 0x6b, 0x8c, 0x31, 0x8a, 0x1a, 0x7f, 0x05, 0x08, 0x6a, 
    0x88, 0x01, 0x9f, 0x5a, 0xee, 0xff, 0xff, 0x17, 0xbf, 0xed, 0x00, 0x71, 
    0x61, 0xf2, 0xff, 0x54, 0xe9, 0x03, 0x1f, 0x2a, 0x0a, 0x08, 0x00, 0xd1, 
    0x8b, 0x0e, 0x00, 0xd1, 0xec, 0x03, 0x08, 0x91, 0xed, 0xff, 0x9f, 0x52, 
    0xee, 0x01, 0xa0, 0x52, 0x7f, 0x01, 0x0a, 0xeb, 0x60, 0xf1, 0xff, 0x54, 
    0x5f, 0x75, 0x00, 0xf1, 0x00, 0x08, 0x00, 0x54, 0x8f, 0x01, 0x0a, 0x8b, 
    0xf0, 0x0d, 0x40, 0x39, 0x0f, 0xc2, 0x00, 0x51, 0xff, 0x29, 0x00, 0x71, 
    0x82, 0x01, 0x00, 0x54, 0x30, 0x3d, 0x00, 0x12, 0x4a, 0x05, 0x00, 0x91, 
    0x10, 0x76, 0x1e, 0x53, 0x09, 0x22, 0x29, 0x0b, 0x30, 0x39, 0x1f, 0x53, 
    0x0f, 0x02, 0x2f, 0x0b, 0xff, 0x01, 0x0d, 0x6b, 0xef, 0x31, 0x8d, 0x1a, 
    0xdf, 0x05, 0x09, 0x6a, 0xe9, 0x01, 0x9f, 0x5a, 0xed, 0xff, 0xff, 0x17, 
    0x1f, 0x4a, 0x01, 0x71, 0xe1, 0xee, 0xff, 0x54, 0x0a, 0x29, 0x00, 0x51, 
    0x4a, 0x3d, 0x00, 0x12, 0x5f, 0xa9, 0x07, 0x71, 0x68, 0xee, 0xff, 0x54, 
    0x2a, 0xa1, 0x00, 0x51, 0x4a, 0x3d, 0x00, 0x12, 0x5f, 0x35, 0x07, 0x71, 
    0xe2, 0xed, 0xff, 0x54, 0x69, 0x7a, 0x00, 0x79, 0x68, 0x7e, 0x00, 0x79, 
    0x6c, 0xff, 0xff, 0x17, 0x1f, 0x20, 0x03, 0xd5, 0x83, 0x5e, 0x04, 0x10, 
    0xe0, 0x03, 0x1f, 0xaa, 0xa1, 0x00, 0x80, 0x52, 0xe2, 0x03, 0x08, 0xaa, 
    0xf7, 0x13, 0x00, 0x94, 0x1f, 0x20, 0x03, 0xd5, 0x83, 0x5e, 0x04, 0x10, 
    0xe0, 0x03, 0x1f, 0xaa, 0xe1, 0x00, 0x80, 0x52, 0xfa, 0xff, 0xff, 0x17, 
    0x1f, 0x20, 0x03, 0xd5, 0x22, 0x5a, 0x04, 0x10, 0x00, 0x40, 0x80, 0x52, 
    0x04, 0x1d, 0x00, 0x94, 0x1f, 0x20, 0x03, 0xd5, 0x22, 0x60, 0x04, 0x10, 
    0xe0, 0x03, 0x08, 0xaa, 0xe1, 0x03, 0x08, 0xaa, 0x0c, 0x15, 0x00, 0x94, 
    0x1f, 0x20, 0x03, 0xd5, 0x02, 0xf0, 0x04, 0x10, 0x03, 0x00, 0x00, 0x14, 
    0x1f, 0x20, 0x03, 0xd5, 0x62, 0xf0, 0x04, 0x10, 0x00, 0x04, 0x80, 0x52, 
    0xf6, 0x1c, 0x00, 0x94, 0x1f, 0x20, 0x03, 0xd5, 0xe2, 0x5d, 0x04, 0x10, 
    0xa0, 0x00, 0x80, 0x52, 0x16, 0x1d, 0x00, 0x94, 0x1f, 0x20, 0x03, 0xd5, 
    0x22, 0xf0, 0x04, 0x10, 0xf9, 0xff, 0xff, 0x17, 0x1f, 0x20, 0x03, 0xd5, 
    0x82, 0xf0, 0x04, 0x10, 0xf5, 0xff, 0xff, 0x17, 0x1f, 0x20, 0x03, 0xd5, 
    0xa4, 0xe3, 0x04, 0x10, 0x7f, 0x15, 0x00, 0x14, 0xfd, 0x0f, 0x1c, 0xf8, 
    0xfe, 0x5f, 0x01, 0xa9, 0x62, 0x1c, 0x00, 0x94, 0xff, 0x43, 0x12, 0xd1, 
    0xff, 0x03, 0x00, 0xf9, 0xf5, 0x03, 0x01, 0xaa, 0xf3, 0x03, 0x00, 0xaa, 
    0xf6, 0x03, 0x02, 0x2a, 0xe0, 0x23, 0x09, 0x91, 0xe1, 0x03, 0x13, 0xaa, 
    0xe2, 0x03, 0x15, 0xaa, 0x51, 0x00, 0x00, 0x94, 0xe0, 0x23, 0x00, 0x91, 
    0xe1, 0x23, 0x09, 0x91, 0x3b, 0x1c, 0x00, 0x94, 0x77, 0x86, 0x7a, 0xb9, 
    0x2a, 0x00, 0x80, 0x52, 0xf4, 0x47, 0x42, 0xf9, 0x0a, 0x00, 0xa8, 0x72, 
    0xe8, 0x03, 0x1f, 0xaa, 0xe9, 0x06, 0x00, 0x11, 0x3f, 0x01, 0x0a, 0x6b, 
    0x49, 0x95, 0x97, 0x1a, 0x69, 0x86, 0x3a, 0xb9, 0x69, 0x02, 0x06, 0x91, 
    0x1f, 0x01, 0x04, 0xf1, 0x00, 0x07, 0x00, 0x54, 0x2b, 0x69, 0x68, 0xb8, 
    0xea, 0x03, 0x08, 0xaa, 0x08, 0x41, 0x00, 0x91, 0x6b, 0xff, 0xff, 0x35, 
    0x48, 0x01, 0x06, 0x91, 0x29, 0x00, 0x80, 0x52, 0xe0, 0x23, 0x09, 0x91, 
    0x68, 0x02, 0x08, 0x8b, 0xe1, 0x03, 0x1f, 0x2a, 0x02, 0x48, 0x80, 0x52, 
    0x09, 0x5d, 0x00, 0x29, 0x16, 0x09, 0x00, 0xb9, 0x15, 0x31, 0x00, 0x39, 
    0x75, 0x1d, 0x00, 0x94, 0x1f, 0x20, 0x03, 0xd5, 0x22, 0x66, 0x04, 0x10, 
    0xe0, 0x23, 0x09, 0x91, 0xe1, 0x03, 0x14, 0xaa, 0x77, 0x13, 0x00, 0x94, 
    0xf5, 0x03, 0x00, 0xaa, 0xf6, 0x03, 0x01, 0xaa, 0x1f, 0x20, 0x03, 0xd5, 
    0x02, 0x66, 0x04, 0x10, 0xe0, 0x23, 0x00, 0x91, 0xe1, 0x03, 0x14, 0xaa, 
    0x30, 0x13, 0x00, 0x94, 0xfc, 0x1c, 0x00, 0x94, 0x1f, 0x20, 0x03, 0xd5, 
    0x04, 0x66, 0x04, 0x10, 0xe0, 0x03, 0x15, 0xaa, 0xe1, 0x03, 0x16, 0xaa, 
    0x44, 0x15, 0x00, 0x94, 0x1f, 0x20, 0x03, 0xd5, 0x23, 0x66, 0x04, 0x10, 
    0xe0, 0x23, 0x09, 0x91, 0x81, 0x00, 0x80, 0x52, 0x02, 0x01, 0x80, 0x52, 
    0x5f, 0x13, 0x00, 0x94, 0x1f, 0x20, 0x03, 0xd5, 0x24, 0x66, 0x04, 0x10, 
    0xe2, 0x73, 0x12, 0x91, 0x83, 0x00, 0x80, 0x52, 0xf7, 0x9f, 0x04, 0xb9, 
    0x38, 0x15, 0x00, 0x94, 0x1f, 0x20, 0x03, 0xd5, 0x22, 0x66, 0x04, 0x10, 
    0xe0, 0x23, 0x09, 0x91, 0xe1, 0x03, 0x14, 0xaa, 0x19, 0x13, 0x00, 0x94, 
    0x88, 0xa0, 0x82, 0x52, 0xe2, 0x03, 0x00, 0xaa, 0x60, 0x02, 0x55, 0xb9, 
    0x68, 0x6a, 0x68, 0x38, 0xb1, 0x1c, 0x00, 0x94, 0x07, 0x00, 0x00, 0x14, 
    0xe0, 0x03, 0x1f, 0xaa, 0x1f, 0x20, 0x03, 0xd5, 0x61, 0x5f, 0x04, 0x10, 
    0x88, 0x09, 0x80, 0x52, 0x82, 0x05, 0x80, 0x52, 0x01, 0x00, 0x00, 0xd4, 
    0xff, 0x43, 0x12, 0x91, 0x1a, 0x1c, 0x00, 0x94, 0xfe, 0x5f, 0x41, 0xa9, 
    0x47, 0x1c, 0x00, 0x14, 0xfd, 0x7b, 0xba, 0xa9, 0xb9, 0x1b, 0x00, 0x94, 
    0xff, 0x03, 0x0b, 0xd1, 0xf6, 0x03, 0x02, 0xaa, 0xf7, 0x03, 0x01, 0xaa, 
    0xf3, 0x03, 0x00, 0xaa, 0xe0, 0x43, 0x00, 0x91, 0xe1, 0x03, 0x1f, 0x2a, 
    0x02, 0x48, 0x80, 0x52, 0xf4, 0x03, 0x04, 0xaa, 0xf5, 0x03, 0x03, 0xaa, 
    0x36, 0x1d, 0x00, 0x94, 0x00, 0xe4, 0x00, 0x6f, 0xdf, 0x1e, 0x00, 0xf1, 
    0xe0, 0x83, 0x12, 0xad, 0xe0, 0x83, 0x13, 0xad, 0xe0, 0x83, 0x14, 0xad, 
    0x08, 0x1d, 0x00, 0x54, 0x88, 0x46, 0x80, 0x52, 0x09, 0xa2, 0x82, 0x52, 
    0xc8, 0x5e, 0x08, 0x9b, 0x17, 0x01, 0x09, 0x8b, 0xe8, 0xc6, 0x48, 0x39, 
    0x1f, 0x09, 0x00, 0x71, 0xe1, 0x00, 0x00, 0x54, 0x1f, 0x20, 0x03, 0xd5, 
    0xe2, 0x77, 0x04, 0x10, 0xbb, 0x1b, 0x00, 0x94, 0x1f, 0x20, 0x03, 0xd5, 
    0x44, 0x78, 0x04, 0x10, 0x43, 0x00, 0x00, 0x14, 0xf6, 0xaa, 0x48, 0x39, 
    0x96, 0x07, 0x00, 0x34, 0x1f, 0x20, 0x03, 0xd5, 0xe3, 0x79, 0x04, 0x10, 
    0xe0, 0x43, 0x09, 0x91, 0xe1, 0x03, 0x1f, 0xaa, 0xe2, 0x03, 0x16, 0xaa, 
    0x36, 0x13, 0x00, 0x94, 0xf8, 0x03, 0x00, 0xaa, 0xf9, 0x03, 0x01, 0xaa, 
    0x1f, 0x20, 0x03, 0xd5, 0xa2, 0x79, 0x04, 0x10, 0xe0, 0x72, 0x00, 0x91, 
    0xe1, 0x03, 0x16, 0xaa, 0xe2, 0x12, 0x00, 0x94, 0xa7, 0x1c, 0x00, 0x94, 
    0x1f, 0x20, 0x03, 0xd5, 0xa4, 0x79, 0x04, 0x10, 0xe0, 0x03, 0x18, 0xaa, 
    0xe1, 0x03, 0x19, 0xaa, 0xef, 0x14, 0x00, 0x94, 0xf8, 0xc2, 0x48, 0x39, 
    0x58, 0x03, 0x00, 0xb4, 0xdf, 0x7e, 0x01, 0x71, 0xc8, 0x18, 0x00, 0x54, 
    0xe8, 0x43, 0x09, 0x91, 0xc1, 0x06, 0x00, 0x91, 0xe9, 0x05, 0x80, 0x52, 
    0x09, 0x69, 0x36, 0x38, 0x36, 0x00, 0x18, 0x8b, 0x1f, 0x20, 0x03, 0xd5, 
    0x63, 0x79, 0x04, 0x10, 0xe0, 0x43, 0x09, 0x91, 0xe2, 0x03, 0x16, 0xaa, 
    0x1b, 0x13, 0x00, 0x94, 0xf9, 0x03, 0x00, 0xaa, 0xfa, 0x03, 0x01, 0xaa, 
    0x1f, 0x20, 0x03, 0xd5, 0x42, 0x79, 0x04, 0x10, 0xe0, 0x03, 0x17, 0xaa, 
    0xe1, 0x03, 0x18, 0xaa, 0x9b, 0x12, 0x00, 0x94, 0x8c, 0x1c, 0x00, 0x94, 
    0x1f, 0x20, 0x03, 0xd5, 0x44, 0x79, 0x04, 0x10, 0xe0, 0x03, 0x19, 0xaa, 
    0xe1, 0x03, 0x1a, 0xaa, 0xd4, 0x14, 0x00, 0x94, 0x1f, 0x20, 0x03, 0xd5, 
    0x62, 0x79, 0x04, 0x10, 0xe0, 0x43, 0x09, 0x91, 0xe1, 0x03, 0x16, 0xaa, 
    0xc3, 0x12, 0x00, 0x94, 0x9f, 0x22, 0x00, 0xf1, 0xe2, 0x02, 0x00, 0x54, 
    0x1f, 0x20, 0x03, 0xd5, 0x02, 0x89, 0x04, 0x10, 0x7e, 0x1b, 0x00, 0x94, 
    0x1f, 0x20, 0x03, 0xd5, 0x64, 0x89, 0x04, 0x10, 0x06, 0x00, 0x00, 0x14, 
    0x1f, 0x20, 0x03, 0xd5, 0x02, 0x71, 0x04, 0x10, 0x78, 0x1b, 0x00, 0x94, 
    0x1f, 0x20, 0x03, 0xd5, 0x64, 0x71, 0x04, 0x10, 0xe2, 0x03, 0x15, 0xaa, 
    0xe3, 0x03, 0x14, 0xaa, 0xbf, 0x14, 0x00, 0x94, 0xe1, 0x43, 0x00, 0x91, 
    0xe0, 0x03, 0x13, 0xaa, 0x87, 0x1b, 0x00, 0x94, 0x74, 0x22, 0x01, 0xf9, 
    0xff, 0x03, 0x0b, 0x91, 0x4b, 0x1b, 0x00, 0x94, 0xfd, 0x7b, 0xc6, 0xa8, 
    0xc0, 0x03, 0x5f, 0xd6, 0xa8, 0x0a, 0x40, 0x39, 0xf7, 0x03, 0x00, 0xaa, 
    0xf8, 0x03, 0x01, 0xaa, 0x08, 0x05, 0x18, 0x37, 0xa9, 0x0e, 0x40, 0x39, 
    0x1f, 0x20, 0x03, 0xd5, 0xe2, 0x75, 0x04, 0x10, 0xe0, 0x43, 0x00, 0x91, 
    0x01, 0x01, 0x80, 0x52, 0x08, 0x21, 0x09, 0x2a, 0x19, 0x01, 0x1d, 0x32, 
    0xd1, 0x12, 0x00, 0x94, 0x1f, 0x20, 0x03, 0xd5, 0xc4, 0x75, 0x04, 0x10, 
    0xe2, 0x03, 0x15, 0xaa, 0x62, 0x1b, 0x00, 0x94, 0x1f, 0x20, 0x03, 0xd5, 
    0x03, 0x76, 0x04, 0x10, 0xe0, 0x43, 0x00, 0x91, 0x41, 0x00, 0x80, 0x52, 
    0x82, 0x00, 0x80, 0x52, 0xc2, 0x12, 0x00, 0x94, 0x1f, 0x20, 0x03, 0xd5, 
    0x04, 0x76, 0x04, 0x10, 0xe2, 0xf3, 0x0a, 0x91, 0x43, 0x00, 0x80, 0x52, 
    0xf9, 0x7b, 0x05, 0x79, 0x9b, 0x14, 0x00, 0x94, 0xd9, 0x26, 0x00, 0x91, 
    0x1f, 0x20, 0x03, 0xd5, 0xe3, 0x75, 0x04, 0x10, 0xe0, 0x43, 0x00, 0x91, 
    0x21, 0x01, 0x80, 0x52, 0xe2, 0x03, 0x19, 0xaa, 0xf6, 0x63, 0x00, 0x39, 
    0xb4, 0x12, 0x00, 0x94, 0x1f, 0x20, 0x03, 0xd5, 0xc4, 0x75, 0x04, 0x10, 
    0xf7, 0x1b, 0x00, 0x94, 0x9f, 0x22, 0x00, 0xf1, 0x81, 0x02, 0x00, 0x54, 
    0xf4, 0x03, 0x19, 0xaa, 0xce, 0xff, 0xff, 0x17, 0x9f, 0x22, 0x00, 0xf1, 
    0x40, 0x0d, 0x00, 0x54, 0xa8, 0x22, 0x40, 0x39, 0xdc, 0x06, 0x00, 0x91, 
    0x19, 0x25, 0x00, 0x91, 0x9f, 0x02, 0x19, 0xeb, 0x9d, 0x32, 0x99, 0x9a, 
    0xba, 0x27, 0x00, 0xd1, 0x5b, 0x03, 0x1c, 0x8b, 0x7f, 0xff, 0x03, 0xf1, 
    0x49, 0x03, 0x00, 0x54, 0x1f, 0x20, 0x03, 0xd5, 0x02, 0x7e, 0x04, 0x10, 
    0x32, 0x1b, 0x00, 0x94, 0x1f, 0x20, 0x03, 0xd5, 0x64, 0x7e, 0x04, 0x10, 
    0xba, 0xff, 0xff, 0x17, 0x1f, 0x20, 0x03, 0xd5, 0x83, 0x73, 0x04, 0x10, 
    0x00, 0x01, 0x80, 0x52, 0xd2, 0x1b, 0x00, 0x94, 0xe8, 0x46, 0x80, 0x52, 
    0xf5, 0x03, 0x00, 0xaa, 0x1f, 0x20, 0x03, 0xd5, 0x83, 0x73, 0x04, 0x10, 
    0x08, 0x01, 0x16, 0xcb, 0xe0, 0x43, 0x00, 0x91, 0x1f, 0x01, 0x01, 0xeb, 
    0x16, 0x31, 0x81, 0x9a, 0xe1, 0x03, 0x19, 0xaa, 0xd4, 0x02, 0x19, 0x8b, 
    0xe2, 0x03, 0x14, 0xaa, 0x8c, 0x12, 0x00, 0x94, 0x1f, 0x20, 0x03, 0xd5, 
    0x04, 0x73, 0x04, 0x10, 0x3a, 0x00, 0x00, 0x14, 0x1f, 0x20, 0x03, 0xd5, 
    0x22, 0x74, 0x04, 0x10, 0xe0, 0x43, 0x00, 0x91, 0x01, 0x01, 0x80, 0x52, 
    0x89, 0x12, 0x00, 0x94, 0x1f, 0x20, 0x03, 0xd5, 0x44, 0x74, 0x04, 0x10, 
    0xe2, 0x03, 0x15, 0xaa, 0x1a, 0x1b, 0x00, 0x94, 0xfb, 0x07, 0x00, 0xf9, 
    0x1f, 0x20, 0x03, 0xd5, 0x63, 0x74, 0x04, 0x10, 0xfb, 0x63, 0x00, 0x39, 
    0xdb, 0x26, 0x00, 0x91, 0xe0, 0x43, 0x00, 0x91, 0x21, 0x01, 0x80, 0x52, 
    0xe2, 0x03, 0x1b, 0xaa, 0x77, 0x12, 0x00, 0x94, 0x1f, 0x20, 0x03, 0xd5, 
    0x24, 0x74, 0x04, 0x10, 0xba, 0x1b, 0x00, 0x94, 0xb7, 0x03, 0x1c, 0x8b, 
    0xe9, 0x43, 0x00, 0x91, 0x1f, 0x20, 0x03, 0xd5, 0x43, 0x74, 0x04, 0x10, 
    0xe0, 0x43, 0x00, 0x91, 0xc1, 0x2a, 0x00, 0x91, 0xe2, 0x03, 0x17, 0xaa, 
    0xe8, 0x05, 0x80, 0x52, 0x28, 0x69, 0x3b, 0x38, 0x6a, 0x12, 0x00, 0x94, 
    0x1f, 0x20, 0x03, 0xd5, 0x04, 0x74, 0x04, 0x10, 0xa2, 0x26, 0x00, 0x91, 
    0xe3, 0x03, 0x1a, 0xaa, 0x44, 0x14, 0x00, 0x94, 0x3f, 0x03, 0x14, 0xeb, 
    0xe2, 0x02, 0x00, 0x54, 0x1f, 0x20, 0x03, 0xd5, 0xe3, 0x73, 0x04, 0x10, 
    0xe0, 0x03, 0x19, 0xaa, 0x99, 0x1b, 0x00, 0x94, 0xe9, 0x07, 0x40, 0xf9, 
    0xe8, 0x46, 0x80, 0x52, 0xf5, 0x03, 0x00, 0xaa, 0x1f, 0x20, 0x03, 0xd5, 
    0xc3, 0x73, 0x04, 0x10, 0xe0, 0x43, 0x00, 0x91, 0x08, 0x01, 0x09, 0xcb, 
    0x1f, 0x01, 0x01, 0xeb, 0x16, 0x31, 0x81, 0x9a, 0xe1, 0x03, 0x17, 0xaa, 
    0xd4, 0x02, 0x17, 0x8b, 0xe2, 0x03, 0x14, 0xaa, 0x52, 0x12, 0x00, 0x94, 
    0x1f, 0x20, 0x03, 0xd5, 0x44, 0x73, 0x04, 0x10, 0xe2, 0x03, 0x15, 0xaa, 
    0xe3, 0x03, 0x16, 0xaa, 0x6d, 0xff, 0xff, 0x17, 0xf4, 0x03, 0x17, 0xaa, 
    0x6c, 0xff, 0xff, 0x17, 0x1f, 0x20, 0x03, 0xd5, 0x22, 0x5b, 0x04, 0x10, 
    0xe0, 0x03, 0x16, 0xaa, 0x4e, 0x1b, 0x00, 0x94, 0x1f, 0x20, 0x03, 0xd5, 
    0xa2, 0x60, 0x04, 0x10, 0xe0, 0x03, 0x16, 0xaa, 0x01, 0x0c, 0x80, 0x52, 
    0x9a, 0x13, 0x00, 0x94, 0x1f, 0x20, 0x03, 0xd5, 0x83, 0x6a, 0x04, 0x10, 
    0x20, 0x01, 0x80, 0x52, 0x01, 0x01, 0x80, 0x52, 0x02, 0x01, 0x80, 0x52, 
    0x71, 0x12, 0x00, 0x94, 0xfd, 0x7b, 0xba, 0xa9, 0xb1, 0x1a, 0x00, 0x94, 
    0xff, 0x83, 0x35, 0xd1, 0xff, 0x03, 0x00, 0xf9, 0xf5, 0x03, 0x02, 0xaa, 
    0xf4, 0x03, 0x01, 0xaa, 0x5f, 0x1c, 0x00, 0xf1, 0xe0, 0x4f, 0x00, 0xf9, 
    0x08, 0x01, 0x00, 0x54, 0x95, 0x1a, 0x00, 0x94, 0x1f, 0x20, 0x03, 0xd5, 
    0x02, 0x39, 0x04, 0x10, 0x72, 0x1b, 0x00, 0x94, 0x1f, 0x20, 0x03, 0xd5, 
    0x64, 0x39, 0x04, 0x10, 0x13, 0x00, 0x00, 0x14, 0x88, 0x02, 0x40, 0x39, 
    0x89, 0x06, 0x40, 0x39, 0x93, 0x0a, 0x40, 0x39, 0x08, 0x21, 0x09, 0x2a, 
    0x89, 0x0e, 0x40, 0x39, 0x1f, 0x01, 0x10, 0x71, 0x68, 0x02, 0x1d, 0x12, 
    0x3d, 0x5d, 0x18, 0x53, 0xa4, 0x0a, 0x48, 0xfa, 0x04, 0x19, 0x40, 0x7a, 
    0x21, 0x11, 0x00, 0x54, 0x83, 0x1a, 0x00, 0x94, 0x73, 0x18, 0x18, 0x37, 
    0x1f, 0x20, 0x03, 0xd5, 0xe2, 0x2f, 0x04, 0x10, 0x5f, 0x1b, 0x00, 0x94, 
    0x1f, 0x20, 0x03, 0xd5, 0x44, 0x30, 0x04, 0x10, 0xbe, 0x1a, 0x00, 0x94, 
    0xf6, 0x03, 0x15, 0xaa, 0xe0, 0x83, 0x02, 0x91, 0xe1, 0x43, 0x1e, 0x91, 
    0xbf, 0x1a, 0x00, 0x94, 0x1f, 0x20, 0x03, 0xd5, 0x22, 0x76, 0x04, 0x10, 
    0xe0, 0x83, 0x02, 0x91, 0xe1, 0x03, 0x16, 0xaa, 0xd5, 0x11, 0x00, 0x94, 
    0x34, 0x20, 0x00, 0xf1, 0xe3, 0x9d, 0x00, 0x54, 0xf7, 0x03, 0x01, 0xaa, 
    0xf6, 0x03, 0x00, 0xaa, 0xe0, 0x43, 0x1e, 0x91, 0xe1, 0x03, 0x16, 0xaa, 
    0xe2, 0x03, 0x17, 0xaa, 0xc5, 0x16, 0x00, 0x94, 0xe8, 0x93, 0x47, 0xb9, 
    0xe8, 0x9c, 0x00, 0x36, 0xe8, 0x2b, 0x4f, 0x79, 0xfd, 0x9b, 0x47, 0xb9, 
    0x1f, 0x15, 0x08, 0x71, 0x40, 0x21, 0x00, 0x54, 0x1f, 0x85, 0x10, 0x71, 
    0x20, 0x1a, 0x00, 0x54, 0x1f, 0x05, 0x10, 0x71, 0x80, 0x1e, 0x00, 0x54, 
    0x1f, 0x81, 0x10, 0x71, 0xa0, 0x1a, 0x00, 0x54, 0x1f, 0x01, 0x10, 0x71, 
    0xe0, 0x0a, 0x54, 0xfa, 0x43, 0x9b, 0x00, 0x54, 0xe0, 0x43, 0x1e, 0x91, 
    0xe1, 0x03, 0x16, 0xaa, 0xe2, 0x03, 0x17, 0xaa, 0xb2, 0x16, 0x00, 0x94, 
    0xe8, 0x93, 0x47, 0xb9, 0x1f, 0x05, 0x00, 0x71, 0x61, 0x9a, 0x00, 0x54, 
    0xc8, 0x22, 0x40, 0x39, 0xd3, 0x26, 0x40, 0x39, 0xc9, 0x2a, 0x40, 0x39, 
    0x15, 0x51, 0x00, 0x91, 0xaa, 0x02, 0x13, 0x8b, 0x49, 0x01, 0x09, 0x8b, 
    0xff, 0x02, 0x09, 0xeb, 0x63, 0x99, 0x00, 0x54, 0xc9, 0x32, 0x40, 0x39, 
    0x00, 0xe4, 0x00, 0x6f, 0x1f, 0x01, 0x01, 0xf1, 0xdc, 0x3e, 0x40, 0x39, 
    0xda, 0x42, 0x40, 0x39, 0xdb, 0x46, 0x40, 0x39, 0xe9, 0x2b, 0x00, 0xf9, 
    0xc9, 0x36, 0x40, 0x39, 0x1f, 0x20, 0x03, 0xd5, 0x42, 0x0a, 0x05, 0x10, 
    0xd9, 0x4a, 0x40, 0x39, 0xd8, 0x4e, 0x40, 0x39, 0xe9, 0x23, 0x00, 0xf9, 
    0xc9, 0x3a, 0x40, 0x39, 0xe0, 0x83, 0x33, 0x91, 0xe9, 0x27, 0x00, 0xf9, 
    0xc9, 0x2e, 0x40, 0x39, 0xe0, 0x47, 0x83, 0x3d, 0xe9, 0x43, 0x00, 0xf9, 
    0x09, 0x08, 0x80, 0x52, 0x14, 0x31, 0x89, 0x9a, 0xe0, 0x43, 0x83, 0x3d, 
    0xe1, 0x03, 0x14, 0xaa, 0xe0, 0x3f, 0x83, 0x3d, 0xe0, 0x3b, 0x83, 0x3d, 
    0x1c, 0x17, 0x00, 0x94, 0x1f, 0x20, 0x03, 0xd5, 0xc4, 0x08, 0x05, 0x10, 
    0xc2, 0x52, 0x00, 0x91, 0x6f, 0x1a, 0x00, 0x94, 0x13, 0x96, 0x00, 0x34, 
    0x7f, 0x22, 0x00, 0x71, 0x43, 0x95, 0x00, 0x54, 0xd5, 0x02, 0x15, 0x8b, 
    0xa8, 0x12, 0x40, 0x39, 0x09, 0x21, 0x00, 0x91, 0x3f, 0x01, 0x13, 0xeb, 
    0xa8, 0x94, 0x00, 0x54, 0xa9, 0x02, 0x40, 0x39, 0xaa, 0x06, 0x40, 0x39, 
    0x00, 0xe4, 0x00, 0x6f, 0xab, 0x0a, 0x40, 0x39, 0xf9, 0x4b, 0x00, 0xf9, 
    0x1f, 0x01, 0x01, 0xf1, 0x29, 0x21, 0x0a, 0x2a, 0xaa, 0x0e, 0x40, 0x39, 
    0x1f, 0x20, 0x03, 0xd5, 0x02, 0x07, 0x05, 0x10, 0xe0, 0x43, 0x1e, 0x91, 
    0xfc, 0x53, 0x07, 0xa9, 0x29, 0x41, 0x0b, 0x2a, 0xe0, 0xf3, 0x81, 0x3d, 
    0xe0, 0xef, 0x81, 0x3d, 0x39, 0x61, 0x0a, 0x2a, 0x09, 0x08, 0x80, 0x52, 
    0xe0, 0xeb, 0x81, 0x3d, 0x13, 0x31, 0x89, 0x9a, 0xe0, 0xe7, 0x81, 0x3d, 
    0xe1, 0x03, 0x13, 0xaa, 0xf8, 0x0f, 0x00, 0xf9, 0xf8, 0x03, 0x1b, 0xaa, 
    0xfb, 0x43, 0x1e, 0x91, 0xf7, 0x16, 0x00, 0x94, 0x28, 0x7f, 0x10, 0x53, 
    0x1f, 0x20, 0x03, 0xd5, 0x84, 0x05, 0x05, 0x10, 0xa2, 0x22, 0x00, 0x91, 
    0xe3, 0x03, 0x13, 0xaa, 0x3c, 0x7f, 0x08, 0x53, 0xe8, 0x3f, 0x00, 0xb9, 
    0x82, 0x13, 0x00, 0x94, 0xf4, 0x93, 0x47, 0xb9, 0xe0, 0x83, 0x34, 0x91, 
    0x61, 0x03, 0x7e, 0xb2, 0xfb, 0x03, 0x18, 0xaa, 0xf8, 0x0f, 0x40, 0xf9, 
    0x82, 0x07, 0x80, 0x52, 0x99, 0x1b, 0x00, 0x94, 0xeb, 0x3f, 0x40, 0xb9, 
    0xea, 0x03, 0x19, 0x2a, 0x8b, 0x04, 0x00, 0x14, 0x96, 0x22, 0x40, 0x39, 
    0xf6, 0x07, 0x00, 0xb4, 0xc9, 0x26, 0x00, 0x91, 0x3f, 0x01, 0x15, 0xeb, 
    0x88, 0x07, 0x00, 0x54, 0xfa, 0x03, 0x14, 0xaa, 0xf7, 0x03, 0x00, 0xaa, 
    0xe9, 0x4b, 0x00, 0xf9, 0x48, 0x9f, 0x40, 0x38, 0x1f, 0xbd, 0x00, 0x71, 
    0x21, 0x01, 0x00, 0x54, 0x1f, 0x20, 0x03, 0xd5, 0x43, 0x9a, 0x04, 0x10, 
    0x20, 0x00, 0x80, 0x52, 0xe1, 0x03, 0x1a, 0xaa, 0xe2, 0x03, 0x16, 0xaa, 
    0x1a, 0x11, 0x00, 0x94, 0xfa, 0x03, 0x00, 0xaa, 0xf6, 0x03, 0x01, 0xaa, 
    0x1f, 0x20, 0x03, 0xd5, 0x1b, 0x9a, 0x04, 0x10, 0xd6, 0x04, 0x00, 0xb4, 
    0xfc, 0x03, 0x1f, 0xaa, 0xdf, 0x02, 0x1c, 0xeb, 0xc0, 0x00, 0x00, 0x54, 
    0x48, 0x6b, 0x7c, 0x38, 0x1f, 0xbd, 0x00, 0x71, 0xe0, 0x00, 0x00, 0x54, 
    0x9c, 0x07, 0x00, 0x91, 0xfa, 0xff, 0xff, 0x17, 0xfc, 0x03, 0x16, 0xaa, 
    0x39, 0x00, 0x80, 0x52, 0xf6, 0x03, 0x1f, 0xaa, 0x08, 0x00, 0x00, 0x14, 
    0x80, 0x07, 0x00, 0x91, 0xe1, 0x03, 0x1a, 0xaa, 0xe2, 0x03, 0x16, 0xaa, 
    0xe3, 0x03, 0x1b, 0xaa, 0x04, 0x11, 0x00, 0x94, 0xf9, 0x03, 0x00, 0xaa, 
    0xf6, 0x03, 0x01, 0xaa, 0x5c, 0x02, 0x00, 0xb4, 0xe8, 0x03, 0x1f, 0xaa, 
    0x9f, 0x03, 0x08, 0xeb, 0x60, 0x01, 0x00, 0x54, 0x49, 0x6b, 0x68, 0x38, 
    0x08, 0x05, 0x00, 0x91, 0x3f, 0xe9, 0x00, 0x71, 0x61, 0xff, 0xff, 0x54, 
    0x8b, 0x1a, 0x00, 0x94, 0x52, 0x06, 0x00, 0x94, 0x80, 0x6c, 0x00, 0x37, 
    0x88, 0x1a, 0x00, 0x94, 0x7e, 0x06, 0x00, 0x94, 0x03, 0x00, 0x00, 0x14, 
    0x85, 0x1a, 0x00, 0x94, 0x6c, 0x06, 0x00, 0x94, 0xfa, 0x03, 0x19, 0xaa, 
    0x60, 0xfb, 0x07, 0x37, 0xc0, 0x19, 0x00, 0x94, 0xbf, 0x22, 0x00, 0xf1, 
    0x81, 0x00, 0x00, 0x54, 0x37, 0x01, 0x80, 0x52, 0x04, 0x00, 0x00, 0x14, 
    0xbb, 0x19, 0x00, 0x94, 0x88, 0x22, 0x40, 0x39, 0x17, 0x25, 0x00, 0x91, 
    0x1f, 0x20, 0x03, 0xd5, 0x42, 0x18, 0x04, 0x10, 0xe0, 0x43, 0x1e, 0x91, 
    0x01, 0x01, 0x80, 0x52, 0x16, 0x01, 0x80, 0x52, 0x55, 0x11, 0x00, 0x94, 
    0x1f, 0x20, 0x03, 0xd5, 0x44, 0x18, 0x04, 0x10, 0xe2, 0x03, 0x14, 0xaa, 
    0xe6, 0x19, 0x00, 0x94, 0x68, 0x7a, 0x1c, 0x12, 0x1f, 0x20, 0x03, 0xd5, 
    0x63, 0x18, 0x04, 0x10, 0x22, 0x1a, 0x00, 0x94, 0x1f, 0x20, 0x03, 0xd5, 
    0xc4, 0x18, 0x04, 0x10, 0x52, 0x1a, 0x00, 0x94, 0xff, 0x02, 0x15, 0xeb, 
    0x82, 0xe5, 0xff, 0x54, 0x1f, 0x20, 0x03, 0xd5, 0xe3, 0x18, 0x04, 0x10, 
    0xe0, 0x03, 0x17, 0xaa, 0x76, 0x1a, 0x00, 0x94, 0x08, 0x47, 0x80, 0x52, 
    0x3f, 0xe0, 0x08, 0xf1, 0xf4, 0x03, 0x00, 0xaa, 0x35, 0x30, 0x88, 0x9a, 
    0x1f, 0x20, 0x03, 0xd5, 0xa3, 0x18, 0x04, 0x10, 0xb6, 0x22, 0x00, 0x91, 
    0xe0, 0x43, 0x1e, 0x91, 0x01, 0x01, 0x80, 0x52, 0xe2, 0x03, 0x16, 0xaa, 
    0x34, 0x11, 0x00, 0x94, 0x1f, 0x20, 0x03, 0xd5, 0x84, 0x18, 0x04, 0x10, 
    0xd6, 0x19, 0x00, 0x94, 0x19, 0xff, 0xff, 0x17, 0xf3, 0x03, 0x1f, 0xaa, 
    0xd5, 0x22, 0x00, 0x91, 0x9f, 0x02, 0x13, 0xeb, 0x00, 0x07, 0x00, 0x54, 
    0xa8, 0x6a, 0x73, 0x38, 0xe8, 0x06, 0x00, 0x34, 0x73, 0x06, 0x00, 0x91, 
    0xfb, 0xff, 0xff, 0x17, 0x00, 0xe4, 0x00, 0x6f, 0x9f, 0x02, 0x01, 0xf1, 
    0x08, 0x08, 0x80, 0x52, 0x94, 0x32, 0x88, 0x9a, 0x1f, 0x20, 0x03, 0xd5, 
    0x82, 0xf8, 0x04, 0x10, 0xe0, 0x43, 0x1e, 0x91, 0xe1, 0x03, 0x14, 0xaa, 
    0xf5, 0x43, 0x1e, 0x91, 0xe0, 0xf3, 0x81, 0x3d, 0xe0, 0xef, 0x81, 0x3d, 
    0xe0, 0xeb, 0x81, 0x3d, 0xe0, 0xe7, 0x81, 0x3d, 0x66, 0x16, 0x00, 0x94, 
    0x1f, 0x20, 0x03, 0xd5, 0x04, 0xf8, 0x04, 0x10, 0xc2, 0x22, 0x00, 0x91, 
    0xe3, 0x03, 0x14, 0xaa, 0xf4, 0x3f, 0x00, 0xf9, 0xf3, 0x12, 0x00, 0x94, 
    0xf8, 0x93, 0x47, 0xb9, 0xf3, 0x97, 0x47, 0xb9, 0xe0, 0x63, 0x13, 0x91, 
    0xa1, 0x02, 0x7d, 0xb2, 0x02, 0x07, 0x80, 0x52, 0x0b, 0x1b, 0x00, 0x94, 
    0x88, 0x00, 0x80, 0x52, 0xe8, 0x93, 0x00, 0xb9, 0x16, 0x00, 0x00, 0x14, 
    0xff, 0x22, 0x00, 0xf1, 0x20, 0x99, 0x00, 0x54, 0xff, 0x26, 0x00, 0xf1, 
    0x69, 0x99, 0x00, 0x54, 0xff, 0x2a, 0x00, 0xf1, 0xc0, 0x99, 0x00, 0x54, 
    0xff, 0x2e, 0x00, 0xf1, 0x29, 0x9a, 0x00, 0x54, 0xc8, 0x22, 0x40, 0x39, 
    0xc9, 0x26, 0x40, 0x39, 0xf8, 0x03, 0x1d, 0x2a, 0xca, 0x2a, 0x40, 0x39, 
    0x08, 0x21, 0x09, 0x2a, 0xc9, 0x2e, 0x40, 0x39, 0x08, 0x41, 0x0a, 0x2a, 
    0x13, 0x61, 0x09, 0x2a, 0x48, 0x00, 0x80, 0x52, 0x03, 0x00, 0x00, 0x14, 
    0x68, 0x00, 0x80, 0x52, 0xf8, 0x03, 0x1d, 0x2a, 0xe8, 0x93, 0x00, 0xb9, 
    0x44, 0x00, 0x00, 0x14, 0xf3, 0x03, 0x14, 0xaa, 0x00, 0xe4, 0x00, 0x6f, 
    0x7f, 0x02, 0x01, 0xf1, 0x08, 0x08, 0x80, 0x52, 0x77, 0x32, 0x88, 0x9a, 
    0x1f, 0x20, 0x03, 0xd5, 0x82, 0xf3, 0x04, 0x10, 0xe0, 0x03, 0x2b, 0x91, 
    0xe1, 0x03, 0x17, 0xaa, 0xe0, 0xbf, 0x82, 0x3d, 0xe0, 0xbb, 0x82, 0x3d, 
    0xe0, 0xb7, 0x82, 0x3d, 0xe0, 0xb3, 0x82, 0x3d, 0x33, 0x16, 0x00, 0x94, 
    0x1f, 0x20, 0x03, 0xd5, 0x24, 0xf3, 0x04, 0x10, 0xe2, 0x03, 0x15, 0xaa, 
    0xe8, 0x19, 0x00, 0x94, 0x00, 0xe4, 0x00, 0x6f, 0x76, 0x06, 0x00, 0x91, 
    0xf7, 0x3b, 0x00, 0xf9, 0x88, 0x02, 0x16, 0xeb, 0xe0, 0x03, 0x82, 0x3d, 
    0xe0, 0xff, 0x81, 0x3d, 0xe0, 0xfb, 0x81, 0x3d, 0xe0, 0xf7, 0x81, 0x3d, 
    0xe0, 0xf3, 0x81, 0x3d, 0xe0, 0xef, 0x81, 0x3d, 0xe0, 0xeb, 0x81, 0x3d, 
    0xe0, 0xe7, 0x81, 0x3d, 0x89, 0x02, 0x00, 0x54, 0x1f, 0x01, 0x02, 0xf1, 
    0x09, 0x10, 0x80, 0x52, 0x1f, 0x20, 0x03, 0xd5, 0x83, 0xf1, 0x04, 0x10, 
    0x13, 0x31, 0x89, 0x9a, 0xe1, 0x43, 0x1e, 0x91, 0xe0, 0x03, 0x13, 0xaa, 
    0x02, 0x10, 0x80, 0x52, 0x73, 0x13, 0x00, 0x94, 0x68, 0x02, 0x16, 0x8b, 
    0x1f, 0x01, 0x14, 0xeb, 0x88, 0x90, 0x00, 0x54, 0x1f, 0x20, 0x03, 0xd5, 
    0xc4, 0xf1, 0x04, 0x10, 0xa2, 0x02, 0x16, 0x8b, 0xe3, 0x03, 0x13, 0xaa, 
    0xf3, 0x37, 0x00, 0xf9, 0xa3, 0x12, 0x00, 0x94, 0x02, 0x00, 0x00, 0x14, 
    0xff, 0x37, 0x00, 0xf9, 0xe8, 0x63, 0x0f, 0x91, 0xe1, 0x03, 0x2b, 0x91, 
    0x02, 0x08, 0x80, 0x52, 0x00, 0x11, 0x02, 0x91, 0xba, 0x1a, 0x00, 0x94, 
    0xe8, 0x43, 0x27, 0x91, 0xe1, 0x43, 0x1e, 0x91, 0x02, 0x10, 0x80, 0x52, 
    0x00, 0x11, 0x00, 0x91, 0xb5, 0x1a, 0x00, 0x94, 0xe0, 0x63, 0x0f, 0x91, 
    0xe1, 0x43, 0x27, 0x91, 0x82, 0x10, 0x80, 0x52, 0xb1, 0x1a, 0x00, 0x94, 
    0xa8, 0x00, 0x80, 0x52, 0xe8, 0x93, 0x00, 0xb9, 0xfb, 0x03, 0x1d, 0x2a, 
    0xfa, 0x03, 0x1d, 0x2a, 0xf8, 0x83, 0x00, 0xb9, 0xe1, 0x63, 0x13, 0x91, 
    0x02, 0x07, 0x80, 0x52, 0xf8, 0x13, 0x05, 0xb9, 0xf8, 0x43, 0x14, 0x91, 
    0x00, 0x23, 0x00, 0x91, 0xf3, 0x17, 0x05, 0xb9, 0xa5, 0x1a, 0x00, 0x94, 
    0xf3, 0x3f, 0x40, 0xf9, 0x00, 0x33, 0x01, 0x91, 0xe1, 0x73, 0x12, 0x91, 
    0x82, 0x07, 0x80, 0x52, 0xfb, 0x63, 0x00, 0xb9, 0xf3, 0xab, 0x02, 0xf9, 
    0xfb, 0x5b, 0x05, 0xb9, 0x9d, 0x1a, 0x00, 0x94, 0xf6, 0x43, 0x0b, 0x79, 
    0xf6, 0x93, 0x40, 0xb9, 0x00, 0x93, 0x02, 0x91, 0xe1, 0x63, 0x0f, 0x91, 
    0x82, 0x18, 0x80, 0x52, 0xf4, 0x2f, 0x00, 0xf9, 0xf4, 0xcf, 0x02, 0xf9, 
    0xf4, 0x43, 0x14, 0x91, 0xf7, 0x8b, 0x16, 0x39, 0xf7, 0x03, 0x00, 0xaa, 
    0xf9, 0x8f, 0x16, 0x39, 0xf5, 0xd7, 0x02, 0xf9, 0xf6, 0xb3, 0x05, 0xb9, 
    0x8f, 0x1a, 0x00, 0x94, 0xf8, 0xe7, 0x46, 0xa9, 0x80, 0xf2, 0x05, 0x91, 
    0xe1, 0x83, 0x0b, 0x91, 0x02, 0x1f, 0x80, 0x52, 0xfb, 0x03, 0x1a, 0x2a, 
    0xfa, 0x8b, 0x06, 0xb9, 0xf9, 0x3f, 0x03, 0xf9, 0xf8, 0x43, 0x03, 0xf9, 
    0x86, 0x1a, 0x00, 0x94, 0xc8, 0x06, 0x00, 0x71, 0xfd, 0x47, 0x00, 0xf9, 
    0xfd, 0x87, 0x07, 0xb9, 0xf6, 0x93, 0x00, 0xb9, 0xfc, 0x23, 0x1e, 0x39, 
    0x08, 0x10, 0x00, 0x54, 0xe8, 0x4f, 0x40, 0xf9, 0x1f, 0x20, 0x03, 0xd5, 
    0x42, 0x5b, 0x04, 0x10, 0xe0, 0x43, 0x14, 0x91, 0xe1, 0x03, 0x13, 0xaa, 
    0xfa, 0x03, 0x15, 0xaa, 0x19, 0x05, 0x40, 0x91, 0x47, 0x10, 0x00, 0x94, 
    0x09, 0x1c, 0x00, 0x91, 0x28, 0x3c, 0x00, 0xf1, 0xeb, 0x03, 0x1f, 0xaa, 
    0x2a, 0xf1, 0x7d, 0x92, 0xe8, 0x33, 0x88, 0x9a, 0x1f, 0x20, 0x03, 0xd5, 
    0xc9, 0x98, 0x04, 0x10, 0x4a, 0x01, 0x00, 0xcb, 0x1f, 0x20, 0x03, 0xd5, 
    0x30, 0x5a, 0x04, 0x10, 0xf6, 0x03, 0x17, 0xaa, 0x7f, 0x01, 0x01, 0xeb, 
    0xc2, 0x10, 0x00, 0x54, 0x0c, 0x68, 0xeb, 0x38, 0xac, 0x02, 0xf8, 0x37, 
    0x4c, 0x01, 0x0b, 0x4b, 0x9f, 0x09, 0x40, 0xf2, 0x60, 0x00, 0x00, 0x54, 
    0x63, 0x00, 0x00, 0x14, 0x6b, 0x41, 0x00, 0x91, 0x7f, 0x01, 0x08, 0xeb, 
    0xc2, 0x00, 0x00, 0x54, 0x0c, 0x00, 0x0b, 0x8b, 0x8d, 0x31, 0x40, 0xa9, 
    0x8c, 0x01, 0x0d, 0xaa, 0x9f, 0xc1, 0x01, 0xf2, 0x20, 0xff, 0xff, 0x54, 
    0x3f, 0x00, 0x0b, 0xeb, 0x2c, 0x80, 0x8b, 0x9a, 0x7f, 0x01, 0x01, 0xeb, 
    0x02, 0x05, 0x00, 0x54, 0x0d, 0x68, 0xeb, 0x38, 0x6d, 0xfd, 0xff, 0x37, 
    0x6b, 0x05, 0x00, 0x91, 0xfb, 0xff, 0xff, 0x17, 0x8d, 0x1d, 0x40, 0x92, 
    0x2d, 0x69, 0x6d, 0x38, 0xbf, 0x09, 0x00, 0x71, 0xc0, 0x03, 0x00, 0x54, 
    0xbf, 0x0d, 0x00, 0x71, 0x8c, 0x1d, 0x00, 0x12, 0xe0, 0x01, 0x00, 0x54, 
    0xbf, 0x11, 0x00, 0x71, 0xa1, 0x0c, 0x00, 0x54, 0x6d, 0x05, 0x00, 0x91, 
    0xbf, 0x01, 0x01, 0xeb, 0x42, 0x0c, 0x00, 0x54, 0x0d, 0x68, 0x6d, 0x38, 
    0x9f, 0xc1, 0x03, 0x71, 0x60, 0x03, 0x00, 0x54, 0xad, 0x1d, 0x00, 0x13, 
    0x9f, 0xd1, 0x03, 0x71, 0x41, 0x04, 0x00, 0x54, 0xbf, 0xc5, 0x01, 0x31, 
    0x4c, 0x0b, 0x00, 0x54, 0x25, 0x00, 0x00, 0x14, 0x6d, 0x05, 0x00, 0x91, 
    0xbf, 0x01, 0x01, 0xeb, 0xc2, 0x0a, 0x00, 0x54, 0x0d, 0x68, 0x6d, 0x38, 
    0x9f, 0x81, 0x03, 0x71, 0x60, 0x01, 0x00, 0x54, 0xad, 0x1d, 0x00, 0x13, 
    0x9f, 0xb5, 0x03, 0x71, 0x01, 0x02, 0x00, 0x54, 0xbf, 0x85, 0x01, 0x31, 
    0xcc, 0x09, 0x00, 0x54, 0x2c, 0x00, 0x00, 0x14, 0x6b, 0x05, 0x00, 0x91, 
    0x2b, 0x00, 0x00, 0x14, 0xeb, 0x03, 0x0c, 0xaa, 0xc4, 0xff, 0xff, 0x17, 
    0xac, 0x09, 0x1b, 0x12, 0x9f, 0x81, 0x02, 0x71, 0xa0, 0x04, 0x00, 0x54, 
    0x45, 0x00, 0x00, 0x14, 0xac, 0x41, 0x02, 0x51, 0x9f, 0xc1, 0x00, 0x71, 
    0x42, 0x08, 0x00, 0x54, 0x0d, 0x00, 0x00, 0x14, 0x8e, 0x85, 0x03, 0x51, 
    0xdf, 0x31, 0x00, 0x71, 0xe2, 0x02, 0x00, 0x54, 0xbf, 0x01, 0x01, 0x31, 
    0x8a, 0x07, 0x00, 0x54, 0x1a, 0x00, 0x00, 0x14, 0x8c, 0xc5, 0x03, 0x51, 
    0x9f, 0x09, 0x00, 0x71, 0x08, 0x07, 0x00, 0x54, 0xbf, 0x01, 0x01, 0x31, 
    0x71, 0x00, 0x80, 0x52, 0x2a, 0x07, 0x00, 0x54, 0x6c, 0x09, 0x00, 0x91, 
    0x9f, 0x01, 0x01, 0xeb, 0x42, 0x06, 0x00, 0x54, 0x0c, 0x68, 0xec, 0x38, 
    0x9f, 0x05, 0x01, 0x31, 0xec, 0x05, 0x00, 0x54, 0x6b, 0x0d, 0x00, 0x91, 
    0x7f, 0x01, 0x01, 0xeb, 0x82, 0x05, 0x00, 0x54, 0x0c, 0x68, 0xeb, 0x38, 
    0x9f, 0x01, 0x01, 0x31, 0x2a, 0x05, 0x00, 0x54, 0x0d, 0x00, 0x00, 0x14, 
    0x8c, 0x19, 0x1f, 0x12, 0x9f, 0xb9, 0x03, 0x71, 0xa1, 0x04, 0x00, 0x54, 
    0xbf, 0x01, 0x01, 0x31, 0x71, 0x00, 0x80, 0x52, 0xca, 0x04, 0x00, 0x54, 
    0x6b, 0x09, 0x00, 0x91, 0x7f, 0x01, 0x01, 0xeb, 0xe2, 0x03, 0x00, 0x54, 
    0x0c, 0x68, 0xeb, 0x38, 0x9f, 0x05, 0x01, 0x31, 0x8c, 0x03, 0x00, 0x54, 
    0x6b, 0x05, 0x00, 0x91, 0x95, 0xff, 0xff, 0x17, 0x1f, 0x20, 0x03, 0xd5, 
    0x09, 0x96, 0x03, 0x10, 0x0a, 0x00, 0x00, 0x10, 0x2b, 0x79, 0xa8, 0xb8, 
    0x4a, 0x01, 0x0b, 0x8b, 0xf3, 0x4f, 0x40, 0xf9, 0xf7, 0x83, 0x40, 0xb9, 
    0x40, 0x01, 0x1f, 0xd6, 0xe0, 0x43, 0x27, 0x91, 0xe1, 0x03, 0x1f, 0x2a, 
    0x02, 0x1e, 0x80, 0x52, 0xf6, 0x19, 0x00, 0x94, 0xe8, 0x03, 0x2b, 0x91, 
    0xe1, 0x43, 0x27, 0x91, 0x02, 0x1e, 0x80, 0x52, 0x00, 0x41, 0x00, 0x91, 
    0xff, 0xcf, 0x0a, 0xb9, 0xff, 0xcb, 0x0a, 0xb9, 0xee, 0x19, 0x00, 0x94, 
    0x08, 0x40, 0x80, 0x52, 0xf7, 0xc7, 0x0a, 0xb9, 0xe8, 0xc3, 0x0a, 0xb9, 
    0x77, 0x7e, 0x3a, 0xb9, 0x68, 0x82, 0x3a, 0xb9, 0xcc, 0x02, 0x00, 0x14, 
    0x71, 0x00, 0x80, 0x52, 0x03, 0x00, 0x00, 0x14, 0xf0, 0x03, 0x00, 0xaa, 
    0xf1, 0x03, 0x01, 0xaa, 0xe0, 0x03, 0x1f, 0xaa, 0x88, 0x0c, 0x80, 0x52, 
    0xe1, 0x03, 0x1f, 0xaa, 0xe2, 0x03, 0x1f, 0xaa, 0x01, 0x00, 0x00, 0xd4, 
    0x80, 0x04, 0xf8, 0xb7, 0xf2, 0x03, 0x00, 0xaa, 0xe0, 0x03, 0x10, 0xaa, 
    0xe1, 0x03, 0x11, 0xaa, 0xe2, 0x03, 0x1a, 0xaa, 0xe3, 0x03, 0x12, 0x2a, 
    0x84, 0x1f, 0x40, 0x92, 0x68, 0x09, 0x80, 0x52, 0x01, 0x00, 0x00, 0xd4, 
    0x55, 0xfe, 0x60, 0xd3, 0x1f, 0x00, 0x00, 0xf1, 0xcd, 0x02, 0x00, 0x54, 
    0xfd, 0x03, 0x00, 0xaa, 0x1f, 0x20, 0x03, 0xd5, 0xa2, 0x46, 0x04, 0x10, 
    0xe0, 0x43, 0x14, 0x91, 0xe1, 0x03, 0x13, 0xaa, 0x9c, 0x0f, 0x00, 0x94, 
    0xf8, 0x4f, 0x40, 0xf9, 0x08, 0xa2, 0x82, 0x52, 0xfc, 0x03, 0x1f, 0xaa, 
    0x09, 0x34, 0x82, 0x52, 0x0b, 0x03, 0x08, 0x8b, 0x28, 0x07, 0x1d, 0x91, 
    0x29, 0x42, 0x00, 0xb4, 0x0a, 0x01, 0x40, 0x39, 0x5f, 0x09, 0x00, 0x71, 
    0xc0, 0x10, 0x00, 0x54, 0x9c, 0x07, 0x00, 0x91, 0x08, 0xd1, 0x08, 0x91, 
    0x29, 0xd1, 0x08, 0xd1, 0x49, 0x41, 0x00, 0xb4, 0xf9, 0xff, 0xff, 0x17, 
    0xe0, 0x03, 0x15, 0xaa, 0x08, 0x0d, 0x80, 0x52, 0x01, 0x00, 0x00, 0xd4, 
    0xfa, 0x00, 0x00, 0xb4, 0xe0, 0x03, 0x10, 0xaa, 0x48, 0x09, 0x80, 0x52, 
    0xe1, 0x03, 0x11, 0xaa, 0xe2, 0x03, 0x1a, 0xaa, 0x01, 0x00, 0x00, 0xd4, 
    0x05, 0x00, 0x00, 0x14, 0xe0, 0x03, 0x10, 0xaa, 0xe8, 0x03, 0x80, 0x52, 
    0xe1, 0x03, 0x11, 0xaa, 0x01, 0x00, 0x00, 0xd4, 0x08, 0xfc, 0x7f, 0x93, 
    0xf8, 0x4f, 0x40, 0xf9, 0xf6, 0x47, 0x40, 0xf9, 0x1f, 0x04, 0x00, 0xf1, 
    0x1d, 0x00, 0x28, 0x0a, 0xf5, 0xa3, 0x9f, 0x5a, 0xff, 0x01, 0x00, 0x14, 
    0xe8, 0x43, 0x1e, 0x91, 0xe1, 0x03, 0x1f, 0x2a, 0x02, 0x1e, 0x80, 0x52, 
    0x14, 0x41, 0x00, 0x91, 0xf3, 0x43, 0x14, 0x91, 0xe0, 0x03, 0x14, 0xaa, 
    0xa3, 0x19, 0x00, 0x94, 0x28, 0xc0, 0x80, 0x52, 0x1f, 0x20, 0x03, 0xd5, 
    0x82, 0x03, 0x05, 0x10, 0x60, 0xa2, 0x04, 0x91, 0xe1, 0x03, 0x19, 0xaa, 
    0xff, 0x9f, 0x07, 0xb9, 0xff, 0x9b, 0x07, 0xb9, 0xe8, 0x93, 0x07, 0xb9, 
    0xfb, 0x97, 0x07, 0xb9, 0x67, 0x0f, 0x00, 0x94, 0x7b, 0x18, 0x00, 0x94, 
    0x3f, 0xbf, 0x03, 0xf1, 0x08, 0x01, 0x00, 0x54, 0xe8, 0x3f, 0x4f, 0x79, 
    0x29, 0x07, 0x00, 0x11, 0x9f, 0x6a, 0x39, 0x38, 0x29, 0x3d, 0x00, 0x12, 
    0x3f, 0x01, 0x08, 0x6b, 0x28, 0x81, 0x88, 0x1a, 0xe8, 0x3f, 0x0f, 0x79, 
    0x1f, 0x20, 0x03, 0xd5, 0xe2, 0x01, 0x05, 0x10, 0x60, 0xa2, 0x02, 0x91, 
    0xe1, 0x03, 0x18, 0xaa, 0x35, 0x07, 0x00, 0x91, 0x4d, 0x12, 0x00, 0x94, 
    0x1c, 0x19, 0x00, 0x94, 0xe0, 0x43, 0x1e, 0x91, 0xe1, 0x03, 0x15, 0xaa, 
    0x5a, 0x15, 0x00, 0x94, 0x08, 0x03, 0x15, 0x8b, 0x1f, 0xbd, 0x03, 0xf1, 
    0x48, 0x00, 0x00, 0x54, 0x9f, 0x6a, 0x28, 0x38, 0x08, 0x05, 0x00, 0x11, 
    0x96, 0x18, 0x00, 0x94, 0xe1, 0x03, 0x14, 0xaa, 0x18, 0x00, 0x00, 0x14, 
    0xe8, 0x43, 0x1e, 0x91, 0xe1, 0x03, 0x1f, 0x2a, 0x02, 0x1e, 0x80, 0x52, 
    0x16, 0x41, 0x00, 0x91, 0xe0, 0x03, 0x16, 0xaa, 0x77, 0x19, 0x00, 0x94, 
    0x08, 0xc0, 0x80, 0x52, 0xf4, 0x3f, 0x40, 0xf9, 0x1f, 0x20, 0x03, 0xd5, 
    0x22, 0xfd, 0x04, 0x10, 0xe8, 0x93, 0x07, 0xb9, 0xe8, 0x63, 0x40, 0xb9, 
    0xe0, 0x43, 0x14, 0x91, 0xe1, 0x03, 0x14, 0xaa, 0xff, 0x9f, 0x07, 0xb9, 
    0xff, 0x9b, 0x07, 0xb9, 0xe8, 0x97, 0x07, 0xb9, 0x39, 0x0f, 0x00, 0x94, 
    0x4d, 0x18, 0x00, 0x94, 0x88, 0x06, 0x00, 0x11, 0x7f, 0x18, 0x00, 0x94, 
    0xdf, 0x6a, 0x34, 0x38, 0xe1, 0x03, 0x16, 0xaa, 0x17, 0x81, 0x09, 0xaa, 
    0x02, 0x1e, 0x80, 0x52, 0x62, 0x19, 0x00, 0x94, 0xe8, 0xfe, 0x60, 0xd3, 
    0xe1, 0x43, 0x27, 0x91, 0x02, 0x1e, 0x80, 0x52, 0xf7, 0xcb, 0x0a, 0xb9, 
    0xe8, 0xcf, 0x0a, 0xb9, 0xe8, 0x03, 0x2b, 0x91, 0x00, 0x41, 0x00, 0x91, 
    0x5a, 0x19, 0x00, 0x94, 0xf7, 0x4f, 0x40, 0xf9, 0x7f, 0x02, 0x18, 0x71, 
    0xf3, 0xc3, 0x0a, 0xb9, 0xf5, 0xc7, 0x0a, 0xb9, 0xf5, 0x7e, 0x3a, 0xb9, 
    0xf3, 0x82, 0x3a, 0xb9, 0x00, 0x1c, 0x00, 0x54, 0x7f, 0x06, 0x18, 0x71, 
    0xa1, 0x46, 0x00, 0x54, 0xb8, 0x18, 0x00, 0x94, 0xf4, 0x03, 0x00, 0xaa, 
    0xf6, 0x03, 0x01, 0xaa, 0xe0, 0x03, 0x2b, 0x91, 0x21, 0x04, 0x00, 0x91, 
    0x48, 0x15, 0x00, 0x94, 0xe8, 0x4a, 0x5d, 0xf9, 0x1f, 0x05, 0x00, 0xf1, 
    0x20, 0x45, 0x00, 0x54, 0xe8, 0x2e, 0x5c, 0xf9, 0xe8, 0x44, 0x00, 0xb4, 
    0xe5, 0x03, 0x00, 0xaa, 0xe6, 0x03, 0x01, 0xaa, 0xe0, 0x03, 0x17, 0xaa, 
    0xe1, 0x03, 0x15, 0x2a, 0x22, 0x84, 0x80, 0x52, 0xe3, 0x03, 0x14, 0xaa, 
    0xe4, 0x03, 0x16, 0xaa, 0x1a, 0x02, 0x00, 0x14, 0xf3, 0x03, 0x1f, 0xaa, 
    0xf4, 0x43, 0x1e, 0x91, 0xe1, 0x83, 0x06, 0xa9, 0xeb, 0x3f, 0x00, 0xf9, 
    0x7f, 0x22, 0x06, 0xf1, 0xe0, 0x00, 0x00, 0x54, 0x80, 0x02, 0x13, 0x8b, 
    0xe1, 0x03, 0x1f, 0x2a, 0x42, 0x0c, 0x80, 0x52, 0x35, 0x19, 0x00, 0x94, 
    0x73, 0x8a, 0x01, 0x91, 0xf9, 0xff, 0xff, 0x17, 0x00, 0xe4, 0x00, 0x6f, 
    0xf3, 0x03, 0x2b, 0x91, 0x08, 0xe0, 0xdf, 0xd2, 0x7a, 0x02, 0x02, 0x91, 
    0xe1, 0x43, 0x1e, 0x91, 0x02, 0x31, 0x80, 0x52, 0xe0, 0x03, 0x1a, 0xaa, 
    0xf5, 0x43, 0x00, 0xf9, 0xe8, 0x67, 0x06, 0xf9, 0xe0, 0xb3, 0x82, 0x3d, 
    0xe0, 0xb7, 0x82, 0x3d, 0xe0, 0xbb, 0x82, 0x3d, 0xe0, 0xbf, 0x82, 0x3d, 
    0xe0, 0xc3, 0x82, 0x3d, 0xe0, 0xc7, 0x82, 0x3d, 0xe0, 0xcb, 0x82, 0x3d, 
    0xe0, 0xcf, 0x82, 0x3d, 0x20, 0x19, 0x00, 0x94, 0xe8, 0x43, 0x14, 0x91, 
    0xe1, 0x2f, 0x40, 0xf9, 0x1f, 0x20, 0x03, 0xd5, 0xa2, 0x7e, 0x04, 0x10, 
    0x00, 0x21, 0x01, 0x91, 0xff, 0x43, 0x33, 0x39, 0xe8, 0x0e, 0x00, 0x94, 
    0x08, 0x08, 0x80, 0x52, 0x3f, 0x00, 0x01, 0xf1, 0xf4, 0x03, 0x00, 0xaa, 
    0x35, 0x30, 0x88, 0x9a, 0x1f, 0x20, 0x03, 0xd5, 0xc2, 0xde, 0x03, 0x10, 
    0xe0, 0x03, 0x2b, 0x91, 0xe1, 0x03, 0x15, 0xaa, 0x27, 0x0f, 0x00, 0x94, 
    0x1f, 0x20, 0x03, 0xd5, 0xe4, 0xde, 0x03, 0x10, 0xb5, 0x17, 0x00, 0x94, 
    0xe8, 0x93, 0x40, 0xb9, 0xf5, 0x3b, 0x33, 0x39, 0xc8, 0x0a, 0x00, 0x36, 
    0xf4, 0x0b, 0x5e, 0x39, 0xe8, 0x03, 0x4f, 0x79, 0x1f, 0x20, 0x03, 0xd5, 
    0xa2, 0xde, 0x03, 0x10, 0xe9, 0x77, 0x47, 0xb9, 0x60, 0x02, 0x01, 0x91, 
    0xe1, 0x03, 0x14, 0xaa, 0xfd, 0x33, 0x00, 0xf9, 0xf9, 0x4b, 0x00, 0xf9, 
    0xe8, 0x9b, 0x19, 0x79, 0xe9, 0xcb, 0x0c, 0xb9, 0x15, 0x0f, 0x00, 0x94, 
    0xf3, 0x43, 0x14, 0x91, 0xf5, 0x03, 0x00, 0xaa, 0xf7, 0x03, 0x01, 0xaa, 
    0x1f, 0x20, 0x03, 0xd5, 0xc2, 0xdd, 0x03, 0x10, 0x60, 0x92, 0x08, 0x91, 
    0xe1, 0x03, 0x14, 0xaa, 0xc5, 0x0e, 0x00, 0x94, 0x8a, 0x18, 0x00, 0x94, 
    0x1f, 0x20, 0x03, 0xd5, 0xc4, 0xdd, 0x03, 0x10, 0xe0, 0x03, 0x15, 0xaa, 
    0xe1, 0x03, 0x17, 0xaa, 0xd2, 0x10, 0x00, 0x94, 0xe8, 0x0f, 0x5e, 0x39, 
    0x89, 0x00, 0x80, 0x52, 0xf4, 0x3f, 0x33, 0x39, 0x7d, 0xb2, 0x09, 0x91, 
    0x74, 0x92, 0x06, 0x91, 0x1f, 0x20, 0x03, 0xd5, 0x19, 0xe1, 0x03, 0x10, 
    0x1f, 0x11, 0x00, 0x71, 0x17, 0x31, 0x89, 0x1a, 0xf7, 0x2f, 0x00, 0xf9, 
    0xd7, 0x05, 0x00, 0xb4, 0xb8, 0xc3, 0x5f, 0x38, 0xb3, 0x17, 0x40, 0x38, 
    0x41, 0x03, 0x01, 0x91, 0x02, 0x04, 0x80, 0x52, 0x1f, 0x20, 0x03, 0xd5, 
    0x03, 0xdc, 0x03, 0x10, 0xe0, 0x03, 0x18, 0xaa, 0x6b, 0x0e, 0x00, 0x94, 
    0xf5, 0x03, 0x00, 0xaa, 0xfb, 0x03, 0x01, 0xaa, 0xe0, 0x03, 0x14, 0xaa, 
    0xe1, 0x03, 0x18, 0xaa, 0x1f, 0x20, 0x03, 0xd5, 0xc2, 0xdb, 0x03, 0x10, 
    0x97, 0x0e, 0x00, 0x94, 0x6a, 0x18, 0x00, 0x94, 0xe0, 0x03, 0x15, 0xaa, 
    0xe1, 0x03, 0x1b, 0xaa, 0x1f, 0x20, 0x03, 0xd5, 0xc4, 0xdb, 0x03, 0x10, 
    0xb2, 0x10, 0x00, 0x94, 0xe0, 0x03, 0x1a, 0xaa, 0xe1, 0x03, 0x13, 0xaa, 
    0x1f, 0x20, 0x03, 0xd5, 0xe2, 0xdb, 0x03, 0x10, 0x58, 0x83, 0x01, 0x39, 
    0xe1, 0x0e, 0x00, 0x94, 0xf5, 0x03, 0x00, 0xaa, 0xf8, 0x03, 0x01, 0xaa, 
    0xe0, 0x03, 0x16, 0xaa, 0xe1, 0x03, 0x13, 0xaa, 0x1f, 0x20, 0x03, 0xd5, 
    0xa2, 0xdb, 0x03, 0x10, 0x92, 0x0e, 0x00, 0x94, 0x57, 0x18, 0x00, 0x94, 
    0xe0, 0x03, 0x15, 0xaa, 0xe1, 0x03, 0x18, 0xaa, 0xe4, 0x03, 0x19, 0xaa, 
    0xa0, 0x10, 0x00, 0x94, 0x53, 0x87, 0x01, 0x39, 0xf7, 0x06, 0x00, 0xd1, 
    0x5a, 0x8b, 0x01, 0x91, 0xd6, 0x02, 0x01, 0x91, 0x94, 0x82, 0x00, 0x91, 
    0x97, 0xfa, 0xff, 0xb5, 0xe8, 0xf7, 0x45, 0xa9, 0xf9, 0x63, 0x49, 0xa9, 
    0xe8, 0x43, 0x33, 0x39, 0xf5, 0x43, 0x40, 0xf9, 0x00, 0x77, 0x7a, 0xb9, 
    0xe1, 0x03, 0x15, 0x2a, 0xb3, 0x12, 0x00, 0x94, 0x1f, 0x70, 0x00, 0x71, 
    0x81, 0x1e, 0x00, 0x54, 0x08, 0x0b, 0x5c, 0xf9, 0xf6, 0x47, 0x40, 0xf9, 
    0x1f, 0x7d, 0x00, 0xf1, 0x08, 0x01, 0x00, 0x54, 0x08, 0x0f, 0x08, 0x8b, 
    0x89, 0x57, 0x16, 0x32, 0x15, 0x11, 0x37, 0xb9, 0x09, 0x15, 0x37, 0xb9, 
    0x08, 0x0b, 0x5c, 0xf9, 0x08, 0x05, 0x00, 0x91, 0x08, 0x0b, 0x1c, 0xf9, 
    0xe9, 0x37, 0x40, 0xf9, 0x08, 0x02, 0x80, 0x52, 0x1f, 0x20, 0x03, 0xd5, 
    0xa2, 0xd8, 0x03, 0x10, 0xe0, 0x83, 0x33, 0x91, 0xff, 0x77, 0x06, 0xf9, 
    0x3f, 0x41, 0x00, 0xf1, 0xff, 0x73, 0x06, 0xf9, 0x34, 0x31, 0x88, 0x9a, 
    0xe1, 0x03, 0x14, 0xaa, 0x7b, 0x0e, 0x00, 0x94, 0xe2, 0x3b, 0x40, 0xf9, 
    0x1f, 0x20, 0x03, 0xd5, 0x24, 0xd8, 0x03, 0x10, 0x3b, 0x17, 0x00, 0x94, 
    0xe0, 0x43, 0x1e, 0x91, 0xe1, 0x03, 0x2b, 0x91, 0x82, 0x42, 0x80, 0x52, 
    0x91, 0x18, 0x00, 0x94, 0x88, 0x46, 0x80, 0x52, 0xe9, 0x3f, 0x40, 0xf9, 
    0x93, 0x27, 0x08, 0x9b, 0xe8, 0x73, 0x46, 0xf9, 0xe9, 0x77, 0x46, 0xf9, 
    0xe8, 0xeb, 0x04, 0xf9, 0xe9, 0xef, 0x04, 0xf9, 0xe0, 0x03, 0x13, 0xaa, 
    0x3d, 0xf7, 0xff, 0x97, 0xe8, 0xd3, 0x49, 0xb9, 0xe9, 0xd7, 0x49, 0xb9, 
    0x60, 0x72, 0x00, 0x91, 0xea, 0xdf, 0x49, 0xb9, 0xe1, 0x43, 0x1e, 0x91, 
    0x82, 0x42, 0x80, 0x52, 0x68, 0x26, 0x00, 0x29, 0xe8, 0xdb, 0x49, 0xb9, 
    0x75, 0x12, 0x00, 0xb9, 0x68, 0x2a, 0x01, 0x29, 0x7f, 0x52, 0x00, 0x39, 
    0x7d, 0x1a, 0x00, 0xb9, 0x7b, 0x18, 0x00, 0x94, 0x08, 0x2f, 0x5c, 0xf9, 
    0xf5, 0x03, 0x1f, 0x2a, 0x74, 0xc2, 0x08, 0x39, 0x7f, 0xc6, 0x08, 0x39, 
    0x08, 0x05, 0x00, 0x91, 0x08, 0x2f, 0x1c, 0xf9, 0xca, 0x00, 0x00, 0x14, 
    0xdb, 0x17, 0x00, 0x94, 0xe4, 0x03, 0x01, 0xaa, 0x3f, 0x24, 0x00, 0xf1, 
    0xe3, 0x03, 0x00, 0xaa, 0xa1, 0x14, 0x00, 0x54, 0xea, 0x03, 0x03, 0xaa, 
    0x69, 0x08, 0x40, 0x39, 0x68, 0x04, 0x40, 0x39, 0x4b, 0x4d, 0x40, 0x38, 
    0x4c, 0x09, 0x40, 0x39, 0x6d, 0x00, 0x40, 0x39, 0x6e, 0x0c, 0x40, 0x39, 
    0x29, 0xbd, 0x70, 0xd3, 0x6f, 0x14, 0x40, 0x39, 0x4a, 0x0d, 0x40, 0x39, 
    0x8c, 0x3d, 0x10, 0x53, 0xa8, 0x21, 0x08, 0xaa, 0x29, 0x61, 0x0e, 0xaa, 
    0x6b, 0x21, 0x0f, 0x2a, 0x8a, 0x61, 0x0a, 0x2a, 0x28, 0x01, 0x08, 0xaa, 
    0x49, 0x01, 0x0b, 0x2a, 0x6a, 0x20, 0x40, 0x39, 0x08, 0x81, 0x09, 0xaa, 
    0x09, 0x88, 0x8e, 0xd2, 0xe9, 0x0d, 0xae, 0xf2, 0x5f, 0xe5, 0x01, 0xf1, 
    0xe9, 0x8d, 0xcd, 0xf2, 0xe9, 0xed, 0xec, 0xf2, 0x00, 0x01, 0x49, 0xfa, 
    0x61, 0x11, 0x00, 0x54, 0xe1, 0x26, 0x5c, 0xf9, 0x08, 0x05, 0x87, 0x52, 
    0x1f, 0x20, 0x03, 0xd5, 0x82, 0x24, 0x04, 0x10, 0xe0, 0x02, 0x08, 0x8b, 
    0x10, 0x0e, 0x00, 0x94, 0x00, 0xe4, 0x00, 0x6f, 0xf3, 0x03, 0x00, 0xaa, 
    0xf4, 0x03, 0x01, 0xaa, 0xe0, 0x43, 0x1e, 0x91, 0xe1, 0x03, 0x1f, 0x2a, 
    0x02, 0x40, 0x80, 0x52, 0xf7, 0x43, 0x1e, 0x91, 0xe0, 0x83, 0x82, 0x3d, 
    0xe0, 0x7f, 0x82, 0x3d, 0xe0, 0x7b, 0x82, 0x3d, 0xe0, 0x77, 0x82, 0x3d, 
    0x44, 0x18, 0x00, 0x94, 0x1f, 0x20, 0x03, 0xd5, 0x43, 0xd9, 0x04, 0x10, 
    0xe1, 0x43, 0x1e, 0x91, 0xc0, 0x00, 0x80, 0x52, 0x02, 0x40, 0x80, 0x52, 
    0xe6, 0x10, 0x00, 0x94, 0x1f, 0x20, 0x03, 0xd5, 0x82, 0x22, 0x04, 0x10, 
    0x1f, 0x20, 0x03, 0xd5, 0x04, 0xd9, 0x04, 0x10, 0xc3, 0x00, 0x80, 0x52, 
    0x19, 0x10, 0x00, 0x94, 0x96, 0x1e, 0x00, 0x91, 0xa8, 0x07, 0x80, 0x52, 
    0x1f, 0x20, 0x03, 0xd5, 0x03, 0xd9, 0x04, 0x10, 0xe0, 0x43, 0x1e, 0x91, 
    0xe1, 0x00, 0x80, 0x52, 0xe2, 0x03, 0x16, 0xaa, 0xe8, 0x5b, 0x1e, 0x39, 
    0x4c, 0x14, 0x00, 0x94, 0x1f, 0x20, 0x03, 0xd5, 0xe4, 0xd8, 0x04, 0x10, 
    0xe2, 0x03, 0x13, 0xaa, 0xd0, 0x16, 0x00, 0x94, 0x48, 0x01, 0x80, 0x52, 
    0xe8, 0x6a, 0x36, 0x38, 0xf7, 0x4f, 0x40, 0xf9, 0x1f, 0x20, 0x03, 0xd5, 
    0xc3, 0xd8, 0x04, 0x10, 0x80, 0x22, 0x00, 0x91, 0xe1, 0x43, 0x27, 0x91, 
    0x02, 0x08, 0x80, 0x52, 0xca, 0x10, 0x00, 0x94, 0xf3, 0x03, 0x00, 0xaa, 
    0xf6, 0x03, 0x01, 0xaa, 0x1f, 0x20, 0x03, 0xd5, 0x82, 0xd8, 0x04, 0x10, 
    0xe0, 0x43, 0x1e, 0x91, 0x81, 0x22, 0x00, 0x91, 0xd5, 0x0d, 0x00, 0x94, 
    0xae, 0x17, 0x00, 0x94, 0x1f, 0x20, 0x03, 0xd5, 0x84, 0xd8, 0x04, 0x10, 
    0xe0, 0x03, 0x13, 0xaa, 0xe1, 0x03, 0x16, 0xaa, 0xf6, 0x0f, 0x00, 0x94, 
    0x1f, 0x20, 0x03, 0xd5, 0xa2, 0x1d, 0x04, 0x10, 0xe0, 0x43, 0x27, 0x91, 
    0x81, 0x22, 0x00, 0x91, 0xde, 0x0d, 0x00, 0x94, 0xa3, 0x17, 0x00, 0x94, 
    0xe0, 0x03, 0x17, 0xaa, 0xe1, 0x03, 0x15, 0x2a, 0xb5, 0x15, 0x00, 0x94, 
    0x28, 0xe8, 0x82, 0x52, 0x09, 0x34, 0x82, 0x52, 0x29, 0x1d, 0x00, 0xb4, 
    0xea, 0x6a, 0x68, 0x38, 0x08, 0xd1, 0x08, 0x91, 0x29, 0xd1, 0x08, 0xd1, 
    0x8a, 0xff, 0x07, 0x36, 0x1f, 0x20, 0x03, 0xd5, 0xe3, 0x0e, 0x04, 0x30, 
    0xcc, 0x16, 0x00, 0x94, 0x24, 0x01, 0x80, 0x52, 0xd9, 0x00, 0x00, 0x14, 
    0xe0, 0x4b, 0x40, 0xf9, 0xf8, 0x03, 0x01, 0xaa, 0x1f, 0x20, 0x03, 0xd5, 
    0x83, 0x0e, 0x04, 0x10, 0x34, 0x17, 0x00, 0x94, 0xf7, 0x03, 0x00, 0xaa, 
    0xfa, 0x03, 0x01, 0xaa, 0x5d, 0x16, 0x00, 0x94, 0xf6, 0x13, 0x00, 0xb4, 
    0xdf, 0xfe, 0x03, 0xf1, 0x48, 0x93, 0xff, 0x54, 0x1f, 0x20, 0x03, 0xd5, 
    0x22, 0x0e, 0x04, 0x10, 0x34, 0x17, 0x00, 0x94, 0x1f, 0x20, 0x03, 0xd5, 
    0x84, 0x0e, 0x04, 0x10, 0xe2, 0x03, 0x14, 0xaa, 0x8a, 0x16, 0x00, 0x94, 
    0xd4, 0x26, 0x00, 0x91, 0x1f, 0x20, 0x03, 0xd5, 0xa3, 0x0e, 0x04, 0x10, 
    0xe0, 0x43, 0x1e, 0x91, 0x21, 0x01, 0x80, 0x52, 0xe2, 0x03, 0x14, 0xaa, 
    0xf6, 0x63, 0x1e, 0x39, 0xe8, 0x0d, 0x00, 0x94, 0x1f, 0x20, 0x03, 0xd5, 
    0x84, 0x0e, 0x04, 0x10, 0xe2, 0x03, 0x19, 0xaa, 0xe3, 0x03, 0x16, 0xaa, 
    0xc2, 0x0f, 0x00, 0x94, 0xe8, 0x46, 0x80, 0x52, 0x1f, 0x20, 0x03, 0xd5, 
    0x83, 0x0e, 0x04, 0x10, 0x08, 0x01, 0x16, 0xcb, 0xe0, 0x43, 0x1e, 0x91, 
    0xe1, 0x03, 0x14, 0xaa, 0x1f, 0x01, 0x1a, 0xeb, 0x15, 0x31, 0x9a, 0x9a, 
    0xa2, 0x02, 0x14, 0x8b, 0xd9, 0x0d, 0x00, 0x94, 0x1f, 0x20, 0x03, 0xd5, 
    0x24, 0x0e, 0x04, 0x10, 0xe2, 0x03, 0x17, 0xaa, 0x7d, 0x16, 0x00, 0x94, 
    0xbf, 0x16, 0x00, 0x94, 0x80, 0x16, 0x00, 0x54, 0x1f, 0x20, 0x03, 0xd5, 
    0x22, 0x0e, 0x04, 0x10, 0xe0, 0x43, 0x1e, 0x91, 0xa1, 0x02, 0x14, 0x8b, 
    0x95, 0x00, 0x00, 0x14, 0xe9, 0x4a, 0x5d, 0xf9, 0xe8, 0x2e, 0x5c, 0xf9, 
    0x3f, 0x05, 0x00, 0xf1, 0x04, 0x19, 0x40, 0xfa, 0xe8, 0x07, 0x9f, 0x1a, 
    0x24, 0x13, 0x00, 0xb4, 0x3f, 0x09, 0x00, 0xf1, 0x63, 0x13, 0x00, 0x54, 
    0x68, 0x14, 0x00, 0x36, 0x8c, 0x16, 0x00, 0x94, 0x25, 0x00, 0x80, 0x52, 
    0xe6, 0x03, 0x1f, 0xaa, 0x94, 0x01, 0x00, 0x94, 0x20, 0x14, 0x00, 0x37, 
    0x9d, 0x00, 0x00, 0x14, 0xe0, 0x03, 0x1f, 0xaa, 0x1f, 0x20, 0x03, 0xd5, 
    0x41, 0xbd, 0x03, 0x10, 0x88, 0x09, 0x80, 0x52, 0x42, 0x03, 0x80, 0x52, 
    0x01, 0x00, 0x00, 0xd4, 0xe0, 0x03, 0x15, 0xaa, 0x08, 0x0d, 0x80, 0x52, 
    0x1f, 0x20, 0x03, 0xd5, 0xa1, 0x03, 0x04, 0x10, 0x01, 0x00, 0x00, 0xd4, 
    0x88, 0x09, 0x80, 0x52, 0x20, 0x00, 0x80, 0x52, 0x62, 0x02, 0x80, 0x52, 
    0xf5, 0x03, 0x1f, 0x2a, 0x01, 0x00, 0x00, 0xd4, 0xf6, 0x47, 0x40, 0xf9, 
    0x34, 0x13, 0x54, 0x39, 0x9f, 0x0e, 0x00, 0x71, 0x40, 0x09, 0x00, 0x54, 
    0x29, 0x00, 0x80, 0x52, 0xe8, 0x03, 0x16, 0x2a, 0xbf, 0x03, 0x00, 0x71, 
    0xe9, 0x37, 0x2b, 0x39, 0x49, 0x80, 0x80, 0x52, 0x13, 0x03, 0x55, 0xb9, 
    0x28, 0x81, 0x08, 0xaa, 0xe9, 0x07, 0x9f, 0x1a, 0xf5, 0xcb, 0x0a, 0xb9, 
    0xe9, 0x33, 0x2b, 0x39, 0xe8, 0x63, 0x05, 0xf9, 0xff, 0x9f, 0x15, 0x79, 
    0xff, 0xe7, 0x03, 0xf9, 0xff, 0xe3, 0x03, 0xf9, 0xff, 0xdf, 0x03, 0xf9, 
    0xff, 0xdb, 0x03, 0xf9, 0xff, 0xd7, 0x03, 0xf9, 0xff, 0xd3, 0x03, 0xf9, 
    0xbd, 0x00, 0x00, 0x34, 0xf8, 0x83, 0x33, 0x91, 0x36, 0x00, 0x80, 0x52, 
    0xfd, 0xe3, 0x0c, 0xb9, 0x03, 0x00, 0x00, 0x14, 0xf6, 0x03, 0x1f, 0xaa, 
    0x98, 0x00, 0x80, 0x52, 0xdf, 0x32, 0x00, 0xf1, 0x88, 0x05, 0x00, 0x54, 
    0xe0, 0x03, 0x2b, 0x91, 0x62, 0x12, 0x00, 0x94, 0xd9, 0xf6, 0x7e, 0xd3, 
    0xf5, 0x9b, 0x07, 0xb9, 0x28, 0x00, 0x80, 0x52, 0x1f, 0x20, 0x03, 0xd5, 
    0xf5, 0xaa, 0x04, 0x10, 0xf6, 0x73, 0x1e, 0x39, 0x1f, 0x20, 0x03, 0xd5, 
    0x56, 0xab, 0x04, 0x10, 0x97, 0x02, 0x80, 0x52, 0xfa, 0x03, 0x19, 0xaa, 
    0xe0, 0xcb, 0x03, 0xf9, 0xe8, 0x77, 0x1e, 0x39, 0xff, 0x3f, 0x0f, 0x79, 
    0x1a, 0x02, 0x00, 0xb4, 0x1b, 0x47, 0x40, 0xb8, 0xe0, 0x12, 0x00, 0xd1, 
    0xe2, 0x43, 0x1e, 0x91, 0xe1, 0x03, 0x17, 0xaa, 0x03, 0x08, 0x80, 0x52, 
    0xe4, 0x03, 0x15, 0xaa, 0x26, 0x10, 0x00, 0x94, 0xe2, 0x43, 0x27, 0x91, 
    0x83, 0x00, 0x80, 0x52, 0xe4, 0x03, 0x16, 0xaa, 0xfb, 0xd3, 0x09, 0xb9, 
    0x53, 0x0f, 0x00, 0x94, 0x5a, 0x13, 0x00, 0xd1, 0xf7, 0x12, 0x00, 0x91, 
    0x5a, 0xfe, 0xff, 0xb5, 0x1f, 0x20, 0x03, 0xd5, 0xe2, 0x87, 0x04, 0x10, 
    0xe0, 0x43, 0x1e, 0x91, 0x21, 0x43, 0x00, 0x91, 0x38, 0x0d, 0x00, 0x94, 
    0xfd, 0x16, 0x00, 0x94, 0xe0, 0x03, 0x13, 0x2a, 0xe1, 0x03, 0x14, 0x2a, 
    0xe8, 0x11, 0x00, 0x94, 0x1f, 0x70, 0x00, 0x71, 0x61, 0x00, 0x00, 0x54, 
    0x46, 0x00, 0x00, 0x14, 0x80, 0x00, 0x80, 0x52, 0x1f, 0x70, 0x00, 0x71, 
    0x60, 0x08, 0x00, 0x54, 0x20, 0x00, 0x80, 0x52, 0x1f, 0x20, 0x03, 0xd5, 
    0x61, 0xf9, 0x03, 0x70, 0x88, 0x09, 0x80, 0x52, 0xc2, 0x02, 0x80, 0x52, 
    0x01, 0x00, 0x00, 0xd4, 0x3c, 0x00, 0x00, 0x14, 0x1f, 0x20, 0x03, 0xd5, 
    0xe2, 0xff, 0x03, 0x10, 0x98, 0x16, 0x00, 0x94, 0x1f, 0x20, 0x03, 0xd5, 
    0x44, 0x00, 0x04, 0x10, 0xe2, 0x03, 0x14, 0xaa, 0xee, 0x15, 0x00, 0x94, 
    0x68, 0x7a, 0x1c, 0x12, 0x1f, 0x20, 0x03, 0xd5, 0x63, 0x00, 0x04, 0x10, 
    0x2a, 0x16, 0x00, 0x94, 0x1f, 0x20, 0x03, 0xd5, 0xc4, 0x00, 0x04, 0x10, 
    0x5a, 0x16, 0x00, 0x94, 0x5f, 0xe3, 0x08, 0xf1, 0x08, 0x47, 0x80, 0x52, 
    0x1f, 0x20, 0x03, 0xd5, 0xe3, 0x00, 0x04, 0x10, 0x54, 0x33, 0x88, 0x9a, 
    0xe0, 0x43, 0x1e, 0x91, 0x82, 0x22, 0x00, 0x91, 0x01, 0x01, 0x80, 0x52, 
    0x44, 0x0d, 0x00, 0x94, 0x1f, 0x20, 0x03, 0xd5, 0xc4, 0x00, 0x04, 0x10, 
    0xe2, 0x03, 0x17, 0xaa, 0xe3, 0x15, 0x00, 0x94, 0x2a, 0x16, 0x00, 0x94, 
    0xe0, 0x03, 0x00, 0x54, 0x1f, 0x20, 0x03, 0xd5, 0xc2, 0x00, 0x04, 0x10, 
    0xe0, 0x43, 0x1e, 0x91, 0x81, 0x22, 0x00, 0x91, 0xfe, 0x0c, 0x00, 0x94, 
    0xc8, 0x02, 0x13, 0x8b, 0x09, 0xa4, 0x82, 0x52, 0xe2, 0x03, 0x00, 0xaa, 
    0x09, 0x01, 0x09, 0x8b, 0xe3, 0x03, 0x01, 0xaa, 0x00, 0x21, 0x55, 0xb9, 
    0x21, 0x11, 0x40, 0x39, 0xb1, 0x11, 0x00, 0x94, 0x11, 0x00, 0x00, 0x14, 
    0xa8, 0x01, 0x00, 0x34, 0xf6, 0x15, 0x00, 0x94, 0xe4, 0x03, 0x1f, 0xaa, 
    0x03, 0x00, 0x00, 0x14, 0x28, 0x01, 0x00, 0x34, 0xf2, 0x15, 0x00, 0x94, 
    0x25, 0x00, 0x80, 0x52, 0xe6, 0x03, 0x1f, 0xaa, 0xfa, 0x00, 0x00, 0x94, 
    0x80, 0x00, 0x00, 0x34, 0xe0, 0x03, 0x17, 0xaa, 0xcd, 0x12, 0x00, 0x94, 
    0x04, 0x00, 0x00, 0x14, 0xe0, 0x03, 0x17, 0xaa, 0xe1, 0x03, 0x15, 0x2a, 
    0x1d, 0x12, 0x00, 0x94, 0xff, 0x83, 0x35, 0x91, 0x8f, 0x15, 0x00, 0x94, 
    0xfd, 0x7b, 0xc6, 0xa8, 0xc0, 0x03, 0x5f, 0xd6, 0x00, 0xe4, 0x00, 0x6f, 
    0xfc, 0x53, 0x07, 0xa9, 0xf4, 0x03, 0x1f, 0x2a, 0xfc, 0x03, 0x1f, 0x2a, 
    0xeb, 0x03, 0x1f, 0x2a, 0xf3, 0x03, 0x1f, 0xaa, 0x6a, 0x00, 0x80, 0x52, 
    0xf9, 0x4b, 0x00, 0xf9, 0xff, 0x5b, 0x0d, 0xb9, 0xff, 0xab, 0x06, 0xf9, 
    0xe0, 0x53, 0x83, 0x3d, 0xe0, 0x4f, 0x83, 0x3d, 0xe0, 0x4b, 0x83, 0x3d, 
    0xd9, 0x2a, 0x40, 0x39, 0xf3, 0x2f, 0x00, 0xf9, 0xf4, 0x63, 0x00, 0xb9, 
    0xfa, 0x1b, 0x00, 0xf9, 0xfc, 0x2b, 0x05, 0x29, 0xeb, 0x3f, 0x00, 0xb9, 
    0x39, 0x01, 0x00, 0x34, 0xc8, 0x26, 0x40, 0x39, 0xc9, 0x22, 0x40, 0x39, 
    0x3f, 0x23, 0x00, 0x71, 0x08, 0x01, 0x09, 0x8b, 0x08, 0x51, 0x00, 0x91, 
    0x09, 0x01, 0x19, 0x8b, 0xe0, 0x22, 0x49, 0xfa, 0x82, 0x00, 0x00, 0x54, 
    0xf6, 0x03, 0x18, 0xaa, 0xf7, 0x03, 0x1f, 0x2a, 0x96, 0x00, 0x00, 0x14, 
    0xfd, 0x47, 0x00, 0xf9, 0xdd, 0x02, 0x08, 0x8b, 0xf6, 0x83, 0x0b, 0x91, 
    0xfb, 0x63, 0x01, 0xa9, 0xb4, 0x03, 0x40, 0x39, 0xbc, 0x07, 0x40, 0x39, 
    0xb7, 0x0b, 0x40, 0x39, 0xb3, 0x0f, 0x40, 0x39, 0xf8, 0x03, 0x1f, 0xaa, 
    0xba, 0x13, 0x40, 0x39, 0xbb, 0x17, 0x40, 0x39, 0xb5, 0x1b, 0x40, 0x39, 
    0xa8, 0x1f, 0x40, 0x39, 0xe8, 0x6b, 0x00, 0xb9, 0x1f, 0x03, 0x02, 0xf1, 
    0xe0, 0x00, 0x00, 0x54, 0xc0, 0x02, 0x18, 0x8b, 0xe1, 0x03, 0x1f, 0x2a, 
    0x02, 0x04, 0x80, 0x52, 0xe7, 0x16, 0x00, 0x94, 0x18, 0x83, 0x00, 0x91, 
    0xf9, 0xff, 0xff, 0x17, 0xf8, 0x03, 0x1f, 0xaa, 0xf6, 0x03, 0x2b, 0x91, 
    0x1f, 0x03, 0x04, 0xf1, 0xe0, 0x00, 0x00, 0x54, 0xc0, 0x02, 0x18, 0x8b, 
    0xe1, 0x03, 0x1f, 0x2a, 0x02, 0x08, 0x80, 0x52, 0xdd, 0x16, 0x00, 0x94, 
    0x18, 0x03, 0x01, 0x91, 0xf9, 0xff, 0xff, 0x17, 0x48, 0x23, 0x1b, 0x2a, 
    0xe9, 0x6b, 0x40, 0xb9, 0xf3, 0x7f, 0x25, 0x39, 0xf6, 0x03, 0x13, 0x2a, 
    0xf3, 0x43, 0x1e, 0x91, 0xe1, 0x03, 0x1f, 0x2a, 0x08, 0x41, 0x15, 0x2a, 
    0x60, 0x02, 0x06, 0x91, 0x02, 0x08, 0x80, 0x52, 0xf4, 0x73, 0x25, 0x39, 
    0x14, 0x08, 0x80, 0x52, 0x08, 0x61, 0x09, 0x2a, 0xfc, 0x77, 0x25, 0x39, 
    0xf7, 0x7b, 0x25, 0x39, 0xe8, 0x53, 0x09, 0xb9, 0xcb, 0x16, 0x00, 0x94, 
    0x7c, 0x02, 0x04, 0x91, 0xe1, 0x83, 0x0b, 0x91, 0x02, 0x10, 0x80, 0x52, 
    0xe0, 0x03, 0x1c, 0xaa, 0xc5, 0x16, 0x00, 0x94, 0xe0, 0x43, 0x1e, 0x91, 
    0xe1, 0x03, 0x2b, 0x91, 0x02, 0x20, 0x80, 0x52, 0xff, 0x57, 0x09, 0xb9, 
    0xc0, 0x16, 0x00, 0x94, 0xff, 0x02, 0x01, 0x71, 0xff, 0x5b, 0x09, 0xb9, 
    0xf7, 0x32, 0x94, 0x1a, 0xf5, 0x22, 0x00, 0x91, 0xbf, 0x02, 0x19, 0xeb, 
    0x69, 0x00, 0x00, 0x54, 0xf7, 0x03, 0x1f, 0x2a, 0x52, 0x00, 0x00, 0x14, 
    0x68, 0x12, 0x07, 0x91, 0x1f, 0x20, 0x03, 0xd5, 0x42, 0x8c, 0x04, 0x10, 
    0xe8, 0x37, 0x00, 0xf9, 0x68, 0x22, 0x07, 0x91, 0x60, 0x02, 0x06, 0x91, 
    0xe1, 0x03, 0x17, 0xaa, 0xe8, 0x13, 0x00, 0xf9, 0xfe, 0x11, 0x00, 0x94, 
    0x1f, 0x20, 0x03, 0xd5, 0x04, 0x8c, 0x04, 0x10, 0xa2, 0x23, 0x00, 0x91, 
    0xb3, 0x15, 0x00, 0x94, 0xdf, 0x12, 0x00, 0x71, 0x88, 0x00, 0x80, 0x52, 
    0xf7, 0x03, 0x1f, 0xaa, 0xd8, 0x32, 0x88, 0x1a, 0xff, 0x02, 0x18, 0xeb, 
    0xfa, 0x26, 0x97, 0x9a, 0xa2, 0x32, 0x59, 0xfa, 0x82, 0x05, 0x00, 0x54, 
    0xa8, 0x6b, 0x75, 0x38, 0x09, 0x04, 0x80, 0x52, 0xb6, 0x06, 0x00, 0x91, 
    0x1f, 0x81, 0x00, 0x71, 0x1b, 0x31, 0x89, 0x1a, 0xd5, 0x02, 0x1b, 0x8b, 
    0xbf, 0x02, 0x19, 0xeb, 0x88, 0x04, 0x00, 0x54, 0x80, 0x17, 0x17, 0x8b, 
    0xe1, 0x03, 0x1b, 0xaa, 0x1f, 0x20, 0x03, 0xd5, 0x02, 0x8a, 0x04, 0x10, 
    0x4d, 0x12, 0x00, 0x94, 0xa2, 0x03, 0x16, 0x8b, 0xe3, 0x03, 0x1b, 0xaa, 
    0x1f, 0x20, 0x03, 0xd5, 0x24, 0x8a, 0x04, 0x10, 0x73, 0x0e, 0x00, 0x94, 
    0xe8, 0x37, 0x40, 0xf9, 0xbf, 0x02, 0x19, 0xeb, 0x1b, 0x69, 0x37, 0x38, 
    0xc2, 0x02, 0x00, 0x54, 0xa8, 0x6b, 0x75, 0x38, 0xb6, 0x06, 0x00, 0x91, 
    0x1f, 0x01, 0x01, 0x71, 0x1b, 0x31, 0x94, 0x1a, 0xd5, 0x02, 0x1b, 0x8b, 
    0xbf, 0x02, 0x19, 0xeb, 0xe8, 0x01, 0x00, 0x54, 0x60, 0x1a, 0x17, 0x8b, 
    0xe1, 0x03, 0x1b, 0xaa, 0x1f, 0x20, 0x03, 0xd5, 0xe2, 0x88, 0x04, 0x10, 
    0xd0, 0x11, 0x00, 0x94, 0xa2, 0x03, 0x16, 0x8b, 0xe3, 0x03, 0x1b, 0xaa, 
    0x1f, 0x20, 0x03, 0xd5, 0x04, 0x89, 0x04, 0x10, 0x5e, 0x0e, 0x00, 0x94, 
    0xe8, 0x13, 0x40, 0xf9, 0x1b, 0x69, 0x37, 0x38, 0xf7, 0x03, 0x1a, 0xaa, 
    0xd2, 0xff, 0xff, 0x17, 0xe0, 0x63, 0x0f, 0x91, 0xe1, 0x43, 0x1e, 0x91, 
    0x82, 0x18, 0x80, 0x52, 0xf6, 0x43, 0x1e, 0x91, 0x73, 0x16, 0x00, 0x94, 
    0xe8, 0x5b, 0x48, 0xb9, 0xe9, 0x57, 0x48, 0xb9, 0xe0, 0x83, 0x0b, 0x91, 
    0xea, 0x63, 0x48, 0xb9, 0xeb, 0x5f, 0x48, 0xb9, 0xc1, 0x62, 0x03, 0x91, 
    0xfa, 0x67, 0x48, 0xb9, 0x02, 0x1f, 0x80, 0x52, 0x35, 0x81, 0x08, 0xaa, 
    0x79, 0x81, 0x0a, 0xaa, 0x68, 0x16, 0x00, 0x94, 0x37, 0x00, 0x80, 0x52, 
    0xfb, 0x5b, 0x41, 0xa9, 0xfd, 0x47, 0x40, 0xf9, 0xe8, 0x83, 0x33, 0x91, 
    0xfc, 0x3b, 0x40, 0xf9, 0xf4, 0x4b, 0x40, 0xf9, 0xf8, 0xe3, 0x4c, 0xb9, 
    0xf3, 0xe7, 0x4c, 0xb9, 0xe0, 0x63, 0x13, 0x91, 0x01, 0x01, 0x7d, 0xb2, 
    0x02, 0x07, 0x80, 0x52, 0x5c, 0x16, 0x00, 0x94, 0xe0, 0x73, 0x12, 0x91, 
    0xe1, 0x83, 0x34, 0x91, 0x82, 0x07, 0x80, 0x52, 0x58, 0x16, 0x00, 0x94, 
    0xc8, 0x00, 0x80, 0x52, 0x48, 0xe7, 0xff, 0x34, 0xea, 0x27, 0x44, 0xa9, 
    0xe8, 0x2b, 0x40, 0xf9, 0xf9, 0xd7, 0x06, 0xa9, 0xf7, 0x93, 0x00, 0xb9, 
    0x08, 0x21, 0x0a, 0xaa, 0xf9, 0x5f, 0x45, 0x29, 0x08, 0x41, 0x09, 0xaa, 
    0xe9, 0x1b, 0x40, 0xf9, 0x08, 0x61, 0x1c, 0xaa, 0xfc, 0x43, 0x40, 0xf9, 
    0x08, 0x81, 0x09, 0xaa, 0x08, 0xa1, 0x1b, 0xaa, 0xfb, 0x63, 0x40, 0xb9, 
    0x08, 0xc1, 0x14, 0xaa, 0xf4, 0x2f, 0x40, 0xf9, 0x15, 0xe1, 0x16, 0xaa, 
    0xf6, 0x3f, 0x40, 0xb9, 0x98, 0xfb, 0xff, 0x17, 0x1f, 0x20, 0x03, 0xd5, 
    0xa3, 0x60, 0x04, 0x10, 0xe0, 0x03, 0x16, 0xaa, 0xe1, 0x03, 0x08, 0xaa, 
    0xe2, 0x03, 0x14, 0xaa, 0x76, 0x0c, 0x00, 0x94, 0x1f, 0x20, 0x03, 0xd5, 
    0x22, 0x59, 0x04, 0x10, 0x00, 0x01, 0x80, 0x52, 0x44, 0x15, 0x00, 0x94, 
    0x1f, 0x20, 0x03, 0xd5, 0x62, 0x59, 0x04, 0x10, 0x20, 0x01, 0x80, 0x52, 
    0x21, 0x01, 0x80, 0x52, 0x90, 0x0d, 0x00, 0x94, 0x1f, 0x20, 0x03, 0xd5, 
    0x82, 0x59, 0x04, 0x10, 0x40, 0x01, 0x80, 0x52, 0x41, 0x01, 0x80, 0x52, 
    0x8b, 0x0d, 0x00, 0x94, 0x1f, 0x20, 0x03, 0xd5, 0xa2, 0x59, 0x04, 0x10, 
    0x60, 0x01, 0x80, 0x52, 0x61, 0x01, 0x80, 0x52, 0x86, 0x0d, 0x00, 0x94, 
    0xfd, 0x7b, 0xba, 0xa9, 0xa3, 0x14, 0x00, 0x94, 0xff, 0x83, 0x16, 0xd1, 
    0xff, 0x03, 0x00, 0xf9, 0xf7, 0x03, 0x06, 0xaa, 0xf6, 0x03, 0x05, 0xaa, 
    0xf9, 0x03, 0x04, 0xaa, 0xf8, 0x03, 0x03, 0xaa, 0xf5, 0x03, 0x00, 0xaa, 
    0xf3, 0x03, 0x02, 0x2a, 0xfc, 0x03, 0x1f, 0xaa, 0x08, 0x00, 0x12, 0x91, 
    0x09, 0x10, 0x82, 0x52, 0x09, 0x19, 0x00, 0xb4, 0x0a, 0x01, 0x40, 0xb9, 
    0x5f, 0x09, 0x00, 0x71, 0xc0, 0x00, 0x00, 0x54, 0x9c, 0x07, 0x00, 0x91, 
    0x08, 0x81, 0x10, 0x91, 0x29, 0x81, 0x10, 0xd1, 0x49, 0xff, 0xff, 0xb5, 
    0xc0, 0x00, 0x00, 0x14, 0xbd, 0x8a, 0x7a, 0xb9, 0xe9, 0x0b, 0x02, 0x32, 
    0xe1, 0x0f, 0x00, 0xb9, 0xe0, 0x43, 0x00, 0x91, 0xe1, 0x03, 0x1f, 0x2a, 
    0x02, 0x30, 0x80, 0x52, 0xa8, 0x07, 0x00, 0x11, 0x1f, 0x01, 0x09, 0x6b, 
    0x28, 0x95, 0x9d, 0x1a, 0xa8, 0x8a, 0x3a, 0xb9, 0x0b, 0x16, 0x00, 0x94, 
    0x68, 0x3e, 0x40, 0x92, 0xb4, 0x4a, 0x5d, 0xf9, 0x08, 0x81, 0x1d, 0xaa, 
    0x9f, 0x0e, 0x00, 0xf1, 0xe8, 0xcb, 0x00, 0xf9, 0xc1, 0x03, 0x00, 0x54, 
    0xba, 0x52, 0x5d, 0xf9, 0x5f, 0x07, 0x02, 0xf1, 0x42, 0x16, 0x00, 0x54, 
    0x5a, 0x03, 0x00, 0xb4, 0x08, 0x01, 0x80, 0x52, 0xe0, 0x43, 0x06, 0x91, 
    0xe8, 0x27, 0x03, 0x79, 0xd3, 0x10, 0x00, 0x94, 0xe0, 0xcf, 0x00, 0xf9, 
    0xe0, 0x43, 0x00, 0x91, 0xe5, 0x0b, 0x00, 0x94, 0x1f, 0x20, 0x03, 0xd5, 
    0x04, 0xc0, 0x03, 0x10, 0xe2, 0x63, 0x06, 0x91, 0x92, 0x14, 0x00, 0x94, 
    0x5b, 0x27, 0x00, 0x91, 0x1f, 0x20, 0x03, 0xd5, 0x23, 0xc0, 0x03, 0x10, 
    0xe0, 0x43, 0x00, 0x91, 0x21, 0x01, 0x80, 0x52, 0xe2, 0x03, 0x1b, 0xaa, 
    0xfa, 0x63, 0x00, 0x39, 0xd4, 0x0b, 0x00, 0x94, 0x08, 0x55, 0x87, 0x52, 
    0x1f, 0x20, 0x03, 0xd5, 0xe4, 0xbf, 0x03, 0x10, 0xa2, 0x02, 0x08, 0x8b, 
    0xe3, 0x03, 0x1a, 0xaa, 0x0b, 0x00, 0x00, 0x14, 0xe0, 0x43, 0x06, 0x91, 
    0xbc, 0x10, 0x00, 0x94, 0xe0, 0xcf, 0x00, 0xf9, 0xe0, 0x43, 0x00, 0x91, 
    0xce, 0x0b, 0x00, 0x94, 0x1f, 0x20, 0x03, 0xd5, 0x24, 0xbd, 0x03, 0x10, 
    0xe2, 0x63, 0x06, 0x91, 0x03, 0x01, 0x80, 0x52, 0x1b, 0x01, 0x80, 0x52, 
    0xbe, 0x0d, 0x00, 0x94, 0xc8, 0x2f, 0x80, 0x52, 0x1f, 0x20, 0x03, 0xd5, 
    0x83, 0xbe, 0x03, 0x10, 0x08, 0x01, 0x1b, 0xcb, 0xe0, 0x43, 0x00, 0x91, 
    0xe1, 0x03, 0x1b, 0xaa, 0x1f, 0x01, 0x19, 0xeb, 0x1a, 0x31, 0x99, 0x9a, 
    0x59, 0x03, 0x1b, 0x8b, 0xfb, 0x43, 0x00, 0x91, 0xe2, 0x03, 0x19, 0xaa, 
    0xb7, 0x0b, 0x00, 0x94, 0x1f, 0x20, 0x03, 0xd5, 0xe4, 0xbd, 0x03, 0x10, 
    0xe2, 0x03, 0x18, 0xaa, 0xe3, 0x03, 0x1a, 0xaa, 0xad, 0x0d, 0x00, 0x94, 
    0x68, 0x3e, 0x00, 0x12, 0x1f, 0x85, 0x10, 0x71, 0x21, 0x02, 0x00, 0x54, 
    0xc8, 0x2f, 0x80, 0x52, 0x21, 0x07, 0x00, 0x91, 0x7f, 0x6b, 0x39, 0x38, 
    0x08, 0x01, 0x19, 0xcb, 0x1f, 0x20, 0x03, 0xd5, 0x23, 0xbd, 0x03, 0x10, 
    0x1f, 0x01, 0x17, 0xeb, 0xe0, 0x43, 0x00, 0x91, 0x17, 0x31, 0x97, 0x9a, 
    0xf9, 0x02, 0x01, 0x8b, 0xe2, 0x03, 0x19, 0xaa, 0xa3, 0x0b, 0x00, 0x94, 
    0x1f, 0x20, 0x03, 0xd5, 0xe4, 0xbc, 0x03, 0x10, 0xe2, 0x03, 0x16, 0xaa, 
    0xc0, 0x14, 0x00, 0x94, 0x9f, 0x06, 0x00, 0xf1, 0x29, 0x03, 0x00, 0x54, 
    0xb6, 0x4e, 0x5d, 0xf9, 0xdf, 0x1e, 0x00, 0xf1, 0x48, 0x0d, 0x00, 0x54, 
    0x88, 0x46, 0x80, 0x52, 0x09, 0xa2, 0x82, 0x52, 0xc8, 0x56, 0x08, 0x9b, 
    0x14, 0x01, 0x09, 0x8b, 0x88, 0xc6, 0x48, 0x39, 0x1f, 0x09, 0x00, 0x71, 
    0xe0, 0x0a, 0x00, 0x54, 0x1f, 0x20, 0x03, 0xd5, 0x62, 0xbc, 0x03, 0x10, 
    0xe0, 0x43, 0x00, 0x91, 0xe1, 0x03, 0x19, 0xaa, 0x51, 0x0b, 0x00, 0x94, 
    0x88, 0x52, 0x40, 0x39, 0xe2, 0x03, 0x00, 0xaa, 0x80, 0x12, 0x40, 0xb9, 
    0x2e, 0x14, 0x00, 0x94, 0x1f, 0x70, 0x00, 0x71, 0x81, 0x09, 0x00, 0x54, 
    0x28, 0x00, 0x80, 0x52, 0x14, 0x21, 0xd6, 0x1a, 0x21, 0x00, 0x00, 0x14, 
    0x08, 0xa4, 0x82, 0x52, 0xf8, 0x03, 0x1f, 0xaa, 0xf4, 0x03, 0x1f, 0x2a, 
    0xba, 0x02, 0x08, 0x8b, 0x1f, 0x20, 0x03, 0xd5, 0x76, 0xbc, 0x03, 0x10, 
    0x88, 0x46, 0x80, 0x52, 0x1b, 0x6b, 0x08, 0x9b, 0x1f, 0x23, 0x00, 0xf1, 
    0xc2, 0x02, 0x00, 0x54, 0x68, 0x87, 0x48, 0x39, 0x17, 0x07, 0x00, 0x91, 
    0x68, 0x01, 0x00, 0x36, 0xe0, 0x43, 0x00, 0x91, 0xe1, 0x03, 0x19, 0xaa, 
    0xe2, 0x03, 0x16, 0xaa, 0x37, 0x0b, 0x00, 0x94, 0x68, 0x13, 0x40, 0x39, 
    0xe2, 0x03, 0x00, 0xaa, 0x60, 0x03, 0x40, 0xb9, 0x14, 0x14, 0x00, 0x94, 
    0x1f, 0x70, 0x00, 0x71, 0x80, 0x00, 0x00, 0x54, 0x7b, 0xd3, 0x08, 0x91, 
    0xf8, 0x03, 0x17, 0xaa, 0xef, 0xff, 0xff, 0x17, 0x28, 0x00, 0x80, 0x52, 
    0x08, 0x21, 0xd8, 0x1a, 0xf8, 0x03, 0x17, 0xaa, 0x14, 0x01, 0x14, 0x2a, 
    0xe8, 0xff, 0xff, 0x17, 0x34, 0x05, 0x00, 0x34, 0xe0, 0x83, 0x06, 0x91, 
    0xe1, 0x03, 0x1f, 0x2a, 0x02, 0x80, 0x80, 0x52, 0x7b, 0x15, 0x00, 0x94, 
    0x1f, 0x20, 0x03, 0xd5, 0xe3, 0xb6, 0x03, 0x10, 0xe1, 0x83, 0x06, 0x91, 
    0xe0, 0x03, 0x1f, 0xaa, 0x02, 0x80, 0x80, 0x52, 0x02, 0x0b, 0x00, 0x94, 
    0x1f, 0x20, 0x03, 0xd5, 0xe4, 0xb6, 0x03, 0x10, 0x22, 0x00, 0x80, 0x52, 
    0xe3, 0x03, 0x1f, 0xaa, 0x36, 0x00, 0x80, 0x52, 0x50, 0x0d, 0x00, 0x94, 
    0x08, 0x84, 0x80, 0x52, 0xe1, 0x83, 0x06, 0x91, 0x02, 0x80, 0x80, 0x52, 
    0x95, 0x57, 0x08, 0x9b, 0x48, 0x01, 0x80, 0x52, 0x01, 0x00, 0x00, 0xd4, 
    0x08, 0x40, 0x9e, 0xd2, 0xa8, 0x40, 0xa5, 0xf2, 0x28, 0x00, 0xc0, 0xf2, 
    0x17, 0x00, 0x08, 0x8b, 0xe8, 0x0f, 0x40, 0xb9, 0xa0, 0x22, 0x12, 0x91, 
    0xbf, 0x82, 0x04, 0xb9, 0xa8, 0x86, 0x04, 0xb9, 0x5f, 0x15, 0x00, 0x94, 
    0xb7, 0x46, 0x04, 0xf9, 0xbd, 0x92, 0x08, 0xb9, 0xb3, 0x2a, 0x11, 0x79, 
    0xbf, 0x2e, 0x11, 0x79, 0xbf, 0x32, 0x11, 0x79, 0xbf, 0x6a, 0x22, 0x39, 
    0xb4, 0x6e, 0x22, 0x39, 0xbf, 0x72, 0x22, 0x39, 0x02, 0x00, 0x00, 0x14, 
    0xf6, 0x03, 0x1f, 0x2a, 0xe0, 0x03, 0x16, 0x2a, 0xff, 0x83, 0x16, 0x91, 
    0xc6, 0x13, 0x00, 0x94, 0xfd, 0x7b, 0xc6, 0xa8, 0xc0, 0x03, 0x5f, 0xd6, 
    0x1f, 0x20, 0x03, 0xd5, 0x63, 0xa9, 0x03, 0x10, 0xe0, 0x03, 0x1f, 0xaa, 
    0xe1, 0x03, 0x1a, 0xaa, 0x02, 0x10, 0x80, 0x52, 0x82, 0x0b, 0x00, 0x94, 
    0x1f, 0x20, 0x03, 0xd5, 0x62, 0xaf, 0x03, 0x10, 0xe0, 0x03, 0x16, 0xaa, 
    0x50, 0x14, 0x00, 0x94, 0xfd, 0x7b, 0xbc, 0xa9, 0xdd, 0x13, 0x00, 0x94, 
    0xff, 0x83, 0x10, 0xd1, 0xff, 0x03, 0x00, 0xf9, 0x3f, 0x0c, 0x00, 0xf1, 
    0x48, 0x05, 0x00, 0x54, 0x08, 0x84, 0x80, 0x52, 0xf3, 0x03, 0x00, 0xaa, 
    0x49, 0x00, 0x80, 0x52, 0x28, 0x00, 0x08, 0x9b, 0x17, 0x81, 0x44, 0xb9, 
    0x14, 0x85, 0x44, 0xb9, 0x15, 0x2d, 0x51, 0x79, 0x18, 0x4d, 0x44, 0xf9, 
    0x09, 0x81, 0x04, 0xb9, 0xff, 0x0a, 0x00, 0x71, 0xa0, 0x02, 0x00, 0x54, 
    0x08, 0x01, 0x12, 0x91, 0xf6, 0x03, 0x00, 0x91, 0xc2, 0x81, 0x80, 0x52, 
    0xc0, 0x22, 0x00, 0x91, 0x01, 0x21, 0x00, 0x91, 0x2f, 0x15, 0x00, 0x94, 
    0xf7, 0x53, 0x00, 0x29, 0xf5, 0x2f, 0x08, 0x79, 0xf8, 0x0f, 0x02, 0xf9, 
    0x15, 0x01, 0x00, 0x34, 0xbf, 0x06, 0x10, 0x71, 0xa2, 0x01, 0x00, 0x54, 
    0xc2, 0x22, 0x00, 0x91, 0xe0, 0x03, 0x13, 0xaa, 0xe1, 0x03, 0x14, 0x2a, 
    0xe3, 0x03, 0x15, 0xaa, 0xce, 0x12, 0x00, 0x94, 0xe0, 0x03, 0x13, 0xaa, 
    0xe1, 0x03, 0x14, 0x2a, 0x21, 0x10, 0x00, 0x94, 0xff, 0x83, 0x10, 0x91, 
    0xd4, 0x13, 0x00, 0x94, 0xfd, 0x7b, 0xc4, 0xa8, 0xc0, 0x03, 0x5f, 0xd6, 
    0x1f, 0x20, 0x03, 0xd5, 0x43, 0xae, 0x03, 0x10, 0xe0, 0x03, 0x1f, 0xaa, 
    0xe1, 0x03, 0x15, 0xaa, 0x02, 0x80, 0x80, 0x52, 0x4f, 0x0b, 0x00, 0x94, 
    0x1f, 0x20, 0x03, 0xd5, 0xc2, 0xac, 0x03, 0x10, 0xe0, 0x03, 0x01, 0xaa, 
    0x81, 0x00, 0x80, 0x52, 0x6d, 0x0c, 0x00, 0x94, 0xfe, 0x0f, 0x1c, 0xf8, 
    0xa9, 0x13, 0x00, 0x94, 0x88, 0xa5, 0x82, 0x52, 0xf5, 0x03, 0x02, 0xaa, 
    0xf6, 0x03, 0x01, 0xaa, 0xf3, 0x03, 0x1f, 0xaa, 0x17, 0x00, 0x08, 0x8b, 
    0x1f, 0x20, 0x03, 0xd5, 0xd8, 0xc4, 0x03, 0x10, 0x34, 0x00, 0x80, 0x52, 
    0x7f, 0x22, 0x00, 0xf1, 0xe0, 0x01, 0x00, 0x54, 0xe8, 0x56, 0x48, 0x39, 
    0x1f, 0x09, 0x00, 0x71, 0x20, 0x01, 0x00, 0x54, 0xe1, 0x3a, 0x48, 0x39, 
    0xe0, 0x03, 0x17, 0xaa, 0xe2, 0x03, 0x18, 0xaa, 0xce, 0x0a, 0x00, 0x94, 
    0xe2, 0x03, 0x16, 0xaa, 0xe3, 0x03, 0x15, 0xaa, 0x28, 0x0b, 0x00, 0x94, 
    0xa0, 0x00, 0x00, 0x37, 0xf7, 0xd2, 0x08, 0x91, 0x73, 0x06, 0x00, 0x91, 
    0xf1, 0xff, 0xff, 0x17, 0xf4, 0x03, 0x1f, 0xaa, 0xe0, 0x03, 0x14, 0xaa, 
    0xe1, 0x03, 0x13, 0xaa, 0xa9, 0x13, 0x00, 0x94, 0xfe, 0x07, 0x44, 0xf8, 
    0xc0, 0x03, 0x5f, 0xd6, 0xfe, 0x0f, 0x1e, 0xf8, 0xf4, 0x4f, 0x01, 0xa9, 
    0xf4, 0x03, 0x01, 0xaa, 0x01, 0x24, 0x5c, 0xf9, 0x08, 0x05, 0x87, 0x52, 
    0xf3, 0x03, 0x02, 0xaa, 0x1f, 0x20, 0x03, 0xd5, 0xa2, 0xc4, 0x03, 0x10, 
    0x00, 0x00, 0x08, 0x8b, 0xa9, 0x0a, 0x00, 0x94, 0xe2, 0x03, 0x14, 0xaa, 
    0xe3, 0x03, 0x13, 0xaa, 0xf4, 0x4f, 0x41, 0xa9, 0xfe, 0x07, 0x42, 0xf8, 
    0x0f, 0x0b, 0x00, 0x14, 0xfe, 0x0f, 0x1d, 0xf8, 0xf6, 0x57, 0x01, 0xa9, 
    0xf4, 0x4f, 0x02, 0xa9, 0x08, 0x0c, 0x40, 0x91, 0x09, 0xd9, 0x54, 0x79, 
    0x3f, 0x3d, 0x00, 0x71, 0x28, 0x02, 0x00, 0x54, 0xf4, 0x03, 0x01, 0xaa, 
    0x01, 0xb9, 0x69, 0x39, 0x08, 0x0c, 0x87, 0x52, 0xf3, 0x03, 0x02, 0xaa, 
    0x1f, 0x20, 0x03, 0xd5, 0x22, 0xf5, 0x03, 0x10, 0x00, 0x00, 0x08, 0x8b, 
    0xa3, 0x0a, 0x00, 0x94, 0xe2, 0x03, 0x14, 0xaa, 0xe3, 0x03, 0x13, 0xaa, 
    0xf5, 0x03, 0x00, 0xaa, 0xf6, 0x03, 0x01, 0xaa, 0xfb, 0x0a, 0x00, 0x94, 
    0xe0, 0x00, 0x00, 0x36, 0x20, 0x00, 0x80, 0x52, 0x02, 0x00, 0x00, 0x14, 
    0xe0, 0x03, 0x1f, 0x2a, 0x01, 0x14, 0x00, 0x94, 0xfe, 0x07, 0x43, 0xf8, 
    0xc0, 0x03, 0x5f, 0xd6, 0x1f, 0x20, 0x03, 0xd5, 0xe2, 0xc0, 0x03, 0x10, 
    0xe0, 0x03, 0x15, 0xaa, 0xe1, 0x03, 0x16, 0xaa, 0xd4, 0x0d, 0x00, 0x94, 
    0x00, 0xff, 0xff, 0x34, 0x1f, 0x20, 0x03, 0xd5, 0x63, 0xc0, 0x03, 0x10, 
    0x20, 0x00, 0x80, 0x52, 0xe1, 0x03, 0x15, 0xaa, 0xe2, 0x03, 0x16, 0xaa, 
    0x51, 0x0a, 0x00, 0x94, 0xe2, 0x03, 0x14, 0xaa, 0xe3, 0x03, 0x13, 0xaa, 
    0xf0, 0x13, 0x00, 0x94, 0xfe, 0x07, 0x43, 0xf8, 0xe3, 0x0a, 0x00, 0x14, 
    0xfd, 0x7b, 0xbb, 0xa9, 0xfa, 0x67, 0x01, 0xa9, 0x72, 0x13, 0x00, 0x94, 
    0x3c, 0x14, 0x00, 0x94, 0xff, 0x83, 0x20, 0xd1, 0xff, 0x03, 0x00, 0xf9, 
    0x00, 0xe4, 0x00, 0x6f, 0xf4, 0x03, 0x02, 0x2a, 0xf5, 0x03, 0x01, 0xaa, 
    0xf3, 0x03, 0x00, 0xaa, 0x17, 0x0c, 0x40, 0x91, 0x1f, 0x20, 0x03, 0xd5, 
    0xa2, 0xfb, 0x03, 0x10, 0xe0, 0x03, 0x00, 0x91, 0x01, 0x01, 0x80, 0x52, 
    0xe0, 0x03, 0x00, 0xad, 0x5d, 0x10, 0x00, 0x94, 0x1f, 0x20, 0x03, 0xd5, 
    0xa2, 0x2d, 0x03, 0x70, 0x1f, 0x20, 0x03, 0xd5, 0x64, 0xfb, 0x03, 0x10, 
    0x3e, 0x13, 0x00, 0x94, 0xe9, 0x0f, 0x40, 0x91, 0xe8, 0x03, 0x1f, 0xaa, 
    0x29, 0x81, 0x1c, 0x91, 0x1f, 0x01, 0x04, 0xf1, 0x80, 0x00, 0x00, 0x54, 
    0x3f, 0x69, 0x28, 0xf8, 0x08, 0x21, 0x00, 0x91, 0xfc, 0xff, 0xff, 0x17, 
    0xf8, 0x03, 0x1f, 0xaa, 0xf9, 0x83, 0x00, 0x91, 0x1f, 0x20, 0x03, 0xd5, 
    0x96, 0xfa, 0x03, 0x10, 0x1f, 0x03, 0x08, 0xf1, 0xe0, 0x00, 0x00, 0x54, 
    0x20, 0x03, 0x18, 0x8b, 0xe1, 0x03, 0x16, 0xaa, 0x02, 0x08, 0x80, 0x52, 
    0x8f, 0x14, 0x00, 0x94, 0x18, 0x03, 0x01, 0x91, 0xf9, 0xff, 0xff, 0x17, 
    0xf6, 0x0b, 0x82, 0x92, 0xf8, 0x83, 0x08, 0x91, 0x19, 0x0c, 0x82, 0x52, 
    0x16, 0x01, 0x00, 0xb4, 0x08, 0x03, 0x16, 0x8b, 0x61, 0x00, 0x80, 0x52, 
    0x02, 0x83, 0x80, 0x52, 0x00, 0x01, 0x19, 0x8b, 0x85, 0x14, 0x00, 0x94, 
    0xd6, 0x62, 0x10, 0x91, 0x56, 0xff, 0xff, 0xb5, 0xe9, 0x07, 0x40, 0x91, 
    0xe8, 0x03, 0x1f, 0xaa, 0x29, 0x01, 0x0a, 0x91, 0x1f, 0x01, 0x06, 0xf1, 
    0xc0, 0x00, 0x00, 0x54, 0x2a, 0x01, 0x08, 0x8b, 0x08, 0x61, 0x00, 0x91, 
    0x5f, 0xfd, 0x00, 0xa9, 0x5f, 0x01, 0x00, 0xf9, 0xfa, 0xff, 0xff, 0x17, 
    0xf8, 0x07, 0x40, 0x91, 0xf6, 0x33, 0x82, 0x92, 0x19, 0x34, 0x82, 0x52, 
    0x18, 0x03, 0x10, 0x91, 0x16, 0x01, 0x00, 0xb4, 0x08, 0x03, 0x16, 0x8b, 
    0x41, 0x00, 0x80, 0x52, 0x82, 0x46, 0x80, 0x52, 0x00, 0x01, 0x19, 0x8b, 
    0x6f, 0x14, 0x00, 0x94, 0xd6, 0xd2, 0x08, 0x91, 0x56, 0xff, 0xff, 0xb5, 
    0xe9, 0x0b, 0x40, 0x91, 0xe8, 0x03, 0x1f, 0xaa, 0x29, 0x81, 0x16, 0x91, 
    0x1f, 0x01, 0x04, 0xf1, 0xc0, 0x00, 0x00, 0x54, 0x2a, 0x01, 0x08, 0x8b, 
    0x08, 0x41, 0x00, 0x91, 0x5f, 0x7d, 0x01, 0x29, 0x5f, 0x7d, 0x00, 0x29, 
    0xfa, 0xff, 0xff, 0x17, 0xf9, 0x0b, 0x40, 0x91, 0xf8, 0x0f, 0x82, 0x92, 
    0x1a, 0x10, 0x82, 0x52, 0x39, 0x83, 0x1a, 0x91, 0x1f, 0x20, 0x03, 0xd5, 
    0x76, 0xf5, 0x03, 0x10, 0x18, 0x01, 0x00, 0xb4, 0x28, 0x03, 0x18, 0x8b, 
    0xe1, 0x03, 0x16, 0xaa, 0x02, 0x84, 0x80, 0x52, 0x00, 0x01, 0x1a, 0x8b, 
    0x56, 0x14, 0x00, 0x94, 0x18, 0x83, 0x10, 0x91, 0x58, 0xff, 0xff, 0xb5, 
    0xa8, 0x26, 0x40, 0x29, 0xe1, 0x0f, 0x40, 0x91, 0x02, 0x20, 0x80, 0x52, 
    0x74, 0x76, 0x3a, 0xb9, 0x21, 0x80, 0x1c, 0x91, 0x68, 0x02, 0x15, 0xb9, 
    0xa8, 0x2a, 0x41, 0x29, 0x69, 0x06, 0x15, 0xb9, 0x68, 0x0a, 0x15, 0xb9, 
    0x08, 0xe2, 0x86, 0x52, 0x60, 0x02, 0x08, 0x8b, 0x6a, 0x0e, 0x15, 0xb9, 
    0x47, 0x14, 0x00, 0x94, 0x60, 0x02, 0x0a, 0x91, 0xe1, 0x83, 0x00, 0x91, 
    0x02, 0x40, 0x80, 0x52, 0x7f, 0x0a, 0x1c, 0xf9, 0x42, 0x14, 0x00, 0x94, 
    0x08, 0xd6, 0x84, 0x52, 0xe1, 0x83, 0x08, 0x91, 0x02, 0x0c, 0x82, 0x52, 
    0x60, 0x02, 0x08, 0x8b, 0x7f, 0x0e, 0x1c, 0xf9, 0x3c, 0x14, 0x00, 0x94, 
    0x28, 0x00, 0x80, 0x52, 0xe1, 0x03, 0x00, 0x91, 0x02, 0x04, 0x80, 0x52, 
    0x68, 0x3e, 0x1d, 0xf9, 0x08, 0x05, 0x87, 0x52, 0x60, 0x02, 0x08, 0x8b, 
    0x7f, 0x12, 0x1c, 0xf9, 0x7f, 0x82, 0x3a, 0xb9, 0x33, 0x14, 0x00, 0x94, 
    0xe1, 0x07, 0x40, 0x91, 0x08, 0x01, 0x80, 0x52, 0x09, 0x02, 0x80, 0x52, 
    0x21, 0x00, 0x0a, 0x91, 0xe0, 0x03, 0x13, 0xaa, 0x02, 0x30, 0x80, 0x52, 
    0x68, 0x26, 0x1c, 0xf9, 0xe9, 0xda, 0x14, 0x79, 0x2a, 0x14, 0x00, 0x94, 
    0x08, 0xa2, 0x82, 0x52, 0xe1, 0x07, 0x40, 0x91, 0x02, 0x34, 0x82, 0x52, 
    0x60, 0x02, 0x08, 0x8b, 0x21, 0x00, 0x10, 0x91, 0x7f, 0x2a, 0x1c, 0xf9, 
    0x23, 0x14, 0x00, 0x94, 0xe1, 0x0b, 0x40, 0x91, 0x60, 0x02, 0x06, 0x91, 
    0x02, 0x20, 0x80, 0x52, 0x21, 0x80, 0x16, 0x91, 0x7f, 0x2e, 0x1c, 0xf9, 
    0x1d, 0x14, 0x00, 0x94, 0x28, 0x00, 0x80, 0x52, 0xe1, 0x0b, 0x40, 0x91, 
    0x60, 0x02, 0x12, 0x91, 0x08, 0x00, 0xa8, 0x72, 0x21, 0x80, 0x1a, 0x91, 
    0x02, 0x10, 0x82, 0x52, 0x68, 0x86, 0x3a, 0xb9, 0x15, 0x14, 0x00, 0x94, 
    0xe8, 0x0b, 0x02, 0x32, 0xff, 0x32, 0x2a, 0x39, 0x68, 0x8a, 0x3a, 0xb9, 
    0x1f, 0x20, 0x03, 0xd5, 0x28, 0xd8, 0x04, 0x10, 0x68, 0x96, 0x1d, 0xf9, 
    0x7f, 0x4a, 0x1d, 0xf9, 0xff, 0x0f, 0x40, 0x91, 0xff, 0x83, 0x20, 0x91, 
    0xdc, 0x12, 0x00, 0x94, 0xfa, 0x67, 0x41, 0xa9, 0xfd, 0x7b, 0xc5, 0xa8, 
    0xc0, 0x03, 0x5f, 0xd6, 0xfd, 0x7b, 0xba, 0xa9, 0xe1, 0x03, 0x1e, 0xaa, 
    0x7f, 0x12, 0x00, 0x94, 0xfe, 0x03, 0x01, 0xaa, 0xff, 0x07, 0x40, 0xd1, 
    0xff, 0x03, 0x00, 0xf9, 0xff, 0x03, 0x07, 0xd1, 0x99, 0xa0, 0x82, 0x52, 
    0xf3, 0x03, 0x00, 0xaa, 0x08, 0x68, 0x79, 0x38, 0x1f, 0x0d, 0x00, 0x71, 
    0xe0, 0x02, 0x00, 0x54, 0x74, 0x02, 0x55, 0xb9, 0x60, 0x76, 0x7a, 0xb9, 
    0xe1, 0x03, 0x14, 0x2a, 0xfa, 0x0d, 0x00, 0x94, 0x1f, 0x70, 0x00, 0x71, 
    0xe0, 0x00, 0x00, 0x54, 0xe0, 0x03, 0x1f, 0xaa, 0x1f, 0x20, 0x03, 0xd5, 
    0xc1, 0xe3, 0x03, 0x10, 0x88, 0x09, 0x80, 0x52, 0x22, 0x03, 0x80, 0x52, 
    0x01, 0x00, 0x00, 0xd4, 0x68, 0x0a, 0x5c, 0xf9, 0x1f, 0x7d, 0x00, 0xf1, 
    0x08, 0x01, 0x00, 0x54, 0x68, 0x0e, 0x08, 0x8b, 0xe9, 0x1f, 0x80, 0x12, 
    0x14, 0x11, 0x37, 0xb9, 0x09, 0x15, 0x37, 0xb9, 0x68, 0x0a, 0x5c, 0xf9, 
    0x08, 0x05, 0x00, 0x91, 0x68, 0x0a, 0x1c, 0xf9, 0x78, 0x96, 0x5d, 0xf9, 
    0x22, 0x00, 0x00, 0xd0, 0x42, 0x00, 0x17, 0x91, 0xe0, 0xc3, 0x02, 0x91, 
    0x41, 0x00, 0x80, 0x52, 0x83, 0x00, 0x80, 0x52, 0x9b, 0x12, 0x00, 0x94, 
    0xe0, 0xc3, 0x02, 0x91, 0x00, 0x10, 0x00, 0x94, 0x7a, 0x12, 0x5c, 0xf9, 
    0x5f, 0x0f, 0x00, 0xf1, 0x69, 0x00, 0x00, 0x54, 0x74, 0x00, 0x80, 0x52, 
    0x35, 0x01, 0x00, 0x14, 0x1f, 0x20, 0x03, 0xd5, 0xe1, 0xb7, 0x03, 0x10, 
    0xe0, 0x43, 0x1c, 0x91, 0xe2, 0x00, 0x80, 0x52, 0xc1, 0x0d, 0x00, 0x94, 
    0xe8, 0x63, 0x5c, 0x39, 0xe9, 0x17, 0x47, 0xb9, 0xea, 0x13, 0x47, 0xb9, 
    0x29, 0x81, 0x08, 0xaa, 0x5f, 0x01, 0x00, 0x71, 0x68, 0x00, 0xc0, 0xd2, 
    0x14, 0x11, 0x89, 0x9a, 0x89, 0xfe, 0x60, 0xd3, 0x3f, 0x0d, 0x00, 0xf1, 
    0x41, 0x00, 0x00, 0x54, 0x25, 0x01, 0x00, 0x14, 0x89, 0x5e, 0x18, 0x12, 
    0x1f, 0x01, 0x34, 0xea, 0x88, 0x9e, 0x60, 0x92, 0xe9, 0x03, 0x89, 0x1a, 
    0x0a, 0xfd, 0x60, 0xd3, 0xe0, 0x43, 0x1c, 0x91, 0x28, 0x01, 0x08, 0x2a, 
    0xe1, 0x03, 0x1f, 0x2a, 0x02, 0x48, 0x80, 0x52, 0xe8, 0xc3, 0x04, 0xb9, 
    0xea, 0x13, 0x13, 0x39, 0xbd, 0x13, 0x00, 0x94, 0x6a, 0x12, 0x00, 0x94, 
    0xe8, 0x73, 0x51, 0xb9, 0x1f, 0x05, 0x00, 0x71, 0x61, 0x00, 0x00, 0x54, 
    0xf4, 0x03, 0x1f, 0x2a, 0x0d, 0x01, 0x00, 0x14, 0xe1, 0xbf, 0x48, 0xf9, 
    0x1f, 0x20, 0x03, 0xd5, 0xc2, 0x52, 0x04, 0x10, 0xe0, 0x43, 0x1c, 0x91, 
    0x79, 0x09, 0x00, 0x94, 0x49, 0x11, 0x00, 0x94, 0x08, 0x40, 0x80, 0x52, 
    0x09, 0xdc, 0x78, 0x92, 0x1f, 0x00, 0x00, 0x72, 0x28, 0x11, 0x88, 0x9a, 
    0x14, 0xfd, 0x48, 0xd3, 0x20, 0x20, 0x00, 0x36, 0x8a, 0x4d, 0x87, 0x52, 
    0x1b, 0x9d, 0x50, 0xd3, 0x1c, 0x9d, 0x58, 0xd3, 0x6a, 0x02, 0x0a, 0x8b, 
    0x1d, 0x9d, 0x60, 0xd3, 0xe9, 0x03, 0x1f, 0xaa, 0xea, 0x57, 0x00, 0xf9, 
    0xea, 0x43, 0x25, 0x91, 0xff, 0x7b, 0x11, 0xb9, 0xff, 0xbb, 0x08, 0xf9, 
    0xff, 0xc3, 0x08, 0xf9, 0xff, 0xc7, 0x08, 0xf9, 0x3f, 0x01, 0x10, 0xf1, 
    0x40, 0x01, 0x00, 0x54, 0xeb, 0xbb, 0x48, 0xf9, 0xed, 0xbf, 0x48, 0xf9, 
    0x4c, 0x01, 0x09, 0x8b, 0xee, 0xc7, 0x48, 0xf9, 0x29, 0x81, 0x00, 0x91, 
    0x8b, 0x35, 0x00, 0xa9, 0xeb, 0xc3, 0x48, 0xf9, 0x8b, 0x39, 0x01, 0xa9, 
    0xf6, 0xff, 0xff, 0x17, 0x16, 0x7d, 0x18, 0x53, 0xe8, 0x43, 0x1c, 0x91, 
    0xf5, 0x03, 0x1f, 0xaa, 0x17, 0x21, 0x00, 0x91, 0xf9, 0x43, 0x25, 0x91, 
    0xbf, 0x02, 0x16, 0xeb, 0x22, 0x05, 0x00, 0x54, 0x3a, 0x12, 0x00, 0x94, 
    0xe8, 0x73, 0x51, 0xb9, 0x28, 0x1b, 0x00, 0x37, 0xe8, 0xbf, 0x48, 0xf9, 
    0xe9, 0x43, 0x5c, 0x39, 0x1f, 0x21, 0x00, 0xf1, 0x20, 0x29, 0x43, 0x7a, 
    0x21, 0x04, 0x00, 0x54, 0xe9, 0x4f, 0x5c, 0x39, 0x0a, 0x01, 0x80, 0x52, 
    0x2a, 0x1d, 0x7b, 0xb3, 0x1f, 0x01, 0x0a, 0xeb, 0x83, 0x03, 0x00, 0x54, 
    0xeb, 0x4b, 0x5c, 0x39, 0x29, 0xe9, 0x7b, 0xd3, 0xe8, 0x03, 0x1f, 0xaa, 
    0x2a, 0x17, 0x0b, 0x8b, 0x3f, 0x01, 0x08, 0xeb, 0x62, 0x19, 0x5f, 0xfa, 
    0x68, 0xfd, 0xff, 0x54, 0x1f, 0x81, 0x08, 0xf1, 0xa0, 0x01, 0x00, 0x54, 
    0xec, 0x02, 0x08, 0x8b, 0x4e, 0x01, 0x08, 0x8b, 0x08, 0x81, 0x00, 0x91, 
    0x8d, 0x3d, 0x40, 0xa9, 0xcd, 0x3d, 0x00, 0xa9, 0x8d, 0x31, 0x41, 0xa9, 
    0x6f, 0x05, 0x00, 0x91, 0xff, 0x01, 0x15, 0xeb, 0xcd, 0x31, 0x01, 0xa9, 
    0xb5, 0x96, 0x8b, 0x9a, 0xeb, 0x03, 0x0f, 0xaa, 0xf0, 0xff, 0xff, 0x17, 
    0x1f, 0x20, 0x03, 0xd5, 0x23, 0x4a, 0x04, 0x10, 0x00, 0x21, 0x00, 0x91, 
    0x01, 0xa1, 0x00, 0x91, 0x02, 0x48, 0x80, 0x52, 0x9c, 0x09, 0x00, 0x94, 
    0xf9, 0xc3, 0x44, 0xb9, 0x76, 0x76, 0x7a, 0xb9, 0xe0, 0x03, 0x16, 0x2a, 
    0xe1, 0x03, 0x19, 0x2a, 0x61, 0x0d, 0x00, 0x94, 0x1f, 0x70, 0x00, 0x71, 
    0x61, 0x15, 0x00, 0x54, 0x68, 0x0a, 0x5c, 0xf9, 0x1f, 0x81, 0x00, 0xf1, 
    0x82, 0x15, 0x00, 0x54, 0x68, 0x0e, 0x08, 0x8b, 0xe9, 0x5f, 0x80, 0x12, 
    0xf7, 0x13, 0x53, 0x39, 0x49, 0x03, 0x09, 0x2a, 0xe1, 0x43, 0x25, 0x91, 
    0x02, 0x80, 0x80, 0x52, 0x19, 0x11, 0x37, 0xb9, 0x09, 0x15, 0x37, 0xb9, 
    0x68, 0x0a, 0x5c, 0xf9, 0x08, 0x05, 0x00, 0x91, 0x68, 0x0a, 0x1c, 0xf9, 
    0xe8, 0x43, 0x35, 0x91, 0x00, 0x05, 0x40, 0xb2, 0x4c, 0x13, 0x00, 0x94, 
    0x08, 0x83, 0x80, 0x52, 0x09, 0xd6, 0x84, 0x52, 0x48, 0x4f, 0x08, 0x9b, 
    0x16, 0x01, 0x09, 0x8b, 0xc8, 0x12, 0x40, 0x39, 0x1f, 0x0d, 0x00, 0x71, 
    0x60, 0x00, 0x00, 0x54, 0xe0, 0x03, 0x16, 0xaa, 0xff, 0x0e, 0x00, 0x94, 
    0xc0, 0x16, 0x00, 0x91, 0xe1, 0x43, 0x35, 0x91, 0x62, 0x80, 0x80, 0x52, 
    0xd9, 0x02, 0x00, 0xb9, 0xd7, 0x12, 0x00, 0x39, 0x3d, 0x13, 0x00, 0x94, 
    0x68, 0x12, 0x5c, 0xf9, 0x1f, 0x20, 0x03, 0xd5, 0x82, 0xa4, 0x03, 0x70, 
    0xe0, 0xe3, 0x0a, 0x91, 0x41, 0x00, 0x80, 0x52, 0x83, 0x01, 0x80, 0x52, 
    0x08, 0x05, 0x00, 0x91, 0xe4, 0x03, 0x1f, 0x2a, 0xd5, 0x06, 0x02, 0xf9, 
    0xd4, 0x42, 0x10, 0x39, 0xdb, 0x46, 0x10, 0x39, 0xdc, 0x4a, 0x10, 0x39, 
    0xdd, 0x4e, 0x10, 0x39, 0x68, 0x12, 0x1c, 0xf9, 0x3a, 0x08, 0x00, 0x94, 
    0xe0, 0xe3, 0x0a, 0x91, 0x4f, 0x0f, 0x00, 0x94, 0xe0, 0x00, 0x80, 0x52, 
    0x21, 0x00, 0x80, 0x52, 0xe2, 0x03, 0x1f, 0xaa, 0xbd, 0x0c, 0x00, 0x94, 
    0x1f, 0x70, 0x00, 0x71, 0x61, 0xfe, 0x00, 0x54, 0x00, 0xe4, 0x00, 0x6f, 
    0x14, 0xfc, 0x60, 0xd3, 0x14, 0x3b, 0x00, 0xb9, 0xe0, 0x3f, 0x81, 0x3d, 
    0xe0, 0x3b, 0x81, 0x3d, 0xe0, 0x37, 0x81, 0x3d, 0xe0, 0x33, 0x81, 0x3d, 
    0xe0, 0x43, 0x35, 0x91, 0xe2, 0x03, 0x13, 0x91, 0xe1, 0x03, 0x14, 0x2a, 
    0x03, 0x08, 0x80, 0x52, 0x53, 0x0c, 0x00, 0x94, 0xe8, 0x53, 0x4d, 0xb9, 
    0x68, 0x00, 0x00, 0x37, 0xe8, 0xaf, 0x46, 0xf9, 0x08, 0xff, 0xff, 0xb5, 
    0x1f, 0x20, 0x03, 0xd5, 0xb5, 0xfa, 0x02, 0x50, 0x60, 0x00, 0x80, 0x52, 
    0xe1, 0x03, 0x15, 0xaa, 0x22, 0x01, 0x80, 0x52, 0xa5, 0x0c, 0x00, 0x94, 
    0x1f, 0x70, 0x00, 0x71, 0x61, 0xfb, 0x00, 0x54, 0x08, 0xfc, 0x60, 0xd3, 
    0xe1, 0x03, 0x14, 0x2a, 0x22, 0x00, 0x80, 0x52, 0xe8, 0x53, 0x0d, 0xb9, 
    0x28, 0x00, 0x80, 0x52, 0xe9, 0x4f, 0x75, 0x39, 0xe8, 0xab, 0x1a, 0x79, 
    0xe8, 0x4b, 0x75, 0x39, 0xea, 0x47, 0x75, 0x39, 0xeb, 0x53, 0x75, 0x39, 
    0x29, 0xbd, 0x70, 0xd3, 0x48, 0x21, 0x08, 0xaa, 0x29, 0x61, 0x0b, 0xaa, 
    0x28, 0x01, 0x08, 0xaa, 0xe9, 0x57, 0x75, 0x39, 0x08, 0xdd, 0x78, 0xd3, 
    0x16, 0xa1, 0x09, 0xaa, 0x16, 0x9c, 0x60, 0xb3, 0xe0, 0x03, 0x13, 0xaa, 
    0x25, 0x11, 0x00, 0x94, 0x08, 0x1c, 0x00, 0x12, 0x1f, 0x29, 0x00, 0x71, 
    0xc1, 0xec, 0x00, 0x54, 0xe0, 0x03, 0x13, 0xaa, 0xe1, 0x03, 0x16, 0x2a, 
    0x42, 0x00, 0x80, 0x52, 0x1e, 0x11, 0x00, 0x94, 0x08, 0x1c, 0x00, 0x12, 
    0x1f, 0x29, 0x00, 0x71, 0xe1, 0xeb, 0x00, 0x54, 0x08, 0xdb, 0x40, 0x39, 
    0xd4, 0xbe, 0x40, 0x92, 0x1f, 0x09, 0x00, 0x71, 0x60, 0x00, 0x00, 0x54, 
    0x00, 0xc3, 0x00, 0x91, 0x40, 0x11, 0x00, 0x94, 0x14, 0x03, 0x03, 0xf8, 
    0xf4, 0x43, 0x1c, 0x91, 0xe8, 0x1f, 0x80, 0x52, 0x80, 0x9e, 0x00, 0x91, 
    0xe1, 0x03, 0x1f, 0x2a, 0x22, 0x01, 0x80, 0x52, 0xff, 0xbf, 0x03, 0xf9, 
    0x36, 0x01, 0x80, 0x52, 0xff, 0xbb, 0x03, 0xf9, 0xff, 0xb7, 0x03, 0xf9, 
    0xff, 0xb3, 0x03, 0xf9, 0xff, 0xaf, 0x03, 0xf9, 0xff, 0xab, 0x03, 0xf9, 
    0xff, 0xa7, 0x03, 0xf9, 0xff, 0xa3, 0x03, 0xf9, 0xe8, 0xdb, 0x1c, 0x39, 
    0xda, 0x12, 0x00, 0x94, 0x80, 0x2a, 0x00, 0x91, 0xe1, 0x03, 0x1f, 0x2a, 
    0x02, 0x03, 0x80, 0x52, 0xd6, 0x12, 0x00, 0x94, 0xa8, 0x06, 0x40, 0x39, 
    0xa9, 0x02, 0x40, 0x39, 0xaa, 0x0e, 0x40, 0x39, 0xab, 0x0a, 0x40, 0x39, 
    0xac, 0x16, 0x40, 0x39, 0xf6, 0xc3, 0x1c, 0x39, 0x28, 0x21, 0x08, 0xaa, 
    0xad, 0x4e, 0x40, 0x38, 0xae, 0x0a, 0x40, 0x39, 0x6b, 0xbd, 0x70, 0xd3, 
    0xaf, 0x0e, 0x40, 0x39, 0xa9, 0x21, 0x0c, 0x2a, 0x0c, 0x06, 0x80, 0x52, 
    0xff, 0x6b, 0x0e, 0x79, 0xce, 0x3d, 0x10, 0x53, 0x6a, 0x61, 0x0a, 0xaa, 
    0xec, 0x33, 0x0e, 0x79, 0xcb, 0x61, 0x0f, 0x2a, 0x48, 0x01, 0x08, 0xaa, 
    0xea, 0x00, 0x80, 0x52, 0xea, 0x67, 0x0e, 0x79, 0x69, 0x01, 0x09, 0x2a, 
    0xeb, 0x57, 0x40, 0xf9, 0x08, 0x81, 0x09, 0xaa, 0x6b, 0x01, 0x40, 0x79, 
    0xe8, 0x8b, 0x03, 0xf9, 0x7f, 0x3d, 0x00, 0x71, 0x68, 0xe6, 0x00, 0x54, 
    0xe8, 0x57, 0x40, 0xf9, 0x15, 0x0d, 0x40, 0x39, 0xbf, 0xfe, 0x03, 0x71, 
    0x21, 0xe5, 0x00, 0x54, 0xf4, 0x43, 0x1c, 0x91, 0x2d, 0x07, 0x00, 0x14, 
    0x14, 0x01, 0x80, 0x52, 0x07, 0x00, 0x00, 0x14, 0xf4, 0x03, 0x1f, 0x2a, 
    0x05, 0x00, 0x00, 0x14, 0xe0, 0x03, 0x16, 0x2a, 0xe1, 0x03, 0x19, 0x2a, 
    0x4b, 0x0f, 0x00, 0x94, 0x74, 0x00, 0x80, 0x52, 0x99, 0xa0, 0x82, 0x52, 
    0xe8, 0x13, 0x53, 0x39, 0x1f, 0x09, 0x00, 0x71, 0x80, 0x00, 0x00, 0x54, 
    0xe0, 0xc3, 0x44, 0xb9, 0x08, 0x0d, 0x80, 0x52, 0x01, 0x00, 0x00, 0xd4, 
    0x1f, 0x20, 0x03, 0xd5, 0x22, 0x92, 0x03, 0x10, 0xe0, 0x43, 0x25, 0x91, 
    0xe1, 0x03, 0x1f, 0x2a, 0x23, 0x02, 0x80, 0x52, 0x24, 0x00, 0x80, 0x52, 
    0xa9, 0x07, 0x00, 0x94, 0xe0, 0xab, 0x45, 0xf9, 0x08, 0xd0, 0x07, 0xd1, 
    0x1f, 0x05, 0x08, 0xb1, 0x42, 0xd5, 0x00, 0x54, 0xac, 0x11, 0x00, 0x94, 
    0x66, 0x11, 0x00, 0x94, 0x88, 0x1e, 0x00, 0x12, 0x1f, 0x29, 0x00, 0x71, 
    0x41, 0xec, 0x00, 0x54, 0x68, 0x0a, 0x55, 0xb9, 0x74, 0x6a, 0x79, 0x38, 
    0x09, 0x05, 0x00, 0x11, 0x9f, 0x0e, 0x00, 0x71, 0x69, 0x0a, 0x15, 0xb9, 
    0x20, 0x02, 0x00, 0x54, 0xa9, 0x20, 0x80, 0x52, 0x35, 0x00, 0x80, 0x52, 
    0xe0, 0x43, 0x25, 0x91, 0x28, 0x81, 0x08, 0xaa, 0xf5, 0x5b, 0x09, 0xb9, 
    0xe8, 0xab, 0x04, 0xf9, 0x5e, 0x0d, 0x00, 0x94, 0x08, 0xa0, 0x82, 0x52, 
    0xe0, 0xab, 0x06, 0xf9, 0xe2, 0x43, 0x35, 0x91, 0x68, 0x6a, 0x68, 0xb8, 
    0xe1, 0x03, 0x14, 0x2a, 0x83, 0x01, 0x80, 0x52, 0xf5, 0x5b, 0x0d, 0xb9, 
    0xe0, 0x03, 0x08, 0x2a, 0x01, 0x0d, 0x00, 0x94, 0x1b, 0x48, 0x88, 0x52, 
    0xfb, 0x01, 0xa0, 0x72, 0xe8, 0x0a, 0x00, 0x94, 0x08, 0xd6, 0x84, 0x52, 
    0x69, 0x02, 0x0a, 0x91, 0x14, 0xa0, 0x82, 0x52, 0x68, 0x02, 0x08, 0x8b, 
    0x37, 0x00, 0x80, 0x52, 0x1a, 0x00, 0x80, 0x12, 0xe8, 0x4f, 0x00, 0xf9, 
    0x08, 0xa2, 0x82, 0x52, 0xfd, 0x23, 0x14, 0x91, 0x68, 0x02, 0x08, 0x8b, 
    0x1f, 0x20, 0x03, 0xd5, 0x56, 0x85, 0x03, 0x10, 0xe8, 0x53, 0x00, 0xf9, 
    0x88, 0xe2, 0x86, 0x52, 0x7c, 0x02, 0x08, 0x8b, 0x88, 0xbd, 0x82, 0x52, 
    0x68, 0x02, 0x08, 0x8b, 0xfc, 0x57, 0x00, 0xf9, 0xe8, 0x23, 0x00, 0xf9, 
    0xa8, 0xc1, 0x82, 0x52, 0x68, 0x02, 0x08, 0x8b, 0xe8, 0x1f, 0x00, 0xf9, 
    0x08, 0xa4, 0x82, 0x52, 0x68, 0x02, 0x08, 0x8b, 0xe8, 0x17, 0x00, 0xf9, 
    0x68, 0x02, 0x12, 0x91, 0xe8, 0xa7, 0x08, 0xa9, 0xe8, 0x43, 0x25, 0x91, 
    0x08, 0x41, 0x00, 0x91, 0xe8, 0x1b, 0x00, 0xf9, 0x68, 0x02, 0x06, 0x91, 
    0xe8, 0x3f, 0x00, 0xf9, 0x68, 0x2a, 0x5c, 0xf9, 0x68, 0x03, 0x00, 0xb4, 
    0x48, 0x01, 0x80, 0x52, 0x01, 0x00, 0x00, 0xd4, 0xf1, 0x03, 0x1f, 0xaa, 
    0xf0, 0x03, 0x1f, 0xaa, 0x3f, 0x02, 0x06, 0xf1, 0x60, 0x02, 0x00, 0x54, 
    0x68, 0x6a, 0x71, 0xb8, 0x1f, 0x05, 0x00, 0x71, 0x28, 0x62, 0x00, 0x91, 
    0xc1, 0x00, 0x00, 0x54, 0x69, 0x02, 0x11, 0x8b, 0x29, 0x05, 0x40, 0xf9, 
    0x29, 0x05, 0x00, 0xd1, 0x3f, 0x01, 0x00, 0xeb, 0x63, 0x00, 0x00, 0x54, 
    0xf1, 0x03, 0x08, 0xaa, 0xf4, 0xff, 0xff, 0x17, 0x7f, 0x6a, 0x31, 0xf8, 
    0x1f, 0x42, 0x00, 0xf1, 0x69, 0x2a, 0x5c, 0xf9, 0x10, 0x26, 0x90, 0x9a, 
    0x29, 0x05, 0x00, 0xd1, 0x69, 0x2a, 0x1c, 0xf9, 0xf8, 0xff, 0xff, 0x17, 
    0x1f, 0x46, 0x00, 0xf1, 0x42, 0xd2, 0x00, 0x54, 0xe8, 0x03, 0x1f, 0xaa, 
    0x1f, 0x01, 0x01, 0xf1, 0x80, 0x00, 0x00, 0x54, 0xbf, 0x6b, 0x28, 0xf8, 
    0x08, 0x41, 0x00, 0x91, 0xfc, 0xff, 0xff, 0x17, 0x48, 0x01, 0x80, 0x52, 
    0x01, 0x00, 0x00, 0xd4, 0xf1, 0x03, 0x1f, 0xaa, 0xf0, 0x03, 0x1f, 0xaa, 
    0x08, 0x90, 0x80, 0x52, 0x1f, 0x01, 0x14, 0xeb, 0x60, 0x02, 0x00, 0x54, 
    0x69, 0x6a, 0x68, 0xb8, 0x0a, 0x81, 0x10, 0x91, 0x3f, 0x09, 0x00, 0x71, 
    0x29, 0x06, 0x00, 0x91, 0xe0, 0x00, 0x00, 0x54, 0x68, 0x02, 0x08, 0x8b, 
    0x08, 0x05, 0x42, 0xf9, 0x08, 0x05, 0x00, 0xd1, 0x1f, 0x01, 0x00, 0xeb, 
    0x02, 0x3a, 0x44, 0xfa, 0x83, 0x00, 0x00, 0x54, 0xe8, 0x03, 0x0a, 0xaa, 
    0xf1, 0x03, 0x09, 0xaa, 0xf1, 0xff, 0xff, 0x17, 0xa8, 0x13, 0x10, 0x8b, 
    0x10, 0x06, 0x00, 0x91, 0x17, 0x45, 0x00, 0xa9, 0xfa, 0xff, 0xff, 0x17, 
    0xf5, 0x03, 0x1f, 0xaa, 0xbf, 0x02, 0x01, 0xf1, 0xc0, 0x01, 0x00, 0x54, 
    0xa8, 0x6b, 0x75, 0xb8, 0x48, 0x01, 0x00, 0x36, 0xe0, 0x03, 0x1f, 0xaa, 
    0xe1, 0x03, 0x16, 0xaa, 0xb0, 0x03, 0x15, 0x8b, 0x88, 0x09, 0x80, 0x52, 
    0x02, 0x05, 0x80, 0x52, 0x01, 0x00, 0x00, 0xd4, 0x01, 0x06, 0x40, 0xf9, 
    0xe0, 0x03, 0x13, 0xaa, 0xcd, 0xfc, 0xff, 0x97, 0xb5, 0x42, 0x00, 0x91, 
    0xf2, 0xff, 0xff, 0x17, 0x48, 0x01, 0x80, 0x52, 0x01, 0x00, 0x00, 0xd4, 
    0xf0, 0x03, 0x1f, 0xaa, 0x08, 0x00, 0x80, 0x92, 0xe9, 0x03, 0x10, 0xaa, 
    0x3f, 0x01, 0x06, 0xf1, 0x80, 0x01, 0x00, 0x54, 0x6a, 0x6a, 0x69, 0xb8, 
    0x30, 0x61, 0x00, 0x91, 0xe9, 0x03, 0x10, 0xaa, 0x6a, 0xff, 0x07, 0x36, 
    0x69, 0x02, 0x10, 0x8b, 0x29, 0x01, 0x5f, 0xf8, 0x3f, 0x01, 0x08, 0xeb, 
    0x2a, 0x31, 0x88, 0x9a, 0x3f, 0x01, 0x00, 0xf1, 0x08, 0x01, 0x8a, 0x9a, 
    0xf3, 0xff, 0xff, 0x17, 0x0a, 0x90, 0x80, 0x52, 0x5f, 0x01, 0x14, 0xeb, 
    0xc0, 0x01, 0x00, 0x54, 0x6b, 0x6a, 0x6a, 0xb8, 0x49, 0x81, 0x10, 0x91, 
    0xea, 0x03, 0x09, 0xaa, 0x7f, 0x09, 0x00, 0x71, 0x6b, 0x02, 0x09, 0x8b, 
    0x20, 0xff, 0xff, 0x54, 0x6a, 0x81, 0x5e, 0xf8, 0x5f, 0x01, 0x08, 0xeb, 
    0x4b, 0x31, 0x88, 0x9a, 0x5f, 0x01, 0x00, 0xf1, 0xea, 0x03, 0x09, 0xaa, 
    0x08, 0x01, 0x8b, 0x9a, 0xf2, 0xff, 0xff, 0x17, 0x1f, 0x05, 0x00, 0xb1, 
    0x40, 0x01, 0x00, 0x54, 0x08, 0x01, 0x00, 0xeb, 0x89, 0x01, 0x00, 0x54, 
    0x68, 0x03, 0x08, 0x8b, 0x08, 0x05, 0x00, 0xd1, 0x09, 0x09, 0xdb, 0x9a, 
    0x3f, 0x01, 0x1a, 0xeb, 0x21, 0x31, 0x9a, 0x9a, 0x1f, 0x01, 0x1b, 0xeb, 
    0xc2, 0x00, 0x00, 0x54, 0x61, 0x76, 0x7a, 0xb9, 0xe0, 0x43, 0x35, 0x91, 
    0xfb, 0x0b, 0x00, 0x94, 0x0d, 0x00, 0x00, 0x14, 0x21, 0x00, 0x80, 0x52, 
    0x75, 0x76, 0x7a, 0xb9, 0xe0, 0x03, 0x15, 0x2a, 0x61, 0x0e, 0x00, 0x94, 
    0x1f, 0x70, 0x00, 0x71, 0x01, 0x05, 0x00, 0x54, 0xe0, 0x43, 0x35, 0x91, 
    0xe1, 0x03, 0x15, 0x2a, 0xf1, 0x0b, 0x00, 0x94, 0xe0, 0x03, 0x15, 0x2a, 
    0xe1, 0x03, 0x1f, 0x2a, 0x59, 0x0e, 0x00, 0x94, 0xe8, 0x53, 0x4d, 0xb9, 
    0xe8, 0xee, 0x07, 0x37, 0x68, 0x0a, 0x5c, 0xf9, 0xf5, 0x57, 0x4d, 0xb9, 
    0x0a, 0xe2, 0x86, 0x52, 0xe9, 0x03, 0x08, 0xcb, 0x08, 0x00, 0x80, 0x92, 
    0x2b, 0x01, 0x08, 0x8b, 0x7f, 0x05, 0x00, 0xb1, 0xe0, 0xed, 0xff, 0x54, 
    0x1f, 0x7d, 0x00, 0xf1, 0xc0, 0xc2, 0x00, 0x54, 0x6b, 0x6a, 0x6a, 0xb8, 
    0x08, 0x05, 0x00, 0x91, 0x4a, 0x21, 0x00, 0x91, 0x7f, 0x01, 0x15, 0x6b, 
    0xe1, 0xfe, 0xff, 0x54, 0x08, 0xf1, 0x7d, 0xd3, 0x98, 0x6b, 0x68, 0xb8, 
    0x1f, 0x03, 0x04, 0x31, 0xe1, 0x01, 0x00, 0x54, 0xe0, 0x43, 0x25, 0x91, 
    0x3f, 0x10, 0x00, 0x94, 0x68, 0x6a, 0x79, 0x38, 0x1f, 0x0d, 0x00, 0x71, 
    0xe1, 0x04, 0x00, 0x54, 0x48, 0x03, 0x80, 0x52, 0xe8, 0x8f, 0x03, 0xf9, 
    0x48, 0x00, 0x80, 0x52, 0xe8, 0x8b, 0x03, 0xf9, 0x16, 0x11, 0x00, 0x94, 
    0xbf, 0x10, 0x00, 0x94, 0xaf, 0x01, 0x00, 0x14, 0xe0, 0x57, 0x0d, 0xb9, 
    0x56, 0xff, 0xff, 0x17, 0x08, 0x5f, 0x18, 0x12, 0x1f, 0x01, 0x10, 0x31, 
    0x80, 0x11, 0x00, 0x54, 0x1f, 0x01, 0x0c, 0x31, 0xa0, 0x04, 0x00, 0x54, 
    0x1f, 0x01, 0x08, 0x31, 0x61, 0x13, 0x00, 0x54, 0x08, 0x03, 0x08, 0x11, 
    0x1f, 0x1d, 0x00, 0x71, 0x68, 0x34, 0x00, 0x54, 0xe9, 0x4b, 0x40, 0xf9, 
    0x28, 0x19, 0x08, 0x8b, 0x09, 0x01, 0x40, 0xb9, 0x3f, 0x09, 0x00, 0x71, 
    0xc0, 0x33, 0x00, 0x54, 0x09, 0x11, 0x40, 0xb9, 0x3f, 0x05, 0x00, 0x71, 
    0x61, 0x33, 0x00, 0x54, 0x00, 0xe4, 0x00, 0x6f, 0x01, 0x15, 0x40, 0xb9, 
    0xe0, 0x43, 0x25, 0x91, 0xe2, 0x43, 0x35, 0x91, 0x03, 0x08, 0x80, 0x52, 
    0xe0, 0x63, 0x83, 0x3d, 0xe0, 0x5f, 0x83, 0x3d, 0xe0, 0x5b, 0x83, 0x3d, 
    0xe0, 0x57, 0x83, 0x3d, 0xcd, 0x0a, 0x00, 0x94, 0x90, 0x01, 0x00, 0x14, 
    0x08, 0xa0, 0x82, 0x52, 0xe0, 0x43, 0x1c, 0x91, 0xe2, 0x43, 0x25, 0x91, 
    0x61, 0x02, 0x08, 0x8b, 0x03, 0x40, 0x80, 0x52, 0x23, 0x0c, 0x00, 0x94, 
    0xe8, 0x8b, 0x43, 0xf9, 0x1f, 0x09, 0x00, 0xf1, 0x80, 0x05, 0x00, 0x54, 
    0x68, 0x05, 0x00, 0x37, 0xff, 0x8b, 0x03, 0xf9, 0x84, 0x01, 0x00, 0x14, 
    0x00, 0xe4, 0x00, 0x6f, 0x00, 0x03, 0x0c, 0x11, 0x1f, 0x0c, 0x00, 0x71, 
    0xe0, 0x5b, 0x83, 0x3d, 0xe0, 0x57, 0x83, 0x3d, 0x28, 0xbb, 0x00, 0x54, 
    0x09, 0x83, 0x80, 0x52, 0xe8, 0x4f, 0x40, 0xf9, 0x15, 0x20, 0xa9, 0x9b, 
    0xa8, 0x12, 0x40, 0x39, 0x1f, 0x0d, 0x00, 0x71, 0x00, 0x2f, 0x00, 0x54, 
    0xe0, 0x43, 0x25, 0x91, 0xe2, 0x43, 0x35, 0x91, 0xe1, 0x03, 0x15, 0xaa, 
    0x03, 0x04, 0x80, 0x52, 0x0c, 0x0c, 0x00, 0x94, 0xe8, 0x43, 0x65, 0x39, 
    0x28, 0x2e, 0x00, 0x36, 0xe1, 0xaf, 0x44, 0xf9, 0xa1, 0xfe, 0xff, 0xb4, 
    0xe8, 0x43, 0x75, 0x39, 0xc8, 0x00, 0x00, 0x34, 0x1f, 0x0d, 0x00, 0x71, 
    0x20, 0xfe, 0xff, 0x54, 0x3f, 0x84, 0x00, 0xf1, 0xe3, 0xfd, 0xff, 0x54, 
    0xaa, 0x05, 0x00, 0x14, 0xe0, 0x43, 0x35, 0x91, 0x1f, 0x20, 0x03, 0xd5, 
    0xe2, 0x52, 0x03, 0x10, 0x28, 0x07, 0x00, 0x94, 0xff, 0x0e, 0x00, 0x94, 
    0x00, 0xfd, 0x07, 0x36, 0xa9, 0x12, 0x40, 0x39, 0x08, 0xfc, 0x48, 0xd3, 
    0x3f, 0x0d, 0x00, 0x71, 0x80, 0xfc, 0xff, 0x54, 0xa8, 0x12, 0x04, 0xb9, 
    0xe2, 0xff, 0xff, 0x17, 0x1f, 0x09, 0x00, 0xf1, 0x20, 0xf5, 0xff, 0x54, 
    0xf5, 0x8f, 0x43, 0xf9, 0xbf, 0x1e, 0x00, 0xf1, 0xe9, 0x2a, 0x00, 0x54, 
    0xbf, 0x06, 0x08, 0xf1, 0x42, 0xb4, 0x00, 0x54, 0xe0, 0x43, 0x35, 0x91, 
    0xe1, 0x43, 0x25, 0x91, 0xe2, 0x03, 0x15, 0xaa, 0x14, 0x0c, 0x00, 0x94, 
    0xe8, 0x53, 0x4d, 0xb9, 0x1f, 0x05, 0x00, 0x71, 0xc1, 0x01, 0x00, 0x54, 
    0xe9, 0x5b, 0x4d, 0xb9, 0xe8, 0x3f, 0x40, 0xf9, 0x0a, 0x20, 0x80, 0x52, 
    0x4a, 0x01, 0x00, 0xb4, 0x0b, 0x01, 0x40, 0xb9, 0x7f, 0x05, 0x00, 0x71, 
    0x81, 0x00, 0x00, 0x54, 0x0b, 0x05, 0x40, 0xb9, 0x7f, 0x01, 0x09, 0x6b, 
    0x20, 0x1d, 0x00, 0x54, 0x4a, 0x41, 0x00, 0xd1, 0x08, 0x41, 0x00, 0x91, 
    0x0a, 0xff, 0xff, 0xb5, 0xe0, 0x43, 0x25, 0x91, 0xe1, 0x03, 0x15, 0xaa, 
    0x1f, 0x20, 0x03, 0xd5, 0x62, 0x59, 0x03, 0x10, 0xfa, 0x06, 0x00, 0x94, 
    0x3f, 0x20, 0x00, 0xf1, 0x83, 0x02, 0x00, 0x54, 0xf8, 0x03, 0x01, 0xaa, 
    0xf7, 0x03, 0x00, 0xaa, 0xe0, 0x43, 0x35, 0x91, 0xe1, 0x03, 0x17, 0xaa, 
    0xe2, 0x03, 0x18, 0xaa, 0xf7, 0x0b, 0x00, 0x94, 0xe8, 0x53, 0x4d, 0xb9, 
    0x1f, 0x05, 0x00, 0x71, 0x61, 0x01, 0x00, 0x54, 0x1f, 0x23, 0x00, 0xf1, 
    0x20, 0x01, 0x00, 0x54, 0xe8, 0xaf, 0x5a, 0x79, 0xe8, 0x00, 0x18, 0x36, 
    0xf9, 0x22, 0x40, 0x39, 0xb9, 0x00, 0x00, 0xb4, 0x28, 0x27, 0x00, 0x91, 
    0x1f, 0x03, 0x08, 0xeb, 0xe8, 0x3b, 0x00, 0xf9, 0x02, 0x28, 0x00, 0x54, 
    0xe0, 0x43, 0x25, 0x91, 0xe1, 0x03, 0x15, 0xaa, 0x1f, 0x20, 0x03, 0xd5, 
    0xe2, 0x56, 0x03, 0x10, 0xe0, 0x06, 0x00, 0x94, 0x84, 0x0f, 0x00, 0x94, 
    0x99, 0xa0, 0x82, 0x52, 0x1e, 0x01, 0x00, 0x14, 0xe0, 0x43, 0x1c, 0x91, 
    0xe1, 0x03, 0x1f, 0x2a, 0x02, 0x40, 0x80, 0x52, 0x95, 0xa0, 0x82, 0x52, 
    0x39, 0x00, 0x80, 0x52, 0x1c, 0x03, 0x10, 0x11, 0x1c, 0x11, 0x00, 0x94, 
    0x9f, 0x1f, 0x00, 0x71, 0xa8, 0xae, 0x00, 0x54, 0x89, 0x46, 0x80, 0x52, 
    0xe8, 0x53, 0x40, 0xf9, 0x97, 0x23, 0xa9, 0x9b, 0xe8, 0xc6, 0x48, 0x39, 
    0x1f, 0x09, 0x00, 0x71, 0x01, 0x08, 0x00, 0x54, 0xfc, 0x57, 0x40, 0xf9, 
    0x37, 0x00, 0x80, 0x52, 0x99, 0xa0, 0x82, 0x52, 0x0c, 0x01, 0x00, 0x14, 
    0x08, 0x07, 0x00, 0x51, 0x1f, 0x0d, 0x00, 0x71, 0x28, 0x21, 0x00, 0x54, 
    0x2b, 0x00, 0x00, 0xb0, 0x6b, 0xe1, 0x00, 0x91, 0x77, 0x96, 0x5d, 0xf9, 
    0x09, 0x00, 0x00, 0x10, 0x6a, 0x79, 0xa8, 0xb8, 0x29, 0x01, 0x0a, 0x8b, 
    0x20, 0x01, 0x1f, 0xd6, 0x00, 0xe4, 0x00, 0x6f, 0xe0, 0xe3, 0x0a, 0x91, 
    0xe2, 0x43, 0x25, 0x91, 0x03, 0x08, 0x80, 0x52, 0xe0, 0x63, 0x82, 0x3d, 
    0xe1, 0x3a, 0x40, 0xb9, 0xe0, 0x5f, 0x82, 0x3d, 0xe0, 0x5b, 0x82, 0x3d, 
    0xe0, 0x57, 0x82, 0x3d, 0x34, 0x0a, 0x00, 0x94, 0xe8, 0xbb, 0x42, 0xb9, 
    0xa8, 0x1e, 0x00, 0x37, 0xf5, 0x63, 0x41, 0xf9, 0x75, 0x1e, 0x00, 0xb4, 
    0xe8, 0xb2, 0x40, 0x39, 0xe9, 0x12, 0x40, 0x39, 0x1f, 0x09, 0x00, 0x71, 
    0x24, 0x19, 0x43, 0x7a, 0xa0, 0x01, 0x00, 0x54, 0xe0, 0x43, 0x1c, 0x91, 
    0xe2, 0xc3, 0x02, 0x91, 0xe1, 0x03, 0x17, 0xaa, 0x23, 0x00, 0x80, 0x52, 
    0xff, 0xc3, 0x02, 0x39, 0x82, 0x0b, 0x00, 0x94, 0xe8, 0x8b, 0x43, 0xf9, 
    0xe9, 0x1b, 0x47, 0xb9, 0x1f, 0x09, 0x00, 0xf1, 0x20, 0x09, 0x58, 0x7a, 
    0x20, 0x1b, 0x00, 0x54, 0xe8, 0xb2, 0x40, 0x39, 0x1f, 0x09, 0x00, 0x71, 
    0x00, 0x1c, 0x00, 0x54, 0xe0, 0x43, 0x25, 0x91, 0xe1, 0x03, 0x15, 0xaa, 
    0x1f, 0x20, 0x03, 0xd5, 0x22, 0xc7, 0x02, 0x10, 0xae, 0x06, 0x00, 0x94, 
    0xe4, 0x03, 0x1e, 0xaa, 0x72, 0x10, 0x00, 0x94, 0xfe, 0x03, 0x04, 0xaa, 
    0xe0, 0x22, 0x00, 0x91, 0xe1, 0x03, 0x02, 0xaa, 0xe2, 0x03, 0x03, 0xaa, 
    0x97, 0x0a, 0x00, 0x94, 0x60, 0x1a, 0x00, 0xb4, 0xe0, 0x22, 0x40, 0xb9, 
    0x89, 0x0a, 0x00, 0x94, 0xd0, 0x00, 0x00, 0x14, 0xe0, 0x43, 0x35, 0x91, 
    0xe1, 0x42, 0x00, 0x91, 0xe2, 0x43, 0x1c, 0x91, 0x03, 0x40, 0x80, 0x52, 
    0x65, 0x0b, 0x00, 0x94, 0xe8, 0xab, 0x46, 0xf9, 0x1f, 0x09, 0x00, 0xf1, 
    0xc1, 0x04, 0x00, 0x54, 0x40, 0x00, 0x80, 0x52, 0x1f, 0x20, 0x03, 0xd5, 
    0xc1, 0x17, 0x03, 0x10, 0x88, 0x09, 0x80, 0x52, 0x42, 0x03, 0x80, 0x52, 
    0x01, 0x00, 0x00, 0xd4, 0xf5, 0x12, 0x40, 0xb9, 0x26, 0x10, 0x00, 0x94, 
    0xcf, 0x0f, 0x00, 0x94, 0xe0, 0x03, 0x17, 0xaa, 0x76, 0xef, 0xff, 0x97, 
    0x68, 0x2e, 0x5c, 0xf9, 0x49, 0x00, 0x80, 0x52, 0xe9, 0xc6, 0x08, 0x39, 
    0x68, 0x00, 0x00, 0xb4, 0x08, 0x05, 0x00, 0xd1, 0x68, 0x2e, 0x1c, 0xf9, 
    0x37, 0x23, 0xd8, 0x1a, 0xf8, 0x47, 0x40, 0xf9, 0xf5, 0x03, 0x1f, 0xaa, 
    0xbf, 0x12, 0x00, 0xf1, 0x80, 0xf4, 0xff, 0x54, 0x08, 0x03, 0x40, 0xb9, 
    0x1f, 0x09, 0x00, 0x71, 0x40, 0x01, 0x00, 0x54, 0x08, 0x6f, 0x50, 0x39, 
    0x09, 0x73, 0x50, 0x39, 0x1f, 0x01, 0x17, 0x6a, 0x60, 0x00, 0x00, 0x54, 
    0x29, 0x01, 0x17, 0x2a, 0x09, 0x73, 0x10, 0x39, 0x1f, 0x01, 0x29, 0x6a, 
    0x41, 0x00, 0x00, 0x54, 0x1c, 0x10, 0x00, 0x94, 0x18, 0x83, 0x10, 0x91, 
    0xb5, 0x06, 0x00, 0x91, 0xf0, 0xff, 0xff, 0x17, 0x88, 0xf2, 0x07, 0x36, 
    0xe1, 0xaf, 0x46, 0xf9, 0x3f, 0x1c, 0x00, 0xf1, 0x29, 0xf2, 0xff, 0x54, 
    0xe0, 0x43, 0x1c, 0x91, 0x1f, 0x20, 0x03, 0xd5, 0xa2, 0x09, 0x03, 0x10, 
    0xe1, 0x3b, 0x00, 0xf9, 0x59, 0x06, 0x00, 0x94, 0xe4, 0x03, 0x1e, 0xaa, 
    0x31, 0x10, 0x00, 0x94, 0xfe, 0x03, 0x04, 0xaa, 0xe0, 0x43, 0x35, 0x91, 
    0xf6, 0x0f, 0x00, 0x94, 0xe8, 0x53, 0x4d, 0xb9, 0x1f, 0x05, 0x00, 0x71, 
    0x81, 0xf0, 0xff, 0x54, 0xe8, 0xc6, 0x48, 0x39, 0x1f, 0x09, 0x00, 0x71, 
    0x40, 0x00, 0x00, 0x54, 0xf9, 0xc6, 0x08, 0x39, 0xe9, 0xab, 0x5a, 0x79, 
    0xed, 0x5b, 0x4d, 0xb9, 0x2a, 0x15, 0x04, 0x51, 0x5f, 0x21, 0x00, 0x71, 
    0x88, 0x11, 0x00, 0x54, 0x1f, 0x20, 0x03, 0xd5, 0x2c, 0x68, 0x02, 0x10, 
    0x09, 0x00, 0x00, 0x10, 0x8b, 0x79, 0xaa, 0xb8, 0x29, 0x01, 0x0b, 0x8b, 
    0x20, 0x01, 0x1f, 0xd6, 0xe1, 0x3b, 0x40, 0xf9, 0xe0, 0x43, 0x1c, 0x91, 
    0xf5, 0x03, 0x0d, 0xaa, 0x1f, 0x20, 0x03, 0xd5, 0x62, 0x07, 0x03, 0x10, 
    0x18, 0x01, 0x00, 0x14, 0xe0, 0x03, 0x17, 0xaa, 0x26, 0xf1, 0xff, 0x97, 
    0x7a, 0x00, 0x00, 0x14, 0xe8, 0x12, 0x40, 0x39, 0x1f, 0x0d, 0x00, 0x71, 
    0xe0, 0x0e, 0x00, 0x54, 0xe0, 0x43, 0x25, 0x91, 0xe2, 0x43, 0x1c, 0x91, 
    0xe1, 0x03, 0x17, 0xaa, 0x23, 0x00, 0x80, 0x52, 0xff, 0x43, 0x1c, 0x39, 
    0xb6, 0x0a, 0x00, 0x94, 0xe8, 0x53, 0x49, 0xb9, 0x1f, 0x05, 0x00, 0x71, 
    0xc1, 0x0d, 0x00, 0x54, 0xe8, 0x57, 0x49, 0xb9, 0x08, 0x5d, 0x00, 0x51, 
    0x1f, 0x09, 0x00, 0x71, 0x42, 0x0d, 0x00, 0x54, 0xe0, 0x43, 0x35, 0x91, 
    0x41, 0x00, 0x80, 0x52, 0x1f, 0x20, 0x03, 0xd5, 0x22, 0xb9, 0x02, 0x10, 
    0x43, 0x02, 0x80, 0x52, 0x5f, 0x00, 0x00, 0x14, 0xe9, 0xb2, 0x40, 0x39, 
    0xe8, 0xda, 0x40, 0x39, 0x3f, 0x09, 0x00, 0x71, 0x04, 0x09, 0x42, 0x7a, 
    0xe0, 0x0b, 0x00, 0x54, 0x88, 0x06, 0x00, 0x34, 0xe8, 0x00, 0x80, 0x52, 
    0xe8, 0xbb, 0x02, 0xb9, 0x39, 0x00, 0x00, 0x14, 0x17, 0x31, 0x40, 0x39, 
    0x18, 0x09, 0x40, 0xb9, 0xe0, 0x43, 0x35, 0x91, 0xe1, 0x03, 0x1f, 0x2a, 
    0x02, 0x40, 0x80, 0x52, 0x1f, 0x01, 0x00, 0xb9, 0x59, 0x10, 0x00, 0x94, 
    0xe0, 0x43, 0x35, 0x91, 0xe1, 0x03, 0x15, 0xaa, 0x1f, 0x20, 0x03, 0xd5, 
    0x62, 0xd2, 0x02, 0x10, 0x4a, 0x06, 0x00, 0x94, 0xe2, 0x43, 0x25, 0x91, 
    0xe3, 0x03, 0x15, 0xaa, 0x1f, 0x20, 0x03, 0xd5, 0x84, 0xd2, 0x02, 0x10, 
    0x30, 0x08, 0x00, 0x94, 0xe0, 0x43, 0x35, 0x91, 0x81, 0x00, 0x80, 0x52, 
    0x02, 0x01, 0x80, 0x52, 0x1f, 0x20, 0x03, 0xd5, 0x83, 0xd2, 0x02, 0x10, 
    0x3a, 0x06, 0x00, 0x94, 0xe2, 0xe3, 0x0a, 0x91, 0x83, 0x00, 0x80, 0x52, 
    0x1f, 0x20, 0x03, 0xd5, 0xa4, 0xd2, 0x02, 0x10, 0xf8, 0xbb, 0x02, 0xb9, 
    0x24, 0x08, 0x00, 0x94, 0xff, 0x1e, 0x00, 0xf1, 0x88, 0x94, 0x00, 0x54, 
    0x89, 0x46, 0x80, 0x52, 0xe8, 0x53, 0x40, 0xf9, 0x99, 0xa0, 0x82, 0x52, 
    0xf7, 0x22, 0xa9, 0x9b, 0xe8, 0xc6, 0x48, 0x39, 0x1f, 0x09, 0x00, 0x71, 
    0xa0, 0x06, 0x00, 0x54, 0xe0, 0x43, 0x35, 0x91, 0xe1, 0x03, 0x15, 0xaa, 
    0x1f, 0x20, 0x03, 0xd5, 0x42, 0xd2, 0x02, 0x10, 0xef, 0x05, 0x00, 0x94, 
    0xe8, 0x52, 0x40, 0x39, 0xe2, 0x03, 0x00, 0xaa, 0xe0, 0x12, 0x40, 0xb9, 
    0xbb, 0x0e, 0x00, 0x94, 0x2b, 0x00, 0x00, 0x14, 0xe8, 0xd2, 0x40, 0x39, 
    0xf8, 0xd6, 0x40, 0x39, 0x08, 0x05, 0x00, 0x51, 0x08, 0x1d, 0x00, 0x12, 
    0x1f, 0x01, 0x38, 0x6b, 0x22, 0x02, 0x00, 0x54, 0x28, 0x01, 0x80, 0x52, 
    0xe8, 0xbb, 0x02, 0xb9, 0xe8, 0xbb, 0x42, 0xb9, 0x37, 0x00, 0x80, 0x52, 
    0x1f, 0x25, 0x00, 0x71, 0x00, 0x01, 0x00, 0x54, 0xe0, 0x43, 0x35, 0x91, 
    0xe1, 0x03, 0x1f, 0x2a, 0x1f, 0x20, 0x03, 0xd5, 0xa2, 0xa5, 0x02, 0x70, 
    0x83, 0x01, 0x80, 0x52, 0xd9, 0x0e, 0x00, 0x94, 0xeb, 0x0e, 0x00, 0x94, 
    0xf8, 0x43, 0x40, 0xf9, 0xf8, 0x43, 0x00, 0xf9, 0x16, 0x00, 0x00, 0x14, 
    0xe1, 0x32, 0x40, 0xb9, 0xe0, 0x43, 0x35, 0x91, 0xe2, 0x43, 0x25, 0x91, 
    0x03, 0x01, 0x80, 0x52, 0xff, 0xab, 0x04, 0xf9, 0x4c, 0x09, 0x00, 0x94, 
    0xe8, 0x53, 0x4d, 0xb9, 0x48, 0x04, 0x00, 0x36, 0xe8, 0x57, 0x4d, 0xb9, 
    0xaf, 0xff, 0xff, 0x17, 0xe0, 0x43, 0x35, 0x91, 0x41, 0x00, 0x80, 0x52, 
    0x1f, 0x20, 0x03, 0xd5, 0xc2, 0xab, 0x02, 0x10, 0x63, 0x02, 0x80, 0x52, 
    0xc5, 0x0e, 0x00, 0x94, 0xd7, 0x0e, 0x00, 0x94, 0xe0, 0x03, 0x17, 0xaa, 
    0xe1, 0x03, 0x13, 0xaa, 0x34, 0xf0, 0xff, 0x97, 0x37, 0x00, 0x80, 0x52, 
    0x70, 0x08, 0x00, 0x94, 0xa8, 0xfd, 0xff, 0x17, 0x3f, 0x1d, 0x0c, 0x71, 
    0x00, 0x16, 0x00, 0x54, 0x3f, 0x09, 0x10, 0x71, 0xa0, 0x13, 0x00, 0x54, 
    0x3f, 0x01, 0x14, 0x71, 0x01, 0x0c, 0x00, 0x54, 0xe1, 0x3b, 0x40, 0xf9, 
    0xe0, 0x43, 0x1c, 0x91, 0x1f, 0x20, 0x03, 0xd5, 0x62, 0xfb, 0x02, 0x10, 
    0xb2, 0x05, 0x00, 0x94, 0x64, 0x0e, 0x00, 0x94, 0x83, 0x0e, 0x00, 0x94, 
    0xe1, 0xcb, 0x47, 0xf9, 0xe0, 0x43, 0x25, 0x91, 0x1f, 0x20, 0x03, 0xd5, 
    0x42, 0xfb, 0x02, 0x10, 0x9a, 0x00, 0x00, 0x14, 0xe8, 0xaf, 0x46, 0xf9, 
    0x1f, 0x0d, 0x00, 0xf1, 0xa8, 0x09, 0x00, 0x54, 0x08, 0x02, 0x80, 0x52, 
    0xc4, 0xff, 0xff, 0x17, 0xe8, 0x9e, 0x40, 0x38, 0x1f, 0x01, 0x01, 0x71, 
    0xa0, 0x18, 0x00, 0x54, 0x1f, 0xbd, 0x00, 0x71, 0x21, 0x01, 0x00, 0x54, 
    0x20, 0x00, 0x80, 0x52, 0xe1, 0x03, 0x17, 0xaa, 0xe2, 0x03, 0x19, 0xaa, 
    0x1f, 0x20, 0x03, 0xd5, 0x03, 0xb1, 0x02, 0x10, 0x75, 0x05, 0x00, 0x94, 
    0xf7, 0x03, 0x00, 0xaa, 0xf9, 0x03, 0x01, 0xaa, 0x99, 0xd6, 0xff, 0xb4, 
    0xfc, 0x03, 0x1f, 0xaa, 0x3f, 0x03, 0x1c, 0xeb, 0xc0, 0x00, 0x00, 0x54, 
    0xe8, 0x6a, 0x7c, 0x38, 0x1f, 0xbd, 0x00, 0x71, 0xe0, 0x00, 0x00, 0x54, 
    0x9c, 0x07, 0x00, 0x91, 0xfa, 0xff, 0xff, 0x17, 0x28, 0x00, 0x80, 0x52, 
    0xf8, 0x03, 0x1f, 0xaa, 0xe8, 0x3b, 0x00, 0xf9, 0x0a, 0x00, 0x00, 0x14, 
    0x80, 0x07, 0x00, 0x91, 0xe1, 0x03, 0x17, 0xaa, 0xe2, 0x03, 0x19, 0xaa, 
    0x1f, 0x20, 0x03, 0xd5, 0x23, 0xaf, 0x02, 0x10, 0x60, 0x05, 0x00, 0x94, 
    0xf8, 0x03, 0x01, 0xaa, 0xf9, 0x03, 0x1c, 0xaa, 0xe0, 0x3b, 0x00, 0xf9, 
    0xfc, 0x57, 0x40, 0xf9, 0xe8, 0x03, 0x1f, 0xaa, 0x3f, 0x03, 0x08, 0xeb, 
    0x40, 0x02, 0x00, 0x54, 0xe9, 0x6a, 0x68, 0x38, 0x08, 0x05, 0x00, 0x91, 
    0x3f, 0xe9, 0x00, 0x71, 0x61, 0xff, 0xff, 0x54, 0xe0, 0x03, 0x13, 0xaa, 
    0xe1, 0x03, 0x17, 0xaa, 0xe2, 0x03, 0x19, 0xaa, 0xab, 0xfa, 0xff, 0x97, 
    0xc0, 0x30, 0x00, 0x37, 0xe0, 0x03, 0x13, 0xaa, 0xe1, 0x03, 0x17, 0xaa, 
    0xe2, 0x03, 0x19, 0xaa, 0xd5, 0xfa, 0xff, 0x97, 0xf7, 0x3b, 0x40, 0xf9, 
    0xf9, 0x03, 0x18, 0xaa, 0xe0, 0xfa, 0x07, 0x37, 0x8a, 0xfe, 0xff, 0x17, 
    0xe0, 0x03, 0x13, 0xaa, 0xe1, 0x03, 0x17, 0xaa, 0xe2, 0x03, 0x19, 0xaa, 
    0xbe, 0xfa, 0xff, 0x97, 0xa0, 0xd0, 0x07, 0x36, 0xf7, 0x3b, 0x40, 0xf9, 
    0xf9, 0x03, 0x18, 0xaa, 0xd8, 0xf9, 0xff, 0xb5, 0x37, 0x00, 0x80, 0x52, 
    0xe0, 0x43, 0x25, 0x91, 0xe1, 0x03, 0x15, 0xaa, 0x1f, 0x20, 0x03, 0xd5, 
    0xa2, 0x27, 0x03, 0x10, 0x77, 0x4a, 0x1d, 0xf9, 0x5f, 0x05, 0x00, 0x94, 
    0x03, 0x0e, 0x00, 0x94, 0x7f, 0x4a, 0x1d, 0xf9, 0x91, 0xfe, 0xff, 0x17, 
    0x1f, 0x21, 0x00, 0xf1, 0xe3, 0x12, 0x00, 0x54, 0xf5, 0x57, 0x49, 0xb9, 
    0x96, 0x00, 0x00, 0x14, 0xe1, 0x3b, 0x40, 0xf9, 0xe0, 0x43, 0x1c, 0x91, 
    0xf5, 0x03, 0x0d, 0xaa, 0x1f, 0x20, 0x03, 0xd5, 0xe2, 0xf0, 0x02, 0x10, 
    0x2e, 0x00, 0x00, 0x14, 0xe1, 0x3b, 0x40, 0xf9, 0xe0, 0x43, 0x1c, 0x91, 
    0x1f, 0x20, 0x03, 0xd5, 0x42, 0xed, 0x02, 0x10, 0x4d, 0x05, 0x00, 0x94, 
    0xff, 0x0d, 0x00, 0x94, 0x1e, 0x0e, 0x00, 0x94, 0xe1, 0xcb, 0x47, 0xf9, 
    0xe0, 0x43, 0x25, 0x91, 0x1f, 0x20, 0x03, 0xd5, 0x22, 0xed, 0x02, 0x10, 
    0x35, 0x00, 0x00, 0x14, 0x1f, 0x09, 0x00, 0x71, 0xe0, 0xce, 0xff, 0x54, 
    0x69, 0x60, 0x80, 0x52, 0xeb, 0xae, 0x48, 0x39, 0xec, 0xaa, 0x48, 0x39, 
    0x29, 0x81, 0x0d, 0xaa, 0xea, 0xa2, 0x48, 0x39, 0xe8, 0x03, 0x1f, 0xaa, 
    0xeb, 0x0f, 0x00, 0xf9, 0xf9, 0x03, 0x0c, 0xaa, 0xe9, 0x5f, 0x01, 0xf9, 
    0xe9, 0xa6, 0x48, 0x39, 0xeb, 0x1b, 0x0b, 0x39, 0xeb, 0xb2, 0x48, 0x39, 
    0xff, 0xc3, 0x02, 0xb9, 0xea, 0x13, 0x0b, 0x39, 0xec, 0x17, 0x0b, 0x39, 
    0xe9, 0x2b, 0x02, 0x29, 0xe9, 0x1f, 0x0b, 0x39, 0x1f, 0x01, 0x02, 0xf1, 
    0xa0, 0x13, 0x00, 0x54, 0xe9, 0x43, 0x25, 0x91, 0x2a, 0x00, 0x80, 0x52, 
    0x29, 0x01, 0x08, 0x8b, 0x08, 0x81, 0x00, 0x91, 0x2a, 0x7d, 0x00, 0xa9, 
    0x2a, 0x7d, 0x01, 0xa9, 0xf8, 0xff, 0xff, 0x17, 0xe1, 0x3b, 0x40, 0xf9, 
    0xe0, 0x43, 0x1c, 0x91, 0xf5, 0x03, 0x0d, 0xaa, 0x1f, 0x20, 0x03, 0xd5, 
    0xa2, 0xe3, 0x02, 0x10, 0x24, 0x05, 0x00, 0x94, 0xe3, 0x03, 0x00, 0xaa, 
    0xe4, 0x03, 0x01, 0xaa, 0xe0, 0x03, 0x13, 0xaa, 0xe1, 0x03, 0x1c, 0xaa, 
    0xe2, 0x03, 0x15, 0x2a, 0xc7, 0xf1, 0xff, 0x97, 0x50, 0xfe, 0xff, 0x17, 
    0xe1, 0x3b, 0x40, 0xf9, 0xe0, 0x43, 0x1c, 0x91, 0x1f, 0x20, 0x03, 0xd5, 
    0xa2, 0xe3, 0x02, 0x10, 0x18, 0x05, 0x00, 0x94, 0xca, 0x0d, 0x00, 0x94, 
    0xe9, 0x0d, 0x00, 0x94, 0xe1, 0xcb, 0x47, 0xf9, 0xe0, 0x43, 0x25, 0x91, 
    0x1f, 0x20, 0x03, 0xd5, 0x82, 0xe3, 0x02, 0x10, 0x1e, 0x05, 0x00, 0x94, 
    0x68, 0x6a, 0x75, 0x38, 0xe2, 0x03, 0x00, 0xaa, 0x60, 0x02, 0x55, 0xb9, 
    0xb7, 0x0e, 0x00, 0x94, 0x3f, 0xfe, 0xff, 0x17, 0xe1, 0x3b, 0x40, 0xf9, 
    0xe0, 0x43, 0x1c, 0x91, 0x1f, 0x20, 0x03, 0xd5, 0x02, 0xe3, 0x02, 0x10, 
    0xf5, 0x03, 0x0d, 0xaa, 0x06, 0x05, 0x00, 0x94, 0x3f, 0x40, 0x00, 0xf1, 
    0xe3, 0xc6, 0xff, 0x54, 0xe9, 0x03, 0x01, 0xaa, 0xe8, 0x03, 0x00, 0xaa, 
    0xe0, 0x43, 0x35, 0x91, 0xe1, 0x03, 0x08, 0xaa, 0xe2, 0x03, 0x09, 0xaa, 
    0xe9, 0x23, 0x06, 0xa9, 0x02, 0x0a, 0x00, 0x94, 0xe8, 0x53, 0x4d, 0xb9, 
    0xc8, 0xc5, 0x07, 0x36, 0xea, 0x37, 0x40, 0xf9, 0x48, 0x31, 0x40, 0x39, 
    0x49, 0x35, 0x40, 0x39, 0x03, 0x21, 0x09, 0xaa, 0xe9, 0x33, 0x40, 0xf9, 
    0x68, 0x40, 0x00, 0x91, 0x3f, 0x01, 0x08, 0xeb, 0xc3, 0xc4, 0xff, 0x54, 
    0xe8, 0x5b, 0x4d, 0xb9, 0xe9, 0x57, 0x4d, 0xb9, 0xeb, 0x03, 0x15, 0xaa, 
    0xf5, 0x03, 0x1f, 0xaa, 0x45, 0x41, 0x00, 0x91, 0x28, 0x81, 0x08, 0xaa, 
    0xe9, 0x0f, 0x82, 0x92, 0xa9, 0x50, 0x00, 0xb4, 0x6a, 0x02, 0x09, 0x8b, 
    0x4a, 0x01, 0x55, 0xb9, 0x5f, 0x09, 0x00, 0x71, 0xa0, 0x00, 0x00, 0x54, 
    0x6a, 0x02, 0x09, 0x8b, 0x4a, 0x11, 0x59, 0xb9, 0x5f, 0x01, 0x0b, 0x6b, 
    0xa0, 0x4e, 0x00, 0x54, 0x29, 0x81, 0x10, 0x91, 0xb5, 0x06, 0x00, 0x91, 
    0x49, 0x4f, 0x00, 0xb4, 0xf5, 0xff, 0xff, 0x17, 0xe0, 0x43, 0x25, 0x91, 
    0xe1, 0x03, 0x15, 0xaa, 0x1f, 0x20, 0x03, 0xd5, 0xe2, 0x19, 0x03, 0x10, 
    0xda, 0x04, 0x00, 0x94, 0x7e, 0x0d, 0x00, 0x94, 0xe0, 0x43, 0x25, 0x91, 
    0xe1, 0x03, 0x15, 0xaa, 0x1f, 0x20, 0x03, 0xd5, 0xe2, 0x19, 0x03, 0x10, 
    0xd4, 0x04, 0x00, 0x94, 0xf5, 0x03, 0x00, 0xaa, 0xf8, 0x03, 0x01, 0xaa, 
    0xe0, 0x43, 0x35, 0x91, 0xe1, 0x03, 0x1f, 0x2a, 0x02, 0x48, 0x80, 0x52, 
    0x14, 0x0f, 0x00, 0x94, 0x1f, 0x23, 0x00, 0xf1, 0xc3, 0xbd, 0xff, 0x54, 
    0x1f, 0x23, 0x00, 0xf1, 0x00, 0x3e, 0x00, 0x54, 0xa8, 0x0a, 0x40, 0x39, 
    0x00, 0x01, 0x80, 0x52, 0xc8, 0x3d, 0x18, 0x36, 0xa8, 0x22, 0x40, 0x39, 
    0x00, 0x25, 0x00, 0x91, 0xeb, 0x01, 0x00, 0x14, 0xf5, 0x03, 0x1f, 0x2a, 
    0x08, 0x1f, 0x00, 0x12, 0xeb, 0x53, 0x49, 0xb9, 0x0a, 0x08, 0x82, 0x52, 
    0x09, 0x05, 0x00, 0x11, 0x2a, 0x00, 0xa0, 0x72, 0xf5, 0xb3, 0x00, 0xb9, 
    0x3f, 0xfd, 0x03, 0x71, 0xe9, 0x1f, 0x80, 0x52, 0xea, 0xab, 0x06, 0xf9, 
    0x28, 0x25, 0x88, 0x1a, 0xeb, 0x3b, 0x00, 0xf9, 0x80, 0x00, 0x80, 0x52, 
    0xeb, 0xbb, 0x02, 0xb9, 0xe1, 0x43, 0x35, 0x91, 0x02, 0x01, 0x80, 0x52, 
    0xe8, 0xd6, 0x00, 0x39, 0x88, 0x0c, 0x80, 0x52, 0x01, 0x00, 0x00, 0xd4, 
    0xfc, 0x03, 0x00, 0xaa, 0x80, 0x02, 0xf8, 0xb7, 0xe0, 0x03, 0x1c, 0x2a, 
    0xe8, 0x0c, 0x80, 0x52, 0xe1, 0x03, 0x1f, 0xaa, 0x01, 0x00, 0x00, 0xd4, 
    0xf8, 0x03, 0x00, 0xaa, 0xa0, 0x16, 0xf8, 0xb7, 0xf8, 0x1e, 0x00, 0xb4, 
    0xe0, 0x43, 0x35, 0x91, 0xe2, 0x43, 0x25, 0x91, 0xe1, 0x03, 0x1c, 0x2a, 
    0x03, 0x02, 0x80, 0x52, 0xff, 0xaf, 0x04, 0xf9, 0xff, 0xab, 0x04, 0xf9, 
    0x1f, 0x08, 0x00, 0x94, 0xe8, 0x53, 0x4d, 0xb9, 0x1f, 0x05, 0x00, 0x71, 
    0xe1, 0x1f, 0x00, 0x54, 0xe8, 0x5b, 0x4d, 0xb9, 0xec, 0x00, 0x00, 0x14, 
    0xe0, 0x03, 0x1c, 0x2a, 0x29, 0x08, 0x00, 0x94, 0xe8, 0x43, 0x40, 0xf9, 
    0xe9, 0x03, 0x01, 0x2a, 0x08, 0x7d, 0x60, 0x92, 0x18, 0x01, 0x09, 0xaa, 
    0xe8, 0x00, 0x00, 0x14, 0xe8, 0x23, 0x40, 0xf9, 0x89, 0x46, 0x80, 0x52, 
    0xf5, 0x03, 0x1f, 0xaa, 0x8a, 0x23, 0xa9, 0x9b, 0xf8, 0x23, 0x43, 0xa9, 
    0x88, 0x23, 0xa9, 0x9b, 0xeb, 0x13, 0x00, 0xf9, 0xe8, 0x2b, 0x05, 0xa9, 
    0x48, 0x0c, 0x80, 0x52, 0x68, 0x7d, 0xa8, 0x9b, 0xe8, 0x33, 0x00, 0xf9, 
    0xe8, 0x72, 0x02, 0x91, 0xe8, 0x27, 0x00, 0xf9, 0xe8, 0x33, 0x40, 0xf9, 
    0x1f, 0x01, 0x15, 0xeb, 0x40, 0x03, 0x00, 0x54, 0xbf, 0x22, 0x06, 0xf1, 
    0x00, 0x65, 0x00, 0x54, 0xe8, 0x2b, 0x40, 0xf9, 0x1f, 0x20, 0x03, 0xd5, 
    0x82, 0xa9, 0x02, 0x10, 0x08, 0x01, 0x15, 0x8b, 0x01, 0xf1, 0x5f, 0x38, 
    0x08, 0x01, 0x40, 0x39, 0xe8, 0x3b, 0x00, 0xf9, 0xe8, 0x2f, 0x40, 0xf9, 
    0x00, 0x01, 0x15, 0x8b, 0x7f, 0x04, 0x00, 0x94, 0xe8, 0x27, 0x40, 0xf9, 
    0xe1, 0x37, 0x00, 0xf9, 0xfc, 0x03, 0x00, 0xaa, 0xe1, 0x3b, 0x40, 0xf9, 
    0x1f, 0x20, 0x03, 0xd5, 0xa2, 0xa8, 0x02, 0x10, 0x00, 0x01, 0x15, 0x8b, 
    0x85, 0x04, 0x00, 0x94, 0xe8, 0x37, 0x40, 0xf9, 0xb5, 0x8a, 0x01, 0x91, 
    0x1c, 0x23, 0x3f, 0xa9, 0x00, 0x07, 0x82, 0xa8, 0xe5, 0xff, 0xff, 0x17, 
    0xe0, 0x72, 0x00, 0x91, 0xe1, 0x03, 0x19, 0xaa, 0x1f, 0x20, 0x03, 0xd5, 
    0x02, 0xa2, 0x02, 0x10, 0x7b, 0x04, 0x00, 0x94, 0xf5, 0x03, 0x01, 0xaa, 
    0xe1, 0x0f, 0x40, 0xf9, 0xe0, 0x3b, 0x00, 0xf9, 0xe0, 0x72, 0x01, 0x91, 
    0x1f, 0x20, 0x03, 0xd5, 0xe2, 0xa1, 0x02, 0x10, 0x74, 0x04, 0x00, 0x94, 
    0xe0, 0x33, 0x00, 0xf9, 0xfc, 0x03, 0x01, 0xaa, 0xe0, 0x43, 0x35, 0x91, 
    0x24, 0x0d, 0x00, 0x94, 0xe8, 0x13, 0x40, 0xf9, 0xea, 0x43, 0x25, 0x91, 
    0x29, 0x00, 0x80, 0x52, 0x0d, 0xe9, 0x7b, 0xd3, 0xe8, 0x03, 0x0d, 0xaa, 
    0x28, 0x01, 0x00, 0xb4, 0x4b, 0x05, 0x40, 0xf9, 0x4c, 0x0d, 0x40, 0xf9, 
    0x4a, 0x81, 0x00, 0x91, 0x08, 0x81, 0x00, 0xd1, 0x29, 0x01, 0x0b, 0x8b, 
    0x29, 0x01, 0x0c, 0x8b, 0x29, 0x09, 0x00, 0x91, 0x28, 0xff, 0xff, 0xb5, 
    0xb9, 0x42, 0x00, 0x91, 0x98, 0x03, 0x19, 0x8b, 0x28, 0x01, 0x18, 0x8b, 
    0x1f, 0x01, 0x08, 0xf1, 0x88, 0xaf, 0xff, 0x54, 0xe0, 0xe3, 0x0a, 0x91, 
    0xe8, 0x37, 0x00, 0xf9, 0xed, 0x2f, 0x00, 0xf9, 0x61, 0x09, 0x00, 0x94, 
    0xe8, 0x27, 0x42, 0x29, 0xe0, 0xab, 0x06, 0xf9, 0xe2, 0x43, 0x35, 0x91, 
    0x00, 0x02, 0x80, 0x52, 0xe1, 0x03, 0x19, 0xaa, 0x03, 0x40, 0x80, 0x52, 
    0x1f, 0x20, 0x03, 0xd5, 0xa4, 0x79, 0x03, 0x10, 0xff, 0x5b, 0x0d, 0xb9, 
    0xe9, 0x73, 0x35, 0x39, 0xf5, 0x77, 0x35, 0x39, 0xfc, 0x7b, 0x35, 0x39, 
    0xe8, 0x7f, 0x35, 0x39, 0x2c, 0x07, 0x00, 0x94, 0xe2, 0x3b, 0x40, 0xf9, 
    0xe3, 0x03, 0x15, 0xaa, 0x1f, 0x20, 0x03, 0xd5, 0x24, 0x79, 0x03, 0x10, 
    0x59, 0x06, 0x00, 0x94, 0xe2, 0x43, 0x35, 0x91, 0xe0, 0x03, 0x19, 0xaa, 
    0xe1, 0x03, 0x18, 0xaa, 0x03, 0x40, 0x80, 0x52, 0x1f, 0x20, 0x03, 0xd5, 
    0x04, 0x79, 0x03, 0x10, 0x20, 0x07, 0x00, 0x94, 0xe2, 0x33, 0x40, 0xf9, 
    0xe3, 0x03, 0x1c, 0xaa, 0x1f, 0x20, 0x03, 0xd5, 0x24, 0x79, 0x03, 0x10, 
    0x4d, 0x06, 0x00, 0x94, 0xf9, 0x2f, 0x40, 0xf9, 0xe8, 0x43, 0x35, 0x91, 
    0xea, 0x13, 0x40, 0xf9, 0x0a, 0x69, 0x38, 0x38, 0x18, 0x07, 0x00, 0x91, 
    0xfc, 0x43, 0x25, 0x91, 0xe8, 0x37, 0x40, 0xf9, 0x19, 0x0a, 0x00, 0xb4, 
    0x1f, 0xff, 0x07, 0xf1, 0x28, 0x59, 0x00, 0x54, 0x95, 0x07, 0x40, 0xf9, 
    0x00, 0x07, 0x00, 0x91, 0xe8, 0x43, 0x35, 0x91, 0x15, 0x69, 0x38, 0x38, 
    0xe2, 0x43, 0x35, 0x91, 0x03, 0x40, 0x80, 0x52, 0xb8, 0x02, 0x00, 0x8b, 
    0x1f, 0x20, 0x03, 0xd5, 0x24, 0x78, 0x03, 0x10, 0xe1, 0x03, 0x18, 0xaa, 
    0x06, 0x07, 0x00, 0x94, 0x82, 0x03, 0x40, 0xf9, 0xe3, 0x03, 0x15, 0xaa, 
    0x1f, 0x20, 0x03, 0xd5, 0x24, 0x78, 0x03, 0x10, 0x33, 0x06, 0x00, 0x94, 
    0x1f, 0x03, 0x08, 0xf1, 0x42, 0x57, 0x00, 0x54, 0x95, 0x0f, 0x40, 0xf9, 
    0x88, 0x83, 0x00, 0x91, 0x00, 0x07, 0x00, 0x91, 0xe8, 0x3b, 0x00, 0xf9, 
    0xe8, 0x43, 0x35, 0x91, 0xe2, 0x43, 0x35, 0x91, 0x15, 0x69, 0x38, 0x38, 
    0xb8, 0x02, 0x00, 0x8b, 0x03, 0x40, 0x80, 0x52, 0xe1, 0x03, 0x18, 0xaa, 
    0x1f, 0x20, 0x03, 0xd5, 0xc4, 0x77, 0x03, 0x10, 0xf2, 0x06, 0x00, 0x94, 
    0x82, 0x0b, 0x40, 0xf9, 0xe3, 0x03, 0x15, 0xaa, 0x1f, 0x20, 0x03, 0xd5, 
    0xe4, 0x77, 0x03, 0x10, 0x1f, 0x06, 0x00, 0x94, 0xfc, 0x3b, 0x40, 0xf9, 
    0x39, 0x83, 0x00, 0xd1, 0xd6, 0xff, 0xff, 0x17, 0xe0, 0x03, 0x18, 0x2a, 
    0x82, 0x07, 0x00, 0x94, 0xe8, 0x03, 0x01, 0x2a, 0x41, 0x00, 0x00, 0x14, 
    0x18, 0x2d, 0x00, 0xb4, 0x00, 0xe4, 0x00, 0x6f, 0x1f, 0x03, 0x02, 0xf1, 
    0x08, 0x10, 0x80, 0x52, 0x17, 0x33, 0x88, 0x9a, 0xf8, 0x03, 0x01, 0xaa, 
    0xe1, 0x43, 0x35, 0x91, 0xe0, 0x03, 0x17, 0xaa, 0x02, 0x10, 0x80, 0x52, 
    0x1f, 0x20, 0x03, 0xd5, 0x03, 0xf9, 0x02, 0x10, 0xe0, 0x73, 0x83, 0x3d, 
    0xe0, 0x6f, 0x83, 0x3d, 0xe0, 0x6b, 0x83, 0x3d, 0xe0, 0x67, 0x83, 0x3d, 
    0xe0, 0x63, 0x83, 0x3d, 0xe0, 0x5f, 0x83, 0x3d, 0xe0, 0x5b, 0x83, 0x3d, 
    0xe0, 0x57, 0x83, 0x3d, 0xb0, 0x03, 0x00, 0x94, 0xe2, 0x3b, 0x40, 0xf9, 
    0xe3, 0x03, 0x17, 0xaa, 0x1f, 0x20, 0x03, 0xd5, 0x24, 0xf8, 0x02, 0x10, 
    0xff, 0x05, 0x00, 0x94, 0x08, 0x55, 0x87, 0x52, 0xe1, 0x43, 0x35, 0x91, 
    0x02, 0x10, 0x80, 0x52, 0x60, 0x02, 0x08, 0x8b, 0x77, 0x52, 0x1d, 0xf9, 
    0x17, 0x0e, 0x00, 0x94, 0xe1, 0x03, 0x18, 0xaa, 0x68, 0x00, 0x80, 0x52, 
    0x48, 0x01, 0x00, 0x14, 0x1f, 0xf1, 0x07, 0xf1, 0x08, 0xa0, 0xff, 0x54, 
    0xe1, 0x37, 0x40, 0xf9, 0xe0, 0x43, 0x35, 0x91, 0x02, 0x11, 0x00, 0x91, 
    0x1f, 0x20, 0x03, 0xd5, 0x83, 0x8f, 0x02, 0x10, 0xfe, 0x03, 0x00, 0x94, 
    0xe8, 0x26, 0x42, 0xb9, 0xe2, 0xc3, 0x02, 0x91, 0x83, 0x00, 0x80, 0x52, 
    0x1f, 0x20, 0x03, 0xd5, 0x84, 0x8f, 0x02, 0x10, 0xe8, 0xb3, 0x00, 0xb9, 
    0xe7, 0x05, 0x00, 0x94, 0xe8, 0xc6, 0x48, 0x39, 0xe9, 0x37, 0x40, 0xf9, 
    0x1f, 0x09, 0x00, 0x71, 0xe0, 0x9d, 0xff, 0x54, 0xe0, 0x43, 0x35, 0x91, 
    0x21, 0x11, 0x00, 0x91, 0x1f, 0x20, 0x03, 0xd5, 0x02, 0x8f, 0x02, 0x10, 
    0xb7, 0x03, 0x00, 0x94, 0xe8, 0x52, 0x40, 0x39, 0xe2, 0x03, 0x00, 0xaa, 
    0xe0, 0x12, 0x40, 0xb9, 0x83, 0x0c, 0x00, 0x94, 0xe5, 0xfc, 0xff, 0x17, 
    0x68, 0x01, 0x80, 0x12, 0xe9, 0x43, 0x40, 0xf9, 0x29, 0x7d, 0x60, 0x92, 
    0x38, 0x01, 0x08, 0xaa, 0xfc, 0x57, 0x40, 0xf9, 0xe0, 0x43, 0x35, 0x91, 
    0xe1, 0x03, 0x1f, 0x2a, 0x1f, 0x20, 0x03, 0xd5, 0xa2, 0x57, 0x02, 0x30, 
    0x43, 0x02, 0x80, 0x52, 0xe4, 0x03, 0x1f, 0x2a, 0x37, 0x00, 0x80, 0x52, 
    0xf6, 0x02, 0x00, 0x94, 0xb8, 0x0c, 0x00, 0x94, 0xe0, 0x3b, 0x40, 0xf9, 
    0x08, 0x0d, 0x80, 0x52, 0x01, 0x00, 0x00, 0xd4, 0xcb, 0xfd, 0xff, 0x17, 
    0x88, 0xff, 0x60, 0xd3, 0xe0, 0x03, 0x18, 0xaa, 0xe1, 0x03, 0x1f, 0x2a, 
    0x02, 0x08, 0x80, 0x52, 0xe8, 0x43, 0x00, 0xf9, 0xe8, 0xab, 0x44, 0xf9, 
    0xe8, 0x37, 0x00, 0xf9, 0xde, 0x0d, 0x00, 0x94, 0x88, 0x06, 0x80, 0x52, 
    0xa9, 0x7e, 0x10, 0x53, 0xaa, 0x7e, 0x08, 0x53, 0x08, 0x02, 0xa0, 0x72, 
    0xe0, 0x43, 0x35, 0x91, 0xe2, 0x43, 0x25, 0x91, 0x08, 0x13, 0x00, 0xb9, 
    0xa8, 0x7e, 0x18, 0x53, 0xe1, 0x03, 0x1c, 0x2a, 0xbf, 0x3b, 0x03, 0xd5, 
    0xe9, 0x4f, 0x25, 0x39, 0xa3, 0x00, 0x80, 0x52, 0xe8, 0x53, 0x25, 0x39, 
    0x88, 0x06, 0x80, 0xd2, 0xe9, 0x07, 0x40, 0xf9, 0x08, 0x02, 0xa0, 0xf2, 
    0xff, 0x43, 0x25, 0x39, 0x28, 0x00, 0xc0, 0xf2, 0xea, 0x4b, 0x25, 0x39, 
    0x09, 0x9d, 0x40, 0xb3, 0xf5, 0x47, 0x25, 0x39, 0xe9, 0x07, 0x00, 0xf9, 
    0x69, 0x07, 0x00, 0x94, 0xe0, 0x43, 0x1c, 0x91, 0x81, 0x00, 0x80, 0x52, 
    0x1f, 0x20, 0x03, 0xd5, 0xe2, 0x52, 0x02, 0x10, 0xff, 0x8f, 0x03, 0xf9, 
    0xff, 0x8b, 0x03, 0xf9, 0xa1, 0x03, 0x00, 0x94, 0x22, 0x00, 0x00, 0xb0, 
    0x42, 0x10, 0x17, 0x91, 0x83, 0x00, 0x80, 0x52, 0x1f, 0x20, 0x03, 0xd5, 
    0xa4, 0x52, 0x02, 0x10, 0x9b, 0x05, 0x00, 0x94, 0xe0, 0x43, 0x1c, 0x91, 
    0x81, 0x00, 0x80, 0x52, 0x02, 0x01, 0x80, 0x52, 0x1f, 0x20, 0x03, 0xd5, 
    0xa3, 0x52, 0x02, 0x10, 0x90, 0x03, 0x00, 0x94, 0xe8, 0x43, 0x40, 0xf9, 
    0xe2, 0x43, 0x35, 0x91, 0x83, 0x00, 0x80, 0x52, 0x1f, 0x20, 0x03, 0xd5, 
    0xa4, 0x52, 0x02, 0x10, 0xe8, 0x53, 0x0d, 0xb9, 0x8e, 0x05, 0x00, 0x94, 
    0xe0, 0x43, 0x1c, 0x91, 0x01, 0x01, 0x80, 0x52, 0x42, 0x01, 0x80, 0x52, 
    0x1f, 0x20, 0x03, 0xd5, 0x83, 0x52, 0x02, 0x10, 0x83, 0x03, 0x00, 0x94, 
    0xe8, 0x7a, 0x40, 0x79, 0xe2, 0x43, 0x35, 0x91, 0x43, 0x00, 0x80, 0x52, 
    0x1f, 0x20, 0x03, 0xd5, 0x84, 0x52, 0x02, 0x10, 0xe8, 0xa3, 0x1a, 0x79, 
    0x81, 0x05, 0x00, 0x94, 0xe0, 0x43, 0x1c, 0x91, 0x41, 0x01, 0x80, 0x52, 
    0x82, 0x01, 0x80, 0x52, 0x1f, 0x20, 0x03, 0xd5, 0x63, 0x52, 0x02, 0x10, 
    0x76, 0x03, 0x00, 0x94, 0xe8, 0x7e, 0x40, 0x79, 0xe2, 0x43, 0x35, 0x91, 
    0x43, 0x00, 0x80, 0x52, 0x1f, 0x20, 0x03, 0xd5, 0x64, 0x52, 0x02, 0x10, 
    0xe8, 0xa3, 0x1a, 0x79, 0x74, 0x05, 0x00, 0x94, 0xe2, 0x43, 0x1c, 0x91, 
    0xe0, 0x3b, 0x40, 0xf9, 0xe1, 0x03, 0x1f, 0x2a, 0x83, 0x01, 0x80, 0x52, 
    0x10, 0x08, 0x00, 0x94, 0x1f, 0x70, 0x00, 0x71, 0x61, 0x19, 0x00, 0x54, 
    0xe0, 0x43, 0x25, 0x91, 0x41, 0x00, 0x80, 0x52, 0x1f, 0x20, 0x03, 0xd5, 
    0x82, 0x51, 0x02, 0x10, 0xe3, 0x01, 0x80, 0x52, 0x24, 0x00, 0x80, 0x52, 
    0x90, 0x02, 0x00, 0x94, 0xe0, 0xab, 0x45, 0xf9, 0x08, 0xd0, 0x07, 0xd1, 
    0x1f, 0x05, 0x08, 0xb1, 0x03, 0x06, 0x00, 0x54, 0x1f, 0xfc, 0x07, 0xf1, 
    0xe8, 0x43, 0x25, 0x91, 0x28, 0x38, 0x00, 0x54, 0x69, 0x00, 0x80, 0x52, 
    0x09, 0x69, 0x20, 0x38, 0xe8, 0xab, 0x45, 0xf9, 0xe9, 0x43, 0x25, 0x91, 
    0x00, 0x05, 0x00, 0x91, 0x1f, 0x00, 0x08, 0xf1, 0xe0, 0xab, 0x05, 0xf9, 
    0x82, 0x37, 0x00, 0x54, 0x3f, 0x69, 0x20, 0x38, 0xe0, 0x43, 0x25, 0x91, 
    0x1f, 0x20, 0x03, 0xd5, 0x83, 0x09, 0x02, 0x10, 0xe8, 0xab, 0x45, 0xf9, 
    0xf5, 0x03, 0x15, 0x2a, 0x8d, 0x0c, 0x00, 0x94, 0x1f, 0x20, 0x03, 0xd5, 
    0x82, 0x4e, 0x02, 0x70, 0x63, 0x00, 0x80, 0x52, 0x1f, 0x20, 0x03, 0xd5, 
    0x44, 0x09, 0x02, 0x10, 0x4a, 0x05, 0x00, 0x94, 0xe8, 0xab, 0x45, 0xf9, 
    0xe0, 0x43, 0x25, 0x91, 0x01, 0x0d, 0x00, 0x91, 0xe1, 0xab, 0x05, 0xf9, 
    0x5f, 0x03, 0x00, 0x94, 0xe4, 0x03, 0x1e, 0xaa, 0xf6, 0x0c, 0x00, 0x94, 
    0xfe, 0x03, 0x04, 0xaa, 0x00, 0x01, 0x80, 0x52, 0xe1, 0x03, 0x02, 0xaa, 
    0xe2, 0x03, 0x03, 0xaa, 0x1f, 0x20, 0x03, 0xd5, 0xc3, 0x8a, 0x03, 0x10, 
    0x03, 0x06, 0x00, 0x94, 0xe2, 0x43, 0x35, 0x91, 0x03, 0x01, 0x80, 0x52, 
    0x1f, 0x20, 0x03, 0xd5, 0xe4, 0x8a, 0x03, 0x10, 0xf5, 0xab, 0x06, 0xf9, 
    0x36, 0x05, 0x00, 0x94, 0xe8, 0xab, 0x45, 0xf9, 0x08, 0x21, 0x00, 0x91, 
    0xe8, 0xab, 0x05, 0xf9, 0x64, 0x0c, 0x00, 0x94, 0x1e, 0x0c, 0x00, 0x94, 
    0x00, 0xe4, 0x00, 0x6f, 0xe0, 0x63, 0x83, 0x3d, 0xe0, 0x5f, 0x83, 0x3d, 
    0xe0, 0x5b, 0x83, 0x3d, 0xe0, 0x57, 0x83, 0x3d, 0xe1, 0x3a, 0x40, 0xb9, 
    0xe0, 0x43, 0x25, 0x91, 0xe2, 0x43, 0x35, 0x91, 0x03, 0x08, 0x80, 0x52, 
    0x7e, 0x06, 0x00, 0x94, 0xe8, 0x53, 0x49, 0xb9, 0x68, 0x00, 0x00, 0x37, 
    0xe8, 0xaf, 0x44, 0xf9, 0x08, 0xff, 0xff, 0xb5, 0xe0, 0x03, 0x13, 0xaa, 
    0xe1, 0x03, 0x1c, 0x2a, 0x62, 0x00, 0x80, 0x52, 0x68, 0x0b, 0x00, 0x94, 
    0xe0, 0x03, 0x13, 0xaa, 0xe1, 0x3b, 0x40, 0xf9, 0x82, 0x00, 0x80, 0x52, 
    0x64, 0x0b, 0x00, 0x94, 0xe8, 0xb2, 0x40, 0x39, 0x1f, 0x09, 0x00, 0x71, 
    0x80, 0x00, 0x00, 0x54, 0xe0, 0x22, 0x40, 0xb9, 0x08, 0x0d, 0x80, 0x52, 
    0x01, 0x00, 0x00, 0xd4, 0xe8, 0x37, 0x40, 0xf9, 0xe0, 0x03, 0x17, 0xaa, 
    0xf8, 0xa2, 0x00, 0xa9, 0x08, 0x08, 0x82, 0x52, 0x28, 0x00, 0xa0, 0x72, 
    0xe8, 0x0e, 0x00, 0xf9, 0xe8, 0x43, 0x40, 0xf9, 0xfc, 0x22, 0x04, 0x29, 
    0xe8, 0x07, 0x40, 0xf9, 0xe8, 0x16, 0x00, 0xf9, 0xe3, 0xeb, 0xff, 0x97, 
    0xe8, 0x3b, 0x40, 0xf9, 0xfc, 0x57, 0x40, 0xf9, 0xff, 0x12, 0x00, 0x39, 
    0xe8, 0x02, 0x00, 0xb9, 0x28, 0x00, 0x80, 0x52, 0xe8, 0x0a, 0x01, 0x39, 
    0x37, 0x00, 0x80, 0x52, 0x06, 0xfd, 0xff, 0x17, 0x00, 0x01, 0x80, 0x52, 
    0xe1, 0x03, 0x15, 0xaa, 0xe2, 0x03, 0x18, 0xaa, 0x1f, 0x20, 0x03, 0xd5, 
    0xc3, 0x90, 0x02, 0x10, 0xaf, 0x02, 0x00, 0x94, 0xe0, 0x37, 0x00, 0xf9, 
    0xf8, 0x03, 0x01, 0xaa, 0xe0, 0x43, 0x35, 0x91, 0x01, 0x01, 0x80, 0x52, 
    0x1f, 0x20, 0x03, 0xd5, 0xa2, 0x90, 0x02, 0x10, 0x1b, 0x03, 0x00, 0x94, 
    0xe2, 0x03, 0x15, 0xaa, 0x03, 0x01, 0x80, 0x52, 0x1f, 0x20, 0x03, 0xd5, 
    0xc4, 0x90, 0x02, 0x10, 0xf0, 0x04, 0x00, 0x94, 0xe8, 0x4b, 0x75, 0x39, 
    0xe9, 0x4f, 0x75, 0x39, 0xe0, 0x43, 0x35, 0x91, 0x41, 0x00, 0x80, 0x52, 
    0x82, 0x00, 0x80, 0x52, 0x1f, 0x20, 0x03, 0xd5, 0x83, 0x90, 0x02, 0x10, 
    0x08, 0x21, 0x09, 0x2a, 0x15, 0x01, 0x1d, 0x32, 0x07, 0x03, 0x00, 0x94, 
    0xe2, 0xe3, 0x0a, 0x91, 0x43, 0x00, 0x80, 0x52, 0x1f, 0x20, 0x03, 0xd5, 
    0x64, 0x90, 0x02, 0x10, 0xf5, 0x73, 0x05, 0x79, 0xe0, 0x04, 0x00, 0x94, 
    0xf5, 0x3b, 0x40, 0xf9, 0xe0, 0x43, 0x35, 0x91, 0x21, 0x01, 0x80, 0x52, 
    0x1f, 0x20, 0x03, 0xd5, 0x43, 0x90, 0x02, 0x10, 0xf9, 0x63, 0x35, 0x39, 
    0xe2, 0x03, 0x15, 0xaa, 0xf9, 0x02, 0x00, 0x94, 0xe2, 0x03, 0x17, 0xaa, 
    0xe3, 0x03, 0x19, 0xaa, 0x1f, 0x20, 0x03, 0xd5, 0x24, 0x90, 0x02, 0x10, 
    0xd3, 0x04, 0x00, 0x94, 0xe8, 0x46, 0x80, 0x52, 0xe0, 0x43, 0x35, 0x91, 
    0xe1, 0x03, 0x15, 0xaa, 0x08, 0x01, 0x19, 0xcb, 0x1f, 0x20, 0x03, 0xd5, 
    0x03, 0x90, 0x02, 0x10, 0x1f, 0x01, 0x18, 0xeb, 0x17, 0x31, 0x98, 0x9a, 
    0xe2, 0x02, 0x15, 0x8b, 0xea, 0x02, 0x00, 0x94, 0xe2, 0x37, 0x40, 0xf9, 
    0xe3, 0x03, 0x17, 0xaa, 0x1f, 0x20, 0x03, 0xd5, 0xc4, 0x8f, 0x02, 0x10, 
    0xc4, 0x04, 0x00, 0x94, 0xf8, 0x17, 0x40, 0xf9, 0x15, 0x01, 0x80, 0x52, 
    0x95, 0x77, 0xff, 0xb4, 0x08, 0x87, 0x48, 0x39, 0x1f, 0x09, 0x00, 0x71, 
    0x60, 0x01, 0x00, 0x54, 0xe8, 0x3b, 0x40, 0xf9, 0xe0, 0x43, 0x35, 0x91, 
    0x1f, 0x20, 0x03, 0xd5, 0x62, 0xbf, 0x02, 0x10, 0xe1, 0x02, 0x08, 0x8b, 
    0x9e, 0x02, 0x00, 0x94, 0x08, 0x13, 0x40, 0x39, 0xe2, 0x03, 0x00, 0xaa, 
    0x00, 0x03, 0x40, 0xb9, 0x5d, 0x0b, 0x00, 0x94, 0x18, 0xd3, 0x08, 0x91, 
    0xb5, 0x06, 0x00, 0xd1, 0x95, 0x75, 0xff, 0xb4, 0xf0, 0xff, 0xff, 0x17, 
    0x48, 0x00, 0x80, 0x52, 0x61, 0x4e, 0x1d, 0xf9, 0xe0, 0x43, 0x25, 0x91, 
    0xe1, 0x03, 0x15, 0xaa, 0x1f, 0x20, 0x03, 0xd5, 0x22, 0xce, 0x02, 0x10, 
    0x99, 0xa0, 0x82, 0x52, 0x37, 0x00, 0x80, 0x52, 0x68, 0x4a, 0x1d, 0xf9, 
    0x7f, 0x02, 0x00, 0x94, 0x23, 0x0b, 0x00, 0x94, 0x7f, 0x4a, 0x1d, 0xf9, 
    0xbe, 0xfc, 0xff, 0x17, 0xe0, 0x43, 0x35, 0x91, 0xe1, 0x03, 0x1f, 0x2a, 
    0x1f, 0x20, 0x03, 0xd5, 0xc2, 0x38, 0x02, 0x50, 0xa3, 0x02, 0x80, 0x52, 
    0x77, 0x0b, 0x00, 0x94, 0x89, 0x0b, 0x00, 0x94, 0xe0, 0x03, 0x1c, 0x2a, 
    0x08, 0x0d, 0x80, 0x52, 0x37, 0x00, 0x80, 0x52, 0x01, 0x00, 0x00, 0xd4, 
    0xfc, 0x57, 0x40, 0xf9, 0xcc, 0xfe, 0xff, 0x17, 0xbf, 0x0e, 0x00, 0xf1, 
    0x08, 0x36, 0x00, 0x54, 0x0a, 0x84, 0x80, 0x52, 0xe9, 0x47, 0x40, 0xf9, 
    0xa4, 0x26, 0x0a, 0x9b, 0x89, 0x00, 0x40, 0xb9, 0x3f, 0x09, 0x00, 0x71, 
    0xe1, 0x00, 0x00, 0x54, 0xe1, 0x3b, 0x40, 0xf9, 0xe0, 0x43, 0x1c, 0x91, 
    0xf5, 0x03, 0x0b, 0xaa, 0x1f, 0x20, 0x03, 0xd5, 0x02, 0x8f, 0x02, 0x10, 
    0x3d, 0xfd, 0xff, 0x17, 0xa8, 0x06, 0x80, 0x37, 0x7f, 0x40, 0x00, 0xf1, 
    0xa1, 0x07, 0x00, 0x54, 0x88, 0x28, 0x48, 0x79, 0x1f, 0x85, 0x10, 0x71, 
    0x41, 0x07, 0x00, 0x54, 0xa8, 0x04, 0x40, 0x39, 0xa9, 0x00, 0x40, 0x39, 
    0xec, 0x03, 0x05, 0xaa, 0xab, 0x08, 0x40, 0x39, 0xed, 0x03, 0x05, 0xaa, 
    0xaa, 0x0c, 0x40, 0x39, 0x8e, 0x4d, 0x40, 0x38, 0x81, 0x09, 0x40, 0x39, 
    0x28, 0x21, 0x08, 0xaa, 0x69, 0xbd, 0x70, 0xd3, 0xaf, 0x24, 0x40, 0x39, 
    0xab, 0x8d, 0x40, 0x38, 0xb0, 0x0d, 0x40, 0x39, 0xb1, 0x09, 0x40, 0x39, 
    0xb2, 0x4d, 0x40, 0x38, 0xa0, 0x09, 0x40, 0x39, 0xa2, 0x14, 0x40, 0x39, 
    0x8c, 0x0d, 0x40, 0x39, 0x21, 0x3c, 0x10, 0x53, 0x6b, 0x21, 0x0f, 0xaa, 
    0x2f, 0xbe, 0x70, 0xd3, 0xb1, 0x34, 0x40, 0x39, 0xad, 0x0d, 0x40, 0x39, 
    0x00, 0x3c, 0x10, 0x53, 0x29, 0x61, 0x0a, 0xaa, 0xca, 0x21, 0x02, 0x2a, 
    0x2c, 0x60, 0x0c, 0x2a, 0xef, 0x61, 0x10, 0xaa, 0x50, 0x22, 0x11, 0x2a, 
    0x0d, 0x60, 0x0d, 0x2a, 0x28, 0x01, 0x08, 0xaa, 0x89, 0x01, 0x0a, 0x2a, 
    0x08, 0x81, 0x09, 0xaa, 0xe9, 0xed, 0x8e, 0xd2, 0xeb, 0x01, 0x0b, 0xaa, 
    0xad, 0x01, 0x10, 0x2a, 0xc9, 0x0d, 0xa4, 0xf2, 0x6a, 0x81, 0x0d, 0xaa, 
    0x69, 0xad, 0xcc, 0xf2, 0x29, 0x4f, 0xe1, 0xf2, 0x5f, 0x01, 0x09, 0xeb, 
    0xa9, 0x48, 0x8a, 0xd2, 0x49, 0x0a, 0xa4, 0xf2, 0xa9, 0xce, 0xcd, 0xf2, 
    0x69, 0xcd, 0xed, 0xf2, 0x00, 0x01, 0x49, 0xfa, 0x81, 0x01, 0x00, 0x54, 
    0x28, 0x23, 0xd8, 0x1a, 0x89, 0x70, 0x50, 0x39, 0x28, 0x01, 0x08, 0x2a, 
    0x88, 0x70, 0x10, 0x39, 0x88, 0x70, 0x50, 0x39, 0x89, 0x6c, 0x50, 0x39, 
    0x3f, 0x01, 0x28, 0x6a, 0xe1, 0x6a, 0xff, 0x54, 0xda, 0x0b, 0x00, 0x94, 
    0x55, 0xfb, 0xff, 0x17, 0x43, 0xff, 0xff, 0xb4, 0x88, 0x68, 0x50, 0x39, 
    0x00, 0xe4, 0x00, 0x6f, 0x89, 0x04, 0x40, 0xb9, 0xe5, 0x8f, 0x05, 0xa9, 
    0xe8, 0x6b, 0x00, 0xb9, 0xe8, 0xc6, 0x48, 0x39, 0xe4, 0x3b, 0x00, 0xf9, 
    0x1f, 0x09, 0x00, 0x71, 0xe0, 0x6b, 0x82, 0x3d, 0xe0, 0x67, 0x82, 0x3d, 
    0xe0, 0x63, 0x82, 0x3d, 0xe0, 0x5f, 0x82, 0x3d, 0xe9, 0x53, 0x00, 0xb9, 
    0xe0, 0x5b, 0x82, 0x3d, 0xe0, 0x57, 0x82, 0x3d, 0x61, 0x00, 0x00, 0x54, 
    0xfc, 0x03, 0x1f, 0xaa, 0x37, 0x00, 0x00, 0x14, 0xfc, 0xaa, 0x48, 0x39, 
    0xf9, 0xc2, 0x48, 0x39, 0xe1, 0x43, 0x25, 0x91, 0x02, 0x0c, 0x80, 0x52, 
    0x1f, 0x20, 0x03, 0xd5, 0xa3, 0xa6, 0x02, 0x10, 0xe0, 0x03, 0x1c, 0xaa, 
    0xf5, 0x27, 0x00, 0xf9, 0xd9, 0x01, 0x00, 0x94, 0xf5, 0x03, 0x00, 0xaa, 
    0xf8, 0x03, 0x01, 0xaa, 0xe0, 0x72, 0x00, 0x91, 0xe1, 0x03, 0x1c, 0xaa, 
    0x1f, 0x20, 0x03, 0xd5, 0x42, 0xa6, 0x02, 0x10, 0x13, 0x02, 0x00, 0x94, 
    0xe4, 0x03, 0x1e, 0xaa, 0xd7, 0x0b, 0x00, 0x94, 0xfe, 0x03, 0x04, 0xaa, 
    0xe0, 0x03, 0x15, 0xaa, 0xe1, 0x03, 0x18, 0xaa, 0x1f, 0x20, 0x03, 0xd5, 
    0x04, 0xa6, 0x02, 0x10, 0x1e, 0x04, 0x00, 0x94, 0xb9, 0x03, 0x00, 0xb4, 
    0x9f, 0x7f, 0x01, 0x71, 0x68, 0x27, 0x00, 0x54, 0xea, 0x03, 0x19, 0xaa, 
    0x81, 0x07, 0x00, 0x91, 0xe8, 0x43, 0x25, 0x91, 0xe9, 0x05, 0x80, 0x52, 
    0x09, 0x69, 0x3c, 0x38, 0x3c, 0x00, 0x0a, 0x8b, 0xe0, 0x43, 0x25, 0x91, 
    0xe2, 0x03, 0x1c, 0xaa, 0x1f, 0x20, 0x03, 0xd5, 0xc3, 0xa5, 0x02, 0x10, 
    0x4a, 0x02, 0x00, 0x94, 0xf8, 0x03, 0x00, 0xaa, 0xf5, 0x03, 0x01, 0xaa, 
    0xe0, 0x03, 0x17, 0xaa, 0xe1, 0x03, 0x19, 0xaa, 0x1f, 0x20, 0x03, 0xd5, 
    0xa2, 0xa5, 0x02, 0x10, 0xca, 0x01, 0x00, 0x94, 0xe4, 0x03, 0x1e, 0xaa, 
    0xba, 0x0b, 0x00, 0x94, 0xfe, 0x03, 0x04, 0xaa, 0xe0, 0x03, 0x18, 0xaa, 
    0xe1, 0x03, 0x15, 0xaa, 0x1f, 0x20, 0x03, 0xd5, 0x64, 0xa5, 0x02, 0x10, 
    0x01, 0x04, 0x00, 0x94, 0xf5, 0x27, 0x40, 0xf9, 0xe0, 0x43, 0x25, 0x91, 
    0xe1, 0x03, 0x1c, 0xaa, 0x1f, 0x20, 0x03, 0xd5, 0x62, 0xa5, 0x02, 0x10, 
    0xef, 0x01, 0x00, 0x94, 0xe8, 0x6b, 0x40, 0xb9, 0xf8, 0x03, 0x00, 0xaa, 
    0xf7, 0x03, 0x01, 0xaa, 0xa8, 0x02, 0x00, 0x36, 0xe0, 0x43, 0x35, 0x91, 
    0x96, 0x0a, 0x00, 0x94, 0xe5, 0x9b, 0x45, 0xa9, 0xe0, 0x43, 0x35, 0x91, 
    0x01, 0x40, 0x80, 0x52, 0xe2, 0x03, 0x1f, 0xaa, 0x7b, 0x0b, 0x00, 0x94, 
    0x60, 0x01, 0x00, 0xb4, 0xe1, 0x03, 0x00, 0xaa, 0xe0, 0x43, 0x35, 0x91, 
    0x1f, 0x20, 0x03, 0xd5, 0x02, 0xa4, 0x02, 0x10, 0xc3, 0x01, 0x00, 0x94, 
    0xe3, 0x03, 0x01, 0xaa, 0xe1, 0x53, 0x40, 0xb9, 0xe2, 0x03, 0x00, 0xaa, 
    0xe0, 0x03, 0x13, 0xaa, 0xad, 0x09, 0x00, 0x94, 0xe4, 0x3b, 0x40, 0xf9, 
    0x0e, 0x00, 0x00, 0x14, 0xe9, 0x3b, 0x40, 0xf9, 0x28, 0x01, 0x40, 0xb9, 
    0x1f, 0x09, 0x00, 0x71, 0x60, 0x5d, 0xff, 0x54, 0xe5, 0x9b, 0x45, 0xa9, 
    0x20, 0x21, 0x00, 0x91, 0x22, 0x2d, 0x48, 0x79, 0x01, 0x80, 0x80, 0x52, 
    0x65, 0x0b, 0x00, 0x94, 0xe4, 0x3b, 0x40, 0xf9, 0x88, 0x2c, 0x48, 0x79, 
    0x08, 0x01, 0x00, 0x0b, 0x88, 0x2c, 0x08, 0x79, 0x88, 0x00, 0x40, 0xb9, 
    0x1f, 0x09, 0x00, 0x71, 0xe0, 0x5b, 0xff, 0x54, 0x84, 0xff, 0xff, 0x17, 
    0x1f, 0xfc, 0x07, 0xf1, 0x48, 0x06, 0x00, 0x54, 0xe8, 0x43, 0x25, 0x91, 
    0x69, 0x00, 0x80, 0x52, 0x09, 0x69, 0x20, 0x38, 0xe9, 0xab, 0x45, 0xf9, 
    0x20, 0x05, 0x00, 0x91, 0x1f, 0x00, 0x08, 0xf1, 0xe0, 0xab, 0x05, 0xf9, 
    0xa2, 0x05, 0x00, 0x54, 0x1f, 0x69, 0x20, 0x38, 0x1f, 0x20, 0x03, 0xd5, 
    0xc3, 0xd7, 0x01, 0x10, 0xe8, 0xab, 0x45, 0xf9, 0xe0, 0x43, 0x25, 0x91, 
    0xff, 0x0a, 0x00, 0x94, 0x1f, 0x20, 0x03, 0xd5, 0x22, 0xba, 0x02, 0x30, 
    0x1f, 0x20, 0x03, 0xd5, 0xa4, 0xd7, 0x01, 0x10, 0xdf, 0x0a, 0x00, 0x94, 
    0xe8, 0xab, 0x45, 0xf9, 0xe0, 0x43, 0x25, 0x91, 0x01, 0x0d, 0x00, 0x91, 
    0xe1, 0xab, 0x05, 0xf9, 0xd2, 0x01, 0x00, 0x94, 0xe2, 0x03, 0x00, 0xaa, 
    0xe4, 0x03, 0x01, 0xaa, 0x1f, 0x20, 0x03, 0xd5, 0x23, 0x58, 0x03, 0x10, 
    0x00, 0x01, 0x80, 0x52, 0xe1, 0x03, 0x02, 0xaa, 0xe2, 0x03, 0x04, 0xaa, 
    0x77, 0x04, 0x00, 0x94, 0xe8, 0x03, 0x14, 0x2a, 0x1f, 0x20, 0x03, 0xd5, 
    0x04, 0x58, 0x03, 0x10, 0x08, 0x1d, 0x40, 0x92, 0xe2, 0x43, 0x35, 0x91, 
    0x03, 0x01, 0x80, 0x52, 0xe8, 0xab, 0x06, 0xf9, 0xa8, 0x03, 0x00, 0x94, 
    0xe8, 0xab, 0x45, 0xf9, 0x08, 0x21, 0x00, 0x91, 0xe8, 0xab, 0x05, 0xf9, 
    0x2a, 0xf9, 0xff, 0x17, 0x1f, 0x20, 0x03, 0xd5, 0xa3, 0x9e, 0x02, 0x10, 
    0x20, 0x00, 0x80, 0x52, 0x02, 0x04, 0x80, 0x52, 0xf5, 0x01, 0x00, 0x94, 
    0x1f, 0x20, 0x03, 0xd5, 0x42, 0xd1, 0x01, 0x10, 0x03, 0x00, 0x00, 0x14, 
    0x1f, 0x20, 0x03, 0xd5, 0xa2, 0xd1, 0x01, 0x10, 0x05, 0x0b, 0x00, 0x94, 
    0x1f, 0x20, 0x03, 0xd5, 0xc3, 0x3d, 0x02, 0x10, 0xe0, 0x03, 0x1f, 0xaa, 
    0xe1, 0x03, 0x15, 0xaa, 0x08, 0x0b, 0x00, 0x94, 0x1f, 0x20, 0x03, 0xd5, 
    0xa2, 0xcf, 0x02, 0x10, 0x00, 0x04, 0x80, 0x52, 0xfa, 0x0a, 0x00, 0x94, 
    0x1f, 0x20, 0x03, 0xd5, 0x22, 0xae, 0x02, 0x10, 0x00, 0x02, 0x80, 0x52, 
    0x01, 0x02, 0x80, 0x52, 0x04, 0x03, 0x00, 0x94, 0x1f, 0x20, 0x03, 0xd5, 
    0x02, 0x9a, 0x02, 0x10, 0x81, 0x00, 0x80, 0x52, 0x00, 0x03, 0x00, 0x94, 
    0x1f, 0x20, 0x03, 0xd5, 0x42, 0x69, 0x02, 0x10, 0xe0, 0x03, 0x1c, 0xaa, 
    0xab, 0x0a, 0x00, 0x94, 0x1f, 0x20, 0x03, 0xd5, 0x02, 0x44, 0x02, 0x10, 
    0x80, 0x00, 0x80, 0x52, 0xf7, 0xff, 0xff, 0x17, 0x1f, 0x20, 0x03, 0xd5, 
    0x42, 0x3e, 0x02, 0x10, 0xe0, 0x03, 0x17, 0xaa, 0xf8, 0xff, 0xff, 0x17, 
    0x1f, 0x20, 0x03, 0xd5, 0x42, 0x1f, 0x03, 0x10, 0x03, 0x00, 0x00, 0x14, 
    0x1f, 0x20, 0x03, 0xd5, 0x22, 0x21, 0x03, 0x10, 0xe0, 0x03, 0x18, 0xaa, 
    0xdb, 0xff, 0xff, 0x17, 0xf4, 0x03, 0x00, 0x2a, 0xe0, 0x03, 0x16, 0x2a, 
    0x08, 0x0d, 0x80, 0x52, 0x01, 0x00, 0x00, 0xd4, 0x5b, 0x00, 0x00, 0x14, 
    0xe0, 0x43, 0x25, 0x91, 0xe1, 0x43, 0x1c, 0x91, 0x02, 0x0e, 0x80, 0x52, 
    0xf4, 0x43, 0x25, 0x91, 0x88, 0x0b, 0x00, 0x94, 0xf5, 0xdb, 0x25, 0x39, 
    0x89, 0xa0, 0x82, 0x52, 0x68, 0x0a, 0x55, 0xb9, 0x75, 0x6a, 0x69, 0x38, 
    0x09, 0x05, 0x00, 0x11, 0xbf, 0x0e, 0x00, 0x71, 0x69, 0x0a, 0x15, 0xb9, 
    0xa0, 0x09, 0x00, 0x54, 0x89, 0x21, 0x80, 0x52, 0xe0, 0x43, 0x35, 0x91, 
    0xe1, 0x03, 0x1f, 0x2a, 0x28, 0x81, 0x08, 0xaa, 0x02, 0x20, 0x80, 0x52, 
    0xff, 0xb7, 0x08, 0xf9, 0xf6, 0x43, 0x35, 0x91, 0xe8, 0xb3, 0x08, 0xf9, 
    0x78, 0x0b, 0x00, 0x94, 0xe0, 0x07, 0x40, 0x91, 0x00, 0x80, 0x05, 0x91, 
    0x4b, 0x06, 0x00, 0x94, 0xe0, 0xab, 0x06, 0xf9, 0xc0, 0x42, 0x00, 0x91, 
    0xe1, 0x03, 0x14, 0xaa, 0x02, 0x0e, 0x80, 0x52, 0xff, 0xaf, 0x06, 0xf9, 
    0x6e, 0x0b, 0x00, 0x94, 0x08, 0xa0, 0x82, 0x52, 0xe2, 0x43, 0x35, 0x91, 
    0xe1, 0x03, 0x15, 0x2a, 0x60, 0x6a, 0x68, 0xb8, 0x03, 0x10, 0x80, 0x52, 
    0xeb, 0x05, 0x00, 0x94, 0x1f, 0x70, 0x00, 0x71, 0x61, 0x06, 0x00, 0x54, 
    0x00, 0xe4, 0x00, 0x6f, 0xe0, 0x07, 0x40, 0x91, 0x08, 0xa0, 0x82, 0x52, 
    0xe2, 0x07, 0x40, 0x91, 0x00, 0xc0, 0x06, 0x91, 0x61, 0x02, 0x08, 0x8b, 
    0x42, 0xc0, 0x05, 0x91, 0x03, 0x08, 0x80, 0x52, 0xe0, 0x6b, 0x84, 0x3d, 
    0xe0, 0x67, 0x84, 0x3d, 0xe0, 0x63, 0x84, 0x3d, 0xe0, 0x5f, 0x84, 0x3d, 
    0x9a, 0x05, 0x00, 0x94, 0xe8, 0xb3, 0x51, 0xb9, 0x1f, 0x05, 0x00, 0x71, 
    0x60, 0x04, 0x00, 0x54, 0xe8, 0xdf, 0x48, 0xf9, 0x1f, 0x31, 0x00, 0xf1, 
    0x03, 0x04, 0x00, 0x54, 0xe0, 0x07, 0x40, 0x91, 0xe1, 0x07, 0x40, 0x91, 
    0x02, 0x08, 0x80, 0x52, 0x00, 0xc0, 0x06, 0x91, 0x21, 0xc0, 0x05, 0x91, 
    0x0d, 0x06, 0x00, 0x94, 0xe8, 0xb3, 0x51, 0xb9, 0x08, 0x03, 0x00, 0x36, 
    0xe8, 0x6b, 0x63, 0x79, 0x1f, 0x31, 0x04, 0xf1, 0xa1, 0x02, 0x00, 0x54, 
    0xeb, 0x07, 0x40, 0x91, 0x6b, 0xc1, 0x05, 0x91, 0x68, 0x21, 0x40, 0x39, 
    0x69, 0x25, 0x40, 0x39, 0x6a, 0x29, 0x40, 0x39, 0x6b, 0x2d, 0x40, 0x39, 
    0x28, 0x01, 0x08, 0x2a, 0x49, 0x01, 0x0b, 0x2a, 0x08, 0x01, 0x09, 0x2a, 
    0x68, 0x01, 0x00, 0x35, 0x1f, 0x20, 0x03, 0xd5, 0x22, 0xa5, 0x02, 0x70, 
    0xe0, 0x23, 0x14, 0x91, 0x41, 0x00, 0x80, 0x52, 0xa3, 0x00, 0x80, 0x52, 
    0xf4, 0x09, 0x00, 0x94, 0xe0, 0x23, 0x14, 0x91, 0x59, 0x07, 0x00, 0x94, 
    0x99, 0xa0, 0x82, 0x52, 0xa1, 0xf8, 0xff, 0x17, 0x14, 0x01, 0x80, 0x52, 
    0x00, 0xe4, 0x00, 0x6f, 0x1f, 0x20, 0x03, 0xd5, 0xa2, 0x90, 0x02, 0x10, 
    0xe0, 0x43, 0x35, 0x91, 0x81, 0x02, 0x80, 0x52, 0xe0, 0x63, 0x83, 0x3d, 
    0xe0, 0x5f, 0x83, 0x3d, 0xe0, 0x5b, 0x83, 0x3d, 0xe0, 0x57, 0x83, 0x3d, 
    0x40, 0x01, 0x00, 0x94, 0x1f, 0x20, 0x03, 0xd5, 0x42, 0x90, 0x02, 0x10, 
    0x1f, 0x20, 0x03, 0xd5, 0xc4, 0x90, 0x02, 0x10, 0x83, 0x02, 0x80, 0x52, 
    0x05, 0x03, 0x00, 0x94, 0xe8, 0x03, 0x14, 0x2a, 0x1f, 0x20, 0x03, 0xd5, 
    0xa9, 0xa2, 0x02, 0x10, 0x08, 0x1d, 0x7d, 0xd3, 0x1f, 0x20, 0x03, 0xd5, 
    0xc4, 0x92, 0x02, 0x10, 0xe2, 0x43, 0x35, 0x91, 0x80, 0x02, 0x80, 0x52, 
    0x03, 0x08, 0x80, 0x52, 0x33, 0x69, 0x68, 0xf8, 0x1f, 0x20, 0x03, 0xd5, 
    0x09, 0xa4, 0x02, 0x10, 0x35, 0x69, 0x68, 0xf8, 0x94, 0x1e, 0x00, 0x12, 
    0x61, 0x52, 0x00, 0x91, 0x9a, 0x00, 0x00, 0x94, 0xe2, 0x03, 0x15, 0xaa, 
    0xe3, 0x03, 0x13, 0xaa, 0x71, 0xed, 0xff, 0x97, 0x7c, 0x03, 0x00, 0x94, 
    0x1f, 0x20, 0x03, 0xd5, 0x42, 0x92, 0x02, 0x10, 0xe0, 0x43, 0x35, 0x91, 
    0x61, 0x52, 0x00, 0x91, 0xd9, 0x00, 0x00, 0x94, 0xe4, 0x03, 0x1e, 0xaa, 
    0xa7, 0x09, 0x00, 0x94, 0xfe, 0x03, 0x04, 0xaa, 0x01, 0x00, 0x00, 0xd4, 
    0x9f, 0x26, 0x00, 0x71, 0xe0, 0x07, 0x9f, 0x1a, 0xc3, 0x03, 0x00, 0x94, 
    0x1f, 0x20, 0x03, 0xd5, 0x42, 0x7c, 0x02, 0x10, 0xe0, 0x03, 0x15, 0xaa, 
    0x59, 0xff, 0xff, 0x17, 0x1f, 0x20, 0x03, 0xd5, 0xc2, 0x7e, 0x02, 0x10, 
    0xe0, 0x03, 0x1c, 0xaa, 0x01, 0x0c, 0x80, 0x52, 0x55, 0x02, 0x00, 0x94, 
    0xff, 0x83, 0x00, 0xd1, 0xfe, 0x0b, 0x00, 0xf9, 0xb9, 0x09, 0x00, 0x94, 
    0xfe, 0x0b, 0x40, 0xf9, 0x55, 0x0a, 0x00, 0x14, 0xfd, 0x0f, 0x1c, 0xf8, 
    0xfe, 0x5f, 0x01, 0xa9, 0xba, 0x09, 0x00, 0x94, 0xff, 0x43, 0x08, 0xd1, 
    0xf6, 0x03, 0x02, 0xaa, 0xf7, 0x03, 0x01, 0x2a, 0xf3, 0x03, 0x00, 0xaa, 
    0xe0, 0x23, 0x00, 0x91, 0xe1, 0x03, 0x1f, 0x2a, 0x02, 0x40, 0x80, 0x52, 
    0xf4, 0x03, 0x04, 0x2a, 0xf5, 0x03, 0x03, 0xaa, 0xe9, 0x0a, 0x00, 0x94, 
    0x08, 0x01, 0x80, 0x52, 0x8a, 0x00, 0x00, 0xb0, 0xe8, 0x07, 0x01, 0xf9, 
    0x28, 0xe0, 0x3b, 0xd5, 0x09, 0xe0, 0x3b, 0xd5, 0x4a, 0x0d, 0x40, 0xf9, 
    0x0a, 0x01, 0x00, 0xb4, 0x3f, 0x9d, 0x0f, 0xf1, 0x08, 0x01, 0x0a, 0xcb, 
    0x88, 0x01, 0x00, 0x54, 0x09, 0xb8, 0x8b, 0x52, 0x00, 0x01, 0x80, 0x52, 
    0x08, 0x09, 0xc9, 0x9a, 0x10, 0x00, 0x00, 0x14, 0x1f, 0x20, 0x03, 0xd5, 
    0xe9, 0x31, 0x08, 0x10, 0x2a, 0x7d, 0x5f, 0xc8, 0x2a, 0x01, 0x00, 0xb5, 
    0x28, 0xfd, 0x0a, 0xc8, 0xaa, 0xff, 0xff, 0x35, 0x07, 0x00, 0x00, 0x14, 
    0x0a, 0x7d, 0x80, 0x52, 0x00, 0x01, 0x80, 0x52, 0x29, 0x09, 0xca, 0x9a, 
    0x08, 0x09, 0xc9, 0x9a, 0x04, 0x00, 0x00, 0x14, 0x5f, 0x3f, 0x03, 0xd5, 
    0xe0, 0x07, 0x41, 0xf9, 0xe8, 0x03, 0x1f, 0x2a, 0x09, 0x7d, 0x08, 0x53, 
    0xe8, 0x2b, 0x00, 0x39, 0x0a, 0x7d, 0x10, 0x53, 0x08, 0x7d, 0x18, 0x53, 
    0x1f, 0x00, 0x08, 0xf1, 0xf7, 0x3b, 0x00, 0x39, 0xe9, 0x2f, 0x00, 0x39, 
    0xea, 0x33, 0x00, 0x39, 0xe8, 0x37, 0x00, 0x39, 0xff, 0x3f, 0x00, 0x39, 
    0x62, 0x07, 0x00, 0x54, 0xf7, 0x23, 0x00, 0x91, 0x08, 0x01, 0x80, 0x52, 
    0x1f, 0x20, 0x03, 0xd5, 0xe3, 0xfd, 0x02, 0x10, 0xe8, 0x6a, 0x20, 0x38, 
    0xe0, 0x23, 0x00, 0x91, 0xe8, 0x07, 0x41, 0xf9, 0x01, 0x05, 0x00, 0x91, 
    0x02, 0x25, 0x00, 0x91, 0xe1, 0x07, 0x01, 0xf9, 0xd3, 0x06, 0x00, 0x94, 
    0x1f, 0x20, 0x03, 0xd5, 0x82, 0xef, 0x01, 0x70, 0x1f, 0x20, 0x03, 0xd5, 
    0x44, 0xfd, 0x02, 0x10, 0x4d, 0x09, 0x00, 0x94, 0xe8, 0x07, 0x41, 0xf9, 
    0x00, 0x21, 0x00, 0x91, 0x1f, 0x00, 0x08, 0xf1, 0xe0, 0x07, 0x01, 0xf9, 
    0x22, 0x05, 0x00, 0x54, 0xf5, 0x6a, 0x20, 0x38, 0x1f, 0x20, 0x03, 0xd5, 
    0x63, 0xf8, 0x02, 0x10, 0xe8, 0x07, 0x41, 0xf9, 0xe0, 0x23, 0x00, 0x91, 
    0x01, 0x05, 0x00, 0x91, 0x22, 0x00, 0x15, 0x8b, 0xe1, 0x07, 0x01, 0xf9, 
    0xc0, 0x06, 0x00, 0x94, 0x1f, 0x20, 0x03, 0xd5, 0x24, 0xf8, 0x02, 0x10, 
    0xe2, 0x03, 0x16, 0xaa, 0x49, 0x09, 0x00, 0x94, 0xe8, 0x07, 0x41, 0xf9, 
    0x00, 0x01, 0x15, 0x8b, 0x1f, 0x00, 0x08, 0xf1, 0xe0, 0x07, 0x01, 0xf9, 
    0x42, 0x03, 0x00, 0x54, 0xe8, 0x23, 0x00, 0x91, 0x1f, 0x69, 0x20, 0x38, 
    0xe9, 0x07, 0x41, 0xf9, 0x20, 0x05, 0x00, 0x91, 0x1f, 0x00, 0x08, 0xf1, 
    0xe0, 0x07, 0x01, 0xf9, 0xc2, 0x02, 0x00, 0x54, 0x14, 0x69, 0x20, 0x38, 
    0xe1, 0x23, 0x00, 0x91, 0xe0, 0x03, 0x13, 0xaa, 0xe8, 0x07, 0x41, 0xf9, 
    0x02, 0x41, 0x80, 0x52, 0x08, 0x05, 0x00, 0x91, 0xe8, 0x07, 0x01, 0xf9, 
    0x8a, 0x0a, 0x00, 0x94, 0xff, 0x43, 0x08, 0x91, 0x5f, 0x09, 0x00, 0x94, 
    0xfe, 0x5f, 0x41, 0xa9, 0x8c, 0x09, 0x00, 0x14, 0x1f, 0x20, 0x03, 0xd5, 
    0x22, 0xf6, 0x02, 0x10, 0x09, 0x00, 0x00, 0x14, 0x1f, 0x20, 0x03, 0xd5, 
    0xc2, 0xf2, 0x02, 0x10, 0x06, 0x00, 0x00, 0x14, 0x1f, 0x20, 0x03, 0xd5, 
    0x62, 0xf8, 0x02, 0x10, 0x03, 0x00, 0x00, 0x14, 0x1f, 0x20, 0x03, 0xd5, 
    0x42, 0xf7, 0x02, 0x10, 0xc8, 0x09, 0x00, 0x94, 0x28, 0x00, 0x00, 0xeb, 
    0x22, 0x20, 0x43, 0xfa, 0x68, 0x00, 0x00, 0x54, 0x40, 0x00, 0x00, 0x8b, 
    0x4a, 0x09, 0x00, 0x14, 0xfe, 0x0f, 0x1f, 0xf8, 0xcd, 0x09, 0x00, 0x94, 
    0xe8, 0x03, 0x00, 0xaa, 0xe4, 0x03, 0x03, 0xaa, 0xe3, 0x03, 0x02, 0xaa, 
    0xe2, 0x03, 0x01, 0xaa, 0xe0, 0x03, 0x1f, 0xaa, 0xe1, 0x03, 0x08, 0xaa, 
    0xf3, 0xff, 0xff, 0x17, 0x48, 0x00, 0x00, 0xeb, 0x63, 0x00, 0x00, 0x54, 
    0x20, 0x00, 0x00, 0x8b, 0x3d, 0x09, 0x00, 0x14, 0xfe, 0x0f, 0x1f, 0xf8, 
    0xe1, 0x03, 0x02, 0xaa, 0x9d, 0x00, 0x00, 0x94, 0x48, 0x00, 0x00, 0xeb, 
    0x63, 0x00, 0x00, 0x54, 0x20, 0x00, 0x00, 0x8b, 0x36, 0x09, 0x00, 0x14, 
    0xfe, 0x0f, 0x1f, 0xf8, 0xe1, 0x03, 0x02, 0xaa, 0x96, 0x00, 0x00, 0x94, 
    0x3f, 0x44, 0x00, 0xf1, 0x42, 0x00, 0x00, 0x54, 0xc0, 0x03, 0x5f, 0xd6, 
    0xfe, 0x0f, 0x1f, 0xf8, 0x33, 0x09, 0x00, 0x94, 0x02, 0x02, 0x80, 0x52, 
    0x8f, 0x00, 0x00, 0x94, 0x3f, 0x04, 0x06, 0xf1, 0x42, 0x00, 0x00, 0x54, 
    0xc0, 0x03, 0x5f, 0xd6, 0xfe, 0x0f, 0x1f, 0xf8, 0x2c, 0x09, 0x00, 0x94, 
    0x02, 0x30, 0x80, 0x52, 0x88, 0x00, 0x00, 0x94, 0x48, 0x00, 0x01, 0xeb, 
    0xa3, 0x00, 0x00, 0x54, 0x5f, 0x04, 0x08, 0xf1, 0x62, 0x00, 0x00, 0x54, 
    0x00, 0x00, 0x01, 0x8b, 0x1f, 0x09, 0x00, 0x14, 0xfe, 0x0f, 0x1f, 0xf8, 
    0xe0, 0x03, 0x01, 0xaa, 0xe1, 0x03, 0x02, 0xaa, 0x9c, 0x09, 0x00, 0x94, 
    0x3f, 0x04, 0x08, 0xf1, 0x42, 0x00, 0x00, 0x54, 0xc0, 0x03, 0x5f, 0xd6, 
    0xfe, 0x0f, 0x1f, 0xf8, 0x1b, 0x09, 0x00, 0x94, 0x96, 0x09, 0x00, 0x94, 
    0x3f, 0x84, 0x00, 0xf1, 0x42, 0x00, 0x00, 0x54, 0xc0, 0x03, 0x5f, 0xd6, 
    0xfe, 0x0f, 0x1f, 0xf8, 0x15, 0x09, 0x00, 0x94, 0x02, 0x04, 0x80, 0x52, 
    0x71, 0x00, 0x00, 0x94, 0x3f, 0x04, 0x09, 0xf1, 0x42, 0x00, 0x00, 0x54, 
    0xc0, 0x03, 0x5f, 0xd6, 0xfe, 0x0f, 0x1f, 0xf8, 0x0e, 0x09, 0x00, 0x94, 
    0x02, 0x48, 0x80, 0x52, 0x6a, 0x00, 0x00, 0x94, 0x3f, 0x04, 0x01, 0xf1, 
    0x42, 0x00, 0x00, 0x54, 0xc0, 0x03, 0x5f, 0xd6, 0xfe, 0x0f, 0x1f, 0xf8, 
    0x07, 0x09, 0x00, 0x94, 0x02, 0x08, 0x80, 0x52, 0x63, 0x00, 0x00, 0x94, 
    0x3f, 0x84, 0x01, 0xf1, 0x42, 0x00, 0x00, 0x54, 0xc0, 0x03, 0x5f, 0xd6, 
    0xfe, 0x0f, 0x1f, 0xf8, 0x00, 0x09, 0x00, 0x94, 0x02, 0x0c, 0x80, 0x52, 
    0x5c, 0x00, 0x00, 0x94, 0xe5, 0x03, 0x1e, 0xaa, 0x18, 0x09, 0x00, 0x94, 
    0xfe, 0x03, 0x05, 0xaa, 0x03, 0x02, 0x80, 0x52, 0xa6, 0xff, 0xff, 0x17, 
    0xe4, 0x03, 0x1e, 0xaa, 0xad, 0x09, 0x00, 0x94, 0xfe, 0x03, 0x04, 0xaa, 
    0x02, 0x02, 0x80, 0x52, 0xa8, 0xff, 0xff, 0x17, 0xe5, 0x03, 0x1e, 0xaa, 
    0x0e, 0x09, 0x00, 0x94, 0xfe, 0x03, 0x05, 0xaa, 0x03, 0x30, 0x80, 0x52, 
    0x9c, 0xff, 0xff, 0x17, 0xe1, 0x03, 0x00, 0xaa, 0x1f, 0x20, 0x03, 0xd5, 
    0xa3, 0x42, 0x02, 0x10, 0x00, 0x01, 0x80, 0x52, 0x02, 0x30, 0x80, 0x52, 
    0x9d, 0xff, 0xff, 0x17, 0xe5, 0x03, 0x1e, 0xaa, 0x03, 0x09, 0x00, 0x94, 
    0xfe, 0x03, 0x05, 0xaa, 0x03, 0x40, 0x80, 0x52, 0x91, 0xff, 0xff, 0x17, 
    0xe4, 0x03, 0x1e, 0xaa, 0x98, 0x09, 0x00, 0x94, 0xfe, 0x03, 0x04, 0xaa, 
    0x02, 0x40, 0x80, 0x52, 0x93, 0xff, 0xff, 0x17, 0xe8, 0x03, 0x00, 0xaa, 
    0x1f, 0x20, 0x03, 0xd5, 0x23, 0x9d, 0x01, 0x10, 0xe0, 0x03, 0x01, 0xaa, 
    0xe1, 0x03, 0x08, 0xaa, 0x02, 0x40, 0x80, 0x52, 0x9a, 0xff, 0xff, 0x17, 
    0xe5, 0x03, 0x1e, 0xaa, 0xf2, 0x08, 0x00, 0x94, 0xfe, 0x03, 0x05, 0xaa, 
    0x03, 0x48, 0x80, 0x52, 0x80, 0xff, 0xff, 0x17, 0xe4, 0x03, 0x1e, 0xaa, 
    0x87, 0x09, 0x00, 0x94, 0xfe, 0x03, 0x04, 0xaa, 0x02, 0x48, 0x80, 0x52, 
    0x82, 0xff, 0xff, 0x17, 0xe5, 0x03, 0x1e, 0xaa, 0xe8, 0x08, 0x00, 0x94, 
    0xfe, 0x03, 0x05, 0xaa, 0x83, 0x57, 0x80, 0x52, 0x76, 0xff, 0xff, 0x17, 
    0xe4, 0x03, 0x1e, 0xaa, 0x7d, 0x09, 0x00, 0x94, 0xfe, 0x03, 0x04, 0xaa, 
    0x82, 0x57, 0x80, 0x52, 0x86, 0xff, 0xff, 0x17, 0xe4, 0x03, 0x1e, 0xaa, 
    0x78, 0x09, 0x00, 0x94, 0xfe, 0x03, 0x04, 0xaa, 0x02, 0x08, 0x80, 0x52, 
    0x73, 0xff, 0xff, 0x17, 0xe5, 0x03, 0x1e, 0xaa, 0xd9, 0x08, 0x00, 0x94, 
    0xfe, 0x03, 0x05, 0xaa, 0x03, 0x0c, 0x80, 0x52, 0x67, 0xff, 0xff, 0x17, 
    0xfe, 0x0f, 0x1f, 0xf8, 0x9e, 0xe8, 0xff, 0x97, 0x01, 0x01, 0x00, 0xb4, 
    0x08, 0x00, 0x01, 0x8b, 0xe0, 0x03, 0x02, 0xaa, 0x21, 0x00, 0x80, 0x52, 
    0x08, 0x05, 0x00, 0xd1, 0x23, 0x00, 0x80, 0x52, 0xe2, 0x03, 0x08, 0xaa, 
    0x02, 0x00, 0x00, 0x14, 0x40, 0x09, 0x00, 0x14, 0x3f, 0x00, 0x03, 0xeb, 
    0x41, 0x01, 0x00, 0x54, 0xfe, 0x0f, 0x1f, 0xf8, 0xe8, 0x03, 0x01, 0xaa, 
    0xe1, 0x03, 0x02, 0xaa, 0xe2, 0x03, 0x08, 0xaa, 0xcd, 0x09, 0x00, 0x94, 
    0x1f, 0x00, 0x00, 0x71, 0xe0, 0x17, 0x9f, 0x1a, 0xfe, 0x07, 0x41, 0xf8, 
    0xc0, 0x03, 0x5f, 0xd6, 0x34, 0x09, 0x00, 0x14, 0xfe, 0x0f, 0x1f, 0xf8, 
    0x1f, 0x00, 0x02, 0xeb, 0x89, 0x00, 0x00, 0x54, 0xe1, 0x03, 0x02, 0xaa, 
    0xe2, 0x03, 0x03, 0xaa, 0x0b, 0x00, 0x00, 0x94, 0x3f, 0x00, 0x02, 0xeb, 
    0xa8, 0x00, 0x00, 0x54, 0x1f, 0x00, 0x01, 0xeb, 0x69, 0x00, 0x00, 0x54, 
    0xe2, 0x03, 0x03, 0xaa, 0x15, 0x00, 0x00, 0x94, 0xe0, 0x03, 0x01, 0xaa, 
    0xe1, 0x03, 0x02, 0xaa, 0xe2, 0x03, 0x03, 0xaa, 0x09, 0x00, 0x00, 0x94, 
    0xff, 0x03, 0x01, 0xd1, 0xfe, 0x07, 0x03, 0xa9, 0xe1, 0x03, 0x1e, 0xaa, 
    0x2f, 0x09, 0x00, 0x94, 0xfe, 0x03, 0x01, 0xaa, 0x20, 0x00, 0x00, 0x90, 
    0x00, 0x98, 0x11, 0x91, 0x1b, 0x08, 0x00, 0x94, 0xff, 0x03, 0x01, 0xd1, 
    0xfe, 0x07, 0x03, 0xa9, 0xe1, 0x03, 0x1e, 0xaa, 0x27, 0x09, 0x00, 0x94, 
    0xfe, 0x03, 0x01, 0xaa, 0x20, 0x00, 0x00, 0x90, 0x00, 0xbc, 0x10, 0x91, 
    0x13, 0x08, 0x00, 0x94, 0xff, 0x03, 0x01, 0xd1, 0xfe, 0x07, 0x03, 0xa9, 
    0xe1, 0x03, 0x1e, 0xaa, 0x1f, 0x09, 0x00, 0x94, 0xfe, 0x03, 0x01, 0xaa, 
    0x20, 0x00, 0x00, 0x90, 0x00, 0xfc, 0x09, 0x91, 0x0b, 0x08, 0x00, 0x94, 
    0xff, 0x03, 0x02, 0xd1, 0xfd, 0x7b, 0x02, 0xa9, 0xfc, 0x6f, 0x03, 0xa9, 
    0xfa, 0x67, 0x04, 0xa9, 0xf8, 0x5f, 0x05, 0xa9, 0xf6, 0x57, 0x06, 0xa9, 
    0xf4, 0x4f, 0x07, 0xa9, 0x09, 0x00, 0x40, 0xf9, 0xf3, 0x03, 0x01, 0xaa, 
    0x0a, 0x02, 0x80, 0x52, 0x0c, 0xe2, 0x84, 0x52, 0x8d, 0x0c, 0x80, 0x52, 
    0xee, 0x33, 0x00, 0x91, 0x1f, 0x20, 0x03, 0xd5, 0xa8, 0x76, 0x02, 0x10, 
    0xeb, 0x03, 0x09, 0xaa, 0x7f, 0x9d, 0x0f, 0xf1, 0xc9, 0x02, 0x00, 0x54, 
    0x5f, 0x51, 0x00, 0xf1, 0xc2, 0x10, 0x00, 0x54, 0x6f, 0x09, 0xcc, 0x9a, 
    0xd2, 0x01, 0x0a, 0x8b, 0x4a, 0x11, 0x00, 0xd1, 0xeb, 0xad, 0x0c, 0x1b, 
    0x70, 0x3d, 0x00, 0x12, 0x10, 0x0a, 0xcd, 0x1a, 0x0b, 0xae, 0x0d, 0x1b, 
    0x10, 0x45, 0x30, 0x8b, 0x11, 0x02, 0x40, 0x39, 0x10, 0x06, 0x40, 0x39, 
    0x0b, 0x25, 0x2b, 0x8b, 0x51, 0x02, 0x00, 0x39, 0x71, 0x01, 0x40, 0x39, 
    0x6b, 0x05, 0x40, 0x39, 0x50, 0x06, 0x00, 0x39, 0x51, 0x0a, 0x00, 0x39, 
    0x4b, 0x0e, 0x00, 0x39, 0xeb, 0x03, 0x0f, 0xaa, 0xea, 0xff, 0xff, 0x17, 
    0x7f, 0x25, 0x00, 0xf1, 0x5a, 0x11, 0x00, 0x91, 0xe9, 0x01, 0x00, 0x54, 
    0x6a, 0x3d, 0x00, 0x12, 0x8c, 0x0c, 0x80, 0x52, 0xee, 0x33, 0x00, 0x91, 
    0x4a, 0x09, 0xcc, 0x1a, 0xcf, 0x01, 0x1a, 0x8b, 0x4b, 0xad, 0x0c, 0x1b, 
    0x4c, 0x0b, 0x00, 0xd1, 0xfa, 0x03, 0x0c, 0xaa, 0x0b, 0x25, 0x2b, 0x8b, 
    0x6d, 0x01, 0x40, 0x39, 0x6b, 0x05, 0x40, 0x39, 0xcd, 0x69, 0x2c, 0x38, 
    0xeb, 0xf1, 0x1f, 0x38, 0xeb, 0x03, 0x0a, 0xaa, 0x49, 0x00, 0x00, 0xb4, 
    0xeb, 0x00, 0x00, 0xb4, 0x69, 0x0d, 0x7f, 0xd3, 0x5a, 0x07, 0x00, 0xd1, 
    0x08, 0x01, 0x09, 0x8b, 0xe9, 0x33, 0x00, 0x91, 0x08, 0x05, 0x40, 0x39, 
    0x28, 0x69, 0x3a, 0x38, 0x68, 0x12, 0x40, 0xb9, 0x89, 0x02, 0x80, 0x52, 
    0x7d, 0x2a, 0x40, 0x79, 0x34, 0x01, 0x1a, 0xcb, 0x2a, 0x02, 0xa0, 0x52, 
    0xfb, 0x33, 0x00, 0x91, 0x09, 0x01, 0x6b, 0x92, 0x15, 0x5d, 0x17, 0x53, 
    0x9c, 0x56, 0x49, 0x8b, 0x3f, 0x01, 0x00, 0x71, 0x69, 0x05, 0x80, 0x52, 
    0x56, 0x01, 0x89, 0x1a, 0x9f, 0x03, 0x1d, 0xeb, 0x42, 0x03, 0x00, 0x54, 
    0x68, 0x04, 0xc0, 0x37, 0x91, 0x08, 0x00, 0x94, 0x1f, 0x40, 0x44, 0x71, 
    0x80, 0x07, 0x00, 0x54, 0x79, 0x4e, 0x40, 0xa9, 0xf7, 0x03, 0x00, 0x2a, 
    0xf8, 0x03, 0x01, 0x2a, 0xe2, 0x03, 0x16, 0x2a, 0xe3, 0x03, 0x15, 0xaa, 
    0xe0, 0x03, 0x19, 0xaa, 0xe1, 0x03, 0x13, 0xaa, 0x4e, 0x00, 0x00, 0x94, 
    0x60, 0x06, 0x00, 0x37, 0x68, 0x0e, 0x40, 0xf9, 0x61, 0x03, 0x1a, 0x8b, 
    0xe0, 0x03, 0x19, 0xaa, 0xe2, 0x03, 0x14, 0xaa, 0x00, 0x01, 0x3f, 0xd6, 
    0xa0, 0x05, 0x00, 0x37, 0xe0, 0x03, 0x17, 0x2a, 0xe1, 0x03, 0x18, 0x2a, 
    0xe2, 0x03, 0x19, 0xaa, 0xe3, 0x03, 0x13, 0xaa, 0x7f, 0x00, 0x00, 0x94, 
    0x28, 0x00, 0x00, 0x14, 0x77, 0x4e, 0x40, 0xa9, 0xe2, 0x03, 0x16, 0x2a, 
    0xe3, 0x03, 0x15, 0xaa, 0xe0, 0x03, 0x17, 0xaa, 0xe1, 0x03, 0x13, 0xaa, 
    0x3b, 0x00, 0x00, 0x94, 0x00, 0x04, 0x00, 0x37, 0x68, 0x0e, 0x40, 0xf9, 
    0x2d, 0x08, 0x00, 0x94, 0x1e, 0x00, 0x00, 0x14, 0x78, 0xe6, 0x40, 0xa9, 
    0x08, 0xfc, 0xb3, 0x52, 0x09, 0x06, 0x80, 0x52, 0x77, 0x02, 0x40, 0xf9, 
    0xe2, 0x03, 0x16, 0x2a, 0x09, 0x00, 0xa4, 0x72, 0xe3, 0x03, 0x15, 0xaa, 
    0x28, 0x03, 0x08, 0x0a, 0xe0, 0x03, 0x17, 0xaa, 0xe1, 0x03, 0x18, 0xaa, 
    0x08, 0x01, 0x09, 0x2a, 0x68, 0x12, 0x00, 0xb9, 0x2a, 0x00, 0x00, 0x94, 
    0xe0, 0x01, 0x00, 0x37, 0x61, 0x08, 0x00, 0x94, 0x1f, 0x40, 0x44, 0x71, 
    0x80, 0x01, 0x00, 0x54, 0x08, 0x0f, 0x40, 0xf9, 0xf5, 0x03, 0x00, 0x2a, 
    0xf6, 0x03, 0x01, 0x2a, 0x17, 0x08, 0x00, 0x94, 0xe0, 0x00, 0x00, 0x37, 
    0xe0, 0x03, 0x15, 0x2a, 0xe1, 0x03, 0x16, 0x2a, 0xe2, 0x03, 0x17, 0xaa, 
    0xe3, 0x03, 0x18, 0xaa, 0x59, 0x00, 0x00, 0x94, 0x40, 0x01, 0x00, 0x36, 
    0x20, 0x00, 0x80, 0x52, 0xf4, 0x4f, 0x47, 0xa9, 0xf6, 0x57, 0x46, 0xa9, 
    0xf8, 0x5f, 0x45, 0xa9, 0xfa, 0x67, 0x44, 0xa9, 0xfc, 0x6f, 0x43, 0xa9, 
    0xfd, 0x7b, 0x42, 0xa9, 0xff, 0x03, 0x02, 0x91, 0xc0, 0x03, 0x5f, 0xd6, 
    0xe0, 0x03, 0x1f, 0x2a, 0x79, 0x0a, 0x00, 0xf9, 0xf6, 0xff, 0xff, 0x17, 
    0x1f, 0x20, 0x03, 0xd5, 0x62, 0x64, 0x02, 0x10, 0x60, 0x00, 0x80, 0x92, 
    0x81, 0x02, 0x80, 0x52, 0x5e, 0x00, 0x00, 0x94, 0xff, 0x03, 0x01, 0xd1, 
    0xfe, 0x1b, 0x00, 0xf9, 0xe8, 0x23, 0x00, 0x91, 0xe0, 0x87, 0x00, 0xa9, 
    0xe0, 0x63, 0x00, 0x91, 0xe8, 0x8b, 0x01, 0xa9, 0x28, 0x00, 0x80, 0x52, 
    0xe8, 0x53, 0x00, 0x79, 0xe7, 0x00, 0x00, 0x94, 0xfe, 0x57, 0xbe, 0xa9, 
    0xf4, 0x4f, 0x01, 0xa9, 0xf3, 0x03, 0x03, 0xaa, 0xf4, 0x03, 0x01, 0xaa, 
    0x5f, 0x40, 0x44, 0x71, 0xf5, 0x03, 0x00, 0xaa, 0x00, 0x01, 0x00, 0x54, 
    0x88, 0x12, 0x40, 0xf9, 0xe0, 0x03, 0x15, 0xaa, 0xe1, 0x03, 0x02, 0x2a, 
    0x00, 0x01, 0x3f, 0xd6, 0x60, 0x00, 0x00, 0x36, 0x20, 0x00, 0x80, 0x52, 
    0x0a, 0x00, 0x00, 0x14, 0x13, 0x01, 0x00, 0xb4, 0x83, 0x0e, 0x40, 0xf9, 
    0xe1, 0x03, 0x13, 0xaa, 0xe0, 0x03, 0x15, 0xaa, 0xf4, 0x4f, 0x41, 0xa9, 
    0xe2, 0x03, 0x1f, 0xaa, 0xfe, 0x57, 0xc2, 0xa8, 0x60, 0x00, 0x1f, 0xd6, 
    0xe0, 0x03, 0x1f, 0x2a, 0xf4, 0x4f, 0x41, 0xa9, 0xfe, 0x57, 0xc2, 0xa8, 
    0xc0, 0x03, 0x5f, 0xd6, 0xfe, 0x0f, 0x1c, 0xf8, 0x77, 0x07, 0x00, 0x94, 
    0x08, 0x10, 0x40, 0xb9, 0x1f, 0x20, 0x03, 0xd5, 0xca, 0x73, 0x01, 0x10, 
    0xf3, 0x03, 0x01, 0x2a, 0x09, 0x79, 0x1d, 0x53, 0x8b, 0x00, 0x00, 0x10, 
    0x4c, 0x69, 0x69, 0x38, 0x6b, 0x09, 0x0c, 0x8b, 0x60, 0x01, 0x1f, 0xd6, 
    0xf6, 0x03, 0x01, 0x2a, 0x04, 0x00, 0x00, 0x14, 0xf6, 0x03, 0x1f, 0x2a, 
    0x02, 0x00, 0x00, 0x14, 0x76, 0x3e, 0x01, 0x53, 0x15, 0x5c, 0x40, 0xa9, 
    0x14, 0x51, 0x00, 0x12, 0xf8, 0x03, 0x1f, 0x2a, 0x08, 0x3f, 0x00, 0x12, 
    0x1f, 0x21, 0x36, 0x6b, 0x22, 0x01, 0x00, 0x54, 0xe8, 0x12, 0x40, 0xf9, 
    0xe0, 0x03, 0x15, 0xaa, 0xe1, 0x03, 0x14, 0x2a, 0x18, 0x07, 0x00, 0x11, 
    0x00, 0x01, 0x3f, 0xd6, 0x00, 0xff, 0x07, 0x36, 0x34, 0x02, 0xa0, 0x52, 
    0x02, 0x00, 0x00, 0x14, 0x61, 0x02, 0x16, 0x4b, 0xe0, 0x03, 0x14, 0x2a, 
    0x74, 0x07, 0x00, 0x94, 0xfe, 0x07, 0x44, 0xf8, 0xc0, 0x03, 0x5f, 0xd6, 
    0xfe, 0x0f, 0x1c, 0xf8, 0x54, 0x07, 0x00, 0x94, 0xf3, 0x03, 0x03, 0xaa, 
    0xf4, 0x03, 0x02, 0xaa, 0xf5, 0x03, 0x00, 0x2a, 0xf8, 0x03, 0x1f, 0x2a, 
    0x36, 0x3c, 0x00, 0x12, 0xf7, 0x03, 0x18, 0x2a, 0x1f, 0x03, 0x16, 0x6b, 
    0xe2, 0x00, 0x00, 0x54, 0x68, 0x12, 0x40, 0xf9, 0xe0, 0x03, 0x14, 0xaa, 
    0xe1, 0x03, 0x15, 0x2a, 0xf8, 0x06, 0x00, 0x11, 0x00, 0x01, 0x3f, 0xd6, 
    0x00, 0xff, 0xff, 0x34, 0xff, 0x02, 0x16, 0x6b, 0xf4, 0x4f, 0x43, 0xa9, 
    0xf6, 0x57, 0x42, 0xa9, 0xe0, 0x27, 0x9f, 0x1a, 0xf8, 0x5f, 0x41, 0xa9, 
    0xfe, 0x07, 0x44, 0xf8, 0xc0, 0x03, 0x5f, 0xd6, 0xff, 0x03, 0x01, 0xd1, 
    0xfe, 0x07, 0x03, 0xa9, 0xe8, 0xe3, 0x00, 0x91, 0x1f, 0x20, 0x03, 0xd5, 
    0x29, 0xe0, 0xff, 0x10, 0xe0, 0xa3, 0x00, 0xa9, 0xe8, 0x23, 0x00, 0x91, 
    0x00, 0x00, 0x00, 0xf0, 0x00, 0x9c, 0x0a, 0x91, 0x06, 0x07, 0x00, 0x94, 
    0xff, 0xc3, 0x01, 0xd1, 0xfe, 0x13, 0x00, 0xf9, 0xfa, 0x67, 0x03, 0xa9, 
    0xf8, 0x5f, 0x04, 0xa9, 0xf6, 0x57, 0x05, 0xa9, 0xf4, 0x4f, 0x06, 0xa9, 
    0xf3, 0x03, 0x03, 0xaa, 0xf7, 0x03, 0x02, 0xaa, 0xf5, 0x03, 0x01, 0xaa, 
    0xf4, 0x03, 0x00, 0xaa, 0x33, 0x0a, 0x00, 0x37, 0xb8, 0x0e, 0x40, 0xf9, 
    0x1a, 0x04, 0x80, 0x52, 0xf9, 0x03, 0x1f, 0xaa, 0x1a, 0x00, 0xac, 0x72, 
    0xf6, 0x03, 0x17, 0xaa, 0xc2, 0x16, 0x40, 0x38, 0xa2, 0x0a, 0x00, 0x34, 
    0xa2, 0x00, 0x38, 0x37, 0xd7, 0x02, 0x02, 0x8b, 0xe0, 0x03, 0x14, 0xaa, 
    0xe1, 0x03, 0x16, 0xaa, 0x09, 0x00, 0x00, 0x14, 0x5f, 0x00, 0x02, 0x71, 
    0x41, 0x01, 0x00, 0x54, 0xe8, 0x0a, 0x40, 0x39, 0xe9, 0x06, 0x40, 0x39, 
    0xe1, 0x0e, 0x00, 0x91, 0xe0, 0x03, 0x14, 0xaa, 0x22, 0x21, 0x08, 0xaa, 
    0x37, 0x00, 0x02, 0x8b, 0x00, 0x03, 0x3f, 0xd6, 0xe0, 0xfd, 0x07, 0x36, 
    0x47, 0x00, 0x00, 0x14, 0x5f, 0x00, 0x03, 0x71, 0xa1, 0x00, 0x00, 0x54, 
    0x68, 0x12, 0x19, 0x8b, 0xfa, 0x0f, 0x00, 0xf9, 0x00, 0x21, 0x40, 0xa9, 
    0x29, 0x00, 0x00, 0x14, 0xa2, 0x01, 0x00, 0x37, 0x08, 0x04, 0x80, 0x52, 
    0x08, 0x00, 0xac, 0x72, 0x82, 0x02, 0x08, 0x36, 0xc9, 0x06, 0x40, 0x39, 
    0xca, 0x26, 0x40, 0x38, 0x49, 0x21, 0x09, 0xaa, 0x42, 0x02, 0x10, 0x36, 
    0xca, 0x06, 0x40, 0x39, 0xcb, 0x26, 0x40, 0x38, 0x6a, 0x21, 0x0a, 0xaa, 
    0x02, 0x02, 0x18, 0x37, 0x12, 0x00, 0x00, 0x14, 0xe8, 0x1e, 0x40, 0x38, 
    0xe9, 0x0a, 0x40, 0x39, 0xea, 0x06, 0x40, 0x39, 0xeb, 0x0e, 0x40, 0x39, 
    0xf6, 0x12, 0x00, 0x91, 0x29, 0xbd, 0x70, 0xd3, 0x08, 0x21, 0x0a, 0xaa, 
    0x29, 0x61, 0x0b, 0xaa, 0x28, 0x01, 0x08, 0xaa, 0xc2, 0xfd, 0x0f, 0x37, 
    0xe9, 0x03, 0x1f, 0xaa, 0x02, 0xfe, 0x17, 0x37, 0xea, 0x03, 0x1f, 0xaa, 
    0x82, 0x00, 0x18, 0x36, 0xcb, 0x06, 0x40, 0x39, 0xcc, 0x26, 0x40, 0x38, 
    0x99, 0x21, 0x0b, 0xaa, 0x22, 0x02, 0x20, 0x37, 0x62, 0x00, 0x28, 0x36, 
    0x6a, 0x12, 0x0a, 0x8b, 0x4a, 0x11, 0x40, 0x79, 0x29, 0x7d, 0x60, 0xd3, 
    0x29, 0xc1, 0x0a, 0xaa, 0x6a, 0x12, 0x19, 0x8b, 0x28, 0x01, 0x08, 0xaa, 
    0xe8, 0x0f, 0x00, 0xf9, 0x40, 0x21, 0x40, 0xa9, 0xe1, 0x23, 0x00, 0x91, 
    0xf4, 0xd7, 0x00, 0xa9, 0x00, 0x01, 0x3f, 0xd6, 0xa0, 0x02, 0x00, 0x37, 
    0x39, 0x07, 0x00, 0x91, 0xf7, 0x03, 0x16, 0xaa, 0xb9, 0xff, 0xff, 0x17, 
    0x69, 0x12, 0x09, 0x8b, 0x29, 0x11, 0x40, 0x79, 0xe2, 0xfd, 0x2f, 0x37, 
    0xf0, 0xff, 0xff, 0x17, 0x62, 0xfe, 0x41, 0xd3, 0xa3, 0x0e, 0x40, 0xf9, 
    0xe0, 0x03, 0x14, 0xaa, 0xe1, 0x03, 0x17, 0xaa, 0xf4, 0x4f, 0x46, 0xa9, 
    0xf6, 0x57, 0x45, 0xa9, 0xfe, 0x13, 0x40, 0xf9, 0xf8, 0x5f, 0x44, 0xa9, 
    0xfa, 0x67, 0x43, 0xa9, 0xff, 0xc3, 0x01, 0x91, 0x60, 0x00, 0x1f, 0xd6, 
    0xe0, 0x03, 0x1f, 0x2a, 0x02, 0x00, 0x00, 0x14, 0x20, 0x00, 0x80, 0x52, 
    0xf4, 0x4f, 0x46, 0xa9, 0xfe, 0x13, 0x40, 0xf9, 0xf6, 0x57, 0x45, 0xa9, 
    0xf8, 0x5f, 0x44, 0xa9, 0xfa, 0x67, 0x43, 0xa9, 0xff, 0xc3, 0x01, 0x91, 
    0xc0, 0x03, 0x5f, 0xd6, 0xfe, 0x0f, 0x1f, 0xf8, 0xe8, 0x03, 0x00, 0xaa, 
    0xe0, 0x03, 0x01, 0xaa, 0xe1, 0x03, 0x08, 0xaa, 0x01, 0x00, 0x00, 0x94, 
    0xff, 0x03, 0x01, 0xd1, 0xfe, 0x07, 0x03, 0xa9, 0xe1, 0x03, 0x1e, 0xaa, 
    0x9d, 0x07, 0x00, 0x94, 0xfe, 0x03, 0x01, 0xaa, 0x00, 0x00, 0x00, 0xf0, 
    0x00, 0x94, 0x08, 0x91, 0x89, 0x06, 0x00, 0x94, 0xe8, 0x03, 0x01, 0xaa, 
    0x3f, 0x00, 0x03, 0xeb, 0x81, 0x00, 0x00, 0x54, 0xe1, 0x03, 0x02, 0xaa, 
    0xe2, 0x03, 0x08, 0xaa, 0x19, 0x08, 0x00, 0x14, 0xfe, 0x0f, 0x1f, 0xf8, 
    0xe0, 0x03, 0x08, 0xaa, 0xe1, 0x03, 0x03, 0xaa, 0xe2, 0x03, 0x04, 0xaa, 
    0xe9, 0xff, 0xff, 0x97, 0xff, 0x03, 0x05, 0xd1, 0xfd, 0x7b, 0x10, 0xa9, 
    0xf8, 0x5f, 0x11, 0xa9, 0xf6, 0x57, 0x12, 0xa9, 0xf4, 0x4f, 0x13, 0xa9, 
    0xf3, 0x03, 0x00, 0xaa, 0x7a, 0x00, 0x00, 0x94, 0x00, 0xe4, 0x00, 0x6f, 
    0x77, 0x06, 0x40, 0xf9, 0x49, 0x06, 0x80, 0x52, 0x1f, 0x20, 0x03, 0xd5, 
    0xa3, 0x53, 0x02, 0x10, 0xe1, 0x03, 0x00, 0x91, 0xe0, 0x00, 0x80, 0x52, 
    0x02, 0x0a, 0x80, 0x52, 0xf8, 0x03, 0x00, 0x91, 0xe0, 0x83, 0x00, 0xad, 
    0xe0, 0x83, 0x01, 0xad, 0xe0, 0x03, 0x80, 0x3d, 0xf5, 0x22, 0x40, 0xa9, 
    0x1f, 0xc9, 0x00, 0xf1, 0x14, 0x31, 0x89, 0x9a, 0xa6, 0x00, 0x00, 0x94, 
    0x1f, 0x20, 0x03, 0xd5, 0xc2, 0x52, 0x02, 0x10, 0x1f, 0x20, 0x03, 0xd5, 
    0xc4, 0x52, 0x02, 0x10, 0xe3, 0x00, 0x80, 0x52, 0xd9, 0xff, 0xff, 0x97, 
    0x96, 0x1e, 0x00, 0x91, 0x1f, 0x20, 0x03, 0xd5, 0xe4, 0x52, 0x02, 0x10, 
    0xe2, 0x03, 0x00, 0x91, 0xe0, 0x00, 0x80, 0x52, 0xe1, 0x03, 0x16, 0xaa, 
    0x03, 0x0a, 0x80, 0x52, 0x9f, 0x00, 0x00, 0x94, 0x1f, 0x20, 0x03, 0xd5, 
    0xc4, 0x52, 0x02, 0x10, 0xe2, 0x03, 0x15, 0xaa, 0x91, 0x06, 0x00, 0x94, 
    0x48, 0x07, 0x80, 0x52, 0x08, 0x6b, 0x36, 0x38, 0xea, 0x12, 0x40, 0xb9, 
    0x88, 0x22, 0x00, 0x91, 0x09, 0x03, 0x08, 0x8b, 0x4a, 0x05, 0x00, 0x35, 
    0x0a, 0x06, 0x80, 0x52, 0x2a, 0x01, 0x00, 0x39, 0x2a, 0x00, 0x80, 0x52, 
    0x42, 0x01, 0x08, 0x8b, 0x5f, 0x44, 0x01, 0xf1, 0xc2, 0x08, 0x00, 0x54, 
    0xe0, 0x03, 0x1f, 0xaa, 0xe1, 0x03, 0x00, 0x91, 0x88, 0x09, 0x80, 0x52, 
    0x01, 0x00, 0x00, 0xd4, 0x00, 0xe4, 0x00, 0x6f, 0xe8, 0x43, 0x01, 0x91, 
    0x09, 0x10, 0x80, 0x52, 0x01, 0x00, 0x00, 0xf0, 0x21, 0xf4, 0x09, 0x91, 
    0xe8, 0x27, 0x0d, 0xa9, 0x68, 0x02, 0x40, 0xf9, 0x1f, 0x20, 0x03, 0xd5, 
    0x29, 0x11, 0x00, 0x10, 0xe0, 0x43, 0x03, 0x91, 0xe2, 0xc3, 0x03, 0x91, 
    0xff, 0x23, 0x0e, 0xa9, 0xe8, 0xa3, 0x03, 0x91, 0xe0, 0x83, 0x02, 0xad, 
    0xe0, 0x83, 0x03, 0xad, 0xe0, 0x83, 0x04, 0xad, 0xe0, 0x83, 0x05, 0xad, 
    0xe8, 0x27, 0x0f, 0xa9, 0x83, 0x00, 0x00, 0x94, 0xe1, 0x73, 0x40, 0xf9, 
    0x21, 0x01, 0x00, 0xb4, 0x1f, 0x20, 0x03, 0xd5, 0x22, 0x4f, 0x02, 0x10, 
    0xe0, 0x43, 0x01, 0x91, 0x87, 0x00, 0x00, 0x94, 0xe4, 0x03, 0x1e, 0xaa, 
    0x5f, 0x06, 0x00, 0x94, 0xfe, 0x03, 0x04, 0xaa, 0x01, 0x00, 0x00, 0xd4, 
    0x20, 0x00, 0x80, 0x52, 0x7c, 0x00, 0x00, 0x94, 0x0c, 0x09, 0x80, 0x52, 
    0xeb, 0x03, 0x1f, 0xaa, 0x4d, 0x01, 0x80, 0x52, 0x8c, 0x01, 0x14, 0xcb, 
    0xee, 0x43, 0x01, 0x91, 0xff, 0xb3, 0x00, 0x79, 0xff, 0x2b, 0x00, 0xf9, 
    0x4a, 0x01, 0x00, 0x34, 0x7f, 0x29, 0x00, 0xf1, 0x02, 0x01, 0x00, 0x54, 
    0x4f, 0x09, 0xcd, 0x1a, 0xf0, 0xa9, 0x0d, 0x1b, 0xea, 0x03, 0x0f, 0x2a, 
    0x0f, 0x06, 0x1c, 0x32, 0xcf, 0x69, 0x2b, 0x38, 0x6b, 0x05, 0x00, 0x91, 
    0x0a, 0xff, 0xff, 0x35, 0x6d, 0x05, 0x00, 0xd1, 0x9f, 0x01, 0x0b, 0xeb, 
    0x8a, 0x31, 0x8b, 0x9a, 0xeb, 0x43, 0x01, 0x91, 0xe0, 0x03, 0x0d, 0xaa, 
    0x1f, 0x04, 0x00, 0xb1, 0x60, 0xf8, 0xff, 0x54, 0xbf, 0x29, 0x00, 0xf1, 
    0xa2, 0x00, 0x00, 0x54, 0x6c, 0x69, 0x60, 0x38, 0x00, 0x04, 0x00, 0xd1, 
    0x2c, 0x15, 0x00, 0x38, 0xf9, 0xff, 0xff, 0x17, 0x1f, 0x20, 0x03, 0xd5, 
    0xe2, 0x4a, 0x02, 0x10, 0x41, 0x01, 0x80, 0x52, 0xf5, 0xfe, 0xff, 0x97, 
    0x1f, 0x20, 0x03, 0xd5, 0xe3, 0x48, 0x02, 0x10, 0xe0, 0x03, 0x1f, 0xaa, 
    0xe1, 0x03, 0x02, 0xaa, 0x02, 0x0a, 0x80, 0x52, 0xcc, 0xfd, 0xff, 0x97, 
    0xfd, 0x0f, 0x1c, 0xf8, 0xfe, 0x5f, 0x01, 0xa9, 0x59, 0x06, 0x00, 0x94, 
    0xff, 0x03, 0x08, 0xd1, 0x95, 0x00, 0x00, 0x90, 0xb5, 0x42, 0x00, 0x91, 
    0x1f, 0x20, 0x03, 0xd5, 0xb6, 0xc7, 0x03, 0x10, 0x94, 0x00, 0x00, 0x90, 
    0x94, 0x52, 0x00, 0x91, 0xf7, 0x03, 0x00, 0x91, 0x1f, 0x20, 0x03, 0xd5, 
    0x53, 0xc7, 0x02, 0x10, 0xe0, 0x03, 0x00, 0x91, 0x08, 0x06, 0x00, 0x94, 
    0xa0, 0x06, 0x40, 0xb9, 0xa8, 0xfe, 0xdf, 0x88, 0x1f, 0x00, 0x08, 0x6b, 
    0x40, 0x04, 0x00, 0x54, 0x1f, 0x20, 0x40, 0x71, 0x82, 0x04, 0x00, 0x54, 
    0x09, 0x04, 0x00, 0x11, 0xca, 0x6a, 0x60, 0x38, 0x29, 0x39, 0x40, 0x92, 
    0xc9, 0x6a, 0x69, 0x38, 0x41, 0x21, 0x09, 0x2a, 0x21, 0x03, 0x00, 0x34, 
    0x3f, 0x00, 0x08, 0x71, 0xe8, 0x02, 0x00, 0x54, 0xe8, 0x03, 0x1f, 0xaa, 
    0xe9, 0x03, 0x00, 0xaa, 0x3f, 0x00, 0x08, 0xeb, 0x00, 0x01, 0x00, 0x54, 
    0x0a, 0x05, 0x00, 0x91, 0xcb, 0x6a, 0x69, 0x38, 0x29, 0x05, 0x00, 0x11, 
    0xeb, 0x6a, 0x28, 0x38, 0x29, 0x39, 0x40, 0x92, 0xe8, 0x03, 0x0a, 0xaa, 
    0xf8, 0xff, 0xff, 0x17, 0x28, 0x1c, 0x00, 0x11, 0xe2, 0x03, 0x13, 0xaa, 
    0x08, 0x1d, 0x1d, 0x12, 0x08, 0x00, 0x08, 0x0b, 0xe0, 0x03, 0x00, 0x91, 
    0x08, 0x39, 0x00, 0x12, 0x88, 0xfe, 0x9f, 0x88, 0x1f, 0xfd, 0xff, 0x97, 
    0xa8, 0x09, 0x80, 0x52, 0x01, 0x00, 0x00, 0xd4, 0xdb, 0xff, 0xff, 0x17, 
    0x88, 0xfe, 0x9f, 0x88, 0xff, 0x03, 0x08, 0x91, 0x35, 0x06, 0x00, 0x94, 
    0xfe, 0x5f, 0x41, 0xa9, 0x62, 0x06, 0x00, 0x14, 0x1f, 0x20, 0x03, 0xd5, 
    0x22, 0x87, 0x02, 0x10, 0x01, 0x00, 0x90, 0x52, 0xb3, 0xfe, 0xff, 0x97, 
    0xe8, 0x03, 0x00, 0xaa, 0xe4, 0x03, 0x03, 0xaa, 0xe3, 0x03, 0x02, 0xaa, 
    0xe2, 0x03, 0x01, 0xaa, 0xe0, 0x03, 0x1f, 0xaa, 0xe1, 0x03, 0x08, 0xaa, 
    0x01, 0x00, 0x00, 0x14, 0x28, 0x00, 0x00, 0xeb, 0x22, 0x20, 0x43, 0xfa, 
    0x68, 0x00, 0x00, 0x54, 0x40, 0x00, 0x00, 0x8b, 0x21, 0x06, 0x00, 0x14, 
    0xfe, 0x0f, 0x1f, 0xf8, 0xa4, 0x06, 0x00, 0x94, 0x08, 0x00, 0x40, 0xf9, 
    0x20, 0x04, 0x40, 0xa9, 0x02, 0x0d, 0x40, 0xa9, 0xab, 0xfe, 0xff, 0x17, 
    0xe3, 0x03, 0x02, 0xaa, 0xe2, 0x03, 0x01, 0xaa, 0x1f, 0x20, 0x03, 0xd5, 
    0x21, 0xc9, 0x02, 0x10, 0xa6, 0xfe, 0xff, 0x17, 0xe0, 0x03, 0x00, 0x2a, 
    0xe8, 0x03, 0x1f, 0xaa, 0x01, 0x00, 0x00, 0xd4, 0x5f, 0x20, 0x03, 0xd5, 
    0xff, 0xff, 0xff, 0x17, 0x3f, 0x04, 0x02, 0xf1, 0x42, 0x00, 0x00, 0x54, 
    0xc0, 0x03, 0x5f, 0xd6, 0xfe, 0x0f, 0x1f, 0xf8, 0x11, 0x06, 0x00, 0x94, 
    0x02, 0x10, 0x80, 0x52, 0x6d, 0xfd, 0xff, 0x97, 0xfe, 0x0f, 0x1d, 0xf8, 
    0xf6, 0x57, 0x01, 0xa9, 0xf4, 0x4f, 0x02, 0xa9, 0xf4, 0x03, 0x00, 0xaa, 
    0x00, 0x08, 0x40, 0xf9, 0xf3, 0x03, 0x01, 0xaa, 0x88, 0x0e, 0x40, 0xa9, 
    0x1f, 0x20, 0x03, 0xd5, 0xa4, 0xbc, 0x02, 0x10, 0x69, 0x00, 0x00, 0xcb, 
    0x3f, 0x01, 0x02, 0xeb, 0x35, 0x31, 0x82, 0x9a, 0xe2, 0x03, 0x08, 0xaa, 
    0xb6, 0x02, 0x00, 0x8b, 0xe1, 0x03, 0x16, 0xaa, 0xd5, 0xff, 0xff, 0x97, 
    0x1f, 0x20, 0x03, 0xd5, 0x44, 0xbc, 0x02, 0x10, 0xe2, 0x03, 0x13, 0xaa, 
    0xcc, 0x05, 0x00, 0x94, 0x96, 0x0a, 0x00, 0xf9, 0x56, 0x06, 0x00, 0x94, 
    0xe0, 0x03, 0x1f, 0x2a, 0xfe, 0x07, 0x43, 0xf8, 0xc0, 0x03, 0x5f, 0xd6, 
    0xfe, 0x0f, 0x1f, 0xf8, 0x3f, 0x00, 0x02, 0x71, 0xff, 0x0f, 0x00, 0xb9, 
    0x82, 0x00, 0x00, 0x54, 0xe1, 0x33, 0x00, 0x39, 0x22, 0x00, 0x80, 0x52, 
    0x21, 0x00, 0x00, 0x14, 0x3f, 0x00, 0x20, 0x71, 0x22, 0x01, 0x00, 0x54, 
    0x28, 0x7c, 0x06, 0x53, 0x09, 0x10, 0x80, 0x52, 0x42, 0x00, 0x80, 0x52, 
    0x29, 0x14, 0x00, 0x33, 0x08, 0x05, 0x1a, 0x32, 0xe8, 0x33, 0x00, 0x39, 
    0xe9, 0x37, 0x00, 0x39, 0x17, 0x00, 0x00, 0x14, 0xe9, 0x0f, 0x80, 0x12, 
    0xe8, 0x0f, 0x80, 0x12, 0x3f, 0x40, 0x40, 0x71, 0x28, 0x14, 0x00, 0x33, 
    0x29, 0x2c, 0x06, 0x33, 0x02, 0x01, 0x00, 0x54, 0x2a, 0x7c, 0x0c, 0x53, 
    0xe9, 0x37, 0x00, 0x39, 0x62, 0x00, 0x80, 0x52, 0xe8, 0x3b, 0x00, 0x39, 
    0x49, 0x09, 0x1b, 0x32, 0xe9, 0x33, 0x00, 0x39, 0x0a, 0x00, 0x00, 0x14, 
    0x2a, 0x7c, 0x12, 0x53, 0x0b, 0x10, 0x80, 0x52, 0xe9, 0x3b, 0x00, 0x39, 
    0x2b, 0x44, 0x0c, 0x33, 0x82, 0x00, 0x80, 0x52, 0xe8, 0x3f, 0x00, 0x39, 
    0x49, 0x0d, 0x1c, 0x32, 0xe9, 0x33, 0x00, 0x39, 0xeb, 0x37, 0x00, 0x39, 
    0xe1, 0x33, 0x00, 0x91, 0xbf, 0xff, 0xff, 0x97, 0xe0, 0x03, 0x1f, 0x2a, 
    0xfe, 0x07, 0x41, 0xf8, 0xc0, 0x03, 0x5f, 0xd6, 0xc1, 0x00, 0x00, 0xb4, 
    0x48, 0x00, 0x40, 0x39, 0x09, 0x00, 0x40, 0x39, 0x1f, 0x01, 0x09, 0x6b, 
    0xe0, 0x17, 0x9f, 0x1a, 0xc0, 0x03, 0x5f, 0xd6, 0x54, 0x06, 0x00, 0x14, 
    0xfe, 0x0f, 0x1f, 0xf8, 0x0a, 0x80, 0x40, 0xf9, 0xeb, 0x03, 0x1f, 0xaa, 
    0xe8, 0x03, 0x00, 0xaa, 0x5f, 0x01, 0x0b, 0xeb, 0x40, 0x02, 0x00, 0x54, 
    0xe9, 0x03, 0x0b, 0xaa, 0x7f, 0x81, 0x00, 0xf1, 0x20, 0x02, 0x00, 0x54, 
    0x0b, 0x85, 0x40, 0xb8, 0x7f, 0x01, 0x01, 0x6b, 0x2b, 0x05, 0x00, 0x91, 
    0x01, 0xff, 0xff, 0x54, 0x48, 0x05, 0x00, 0xd1, 0x3f, 0x01, 0x08, 0xeb, 
    0x08, 0x80, 0x00, 0xf9, 0xe2, 0x00, 0x00, 0x54, 0x5f, 0x85, 0x00, 0xf1, 
    0x62, 0x01, 0x00, 0x54, 0x08, 0x0c, 0x08, 0x8b, 0x09, 0x0c, 0x09, 0x8b, 
    0x0a, 0x21, 0x40, 0x29, 0x2a, 0x21, 0x00, 0x29, 0xfe, 0x07, 0x41, 0xf8, 
    0xc0, 0x03, 0x5f, 0xd6, 0x1f, 0x20, 0x03, 0xd5, 0xe2, 0x31, 0x02, 0x10, 
    0x00, 0x04, 0x80, 0x52, 0x18, 0x06, 0x00, 0x94, 0x1f, 0x20, 0x03, 0xd5, 
    0x22, 0x32, 0x02, 0x10, 0xe0, 0x03, 0x08, 0xaa, 0xfc, 0xff, 0xff, 0x17, 
    0xfe, 0x4f, 0xbf, 0xa9, 0xf3, 0x03, 0x00, 0xaa, 0xe0, 0x03, 0x01, 0x2a, 
    0xa8, 0x0c, 0x80, 0x52, 0xe1, 0x03, 0x02, 0xaa, 0xe2, 0x03, 0x03, 0xaa, 
    0x01, 0x00, 0x00, 0xd4, 0x80, 0x00, 0xf8, 0xb7, 0xe8, 0x03, 0x1f, 0x2a, 
    0x60, 0x06, 0x00, 0xf9, 0x04, 0x00, 0x00, 0x14, 0x06, 0x00, 0x00, 0x94, 
    0x28, 0x00, 0x80, 0x52, 0x60, 0x86, 0x00, 0x29, 0x68, 0x02, 0x00, 0xb9, 
    0xfe, 0x4f, 0xc1, 0xa8, 0xc0, 0x03, 0x5f, 0xd6, 0x08, 0x98, 0x00, 0x11, 
    0xe1, 0x03, 0x00, 0x2a, 0x60, 0x03, 0x80, 0x52, 0x1f, 0x95, 0x00, 0x71, 
    0x28, 0x01, 0x00, 0x54, 0x1f, 0x20, 0x03, 0xd5, 0x89, 0x2e, 0x01, 0x10, 
    0x8a, 0x00, 0x00, 0x10, 0x2b, 0x69, 0x68, 0x38, 0x4a, 0x09, 0x0b, 0x8b, 
    0x40, 0x01, 0x1f, 0xd6, 0x80, 0x02, 0x80, 0x52, 0xc0, 0x03, 0x5f, 0xd6, 
    0x3f, 0xbc, 0x01, 0x31, 0xa0, 0x06, 0x00, 0x54, 0x3f, 0xb8, 0x01, 0x31, 
    0x20, 0x07, 0x00, 0x54, 0x3f, 0xa0, 0x01, 0x31, 0x60, 0x06, 0x00, 0x54, 
    0x3f, 0x7c, 0x01, 0x31, 0x60, 0x06, 0x00, 0x54, 0x3f, 0x68, 0x01, 0x31, 
    0xc1, 0x05, 0x00, 0x54, 0xa0, 0x02, 0x80, 0x52, 0xc0, 0x03, 0x5f, 0xd6, 
    0xe0, 0x03, 0x1f, 0x2a, 0xc0, 0x03, 0x5f, 0xd6, 0xa0, 0x00, 0x80, 0x52, 
    0xc0, 0x03, 0x5f, 0xd6, 0xc0, 0x00, 0x80, 0x52, 0xc0, 0x03, 0x5f, 0xd6, 
    0x80, 0x00, 0x80, 0x52, 0xc0, 0x03, 0x5f, 0xd6, 0x40, 0x01, 0x80, 0x52, 
    0xc0, 0x03, 0x5f, 0xd6, 0xe0, 0x00, 0x80, 0x52, 0xc0, 0x03, 0x5f, 0xd6, 
    0x00, 0x02, 0x80, 0x52, 0xc0, 0x03, 0x5f, 0xd6, 0x20, 0x02, 0x80, 0x52, 
    0xc0, 0x03, 0x5f, 0xd6, 0xa0, 0x01, 0x80, 0x52, 0xc0, 0x03, 0x5f, 0xd6, 
    0xc0, 0x01, 0x80, 0x52, 0xc0, 0x03, 0x5f, 0xd6, 0xe0, 0x02, 0x80, 0x52, 
    0xc0, 0x03, 0x5f, 0xd6, 0x60, 0x01, 0x80, 0x52, 0xc0, 0x03, 0x5f, 0xd6, 
    0x60, 0x02, 0x80, 0x52, 0xc0, 0x03, 0x5f, 0xd6, 0x00, 0x01, 0x80, 0x52, 
    0xc0, 0x03, 0x5f, 0xd6, 0x40, 0x02, 0x80, 0x52, 0xc0, 0x03, 0x5f, 0xd6, 
    0xe0, 0x01, 0x80, 0x52, 0xc0, 0x03, 0x5f, 0xd6, 0x40, 0x00, 0x80, 0x52, 
    0xc0, 0x03, 0x5f, 0xd6, 0x60, 0x00, 0x80, 0x52, 0xc0, 0x03, 0x5f, 0xd6, 
    0x80, 0x01, 0x80, 0x52, 0xc0, 0x03, 0x5f, 0xd6, 0x20, 0x01, 0x80, 0x52, 
    0xc0, 0x03, 0x5f, 0xd6, 0x20, 0x00, 0x80, 0x52, 0xc0, 0x03, 0x5f, 0xd6, 
    0x40, 0x03, 0x80, 0x52, 0xc0, 0x03, 0x5f, 0xd6, 0x00, 0x03, 0x80, 0x52, 
    0xc0, 0x03, 0x5f, 0xd6, 0xc0, 0x02, 0x80, 0x52, 0xc0, 0x03, 0x5f, 0xd6, 
    0x20, 0x03, 0x80, 0x52, 0xc0, 0x03, 0x5f, 0xd6, 0xe0, 0x03, 0x00, 0x2a, 
    0x88, 0x0c, 0x80, 0x52, 0x01, 0x00, 0x00, 0xd4, 0x60, 0x00, 0xf8, 0xb7, 
    0x88, 0x03, 0x80, 0x52, 0x07, 0x00, 0x00, 0x14, 0xfe, 0x0f, 0x1f, 0xf8, 
    0xae, 0xff, 0xff, 0x97, 0xe8, 0x03, 0x00, 0x2a, 0xe0, 0x03, 0x01, 0x2a, 
    0xe8, 0x03, 0x08, 0x2a, 0xfe, 0x07, 0x41, 0xf8, 0x00, 0x81, 0x00, 0xaa, 
    0xc0, 0x03, 0x5f, 0xd6, 0xfe, 0x4f, 0xbf, 0xa9, 0xf3, 0x03, 0x00, 0xaa, 
    0xe0, 0x03, 0x01, 0x2a, 0xc8, 0x0c, 0x80, 0x52, 0xe1, 0x03, 0x02, 0xaa, 
    0xe2, 0x03, 0x03, 0xaa, 0x01, 0x00, 0x00, 0xd4, 0x80, 0x00, 0xf8, 0xb7, 
    0xe8, 0x03, 0x1f, 0x2a, 0x60, 0x06, 0x00, 0xf9, 0x04, 0x00, 0x00, 0x14, 
    0x9c, 0xff, 0xff, 0x97, 0x28, 0x00, 0x80, 0x52, 0x60, 0x86, 0x00, 0x29, 
    0x68, 0x02, 0x00, 0xb9, 0xfe, 0x4f, 0xc1, 0xa8, 0xc0, 0x03, 0x5f, 0xd6, 
    0xff, 0x83, 0x00, 0xd1, 0xfe, 0x0b, 0x00, 0xf9, 0xe1, 0x03, 0x00, 0x2a, 
    0x28, 0x00, 0x80, 0x52, 0xe0, 0x03, 0x00, 0x91, 0xe2, 0x73, 0x00, 0x91, 
    0x23, 0x00, 0x80, 0x52, 0xe8, 0x73, 0x00, 0x39, 0xe7, 0xff, 0xff, 0x97, 
    0xfe, 0x0b, 0x40, 0xf9, 0xa2, 0x05, 0x00, 0x14, 0xfe, 0x67, 0xbc, 0xa9, 
    0xd9, 0x04, 0x00, 0x94, 0x09, 0x44, 0x40, 0x79, 0x17, 0x00, 0x40, 0xf9, 
    0x28, 0x00, 0x80, 0x52, 0x29, 0x0d, 0x40, 0x92, 0xea, 0x22, 0x00, 0x91, 
    0x29, 0x31, 0x00, 0x91, 0x4a, 0xfd, 0xdf, 0x88, 0xf8, 0x0e, 0x40, 0xb9, 
    0x08, 0x21, 0xc9, 0x9a, 0x0a, 0x03, 0x0a, 0x4b, 0x09, 0x05, 0x00, 0xd1, 
    0x4a, 0x01, 0x09, 0x0a, 0x2a, 0x01, 0x0a, 0xcb, 0x5f, 0x01, 0x02, 0xeb, 
    0x53, 0x31, 0x82, 0x9a, 0x53, 0x03, 0x00, 0xb4, 0x0a, 0x40, 0x40, 0x79, 
    0x2b, 0x00, 0x80, 0x52, 0x09, 0x03, 0x09, 0x0a, 0x19, 0x01, 0x09, 0xcb, 
    0xf4, 0x03, 0x01, 0xaa, 0x4a, 0x0d, 0x40, 0x92, 0x3f, 0x03, 0x13, 0xeb, 
    0x4a, 0x31, 0x00, 0x91, 0x36, 0x33, 0x93, 0x9a, 0x6a, 0x21, 0xca, 0x9a, 
    0xe2, 0x03, 0x16, 0xaa, 0xe8, 0x02, 0x0a, 0x8b, 0x15, 0x01, 0x01, 0x91, 
    0xa0, 0x02, 0x09, 0x8b, 0x21, 0x06, 0x00, 0x94, 0x3f, 0x03, 0x13, 0xeb, 
    0xa2, 0x00, 0x00, 0x54, 0x62, 0x02, 0x16, 0xcb, 0x81, 0x02, 0x16, 0x8b, 
    0xe0, 0x03, 0x15, 0xaa, 0x1b, 0x06, 0x00, 0x94, 0x08, 0x03, 0x13, 0x0b, 
    0xe9, 0x32, 0x00, 0x91, 0xbf, 0x3b, 0x03, 0xd5, 0x28, 0xfd, 0x9f, 0x88, 
    0xe0, 0x03, 0x13, 0xaa, 0xca, 0x04, 0x00, 0x94, 0xfe, 0x67, 0xc4, 0xa8, 
    0xc0, 0x03, 0x5f, 0xd6, 0xfe, 0x4f, 0xbf, 0xa9, 0xf3, 0x03, 0x00, 0xaa, 
    0xe0, 0x03, 0x1f, 0x2a, 0xa4, 0xff, 0xff, 0x97, 0x09, 0xfc, 0x60, 0xd3, 
    0x1f, 0x70, 0x00, 0x71, 0xa1, 0x00, 0x00, 0x54, 0xe8, 0x03, 0x1f, 0x2a, 
    0xe0, 0x03, 0x09, 0x2a, 0x7f, 0x22, 0x00, 0x39, 0x03, 0x00, 0x00, 0x14, 
    0x69, 0x0a, 0x00, 0xb9, 0x28, 0x00, 0x80, 0x52, 0x68, 0x02, 0x00, 0x29, 
    0xfe, 0x4f, 0xc1, 0xa8, 0xc0, 0x03, 0x5f, 0xd6, 0x60, 0x01, 0x80, 0x52, 
    0x21, 0x00, 0x80, 0x52, 0xe2, 0x03, 0x1f, 0xaa, 0x94, 0xff, 0xff, 0x17, 
    0xff, 0xc3, 0x00, 0xd1, 0xf4, 0x4f, 0x02, 0xa9, 0xf3, 0x03, 0x01, 0x2a, 
    0xf4, 0x03, 0x00, 0x2a, 0x08, 0x20, 0x80, 0x52, 0x1f, 0x20, 0x03, 0xd5, 
    0x63, 0x71, 0x02, 0x10, 0xe0, 0x63, 0x00, 0x91, 0x81, 0x00, 0x80, 0x52, 
    0x02, 0x01, 0x80, 0x52, 0xfe, 0x23, 0x01, 0xa9, 0x2f, 0x00, 0x00, 0x94, 
    0x1f, 0x20, 0x03, 0xd5, 0x44, 0x71, 0x02, 0x10, 0x82, 0x04, 0x00, 0x94, 
    0x75, 0x04, 0x00, 0x94, 0xe8, 0x27, 0x40, 0x29, 0xf4, 0x4f, 0x42, 0xa9, 
    0xe1, 0x0b, 0x40, 0xb9, 0xfe, 0x0b, 0x40, 0xf9, 0x1f, 0x01, 0x00, 0x71, 
    0x88, 0x03, 0x80, 0x52, 0x20, 0x11, 0x88, 0x1a, 0xff, 0xc3, 0x00, 0x91, 
    0xc0, 0x03, 0x5f, 0xd6, 0xff, 0xc3, 0x00, 0xd1, 0xfe, 0x7f, 0x01, 0xa9, 
    0xf4, 0x4f, 0x02, 0xa9, 0xf4, 0x03, 0x01, 0x2a, 0xf3, 0x03, 0x00, 0xaa, 
    0xe0, 0x03, 0x00, 0x91, 0xe2, 0x63, 0x00, 0x91, 0xe1, 0x03, 0x14, 0x2a, 
    0x03, 0x01, 0x80, 0x52, 0x15, 0xff, 0xff, 0x97, 0xe8, 0x03, 0x40, 0xb9, 
    0x1f, 0x05, 0x00, 0x71, 0xe1, 0x00, 0x00, 0x54, 0xe8, 0x07, 0x40, 0xb9, 
    0x1f, 0x25, 0x00, 0x71, 0xc0, 0xfe, 0xff, 0x54, 0xe9, 0x0b, 0x40, 0xb9, 
    0x68, 0xa6, 0x00, 0x29, 0x0a, 0x00, 0x00, 0x14, 0xe8, 0x07, 0x40, 0xf9, 
    0xc8, 0x00, 0x00, 0xb4, 0xe9, 0x0f, 0x40, 0xf9, 0xe8, 0x03, 0x1f, 0x2a, 
    0x2a, 0xfd, 0x60, 0xd3, 0x69, 0xaa, 0x00, 0x29, 0x04, 0x00, 0x00, 0x14, 
    0x28, 0x03, 0x80, 0x52, 0x68, 0x06, 0x00, 0xb9, 0x28, 0x00, 0x80, 0x52, 
    0x68, 0x02, 0x00, 0xb9, 0xf4, 0x4f, 0x42, 0xa9, 0xfe, 0x0b, 0x40, 0xf9, 
    0x1d, 0x05, 0x00, 0x14, 0xe5, 0x03, 0x1e, 0xaa, 0xb9, 0x04, 0x00, 0x94, 
    0xfe, 0x03, 0x05, 0xaa, 0x03, 0x01, 0x80, 0x52, 0x70, 0xfe, 0xff, 0x17, 
    0xff, 0x43, 0x01, 0xd1, 0xfe, 0x67, 0x01, 0xa9, 0x7b, 0x04, 0x00, 0x94, 
    0x28, 0x10, 0x40, 0x39, 0xf3, 0x03, 0x00, 0xaa, 0x1f, 0x09, 0x00, 0x71, 
    0x81, 0x00, 0x00, 0x54, 0x08, 0x03, 0x80, 0x52, 0x68, 0x06, 0x00, 0xb9, 
    0x33, 0x00, 0x00, 0x14, 0x37, 0x00, 0x40, 0xb9, 0xf5, 0x03, 0x03, 0xaa, 
    0xf6, 0x03, 0x02, 0xaa, 0xf4, 0x03, 0x01, 0xaa, 0x99, 0x03, 0x80, 0x52, 
    0xe0, 0x03, 0x13, 0xaa, 0xe1, 0x03, 0x17, 0x2a, 0xe2, 0x03, 0x16, 0xaa, 
    0xe3, 0x03, 0x15, 0xaa, 0xe5, 0xfe, 0xff, 0x97, 0x68, 0x02, 0x40, 0xb9, 
    0x1f, 0x05, 0x00, 0x71, 0x01, 0x05, 0x00, 0x54, 0x68, 0x06, 0x40, 0xb9, 
    0x1f, 0x25, 0x00, 0x71, 0x41, 0x03, 0x00, 0x54, 0xa3, 0xff, 0xff, 0x97, 
    0xf0, 0x03, 0x00, 0xaa, 0x18, 0xfc, 0x60, 0xd3, 0x1f, 0x72, 0x00, 0x71, 
    0x81, 0x03, 0x00, 0x54, 0xe0, 0x03, 0x18, 0x2a, 0xe1, 0x03, 0x17, 0x2a, 
    0xa0, 0xff, 0xff, 0x97, 0x1f, 0x70, 0x00, 0x71, 0x21, 0x01, 0x00, 0x54, 
    0xe0, 0x13, 0x00, 0x91, 0xe1, 0x03, 0x18, 0x2a, 0xb4, 0xff, 0xff, 0x97, 
    0xe8, 0xa7, 0x40, 0x29, 0xe1, 0x0f, 0x40, 0xb9, 0x1f, 0x01, 0x00, 0x71, 
    0x30, 0x11, 0x99, 0x1a, 0x02, 0x00, 0x00, 0x14, 0xf0, 0x03, 0x00, 0x2a, 
    0xe0, 0x03, 0x18, 0xaa, 0x08, 0x0d, 0x80, 0x52, 0x01, 0x00, 0x00, 0xd4, 
    0x1f, 0x72, 0x00, 0x71, 0xc0, 0xfb, 0xff, 0x54, 0x09, 0x00, 0x00, 0x14, 
    0x1f, 0x61, 0x00, 0x71, 0x41, 0x01, 0x00, 0x54, 0x28, 0x00, 0x80, 0x52, 
    0x09, 0x03, 0x80, 0x52, 0x88, 0x12, 0x00, 0x39, 0x69, 0x06, 0x00, 0xb9, 
    0x03, 0x00, 0x00, 0x14, 0xe1, 0x03, 0x18, 0x2a, 0x70, 0x86, 0x00, 0x29, 
    0x28, 0x00, 0x80, 0x52, 0x68, 0x02, 0x00, 0xb9, 0x52, 0x04, 0x00, 0x94, 
    0xfe, 0x67, 0x41, 0xa9, 0xff, 0x43, 0x01, 0x91, 0xc0, 0x03, 0x5f, 0xd6, 
    0x28, 0x1c, 0x00, 0x12, 0x08, 0x05, 0x00, 0x51, 0x1f, 0x09, 0x00, 0x71, 
    0x62, 0x00, 0x00, 0x54, 0x00, 0x03, 0x80, 0x52, 0xc0, 0x03, 0x5f, 0xd6, 
    0xff, 0x83, 0x00, 0xd1, 0xfe, 0x0b, 0x00, 0xf9, 0xe1, 0x03, 0x00, 0x2a, 
    0xe0, 0x03, 0x00, 0x91, 0x16, 0xff, 0xff, 0x97, 0xe8, 0x27, 0x40, 0x29, 
    0xe1, 0x0b, 0x40, 0xb9, 0xfe, 0x0b, 0x40, 0xf9, 0x1f, 0x01, 0x00, 0x71, 
    0x88, 0x03, 0x80, 0x52, 0x20, 0x11, 0x88, 0x1a, 0xff, 0x83, 0x00, 0x91, 
    0xc0, 0x03, 0x5f, 0xd6, 0xff, 0xc3, 0x00, 0xd1, 0xfe, 0x0b, 0x00, 0xf9, 
    0xf4, 0x4f, 0x02, 0xa9, 0x28, 0x10, 0x40, 0x39, 0xf3, 0x03, 0x00, 0xaa, 
    0x1f, 0x09, 0x00, 0x71, 0xc1, 0x00, 0x00, 0x54, 0x08, 0x03, 0x80, 0x52, 
    0x49, 0x00, 0x80, 0x52, 0x68, 0x0a, 0x00, 0xb9, 0x69, 0x02, 0x00, 0xf9, 
    0x1c, 0x00, 0x00, 0x14, 0xf4, 0x03, 0x01, 0xaa, 0x21, 0x00, 0x40, 0xb9, 
    0xe0, 0x03, 0x00, 0x91, 0x94, 0xfe, 0xff, 0x97, 0xe8, 0x03, 0x40, 0xb9, 
    0x88, 0x01, 0x00, 0x36, 0xe8, 0x07, 0x40, 0xb9, 0x1f, 0x25, 0x00, 0x71, 
    0xa0, 0x01, 0x00, 0x54, 0x1f, 0x61, 0x00, 0x71, 0xa1, 0x01, 0x00, 0x54, 
    0x28, 0x00, 0x80, 0x52, 0x09, 0x03, 0x80, 0x52, 0x88, 0x12, 0x00, 0x39, 
    0x48, 0x00, 0x80, 0x52, 0x69, 0x0a, 0x00, 0xb9, 0x0a, 0x00, 0x00, 0x14, 
    0xe8, 0x07, 0x40, 0xf9, 0x29, 0x00, 0x80, 0x52, 0x69, 0x22, 0x00, 0xa9, 
    0x07, 0x00, 0x00, 0x14, 0x7f, 0x02, 0x00, 0xf9, 0x05, 0x00, 0x00, 0x14, 
    0xe9, 0x0b, 0x40, 0xb9, 0x68, 0x26, 0x01, 0x29, 0x48, 0x00, 0x80, 0x52, 
    0x68, 0x02, 0x00, 0xf9, 0xf4, 0x4f, 0x42, 0xa9, 0xfe, 0x0b, 0x40, 0xf9, 
    0x99, 0x04, 0x00, 0x14, 0x5f, 0x20, 0x00, 0xf1, 0x62, 0x00, 0x00, 0x54, 
    0xe8, 0x03, 0x1f, 0x2a, 0x12, 0x00, 0x00, 0x14, 0x28, 0x10, 0x40, 0x39, 
    0x29, 0x14, 0x40, 0x39, 0x2a, 0x00, 0x40, 0x39, 0x2b, 0x04, 0x40, 0x39, 
    0x2c, 0x18, 0x40, 0x39, 0x2d, 0x0c, 0x40, 0x39, 0x08, 0x21, 0x09, 0x2a, 
    0x29, 0x08, 0x40, 0x39, 0x4a, 0x21, 0x0b, 0x2a, 0x2b, 0x1c, 0x40, 0x39, 
    0x08, 0x41, 0x0c, 0x2a, 0x29, 0x21, 0x0d, 0x2a, 0x0a, 0x08, 0x00, 0x79, 
    0x08, 0x61, 0x0b, 0x2a, 0x09, 0x0c, 0x00, 0x79, 0x08, 0x08, 0x00, 0xb9, 
    0x28, 0x00, 0x80, 0x52, 0x08, 0x00, 0x00, 0xb9, 0xc0, 0x03, 0x5f, 0xd6, 
    0xff, 0x83, 0x00, 0xd1, 0xfe, 0x4f, 0x01, 0xa9, 0xf3, 0x03, 0x00, 0xaa, 
    0x1f, 0x20, 0x03, 0xd5, 0x83, 0x00, 0x02, 0x10, 0xe0, 0x03, 0x00, 0x91, 
    0xe1, 0x03, 0x1f, 0xaa, 0x42, 0x00, 0x80, 0x52, 0xff, 0x03, 0x00, 0xf9, 
    0x5c, 0xff, 0xff, 0x97, 0x68, 0x02, 0x40, 0x79, 0x1f, 0x20, 0x03, 0xd5, 
    0x44, 0x00, 0x02, 0x10, 0x1c, 0x04, 0x00, 0x94, 0x1f, 0x20, 0x03, 0xd5, 
    0xa3, 0x00, 0x02, 0x10, 0xe0, 0x03, 0x00, 0x91, 0x41, 0x00, 0x80, 0x52, 
    0x82, 0x00, 0x80, 0x52, 0x52, 0xff, 0xff, 0x97, 0x68, 0x06, 0x40, 0x79, 
    0x1f, 0x20, 0x03, 0xd5, 0x84, 0x00, 0x02, 0x10, 0x12, 0x04, 0x00, 0x94, 
    0x1f, 0x20, 0x03, 0xd5, 0xe3, 0x00, 0x02, 0x10, 0xe0, 0x03, 0x00, 0x91, 
    0x81, 0x00, 0x80, 0x52, 0x02, 0x01, 0x80, 0x52, 0x48, 0xff, 0xff, 0x97, 
    0x68, 0x06, 0x40, 0xb9, 0x1f, 0x20, 0x03, 0xd5, 0xc4, 0x00, 0x02, 0x10, 
    0xe2, 0x33, 0x00, 0x91, 0x83, 0x00, 0x80, 0x52, 0xe8, 0x0f, 0x00, 0xb9, 
    0xe7, 0xfc, 0xff, 0x97, 0xfe, 0x4f, 0x41, 0xa9, 0xe0, 0x03, 0x40, 0xf9, 
    0xff, 0x83, 0x00, 0x91, 0xc0, 0x03, 0x5f, 0xd6, 0xff, 0x03, 0x02, 0xd1, 
    0xfe, 0x2b, 0x00, 0xf9, 0xf6, 0x57, 0x06, 0xa9, 0xf4, 0x4f, 0x07, 0xa9, 
    0x71, 0x04, 0x00, 0x94, 0x60, 0x03, 0x00, 0x54, 0xe8, 0x60, 0x80, 0x52, 
    0x75, 0x02, 0x55, 0xb9, 0xe0, 0x03, 0x01, 0x91, 0x28, 0x00, 0xa0, 0x72, 
    0x02, 0x02, 0x80, 0x52, 0x23, 0x00, 0x80, 0x52, 0x08, 0x81, 0x01, 0xaa, 
    0xe1, 0x03, 0x00, 0x91, 0xe4, 0x03, 0x1f, 0xaa, 0xff, 0x7f, 0x00, 0xa9, 
    0x16, 0x02, 0x80, 0x52, 0xe8, 0x7f, 0x04, 0xa9, 0x47, 0x00, 0x00, 0x94, 
    0x60, 0x01, 0x00, 0x36, 0x3f, 0x44, 0x00, 0xf1, 0xa2, 0x06, 0x00, 0x54, 
    0xe2, 0x03, 0x00, 0x91, 0xe0, 0x03, 0x15, 0x2a, 0xe1, 0x03, 0x14, 0x2a, 
    0x03, 0x02, 0x80, 0x52, 0x69, 0xff, 0xff, 0x97, 0xf6, 0x03, 0x00, 0x2a, 
    0x1f, 0x70, 0x00, 0x71, 0x00, 0x05, 0x00, 0x54, 0xdf, 0x72, 0x00, 0x71, 
    0xc0, 0x04, 0x00, 0x54, 0x88, 0x51, 0x87, 0x52, 0x69, 0x6a, 0x68, 0x38, 
    0x3f, 0x05, 0x00, 0x71, 0x40, 0x04, 0x00, 0x54, 0x00, 0xe4, 0x00, 0x6f, 
    0x1f, 0x20, 0x03, 0xd5, 0xe2, 0xfc, 0x01, 0x10, 0xe0, 0x03, 0x00, 0x91, 
    0x41, 0x04, 0x80, 0x52, 0x29, 0x00, 0x80, 0x52, 0x69, 0x6a, 0x28, 0x38, 
    0xf6, 0x03, 0x00, 0x91, 0xe0, 0x03, 0x00, 0xad, 0xe0, 0x03, 0x01, 0xad, 
    0x21, 0x00, 0x00, 0x94, 0x1f, 0x20, 0x03, 0xd5, 0x62, 0xfa, 0x01, 0x10, 
    0x1f, 0x20, 0x03, 0xd5, 0x24, 0xfc, 0x01, 0x10, 0x43, 0x04, 0x80, 0x52, 
    0xae, 0xfc, 0xff, 0x97, 0x68, 0x26, 0x5c, 0xf9, 0xa9, 0x03, 0x80, 0x52, 
    0x1f, 0x20, 0x03, 0xd5, 0x22, 0xfc, 0x01, 0x10, 0xe0, 0x03, 0x00, 0x91, 
    0x46, 0x04, 0x00, 0x94, 0x1f, 0x20, 0x03, 0xd5, 0x64, 0xfc, 0x01, 0x10, 
    0x62, 0x02, 0x08, 0x8b, 0x68, 0x03, 0x00, 0x94, 0x1f, 0x20, 0x03, 0xd5, 
    0xa2, 0xfc, 0x01, 0x10, 0xe0, 0x03, 0x00, 0x91, 0xe1, 0x03, 0x00, 0x94, 
    0x5c, 0x03, 0x00, 0x94, 0x01, 0x00, 0x00, 0xd4, 0xf4, 0x4f, 0x47, 0xa9, 
    0xfe, 0x2b, 0x40, 0xf9, 0xf6, 0x57, 0x46, 0xa9, 0xff, 0x03, 0x02, 0x91, 
    0xc0, 0x03, 0x5f, 0xd6, 0x1f, 0x20, 0x03, 0xd5, 0x83, 0x24, 0x02, 0x10, 
    0xe0, 0x03, 0x1f, 0xaa, 0x02, 0x02, 0x80, 0x52, 0xea, 0xfa, 0xff, 0x97, 
    0xe4, 0x03, 0x1e, 0xaa, 0x40, 0x04, 0x00, 0x94, 0xfe, 0x03, 0x04, 0xaa, 
    0x02, 0x08, 0x80, 0x52, 0x56, 0xfd, 0xff, 0x17, 0xe4, 0x03, 0x02, 0xaa, 
    0xe2, 0x03, 0x00, 0xaa, 0x40, 0x04, 0x80, 0x52, 0x03, 0x08, 0x80, 0x52, 
    0x58, 0xfd, 0xff, 0x17, 0xff, 0x83, 0x01, 0xd1, 0xfe, 0x0b, 0x00, 0xf9, 
    0xfa, 0x67, 0x02, 0xa9, 0xf8, 0x5f, 0x03, 0xa9, 0xf6, 0x57, 0x04, 0xa9, 
    0xf4, 0x4f, 0x05, 0xa9, 0x93, 0x40, 0x00, 0x91, 0x5f, 0x00, 0x13, 0xeb, 
    0x62, 0x00, 0x00, 0x54, 0xe0, 0x03, 0x1f, 0xaa, 0x41, 0x00, 0x00, 0x14, 
    0xf6, 0x03, 0x02, 0xaa, 0xf7, 0x03, 0x01, 0xaa, 0xf4, 0x03, 0x04, 0xaa, 
    0xf5, 0x03, 0x03, 0xaa, 0xf8, 0x03, 0x00, 0xaa, 0x1f, 0x20, 0x03, 0xd5, 
    0x64, 0x4e, 0x02, 0x10, 0xe0, 0x03, 0x1f, 0xaa, 0x01, 0x01, 0x80, 0x52, 
    0x13, 0x03, 0x00, 0x94, 0xf9, 0x03, 0x00, 0xaa, 0xe0, 0x03, 0x18, 0xaa, 
    0xfa, 0x03, 0x01, 0xaa, 0x66, 0xff, 0xff, 0x97, 0xe0, 0x07, 0x00, 0xf9, 
    0x1f, 0x20, 0x03, 0xd5, 0xe4, 0x4d, 0x02, 0x10, 0xe2, 0x23, 0x00, 0x91, 
    0xe0, 0x03, 0x19, 0xaa, 0xe1, 0x03, 0x1a, 0xaa, 0x25, 0x03, 0x00, 0x94, 
    0x1f, 0x20, 0x03, 0xd5, 0xe4, 0x4d, 0x02, 0x10, 0x00, 0x01, 0x80, 0x52, 
    0x81, 0x01, 0x80, 0x52, 0x03, 0x03, 0x00, 0x94, 0x08, 0x0b, 0x40, 0xb9, 
    0x1f, 0x20, 0x03, 0xd5, 0xe4, 0x4d, 0x02, 0x10, 0xe2, 0x63, 0x00, 0x91, 
    0x83, 0x00, 0x80, 0x52, 0xe8, 0x1b, 0x00, 0xb9, 0x5e, 0xfc, 0xff, 0x97, 
    0x1f, 0x20, 0x03, 0xd5, 0xe4, 0x4d, 0x02, 0x10, 0x80, 0x01, 0x80, 0x52, 
    0xc1, 0x01, 0x80, 0x52, 0xf7, 0x02, 0x00, 0x94, 0x1f, 0x20, 0x03, 0xd5, 
    0x04, 0x4e, 0x02, 0x10, 0xe2, 0x73, 0x00, 0x91, 0x43, 0x00, 0x80, 0x52, 
    0xf4, 0x3b, 0x00, 0x79, 0x53, 0xfc, 0xff, 0x97, 0x1f, 0x20, 0x03, 0xd5, 
    0x04, 0x4e, 0x02, 0x10, 0xc0, 0x01, 0x80, 0x52, 0x01, 0x02, 0x80, 0x52, 
    0xec, 0x02, 0x00, 0x94, 0x1f, 0x20, 0x03, 0xd5, 0xa2, 0x42, 0x02, 0x10, 
    0x1f, 0x20, 0x03, 0xd5, 0xe4, 0x4d, 0x02, 0x10, 0x49, 0x03, 0x00, 0x94, 
    0x1f, 0x20, 0x03, 0xd5, 0x44, 0x4e, 0x02, 0x10, 0x00, 0x02, 0x80, 0x52, 
    0xe1, 0x03, 0x13, 0xaa, 0xe2, 0x02, 0x00, 0x94, 0x1f, 0x20, 0x03, 0xd5, 
    0x64, 0x4e, 0x02, 0x10, 0xe2, 0x03, 0x15, 0xaa, 0x04, 0x03, 0x00, 0x94, 
    0x20, 0x00, 0x80, 0x52, 0xe1, 0x03, 0x13, 0xaa, 0xf4, 0x4f, 0x45, 0xa9, 
    0xf6, 0x57, 0x44, 0xa9, 0xfe, 0x0b, 0x40, 0xf9, 0xf8, 0x5f, 0x43, 0xa9, 
    0xfa, 0x67, 0x42, 0xa9, 0xff, 0x83, 0x01, 0x91, 0xc0, 0x03, 0x5f, 0xd6, 
    0x08, 0xa0, 0x82, 0x52, 0x1f, 0x01, 0x12, 0xf1, 0x00, 0x01, 0x00, 0x54, 
    0x08, 0x81, 0x10, 0xd1, 0x09, 0x69, 0x60, 0xb8, 0x3f, 0x09, 0x00, 0x71, 
    0x60, 0xff, 0xff, 0x54, 0x08, 0x00, 0x08, 0x8b, 0x29, 0x00, 0x80, 0x52, 
    0x09, 0x69, 0x10, 0x39, 0xc0, 0x03, 0x5f, 0xd6, 0xe4, 0x03, 0x1e, 0xaa, 
    0xd8, 0x03, 0x00, 0x94, 0xfe, 0x03, 0x04, 0xaa, 0x02, 0x04, 0x80, 0x52, 
    0xee, 0xfc, 0xff, 0x17, 0x08, 0x10, 0x40, 0x39, 0x1f, 0x09, 0x00, 0x71, 
    0xe0, 0x00, 0x00, 0x54, 0xf0, 0x03, 0x00, 0xaa, 0x00, 0x00, 0x40, 0xb9, 
    0x08, 0x0d, 0x80, 0x52, 0x01, 0x00, 0x00, 0xd4, 0x48, 0x00, 0x80, 0x52, 
    0x08, 0x12, 0x00, 0x39, 0xc0, 0x03, 0x5f, 0xd6, 0x28, 0x1c, 0x00, 0x12, 
    0x1f, 0x0d, 0x00, 0x71, 0x41, 0x00, 0x00, 0x54, 0xc0, 0x03, 0x5f, 0xd6, 
    0xb9, 0xfe, 0xff, 0x17, 0x48, 0x00, 0x01, 0xeb, 0xa3, 0x00, 0x00, 0x54, 
    0x5f, 0xc4, 0x03, 0xf1, 0x62, 0x00, 0x00, 0x54, 0x00, 0x00, 0x01, 0x8b, 
    0x05, 0x03, 0x00, 0x14, 0xfe, 0x0f, 0x1f, 0xf8, 0xe0, 0x03, 0x01, 0xaa, 
    0xe1, 0x03, 0x02, 0xaa, 0x02, 0x1e, 0x80, 0x52, 0x63, 0xfa, 0xff, 0x97, 
    0xfe, 0x5f, 0xbd, 0xa9, 0xf6, 0x57, 0x01, 0xa9, 0xf4, 0x4f, 0x02, 0xa9, 
    0x68, 0x00, 0x01, 0x8b, 0x09, 0x1e, 0x80, 0x52, 0x1f, 0xc1, 0x03, 0xf1, 
    0x14, 0x31, 0x89, 0x9a, 0x97, 0x02, 0x01, 0xeb, 0xc9, 0x02, 0x00, 0x54, 
    0xf6, 0x03, 0x03, 0xaa, 0xf5, 0x03, 0x02, 0xaa, 0xf3, 0x03, 0x00, 0xaa, 
    0x1f, 0x20, 0x03, 0xd5, 0xc4, 0x21, 0x02, 0x10, 0x02, 0x40, 0x00, 0x91, 
    0xe0, 0x03, 0x01, 0xaa, 0xe1, 0x03, 0x14, 0xaa, 0x03, 0x1e, 0x80, 0x52, 
    0xc8, 0xfc, 0xff, 0x97, 0xff, 0x02, 0x16, 0xeb, 0xa8, 0x01, 0x00, 0x54, 
    0x1f, 0x20, 0x03, 0xd5, 0x24, 0x22, 0x02, 0x10, 0xe2, 0x03, 0x15, 0xaa, 
    0x1a, 0x03, 0x00, 0x94, 0x68, 0x1e, 0x40, 0x79, 0x89, 0x3e, 0x00, 0x12, 
    0x3f, 0x01, 0x08, 0x6b, 0x28, 0x81, 0x88, 0x1a, 0x68, 0x1e, 0x00, 0x79, 
    0x43, 0x03, 0x00, 0x94, 0xfe, 0x5f, 0xc3, 0xa8, 0xc0, 0x03, 0x5f, 0xd6, 
    0x1f, 0x20, 0x03, 0xd5, 0xe3, 0x1f, 0x02, 0x10, 0xe0, 0x03, 0x1f, 0xaa, 
    0xe1, 0x03, 0x17, 0xaa, 0xe2, 0x03, 0x16, 0xaa, 0x3c, 0xfa, 0xff, 0x97, 
    0xfe, 0x0f, 0x1f, 0xf8, 0x02, 0x1c, 0x40, 0x79, 0x3f, 0x00, 0x02, 0xeb, 
    0xe2, 0x01, 0x00, 0x54, 0x00, 0x40, 0x00, 0x91, 0xe9, 0x03, 0x01, 0xaa, 
    0x5f, 0x00, 0x09, 0xeb, 0xc0, 0x01, 0x00, 0x54, 0xe8, 0x03, 0x09, 0xaa, 
    0x3f, 0xc1, 0x03, 0xf1, 0x02, 0x02, 0x00, 0x54, 0x0a, 0x68, 0x68, 0x38, 
    0x09, 0x05, 0x00, 0x91, 0x2a, 0xff, 0xff, 0x35, 0x1f, 0x20, 0x03, 0xd5, 
    0x63, 0x20, 0x02, 0x10, 0xe2, 0x03, 0x08, 0xaa, 0x06, 0x00, 0x00, 0x14, 
    0xe1, 0x03, 0x1f, 0xaa, 0x20, 0x00, 0x80, 0x52, 0x04, 0x00, 0x00, 0x14, 
    0x1f, 0x20, 0x03, 0xd5, 0x03, 0x1e, 0x02, 0x10, 0xb7, 0xff, 0xff, 0x97, 
    0xfe, 0x07, 0x41, 0xf8, 0xc0, 0x03, 0x5f, 0xd6, 0x3f, 0xc0, 0x03, 0xf1, 
    0x08, 0x1e, 0x80, 0x52, 0x1f, 0x20, 0x03, 0xd5, 0xe2, 0x1d, 0x02, 0x10, 
    0x20, 0x80, 0x88, 0x9a, 0x01, 0x1e, 0x80, 0x52, 0x3e, 0xfb, 0xff, 0x97, 
    0xe5, 0x03, 0x1e, 0xaa, 0xd7, 0x02, 0x00, 0x94, 0xfe, 0x03, 0x05, 0xaa, 
    0x03, 0x40, 0x80, 0x52, 0x8e, 0xfc, 0xff, 0x17, 0xfe, 0x0f, 0x1f, 0xf8, 
    0x01, 0x00, 0x41, 0xf9, 0x1f, 0x20, 0x03, 0xd5, 0x22, 0x20, 0x02, 0x10, 
    0x01, 0x00, 0x00, 0x79, 0x93, 0xf9, 0xff, 0x97, 0x29, 0x04, 0x00, 0xd1, 
    0x1f, 0x20, 0x03, 0xd5, 0xca, 0x50, 0x03, 0x10, 0x3f, 0xfd, 0x07, 0xf1, 
    0xe8, 0x05, 0x00, 0x54, 0x6b, 0x00, 0x00, 0xf0, 0x6b, 0x41, 0x00, 0x91, 
    0xe8, 0x03, 0x00, 0xaa, 0x69, 0x11, 0x00, 0x91, 0x60, 0x01, 0x40, 0xb9, 
    0x2c, 0x1c, 0x00, 0x11, 0x29, 0xfd, 0xdf, 0x88, 0x8c, 0x1d, 0x7d, 0x92, 
    0x2d, 0x01, 0x00, 0xcb, 0x1f, 0x00, 0x09, 0x6b, 0xae, 0x21, 0x40, 0x91, 
    0xa9, 0x31, 0x8e, 0x9a, 0x3f, 0x01, 0x0c, 0xeb, 0x88, 0x04, 0x00, 0x54, 
    0xed, 0x03, 0x1f, 0xaa, 0x6e, 0x00, 0x00, 0xf0, 0xce, 0x51, 0x00, 0x91, 
    0x6f, 0x00, 0x00, 0xf0, 0xef, 0x01, 0x00, 0x91, 0xbf, 0x01, 0x0c, 0xeb, 
    0xa2, 0x03, 0x00, 0x54, 0x69, 0x05, 0x40, 0xb9, 0x70, 0x01, 0x40, 0xb9, 
    0x3f, 0x01, 0x10, 0x6b, 0x20, 0x03, 0x00, 0x54, 0x3f, 0x21, 0x40, 0x71, 
    0x42, 0x07, 0x00, 0x54, 0x31, 0x05, 0x00, 0x11, 0x52, 0x69, 0x69, 0x38, 
    0x31, 0x3a, 0x40, 0x92, 0x51, 0x69, 0x71, 0x38, 0x51, 0x22, 0x11, 0x2a, 
    0x32, 0x06, 0x08, 0x51, 0x5f, 0x06, 0x08, 0x31, 0xc9, 0x01, 0x00, 0x54, 
    0x30, 0x1e, 0x00, 0x11, 0x10, 0x1e, 0x1d, 0x12, 0x29, 0x01, 0x10, 0x0b, 
    0x29, 0x39, 0x00, 0x12, 0xc9, 0xfd, 0x9f, 0x88, 0xe9, 0x7d, 0x5f, 0xc8, 
    0x29, 0x05, 0x00, 0x91, 0xe9, 0x7d, 0x11, 0xc8, 0xb1, 0xff, 0xff, 0x35, 
    0xad, 0x01, 0x10, 0x8b, 0xe6, 0xff, 0xff, 0x17, 0x08, 0x00, 0x90, 0x52, 
    0x17, 0x00, 0x00, 0x14, 0xd0, 0xfd, 0x9f, 0x88, 0xe9, 0x03, 0x01, 0xaa, 
    0x09, 0x02, 0x00, 0xb4, 0x1f, 0x20, 0x40, 0xf1, 0x22, 0x03, 0x00, 0x54, 
    0x0d, 0x15, 0x40, 0x38, 0x0e, 0x04, 0x00, 0x11, 0x4d, 0x69, 0x20, 0x38, 
    0xc0, 0x39, 0x40, 0x92, 0x29, 0x05, 0x00, 0xd1, 0x09, 0x01, 0x00, 0xb4, 
    0xf8, 0xff, 0xff, 0x17, 0x1f, 0x20, 0x40, 0xf1, 0x62, 0x02, 0x00, 0x54, 
    0x08, 0x04, 0x00, 0x11, 0x21, 0x04, 0x00, 0x91, 0x5f, 0x69, 0x20, 0x38, 
    0x00, 0x39, 0x40, 0x92, 0x3f, 0x00, 0x0c, 0xeb, 0x23, 0xff, 0xff, 0x54, 
    0x08, 0x01, 0x90, 0x52, 0x60, 0xfd, 0x9f, 0x88, 0x48, 0x01, 0x08, 0x8b, 
    0x09, 0x7d, 0x5f, 0xc8, 0x29, 0x05, 0x00, 0x91, 0x09, 0x7d, 0x0a, 0xc8, 
    0xaa, 0xff, 0xff, 0x35, 0xfe, 0x07, 0x41, 0xf8, 0xc0, 0x03, 0x5f, 0xd6, 
    0x1f, 0x20, 0x03, 0xd5, 0xe2, 0x0d, 0x02, 0x10, 0x03, 0x00, 0x00, 0x14, 
    0x1f, 0x20, 0x03, 0xd5, 0xc2, 0x0c, 0x02, 0x10, 0x01, 0x00, 0x90, 0x52, 
    0xda, 0xfa, 0xff, 0x97, 0x1f, 0x20, 0x03, 0xd5, 0xc2, 0x0a, 0x02, 0x10, 
    0xe0, 0x03, 0x09, 0xaa, 0xfb, 0xff, 0xff, 0x17, 0xff, 0xc3, 0x00, 0xd1, 
    0xf4, 0x4f, 0x02, 0xa9, 0xf3, 0x03, 0x01, 0x2a, 0xf4, 0x03, 0x00, 0x2a, 
    0x48, 0x00, 0x80, 0x52, 0x1f, 0x20, 0x03, 0xd5, 0x63, 0x1f, 0x02, 0x10, 
    0xe0, 0x63, 0x00, 0x91, 0x81, 0x00, 0x80, 0x52, 0x02, 0x01, 0x80, 0x52, 
    0xfe, 0x23, 0x01, 0xa9, 0xab, 0xfd, 0xff, 0x97, 0x1f, 0x20, 0x03, 0xd5, 
    0x44, 0x1f, 0x02, 0x10, 0xfe, 0x01, 0x00, 0x94, 0xf1, 0x01, 0x00, 0x94, 
    0xe8, 0x27, 0x40, 0x29, 0xf4, 0x4f, 0x42, 0xa9, 0xe1, 0x0b, 0x40, 0xb9, 
    0xfe, 0x0b, 0x40, 0xf9, 0x1f, 0x01, 0x00, 0x71, 0x88, 0x03, 0x80, 0x52, 
    0x20, 0x11, 0x88, 0x1a, 0xff, 0xc3, 0x00, 0x91, 0xc0, 0x03, 0x5f, 0xd6, 
    0xff, 0xc3, 0x00, 0xd1, 0xf4, 0x4f, 0x02, 0xa9, 0xf3, 0x03, 0x01, 0x2a, 
    0xf4, 0x03, 0x00, 0x2a, 0x28, 0x00, 0x80, 0x52, 0x1f, 0x20, 0x03, 0xd5, 
    0x43, 0x1f, 0x02, 0x10, 0xe0, 0x63, 0x00, 0x91, 0x81, 0x00, 0x80, 0x52, 
    0x02, 0x01, 0x80, 0x52, 0xfe, 0x23, 0x01, 0xa9, 0x92, 0xfd, 0xff, 0x97, 
    0x1f, 0x20, 0x03, 0xd5, 0x24, 0x1f, 0x02, 0x10, 0xe5, 0x01, 0x00, 0x94, 
    0xd8, 0x01, 0x00, 0x94, 0xf4, 0x4f, 0x42, 0xa9, 0xfe, 0x0b, 0x40, 0xf9, 
    0xa7, 0x02, 0x00, 0x14, 0xff, 0xc3, 0x02, 0xd1, 0xfd, 0x7b, 0x05, 0xa9, 
    0xfc, 0x6f, 0x06, 0xa9, 0xfa, 0x67, 0x07, 0xa9, 0xf8, 0x5f, 0x08, 0xa9, 
    0xf6, 0x57, 0x09, 0xa9, 0xf4, 0x4f, 0x0a, 0xa9, 0xf7, 0x03, 0x02, 0xaa, 
    0x28, 0x00, 0x02, 0xeb, 0xf6, 0x03, 0x1f, 0xaa, 0xc9, 0x17, 0x00, 0x54, 
    0xf5, 0x03, 0x06, 0xaa, 0x86, 0x17, 0x00, 0xb4, 0xf3, 0x03, 0x05, 0xaa, 
    0xf4, 0x03, 0x01, 0xaa, 0xe2, 0x03, 0x00, 0xaa, 0x64, 0x15, 0x00, 0xb4, 
    0x88, 0x04, 0x00, 0x91, 0xfd, 0x03, 0x1f, 0xaa, 0xe9, 0x03, 0x1f, 0x2a, 
    0xe8, 0x0f, 0x01, 0xa9, 0x88, 0x08, 0x00, 0x91, 0x1f, 0x20, 0x03, 0xd5, 
    0xda, 0x2a, 0x02, 0x10, 0xe8, 0x23, 0x00, 0xf9, 0x88, 0x02, 0x04, 0xcb, 
    0x08, 0x0d, 0x00, 0xd1, 0x1f, 0x20, 0x03, 0xd5, 0x3b, 0x2b, 0x02, 0x10, 
    0xe4, 0x23, 0x02, 0xa9, 0x48, 0x04, 0x00, 0x91, 0xf6, 0x03, 0x17, 0xaa, 
    0xe2, 0x1b, 0x00, 0xf9, 0xe8, 0x07, 0x00, 0xf9, 0xe8, 0x23, 0x40, 0xf9, 
    0x08, 0x01, 0x16, 0x8b, 0xe8, 0x1f, 0x00, 0xf9, 0xe9, 0x4b, 0x00, 0xb9, 
    0xa8, 0x02, 0x1d, 0xeb, 0xc2, 0x82, 0x54, 0xfa, 0x22, 0x12, 0x00, 0x54, 
    0xe0, 0x03, 0x1d, 0xaa, 0xe9, 0x03, 0x1f, 0xaa, 0x79, 0x02, 0x1d, 0x8b, 
    0x1f, 0x01, 0x09, 0xeb, 0xe0, 0x00, 0x00, 0x54, 0x2a, 0x6b, 0x69, 0x38, 
    0x5f, 0x29, 0x00, 0x71, 0x60, 0x00, 0x00, 0x54, 0x29, 0x05, 0x00, 0x91, 
    0xfa, 0xff, 0xff, 0x17, 0x2a, 0x05, 0x00, 0x91, 0x4a, 0x01, 0x00, 0x8b, 
    0x1f, 0x01, 0x09, 0xeb, 0xbd, 0x02, 0x8a, 0x9a, 0xbc, 0x03, 0x00, 0xeb, 
    0xa2, 0x23, 0x55, 0xfa, 0x08, 0x13, 0x00, 0x54, 0xe0, 0x03, 0x19, 0xaa, 
    0xe1, 0x03, 0x1c, 0xaa, 0xe2, 0x03, 0x1a, 0xaa, 0x34, 0xf9, 0xff, 0x97, 
    0x98, 0x43, 0x20, 0xcb, 0x1f, 0x03, 0x1c, 0xeb, 0xc8, 0x12, 0x00, 0x54, 
    0xe0, 0x03, 0x19, 0xaa, 0xe1, 0x03, 0x18, 0xaa, 0xe2, 0x03, 0x1b, 0xaa, 
    0x1b, 0xfc, 0xff, 0x97, 0x20, 0x01, 0x00, 0x36, 0xe0, 0x03, 0x19, 0xaa, 
    0xe1, 0x03, 0x18, 0xaa, 0x1f, 0x20, 0x03, 0xd5, 0x82, 0x25, 0x02, 0x30, 
    0x27, 0xf9, 0xff, 0x97, 0x1f, 0x0f, 0x00, 0xf1, 0x43, 0x00, 0x00, 0x54, 
    0x60, 0x00, 0x00, 0x37, 0x18, 0xfb, 0xff, 0xb4, 0x37, 0x00, 0x00, 0x14, 
    0xe8, 0x1f, 0x40, 0xf9, 0x29, 0x00, 0x80, 0x52, 0x08, 0x01, 0x18, 0x8b, 
    0x1f, 0x01, 0x14, 0xeb, 0x28, 0xfa, 0xff, 0x54, 0xe2, 0x1b, 0x40, 0xf9, 
    0x68, 0x0b, 0x80, 0x52, 0xc0, 0x06, 0x00, 0x91, 0xe3, 0x03, 0x14, 0xaa, 
    0x1f, 0x20, 0x03, 0xd5, 0xa4, 0x26, 0x02, 0x10, 0x48, 0x68, 0x36, 0x38, 
    0xe8, 0x0b, 0x40, 0xf9, 0xdc, 0x02, 0x08, 0x8b, 0xe1, 0x03, 0x1c, 0xaa, 
    0x9f, 0xfb, 0xff, 0x97, 0xe2, 0x8f, 0x41, 0xa9, 0x1f, 0x20, 0x03, 0xd5, 
    0x64, 0x26, 0x02, 0x10, 0xcd, 0xfa, 0xff, 0x97, 0x9f, 0x03, 0x14, 0xeb, 
    0xe2, 0x0e, 0x00, 0x54, 0xe2, 0x1b, 0x40, 0xf9, 0x09, 0x0b, 0x00, 0xd1, 
    0x96, 0x07, 0x00, 0x91, 0xe8, 0x05, 0x80, 0x52, 0xe0, 0x03, 0x16, 0xaa, 
    0xe3, 0x03, 0x14, 0xaa, 0x48, 0x68, 0x3c, 0x38, 0x3c, 0x01, 0x16, 0x8b, 
    0x1f, 0x20, 0x03, 0xd5, 0x44, 0x26, 0x02, 0x10, 0xe1, 0x03, 0x1c, 0xaa, 
    0xe9, 0x27, 0x00, 0xf9, 0x8c, 0xfb, 0xff, 0x97, 0xe3, 0x27, 0x40, 0xf9, 
    0x22, 0x07, 0x00, 0x91, 0x1f, 0x20, 0x03, 0xd5, 0x24, 0x26, 0x02, 0x10, 
    0xb9, 0xfa, 0xff, 0x97, 0x9f, 0x03, 0x14, 0xeb, 0xc2, 0x0c, 0x00, 0x54, 
    0x80, 0x07, 0x00, 0x91, 0xe9, 0x1b, 0x40, 0xf9, 0xa8, 0x0b, 0x80, 0x52, 
    0x1f, 0x00, 0x14, 0xeb, 0x28, 0x69, 0x3c, 0x38, 0x82, 0x0c, 0x00, 0x54, 
    0xe8, 0x03, 0x09, 0xaa, 0x49, 0x01, 0x80, 0x52, 0x16, 0x03, 0x16, 0x8b, 
    0x09, 0x69, 0x20, 0x38, 0x29, 0x00, 0x80, 0x52, 0x9d, 0xff, 0xff, 0x17, 
    0xe8, 0x17, 0x40, 0xf9, 0xe9, 0x4b, 0x40, 0xb9, 0xdf, 0x02, 0x08, 0xeb, 
    0xe8, 0x97, 0x9f, 0x1a, 0x28, 0x01, 0x08, 0x2a, 0x28, 0x03, 0x00, 0x37, 
    0xf7, 0x27, 0x00, 0xf9, 0xf7, 0x1b, 0x40, 0xf9, 0x68, 0x0b, 0x80, 0x52, 
    0xc0, 0x06, 0x00, 0x91, 0xe3, 0x03, 0x14, 0xaa, 0x1f, 0x20, 0x03, 0xd5, 
    0xa4, 0x1c, 0x02, 0x10, 0xe8, 0x6a, 0x36, 0x38, 0xe8, 0x0b, 0x40, 0xf9, 
    0xe2, 0x03, 0x17, 0xaa, 0xd8, 0x02, 0x08, 0x8b, 0xe1, 0x03, 0x18, 0xaa, 
    0x66, 0xfb, 0xff, 0x97, 0xe2, 0x8f, 0x41, 0xa9, 0x1f, 0x20, 0x03, 0xd5, 
    0x44, 0x1c, 0x02, 0x10, 0x94, 0xfa, 0xff, 0x97, 0xa8, 0x0b, 0x80, 0x52, 
    0xe8, 0x6a, 0x38, 0x38, 0xf7, 0x27, 0x40, 0xf9, 0xe8, 0x07, 0x40, 0xf9, 
    0x16, 0x0b, 0x00, 0x91, 0x49, 0x01, 0x80, 0x52, 0x09, 0x69, 0x38, 0x38, 
    0x88, 0x02, 0x16, 0xcb, 0x29, 0x00, 0x80, 0x52, 0x1f, 0x01, 0x1c, 0xeb, 
    0x18, 0x31, 0x9c, 0x9a, 0x58, 0xef, 0xff, 0xb4, 0x1c, 0x03, 0x16, 0x8b, 
    0xe2, 0x1b, 0x40, 0xf9, 0xe0, 0x03, 0x16, 0xaa, 0xe1, 0x03, 0x1c, 0xaa, 
    0xe3, 0x03, 0x14, 0xaa, 0x1f, 0x20, 0x03, 0xd5, 0x84, 0x1a, 0x02, 0x10, 
    0x4e, 0xfb, 0xff, 0x97, 0xe2, 0x03, 0x19, 0xaa, 0xe3, 0x03, 0x18, 0xaa, 
    0x1f, 0x20, 0x03, 0xd5, 0xa4, 0x1a, 0x02, 0x10, 0x7b, 0xfa, 0xff, 0x97, 
    0x29, 0x00, 0x80, 0x52, 0xf6, 0x03, 0x1c, 0xaa, 0x6a, 0xff, 0xff, 0x17, 
    0xd6, 0x02, 0x17, 0xcb, 0x0e, 0x00, 0x00, 0x14, 0x1f, 0x01, 0x15, 0xeb, 
    0x1f, 0x20, 0x03, 0xd5, 0x84, 0x1f, 0x02, 0x10, 0x16, 0x31, 0x95, 0x9a, 
    0xe0, 0x03, 0x17, 0xaa, 0xe3, 0x03, 0x14, 0xaa, 0xc1, 0x02, 0x17, 0x8b, 
    0x3c, 0xfb, 0xff, 0x97, 0x1f, 0x20, 0x03, 0xd5, 0x64, 0x1f, 0x02, 0x10, 
    0xe2, 0x03, 0x13, 0xaa, 0xe3, 0x03, 0x16, 0xaa, 0x69, 0xfa, 0xff, 0x97, 
    0xe0, 0x03, 0x16, 0xaa, 0xf4, 0x4f, 0x4a, 0xa9, 0xf6, 0x57, 0x49, 0xa9, 
    0xf8, 0x5f, 0x48, 0xa9, 0xfa, 0x67, 0x47, 0xa9, 0xfc, 0x6f, 0x46, 0xa9, 
    0xfd, 0x7b, 0x45, 0xa9, 0xff, 0xc3, 0x02, 0x91, 0xc0, 0x03, 0x5f, 0xd6, 
    0x1f, 0x20, 0x03, 0xd5, 0xa3, 0x12, 0x02, 0x10, 0xe1, 0x03, 0x1d, 0xaa, 
    0xe2, 0x03, 0x15, 0xaa, 0xb1, 0xf8, 0xff, 0x97, 0x1f, 0x20, 0x03, 0xd5, 
    0x03, 0x13, 0x02, 0x10, 0xe0, 0x03, 0x1f, 0xaa, 0xe1, 0x03, 0x18, 0xaa, 
    0xe2, 0x03, 0x1c, 0xaa, 0xab, 0xf8, 0xff, 0x97, 0x1f, 0x20, 0x03, 0xd5, 
    0xc2, 0x17, 0x02, 0x10, 0x03, 0x00, 0x00, 0x14, 0x1f, 0x20, 0x03, 0xd5, 
    0xa2, 0x19, 0x02, 0x10, 0xe0, 0x03, 0x1c, 0xaa, 0x03, 0x00, 0x00, 0x14, 
    0x1f, 0x20, 0x03, 0xd5, 0xe2, 0x19, 0x02, 0x10, 0xe1, 0x03, 0x14, 0xaa, 
    0xc3, 0xf9, 0xff, 0x97, 0x3f, 0x20, 0x00, 0xf1, 0x63, 0x00, 0x00, 0x54, 
    0x08, 0x00, 0x40, 0x39, 0xa8, 0x00, 0x00, 0x34, 0xe8, 0x03, 0x1f, 0x2a, 
    0xe8, 0x03, 0x08, 0x2a, 0x00, 0x21, 0x09, 0xaa, 0xc0, 0x03, 0x5f, 0xd6, 
    0x08, 0x04, 0x40, 0x39, 0x09, 0x08, 0x40, 0x39, 0x0a, 0x10, 0x40, 0x39, 
    0x08, 0x21, 0x09, 0x2a, 0x09, 0x14, 0x40, 0x39, 0x08, 0x41, 0x0a, 0x2a, 
    0x09, 0x61, 0x09, 0x2a, 0x28, 0x00, 0x80, 0x52, 0xf5, 0xff, 0xff, 0x17, 
    0xfd, 0x7b, 0xba, 0xa9, 0xcf, 0x00, 0x00, 0x94, 0xff, 0x83, 0x09, 0xd1, 
    0xc8, 0x01, 0x00, 0x94, 0x41, 0x05, 0x00, 0x54, 0x88, 0x51, 0x87, 0x52, 
    0x69, 0x6a, 0x68, 0x38, 0x3f, 0x05, 0x00, 0x71, 0x40, 0x04, 0x00, 0x54, 
    0x00, 0xe4, 0x00, 0x6f, 0x1f, 0x20, 0x03, 0xd5, 0x02, 0x22, 0x02, 0x10, 
    0xe0, 0x83, 0x00, 0x91, 0x41, 0x04, 0x80, 0x52, 0x29, 0x00, 0x80, 0x52, 
    0x69, 0x6a, 0x28, 0x38, 0xf6, 0x83, 0x00, 0x91, 0xe0, 0x03, 0x01, 0xad, 
    0xe0, 0x03, 0x02, 0xad, 0x92, 0xfd, 0xff, 0x97, 0x1f, 0x20, 0x03, 0xd5, 
    0x82, 0xa8, 0x01, 0x10, 0x1f, 0x20, 0x03, 0xd5, 0x44, 0x21, 0x02, 0x10, 
    0x43, 0x04, 0x80, 0x52, 0x1f, 0xfa, 0xff, 0x97, 0x68, 0x26, 0x5c, 0xf9, 
    0xa9, 0x03, 0x80, 0x52, 0x1f, 0x20, 0x03, 0xd5, 0x42, 0x21, 0x02, 0x10, 
    0xe0, 0x83, 0x00, 0x91, 0xb7, 0x01, 0x00, 0x94, 0x1f, 0x20, 0x03, 0xd5, 
    0x84, 0x21, 0x02, 0x10, 0x62, 0x02, 0x08, 0x8b, 0xd9, 0x00, 0x00, 0x94, 
    0x1f, 0x20, 0x03, 0xd5, 0xc2, 0x21, 0x02, 0x10, 0xe0, 0x83, 0x00, 0x91, 
    0x52, 0x01, 0x00, 0x94, 0xcd, 0x00, 0x00, 0x94, 0x01, 0x00, 0x00, 0xd4, 
    0xff, 0x83, 0x09, 0x91, 0x9f, 0x00, 0x00, 0x94, 0xfd, 0x7b, 0xc6, 0xa8, 
    0xc0, 0x03, 0x5f, 0xd6, 0x75, 0x02, 0x55, 0xb9, 0xf6, 0x03, 0x03, 0xaa, 
    0xf7, 0x03, 0x02, 0xaa, 0x7f, 0xc4, 0x08, 0xf1, 0x42, 0x03, 0x00, 0x54, 
    0xe8, 0x60, 0x80, 0x52, 0xe0, 0x83, 0x00, 0x91, 0x02, 0x48, 0x80, 0x52, 
    0x08, 0x81, 0x01, 0xaa, 0xe1, 0x03, 0x1f, 0x2a, 0xff, 0x1b, 0x00, 0xb9, 
    0xf6, 0x3b, 0x00, 0x79, 0xe8, 0x0b, 0x00, 0xf9, 0xff, 0x3f, 0x00, 0x79, 
    0x1b, 0x02, 0x00, 0x94, 0xe0, 0x43, 0x00, 0x91, 0xe1, 0x83, 0x00, 0x91, 
    0x02, 0x48, 0x80, 0x52, 0xe3, 0x03, 0x17, 0xaa, 0xe4, 0x03, 0x16, 0xaa, 
    0x6d, 0xfd, 0xff, 0x97, 0x40, 0xf8, 0x07, 0x36, 0x1f, 0x20, 0x03, 0xd5, 
    0x82, 0xce, 0x01, 0x10, 0xe0, 0x83, 0x00, 0x91, 0xd7, 0xf7, 0xff, 0x97, 
    0xf7, 0x00, 0x00, 0x94, 0x1f, 0x70, 0x00, 0x71, 0x61, 0xf7, 0xff, 0x54, 
    0xdf, 0xff, 0xff, 0x17, 0xe8, 0x60, 0x80, 0x52, 0xf9, 0x03, 0x1f, 0xaa, 
    0xfd, 0xbe, 0x08, 0x91, 0x1c, 0x81, 0x01, 0xaa, 0x1f, 0x20, 0x03, 0xd5, 
    0x58, 0xcc, 0x01, 0x10, 0xc8, 0x02, 0x19, 0xeb, 0xe9, 0xfa, 0xff, 0x54, 
    0x1f, 0xc5, 0x08, 0xf1, 0xfa, 0x03, 0x16, 0xaa, 0x63, 0x01, 0x00, 0x54, 
    0xa9, 0x03, 0x19, 0x8b, 0x28, 0x46, 0x80, 0x52, 0x08, 0x05, 0x00, 0xf1, 
    0xa0, 0x00, 0x00, 0x54, 0x2a, 0xf5, 0x5f, 0x38, 0x5f, 0x29, 0x00, 0x71, 
    0x81, 0xff, 0xff, 0x54, 0x02, 0x00, 0x00, 0x14, 0x08, 0x46, 0x80, 0x52, 
    0x3a, 0x03, 0x08, 0x8b, 0x5b, 0x03, 0x19, 0xeb, 0x42, 0x23, 0x56, 0xfa, 
    0x08, 0x03, 0x00, 0x54, 0xe0, 0x83, 0x00, 0x91, 0xe1, 0x03, 0x1f, 0x2a, 
    0x02, 0x48, 0x80, 0x52, 0xfc, 0x0b, 0x00, 0xf9, 0xff, 0x1b, 0x00, 0xb9, 
    0xfb, 0x3b, 0x00, 0x79, 0xff, 0x3f, 0x00, 0x79, 0xec, 0x01, 0x00, 0x94, 
    0xe0, 0x43, 0x00, 0x91, 0xe1, 0x83, 0x00, 0x91, 0xe3, 0x02, 0x19, 0x8b, 
    0x02, 0x48, 0x80, 0x52, 0xe4, 0x03, 0x1b, 0xaa, 0x3e, 0xfd, 0xff, 0x97, 
    0x60, 0xf2, 0x07, 0x36, 0xe0, 0x83, 0x00, 0x91, 0xe2, 0x03, 0x18, 0xaa, 
    0xa9, 0xf7, 0xff, 0x97, 0xc9, 0x00, 0x00, 0x94, 0x1f, 0x70, 0x00, 0x71, 
    0xa1, 0xf1, 0xff, 0x54, 0xf9, 0x03, 0x1a, 0xaa, 0xd8, 0xff, 0xff, 0x17, 
    0x1f, 0x20, 0x03, 0xd5, 0x23, 0xc6, 0x01, 0x10, 0xe0, 0x03, 0x19, 0xaa, 
    0xe1, 0x03, 0x1a, 0xaa, 0xe2, 0x03, 0x16, 0xaa, 0x0e, 0xf8, 0xff, 0x97, 
    0xfe, 0x0f, 0x1d, 0xf8, 0xf6, 0x57, 0x01, 0xa9, 0xf4, 0x4f, 0x02, 0xa9, 
    0x16, 0x74, 0x7a, 0xb9, 0xf3, 0x03, 0x00, 0xaa, 0xf4, 0x03, 0x02, 0x2a, 
    0xf5, 0x03, 0x01, 0x2a, 0xe0, 0x03, 0x16, 0x2a, 0xcf, 0xfb, 0xff, 0x97, 
    0x1f, 0x70, 0x00, 0x71, 0x81, 0x01, 0x00, 0x54, 0x68, 0x0a, 0x5c, 0xf9, 
    0x1f, 0x7d, 0x00, 0xf1, 0x68, 0x01, 0x00, 0x54, 0x68, 0x0e, 0x08, 0x8b, 
    0x40, 0x01, 0x80, 0x52, 0x15, 0x11, 0x37, 0xb9, 0x14, 0x15, 0x37, 0xb9, 
    0x68, 0x0a, 0x5c, 0xf9, 0x08, 0x05, 0x00, 0x91, 0x68, 0x0a, 0x1c, 0xf9, 
    0x07, 0x00, 0x00, 0x14, 0x00, 0x01, 0x80, 0x52, 0x05, 0x00, 0x00, 0x14, 
    0xe0, 0x03, 0x16, 0x2a, 0xe1, 0x03, 0x15, 0x2a, 0x5a, 0xfe, 0xff, 0x97, 
    0x60, 0x00, 0x80, 0x52, 0xf0, 0x00, 0x00, 0x94, 0xfe, 0x07, 0x43, 0xf8, 
    0xc0, 0x03, 0x5f, 0xd6, 0xfe, 0x0f, 0x1e, 0xf8, 0xf4, 0x4f, 0x01, 0xa9, 
    0xf3, 0x03, 0x00, 0xaa, 0x00, 0x74, 0x7a, 0xb9, 0xf4, 0x03, 0x01, 0x2a, 
    0x50, 0xfe, 0xff, 0x97, 0x08, 0xe2, 0x86, 0x52, 0xe1, 0x03, 0x14, 0x2a, 
    0x60, 0x02, 0x08, 0x8b, 0xf4, 0x4f, 0x41, 0xa9, 0xfe, 0x07, 0x42, 0xf8, 
    0xc3, 0xfa, 0xff, 0x17, 0x08, 0x18, 0x40, 0x39, 0x48, 0x00, 0x00, 0x36, 
    0xc0, 0x03, 0x5f, 0xd6, 0xf0, 0x03, 0x00, 0xaa, 0x00, 0x00, 0x40, 0xb9, 
    0x08, 0x0d, 0x80, 0x52, 0x01, 0x00, 0x00, 0xd4, 0x28, 0x00, 0x80, 0x52, 
    0x08, 0x1a, 0x00, 0x39, 0xc0, 0x03, 0x5f, 0xd6, 0xe2, 0x03, 0x00, 0xaa, 
    0xe3, 0x03, 0x01, 0xaa, 0xe0, 0x03, 0x13, 0xaa, 0xe1, 0x03, 0x02, 0xaa, 
    0xe2, 0x03, 0x03, 0xaa, 0x63, 0xe5, 0xff, 0x17, 0xe0, 0x43, 0x1e, 0x91, 
    0xe1, 0x03, 0x1f, 0x2a, 0x02, 0x48, 0x80, 0x52, 0x98, 0x01, 0x00, 0x14, 
    0xe1, 0x43, 0x00, 0x91, 0xe9, 0xa3, 0x01, 0xa9, 0xe9, 0x17, 0x00, 0xf9, 
    0x91, 0xf8, 0xff, 0x17, 0xe3, 0x03, 0x00, 0xaa, 0xe4, 0x03, 0x01, 0xaa, 
    0xe0, 0x43, 0x35, 0x91, 0xe1, 0x03, 0x13, 0xaa, 0xe2, 0x03, 0x1c, 0xaa, 
    0x4d, 0xe4, 0xff, 0x17, 0xf4, 0x4f, 0x45, 0xa9, 0xf6, 0x57, 0x44, 0xa9, 
    0xf8, 0x5f, 0x43, 0xa9, 0xfa, 0x67, 0x42, 0xa9, 0xfc, 0x6f, 0x41, 0xa9, 
    0xc0, 0x03, 0x5f, 0xd6, 0xfc, 0x6f, 0x01, 0xa9, 0xfa, 0x67, 0x02, 0xa9, 
    0xf8, 0x5f, 0x03, 0xa9, 0xf6, 0x57, 0x04, 0xa9, 0xf4, 0x4f, 0x05, 0xa9, 
    0xc0, 0x03, 0x5f, 0xd6, 0xe2, 0x03, 0x17, 0xaa, 0xe3, 0x03, 0x16, 0xaa, 
    0x2e, 0xfa, 0xff, 0x17, 0xe1, 0x03, 0x1f, 0x2a, 0x02, 0x40, 0x80, 0x52, 
    0x7c, 0x01, 0x00, 0x14, 0xe0, 0x03, 0x00, 0x91, 0xe2, 0x63, 0x00, 0x91, 
    0xe1, 0x03, 0x14, 0x2a, 0x03, 0x01, 0x80, 0x52, 0x19, 0xfb, 0xff, 0x17, 
    0xe3, 0x03, 0x01, 0xaa, 0xe1, 0x03, 0x08, 0x2a, 0xf6, 0xfb, 0xff, 0x17, 
    0xe0, 0x43, 0x25, 0x91, 0xe1, 0x43, 0x35, 0x91, 0x02, 0x48, 0x80, 0x52, 
    0x6f, 0x01, 0x00, 0x14, 0xe2, 0x03, 0x00, 0x91, 0x83, 0x00, 0x80, 0x52, 
    0xf3, 0x03, 0x00, 0xb9, 0x4d, 0xf9, 0xff, 0x17, 0xe0, 0x43, 0x00, 0x91, 
    0xe1, 0x03, 0x14, 0xaa, 0x70, 0xf7, 0xff, 0x17, 0xf8, 0x5f, 0x01, 0xa9, 
    0xf6, 0x57, 0x02, 0xa9, 0xf4, 0x4f, 0x03, 0xa9, 0xc0, 0x03, 0x5f, 0xd6, 
    0x03, 0x01, 0x80, 0x52, 0x44, 0xf9, 0xff, 0x17, 0xe2, 0x03, 0x00, 0xaa, 
    0xe3, 0x03, 0x01, 0xaa, 0xe0, 0x03, 0x1f, 0xaa, 0x88, 0x09, 0x80, 0x52, 
    0xe1, 0x03, 0x02, 0xaa, 0xe2, 0x03, 0x03, 0xaa, 0xc0, 0x03, 0x5f, 0xd6, 
    0xe3, 0x03, 0x14, 0xaa, 0x3b, 0xf9, 0xff, 0x17, 0xe2, 0x03, 0x14, 0xaa, 
    0xe3, 0x03, 0x15, 0xaa, 0x38, 0xf9, 0xff, 0x17, 0xe3, 0x03, 0x15, 0xaa, 
    0x36, 0xf9, 0xff, 0x17, 0x02, 0x48, 0x80, 0x52, 0x52, 0x01, 0x00, 0x14, 
    0xe0, 0x07, 0x40, 0x91, 0xe1, 0x03, 0x13, 0x91, 0xe2, 0x43, 0x1c, 0x91, 
    0x00, 0xc0, 0x05, 0x91, 0x03, 0x48, 0x80, 0x52, 0x8d, 0xfb, 0xff, 0x17, 
    0xf4, 0x4f, 0x43, 0xa9, 0xf6, 0x57, 0x42, 0xa9, 0xf8, 0x5f, 0x41, 0xa9, 
    0xc0, 0x03, 0x5f, 0xd6, 0xe0, 0x13, 0x00, 0x91, 0xe1, 0x03, 0x14, 0xaa, 
    0x57, 0xf7, 0xff, 0x17, 0xe4, 0x03, 0x1f, 0x2a, 0x4f, 0xf6, 0xff, 0x17, 
    0xf8, 0x5f, 0x02, 0xa9, 0xf6, 0x57, 0x03, 0xa9, 0xf4, 0x4f, 0x04, 0xa9, 
    0xc0, 0x03, 0x5f, 0xd6, 0xe3, 0x03, 0x01, 0xaa, 0x41, 0x00, 0x80, 0x52, 
    0xe2, 0x03, 0x00, 0xaa, 0xe0, 0x03, 0x00, 0x91, 0x01, 0x20, 0xa0, 0x72, 
    0xdc, 0xfa, 0xff, 0x17, 0xf6, 0x57, 0x02, 0xa9, 0xf4, 0x4f, 0x03, 0xa9, 
    0xc0, 0x03, 0x5f, 0xd6, 0xe0, 0x03, 0x17, 0xaa, 0xe1, 0x03, 0x15, 0x2a, 
    0x02, 0x84, 0x80, 0x52, 0xc0, 0x03, 0x5f, 0xd6, 0xe0, 0x43, 0x35, 0x91, 
    0x53, 0xfd, 0xff, 0x17, 0xf4, 0x4f, 0x44, 0xa9, 0xf6, 0x57, 0x43, 0xa9, 
    0xf8, 0x5f, 0x42, 0xa9, 0xc0, 0x03, 0x5f, 0xd6, 0xe1, 0x03, 0x08, 0xaa, 
    0xc0, 0x03, 0x5f, 0xd6, 0xf4, 0x4f, 0x43, 0xa9, 0xf6, 0x57, 0x42, 0xa9, 
    0xc0, 0x03, 0x5f, 0xd6, 0xe3, 0x03, 0x02, 0xaa, 0xe0, 0x03, 0x1f, 0xaa, 
    0xc0, 0x03, 0x5f, 0xd6, 0xe0, 0x43, 0x1e, 0x91, 0x41, 0x00, 0x80, 0x52, 
    0x82, 0x00, 0x80, 0x52, 0xb3, 0x03, 0x08, 0x2a, 0x22, 0xf7, 0xff, 0x17, 
    0x43, 0x00, 0x80, 0x52, 0xff, 0xf8, 0xff, 0x17, 0xe2, 0x03, 0x00, 0xaa, 
    0xe3, 0x03, 0x01, 0xaa, 0xe0, 0x43, 0x1e, 0x91, 0xe1, 0x03, 0x1f, 0xaa, 
    0xee, 0xfc, 0xff, 0x17, 0xe2, 0x03, 0x00, 0xaa, 0xe3, 0x03, 0x01, 0xaa, 
    0xe0, 0x03, 0x15, 0x2a, 0xe1, 0x03, 0x14, 0x2a, 0x96, 0xfb, 0xff, 0x17, 
    0x88, 0x46, 0x80, 0x52, 0xf6, 0x4f, 0x40, 0xf9, 0x29, 0xe8, 0x82, 0x52, 
    0x13, 0x7f, 0x08, 0x9b, 0xc8, 0x02, 0x13, 0x8b, 0x08, 0x69, 0x69, 0x38, 
    0x1f, 0x09, 0x00, 0x71, 0xc0, 0x03, 0x5f, 0xd6, 0xe8, 0x03, 0x00, 0xaa, 
    0xe4, 0x03, 0x03, 0xaa, 0xe0, 0x03, 0x01, 0xaa, 0xe1, 0x03, 0x02, 0xaa, 
    0xe2, 0x03, 0x08, 0xaa, 0xc0, 0x03, 0x5f, 0xd6, 0x61, 0x03, 0x1a, 0x8b, 
    0xe0, 0x03, 0x17, 0xaa, 0xe2, 0x03, 0x14, 0xaa, 0x00, 0x01, 0x1f, 0xd6, 
    0xe2, 0x33, 0x00, 0x91, 0x43, 0x00, 0x80, 0x52, 0xe8, 0x1b, 0x00, 0x79, 
    0xdf, 0xf8, 0xff, 0x17, 0x63, 0x00, 0x80, 0x52, 0xdd, 0xf8, 0xff, 0x17, 
    0xfd, 0x07, 0x44, 0xf8, 0xc0, 0x03, 0x5f, 0xd6, 0xe3, 0x03, 0x17, 0xaa, 
    0xd9, 0xf8, 0xff, 0x17, 0x01, 0x01, 0x80, 0x52, 0x50, 0xf8, 0xff, 0x17, 
    0x08, 0xe2, 0x86, 0x52, 0xe1, 0x03, 0x15, 0x2a, 0x60, 0x02, 0x08, 0x8b, 
    0x09, 0xfa, 0xff, 0x17, 0xe2, 0x83, 0x02, 0x91, 0x43, 0x00, 0x80, 0x52, 
    0xf3, 0x43, 0x01, 0x79, 0xcf, 0xf8, 0xff, 0x17, 0xe0, 0x43, 0x35, 0x91, 
    0xe1, 0x43, 0x25, 0x91, 0x02, 0x41, 0x80, 0x52, 0xe9, 0x00, 0x00, 0x14, 
    0xf3, 0x93, 0x47, 0xb9, 0xf5, 0x97, 0x47, 0xb9, 0xe8, 0x3f, 0x0f, 0x79, 
    0xe8, 0x9b, 0x47, 0xb9, 0xe0, 0x43, 0x27, 0x91, 0xe9, 0x9f, 0x47, 0xb9, 
    0xc0, 0x03, 0x5f, 0xd6, 0x01, 0x05, 0x00, 0x91, 0x02, 0x11, 0x00, 0x91, 
    0xe1, 0xab, 0x05, 0xf9, 0xd0, 0xf6, 0xff, 0x17, 0x81, 0x8e, 0x00, 0x91, 
    0x28, 0x05, 0x80, 0x52, 0xc8, 0x6a, 0x35, 0x38, 0xa9, 0xf6, 0xff, 0x17, 
    0xe0, 0x03, 0x17, 0xaa, 0xe1, 0x03, 0x1a, 0xaa, 0xe2, 0x03, 0x1c, 0xaa, 
    0xc0, 0x03, 0x5f, 0xd6, 0x4c, 0x3c, 0x00, 0x12, 0x8c, 0x09, 0xc9, 0x1a, 
    0x8d, 0x09, 0x0a, 0x1b, 0xe2, 0x03, 0x0c, 0x2a, 0xac, 0x05, 0x1c, 0x32, 
    0xc0, 0x03, 0x5f, 0xd6, 0x49, 0x01, 0x80, 0x52, 0xca, 0x1e, 0x80, 0x52, 
    0xeb, 0x23, 0x00, 0x91, 0xff, 0x33, 0x00, 0x39, 0xff, 0x0b, 0x00, 0xb9, 
    0xc0, 0x03, 0x5f, 0xd6, 0xf4, 0x4f, 0x42, 0xa9, 0xf6, 0x57, 0x41, 0xa9, 
    0xc0, 0x03, 0x5f, 0xd6, 0xe1, 0x03, 0x14, 0xaa, 0xe2, 0x03, 0x15, 0xaa, 
    0x59, 0xf6, 0xff, 0x17, 0xe1, 0x03, 0x15, 0xaa, 0xe2, 0x03, 0x14, 0xaa, 
    0x56, 0xf6, 0xff, 0x17, 0xa1, 0x03, 0x1c, 0x4b, 0xe0, 0x03, 0x13, 0xaa, 
    0xdf, 0xf7, 0xff, 0x17, 0xe0, 0x43, 0x1e, 0x91, 0x01, 0x01, 0x80, 0x52, 
    0xc3, 0xf6, 0xff, 0x17, 0xe0, 0x43, 0x1e, 0x91, 0xe1, 0x03, 0x15, 0xaa, 
    0xc0, 0xf6, 0xff, 0x17, 0xe2, 0x03, 0x17, 0xaa, 0xe3, 0x03, 0x18, 0xaa, 
    0x97, 0xf8, 0xff, 0x17, 0x01, 0x04, 0x80, 0x52, 0x0e, 0xf8, 0xff, 0x17, 
    0x01, 0x40, 0x80, 0x52, 0x0c, 0xf8, 0xff, 0x17, 0xfe, 0x0f, 0x1f, 0xf8, 
    0xbc, 0xf6, 0xff, 0x97, 0x1f, 0x20, 0x03, 0xd5, 0xc2, 0x9b, 0x00, 0x10, 
    0xfe, 0x07, 0x41, 0xf8, 0xc0, 0x03, 0x5f, 0xd6, 0x02, 0x40, 0x80, 0x52, 
    0xe1, 0xf6, 0xff, 0x17, 0xff, 0xc3, 0x00, 0x91, 0xc0, 0x03, 0x5f, 0xd6, 
    0xe2, 0x03, 0x03, 0xaa, 0xe3, 0x03, 0x04, 0xaa, 0xdc, 0xf6, 0xff, 0x17, 
    0xe1, 0x03, 0x02, 0xaa, 0xe2, 0x03, 0x03, 0xaa, 0x61, 0xfb, 0xff, 0x17, 
    0xff, 0x83, 0x00, 0x91, 0xc0, 0x03, 0x5f, 0xd6, 0x60, 0x76, 0x7a, 0xb9, 
    0xe1, 0x03, 0x15, 0x2a, 0x3b, 0xfd, 0xff, 0x17, 0xe3, 0x03, 0x01, 0xaa, 
    0xe1, 0x03, 0x08, 0x2a, 0x5f, 0xfc, 0xff, 0x17, 0xe0, 0x03, 0x2b, 0x91, 
    0xe1, 0x03, 0x1f, 0xaa, 0x93, 0xfc, 0xff, 0x17, 0xe0, 0x03, 0x1f, 0x2a, 
    0xc0, 0x03, 0x5f, 0xd6, 0xe3, 0x03, 0x18, 0xaa, 0xe4, 0x03, 0x17, 0xaa, 
    0x43, 0xfd, 0xff, 0x17, 0xa1, 0x00, 0x80, 0x52, 0xea, 0xf7, 0xff, 0x17, 
    0xe0, 0x03, 0x13, 0xaa, 0xe1, 0x03, 0x15, 0xaa, 0x47, 0xeb, 0xff, 0x17, 
    0x88, 0xa0, 0x82, 0x52, 0xf3, 0x03, 0x00, 0xaa, 0x14, 0x68, 0x68, 0x38, 
    0x9f, 0x0e, 0x00, 0x71, 0xc0, 0x03, 0x5f, 0xd6, 0xe8, 0x23, 0x00, 0x91, 
    0x1f, 0x20, 0x03, 0xd5, 0x89, 0xdc, 0xfe, 0x10, 0xe0, 0xa3, 0x00, 0xa9, 
    0xe8, 0xe3, 0x00, 0x91, 0xc0, 0x03, 0x5f, 0xd6, 0xfe, 0x0f, 0x1f, 0xf8, 
    0x1f, 0x75, 0x00, 0xf1, 0x14, 0x31, 0x89, 0x9a, 0x95, 0x8a, 0x00, 0x91, 
    0xe1, 0x03, 0x15, 0xaa, 0xcf, 0xfb, 0xff, 0x97, 0x08, 0x05, 0x87, 0x52, 
    0xfe, 0x07, 0x41, 0xf8, 0xc0, 0x03, 0x5f, 0xd6, 0xff, 0x07, 0x40, 0xd1, 
    0xff, 0x03, 0x00, 0xf9, 0xff, 0x07, 0x40, 0xd1, 0xff, 0x03, 0x00, 0xf9, 
    0xff, 0x07, 0x40, 0xd1, 0xff, 0x03, 0x00, 0xf9, 0xc0, 0x03, 0x5f, 0xd6, 
    0xe8, 0x03, 0x00, 0xaa, 0xe3, 0x03, 0x02, 0xaa, 0xe0, 0x03, 0x01, 0xaa, 
    0xe1, 0x03, 0x08, 0xaa, 0xc0, 0x03, 0x5f, 0xd6, 0xe2, 0x03, 0x00, 0xaa, 
    0xe3, 0x03, 0x01, 0xaa, 0xc0, 0x03, 0x5f, 0xd6, 0xe2, 0x00, 0x00, 0xb4, 
    0x08, 0x14, 0x40, 0x38, 0x42, 0x04, 0x00, 0xd1, 0x29, 0x14, 0x40, 0x38, 
    0x08, 0x01, 0x09, 0x6b, 0x60, 0xff, 0xff, 0x54, 0x02, 0x00, 0x00, 0x14, 
    0xe8, 0x03, 0x1f, 0x2a, 0xe0, 0x03, 0x08, 0x2a, 0xc0, 0x03, 0x5f, 0xd6, 
    0x5f, 0x40, 0x00, 0xf1, 0x63, 0x01, 0x00, 0x54, 0xe8, 0x03, 0x00, 0x4b, 
    0xe9, 0x03, 0x01, 0xaa, 0xeb, 0x03, 0x00, 0xaa, 0x0a, 0x09, 0x40, 0x92, 
    0x08, 0x00, 0x0a, 0x8b, 0x7f, 0x01, 0x08, 0xeb, 0xc2, 0x00, 0x00, 0x54, 
    0x2c, 0x15, 0x40, 0x38, 0x6c, 0x15, 0x00, 0x38, 0xfc, 0xff, 0xff, 0x17, 
    0xe8, 0x03, 0x00, 0xaa, 0x27, 0x00, 0x00, 0x14, 0x29, 0x00, 0x0a, 0x8b, 
    0x4a, 0x00, 0x0a, 0xcb, 0xee, 0x03, 0x08, 0xaa, 0x4b, 0xf1, 0x7d, 0x92, 
    0x3f, 0x09, 0x40, 0xf2, 0xed, 0x03, 0x09, 0xaa, 0x0c, 0x01, 0x0b, 0x8b, 
    0x40, 0x03, 0x00, 0x54, 0xdf, 0x01, 0x0c, 0xeb, 0x42, 0x03, 0x00, 0x54, 
    0xf1, 0x03, 0x0d, 0xaa, 0xb0, 0x09, 0x40, 0x39, 0xaf, 0x05, 0x40, 0x39, 
    0x32, 0x4e, 0x40, 0x38, 0x21, 0x0a, 0x40, 0x39, 0xa2, 0x01, 0x40, 0x39, 
    0xa3, 0x0d, 0x40, 0x39, 0x10, 0xbe, 0x70, 0xd3, 0xa4, 0x15, 0x40, 0x39, 
    0x31, 0x0e, 0x40, 0x39, 0x21, 0x3c, 0x10, 0x53, 0x4f, 0x20, 0x0f, 0xaa, 
    0x10, 0x62, 0x03, 0xaa, 0xad, 0x21, 0x00, 0x91, 0x52, 0x22, 0x04, 0x2a, 
    0x31, 0x60, 0x11, 0x2a, 0x0f, 0x02, 0x0f, 0xaa, 0x30, 0x02, 0x12, 0x2a, 
    0xef, 0x81, 0x10, 0xaa, 0xcf, 0x85, 0x00, 0xf8, 0xea, 0xff, 0xff, 0x17, 
    0xaf, 0x85, 0x40, 0xf8, 0xcf, 0x85, 0x00, 0xf8, 0xdf, 0x01, 0x0c, 0xeb, 
    0xa3, 0xff, 0xff, 0x54, 0x08, 0x01, 0x0b, 0x8b, 0x21, 0x01, 0x0b, 0x8b, 
    0x42, 0x09, 0x40, 0x92, 0x09, 0x01, 0x02, 0x8b, 0x1f, 0x01, 0x09, 0xeb, 
    0x82, 0x00, 0x00, 0x54, 0x2a, 0x14, 0x40, 0x38, 0x0a, 0x15, 0x00, 0x38, 
    0xfc, 0xff, 0xff, 0x17, 0xc0, 0x03, 0x5f, 0xd6, 0x5f, 0x40, 0x00, 0xf1, 
    0x23, 0x01, 0x00, 0x54, 0xe8, 0x03, 0x00, 0x4b, 0xe9, 0x03, 0x00, 0xaa, 
    0x0a, 0x09, 0x40, 0x92, 0x08, 0x00, 0x0a, 0x8b, 0x3f, 0x01, 0x08, 0xeb, 
    0xa2, 0x00, 0x00, 0x54, 0x21, 0x15, 0x00, 0x38, 0xfd, 0xff, 0xff, 0x17, 
    0xea, 0x03, 0x00, 0xaa, 0x11, 0x00, 0x00, 0x14, 0x29, 0x1c, 0x00, 0x12, 
    0x0b, 0x01, 0x80, 0x52, 0x7f, 0x01, 0x01, 0xf1, 0xa2, 0x00, 0x00, 0x54, 
    0x2c, 0x21, 0xcb, 0x9a, 0x6b, 0xf9, 0x7f, 0xd3, 0x89, 0x01, 0x09, 0xaa, 
    0xfb, 0xff, 0xff, 0x17, 0x4b, 0x00, 0x0a, 0xcb, 0x6a, 0xf1, 0x7d, 0x92, 
    0x0a, 0x01, 0x0a, 0x8b, 0x1f, 0x01, 0x0a, 0xeb, 0x62, 0x00, 0x00, 0x54, 
    0x09, 0x85, 0x00, 0xf8, 0xfd, 0xff, 0xff, 0x17, 0x62, 0x09, 0x40, 0x92, 
    0x48, 0x01, 0x02, 0x8b, 0x5f, 0x01, 0x08, 0xeb, 0x62, 0x00, 0x00, 0x54, 
    0x41, 0x15, 0x00, 0x38, 0xfd, 0xff, 0xff, 0x17, 0xc0, 0x03, 0x5f, 0xd6, 
    0x99, 0xff, 0xff, 0x17, 0xa2, 0xff, 0xff, 0x17, 0xdc, 0xff, 0xff, 0x17, 
    0x00, 0x00, 0x00, 0x00, 0x00, 0x00, 0x00, 0x00, 0x00, 0x00, 0x00, 0x00, 
    0x00, 0x00, 0x00, 0x00, 0x00, 0x00, 0x00, 0x00, 0x00, 0x00, 0x00, 0x00, 
    0x00, 0x00, 0x00, 0x00, 0x00, 0x00, 0x00, 0x00, 0x00, 0x00, 0x00, 0x00, 
    0x00, 0x00, 0x00, 0x00, 0x00, 0x00, 0x00, 0x00, 0x00, 0x00, 0x00, 0x00, 
    0x00, 0x00, 0x00, 0x00, 0x00, 0x00, 0x00, 0x00, 0x00, 0x00, 0x00, 0x00, 
    0x00, 0x00, 0x00, 0x00, 0x00, 0x00, 0x00, 0x00, 0x00, 0x00, 0x00, 0x00, 
    0x00, 0x00, 0x00, 0x00, 0x00, 0x00, 0x00, 0x00, 0x00, 0x00, 0x00, 0x00, 
    0x00, 0x00, 0x00, 0x00, 0x00, 0x00, 0x00, 0x00, 0x00, 0x00, 0x00, 0x00, 
    0x00, 0x00, 0x00, 0x00, 0x00, 0x00, 0x00, 0x00, 0x00, 0x00, 0x00, 0x00, 
    0x00, 0x00, 0x00, 0x00, 0x00, 0x00, 0x00, 0x00, 0x00, 0x00, 0x00, 0x00, 
    0x00, 0x00, 0x00, 0x00, 0x00, 0x00, 0x00, 0x00, 0x00, 0x00, 0x00, 0x00, 
    0x00, 0x00, 0x00, 0x00, 0x00, 0x00, 0x00, 0x00, 0x00, 0x00, 0x00, 0x00, 
    0x00, 0x00, 0x00, 0x00, 0x00, 0x00, 0x00, 0x00, 0x00, 0x00, 0x00, 0x00, 
    0x00, 0x00, 0x00, 0x00, 0x00, 0x00, 0x00, 0x00, 0x00, 0x00, 0x00, 0x00, 
    0x00, 0x00, 0x00, 0x00, 0x00, 0x00, 0x00, 0x00, 0x00, 0x00, 0x00, 0x00, 
    0x00, 0x00, 0x00, 0x00, 0x00, 0x00, 0x00, 0x00, 0x00, 0x00, 0x00, 0x00, 
    0x00, 0x00, 0x00, 0x00, 0x00, 0x00, 0x00, 0x00, 0x00, 0x00, 0x00, 0x00, 
    0x00, 0x00, 0x00, 0x00, 0x00, 0x00, 0x00, 0x00, 0x00, 0x00, 0x00, 0x00, 
    0x00, 0x00, 0x00, 0x00, 0x00, 0x00, 0x00, 0x00, 0x00, 0x00, 0x00, 0x00, 
    0x00, 0x00, 0x00, 0x00, 0x00, 0x00, 0x00, 0x00, 0x00, 0x00, 0x00, 0x00, 
    0x00, 0x00, 0x00, 0x00, 0x00, 0x00, 0x00, 0x00, 0x00, 0x00, 0x00, 0x00, 
    0x00, 0x00, 0x00, 0x00, 0x00, 0x00, 0x00, 0x00, 0x00, 0x00, 0x00, 0x00, 
    0x00, 0x00, 0x00, 0x00, 0x00, 0x00, 0x00, 0x00, 0x00, 0x00, 0x00, 0x00, 
    0x00, 0x00, 0x00, 0x00, 0x00, 0x00, 0x00, 0x00, 0x00, 0x00, 0x00, 0x00, 
    0x00, 0x00, 0x00, 0x00, 0x00, 0x00, 0x00, 0x00, 0x00, 0x00, 0x00, 0x00, 
    0x00, 0x00, 0x00, 0x00, 0x00, 0x00, 0x00, 0x00, 0x00, 0x00, 0x00, 0x00, 
    0x00, 0x00, 0x00, 0x00, 0x00, 0x00, 0x00, 0x00, 0x00, 0x00, 0x00, 0x00, 
    0x00, 0x00, 0x00, 0x00, 0x00, 0x00, 0x00, 0x00, 0x00, 0x00, 0x00, 0x00, 
    0x00, 0x00, 0x00, 0x00, 0x00, 0x00, 0x00, 0x00, 0x00, 0x00, 0x00, 0x00, 
    0x00, 0x00, 0x00, 0x00, 0x00, 0x00, 0x00, 0x00, 0x00, 0x00, 0x00, 0x00, 
    0x00, 0x00, 0x00, 0x00, 0x00, 0x00, 0x00, 0x00, 0x00, 0x00, 0x00, 0x00, 
    0x00, 0x00, 0x00, 0x00, 0x00, 0x00, 0x00, 0x00, 0x00, 0x00, 0x00, 0x00, 
    0x00, 0x00, 0x00, 0x00, 0x00, 0x00, 0x00, 0x00, 0x00, 0x00, 0x00, 0x00, 
    0x00, 0x00, 0x00, 0x00, 0x00, 0x00, 0x00, 0x00, 0x00, 0x00, 0x00, 0x00, 
    0x00, 0x00, 0x00, 0x00, 0x00, 0x00, 0x00, 0x00, 0x00, 0x00, 0x00, 0x00, 
    0x00, 0x00, 0x00, 0x00, 0x00, 0x00, 0x00, 0x00, 0x00, 0x00, 0x00, 0x00, 
    0x00, 0x00, 0x00, 0x00, 0x00, 0x00, 0x00, 0x00, 0x00, 0x00, 0x00, 0x00, 
    0x00, 0x00, 0x00, 0x00, 0x00, 0x00, 0x00, 0x00, 0x00, 0x00, 0x00, 0x00, 
    0x00, 0x00, 0x00, 0x00, 0x00, 0x00, 0x00, 0x00, 0x00, 0x00, 0x00, 0x00, 
    0x00, 0x00, 0x00, 0x00, 0x00, 0x00, 0x00, 0x00, 0x00, 0x00, 0x00, 0x00, 
    0x00, 0x00, 0x00, 0x00, 0x00, 0x00, 0x00, 0x00, 0x00, 0x00, 0x00, 0x00, 
    0x00, 0x00, 0x00, 0x00, 0x00, 0x00, 0x00, 0x00, 0x00, 0x00, 0x00, 0x00, 
    0x00, 0x00, 0x00, 0x00, 0x00, 0x00, 0x00, 0x00, 0x00, 0x00, 0x00, 0x00, 
    0x00, 0x00, 0x00, 0x00, 0x00, 0x00, 0x00, 0x00, 0x00, 0x00, 0x00, 0x00, 
    0x00, 0x00, 0x00, 0x00, 0x00, 0x00, 0x00, 0x00, 0x00, 0x00, 0x00, 0x00, 
    0x00, 0x00, 0x00, 0x00, 0x00, 0x00, 0x00, 0x00, 0x00, 0x00, 0x00, 0x00, 
    0x00, 0x00, 0x00, 0x00, 0x00, 0x00, 0x00, 0x00, 0x00, 0x00, 0x00, 0x00, 
    0x00, 0x00, 0x00, 0x00, 0x00, 0x00, 0x00, 0x00, 0x00, 0x00, 0x00, 0x00, 
    0x00, 0x00, 0x00, 0x00, 0x00, 0x00, 0x00, 0x00, 0x00, 0x00, 0x00, 0x00, 
    0x00, 0x00, 0x00, 0x00, 0x00, 0x00, 0x00, 0x00, 0x00, 0x00, 0x00, 0x00, 
    0x00, 0x00, 0x00, 0x00, 0x00, 0x00, 0x00, 0x00, 0x00, 0x00, 0x00, 0x00, 
    0x00, 0x00, 0x00, 0x00, 0x00, 0x00, 0x00, 0x00, 0x00, 0x00, 0x00, 0x00, 
    0x00, 0x00, 0x00, 0x00, 0x00, 0x00, 0x00, 0x00, 0x00, 0x00, 0x00, 0x00, 
    0x00, 0x00, 0x00, 0x00, 0x00, 0x00, 0x00, 0x00, 0x00, 0x00, 0x00, 0x00, 
    0x00, 0x00, 0x00, 0x00, 0x00, 0x00, 0x00, 0x00, 0x00, 0x00, 0x00, 0x00, 
    0x00, 0x00, 0x00, 0x00, 0x00, 0x00, 0x00, 0x00, 0x00, 0x00, 0x00, 0x00, 
    0x00, 0x00, 0x00, 0x00, 0x00, 0x00, 0x00, 0x00, 0x00, 0x00, 0x00, 0x00, 
    0x00, 0x00, 0x00, 0x00, 0x00, 0x00, 0x00, 0x00, 0x00, 0x00, 0x00, 0x00, 
    0x00, 0x00, 0x00, 0x00, 0x00, 0x00, 0x00, 0x00, 0x00, 0x00, 0x00, 0x00, 
    0x00, 0x00, 0x00, 0x00, 0x00, 0x00, 0x00, 0x00, 0x00, 0x00, 0x00, 0x00, 
    0x00, 0x00, 0x00, 0x00, 0x00, 0x00, 0x00, 0x00, 0x00, 0x00, 0x00, 0x00, 
    0x00, 0x00, 0x00, 0x00, 0x00, 0x00, 0x00, 0x00, 0x00, 0x00, 0x00, 0x00, 
    0x00, 0x00, 0x00, 0x00, 0x00, 0x00, 0x00, 0x00, 0x00, 0x00, 0x00, 0x00, 
    0x00, 0x00, 0x00, 0x00, 0x00, 0x00, 0x00, 0x00, 0x00, 0x00, 0x00, 0x00, 
    0x00, 0x00, 0x00, 0x00, 0x00, 0x00, 0x00, 0x00, 0x00, 0x00, 0x00, 0x00, 
    0x00, 0x00, 0x00, 0x00, 0x00, 0x00, 0x00, 0x00, 0x00, 0x00, 0x00, 0x00, 
    0x00, 0x00, 0x00, 0x00, 0x00, 0x00, 0x00, 0x00, 0x00, 0x00, 0x00, 0x00, 
    0x00, 0x00, 0x00, 0x00, 0x00, 0x00, 0x00, 0x00, 0x00, 0x00, 0x00, 0x00, 
    0x00, 0x00, 0x00, 0x00, 0x00, 0x00, 0x00, 0x00, 0x00, 0x00, 0x00, 0x00, 
    0x00, 0x00, 0x00, 0x00, 0x00, 0x00, 0x00, 0x00, 0x00, 0x00, 0x00, 0x00, 
    0x00, 0x00, 0x00, 0x00, 0x00, 0x00, 0x00, 0x00, 0x00, 0x00, 0x00, 0x00, 
    0x00, 0x00, 0x00, 0x00, 0x00, 0x00, 0x00, 0x00, 0x00, 0x00, 0x00, 0x00, 
    0x00, 0x00, 0x00, 0x00, 0x00, 0x00, 0x00, 0x00, 0x00, 0x00, 0x00, 0x00, 
    0x00, 0x00, 0x00, 0x00, 0x00, 0x00, 0x00, 0x00, 0x00, 0x00, 0x00, 0x00, 
    0x00, 0x00, 0x00, 0x00, 0x00, 0x00, 0x00, 0x00, 0x00, 0x00, 0x00, 0x00, 
    0x00, 0x00, 0x00, 0x00, 0x00, 0x00, 0x00, 0x00, 0x00, 0x00, 0x00, 0x00, 
    0x00, 0x00, 0x00, 0x00, 0x00, 0x00, 0x00, 0x00, 0x00, 0x00, 0x00, 0x00, 
    0x00, 0x00, 0x00, 0x00, 0x00, 0x00, 0x00, 0x00, 0x00, 0x00, 0x00, 0x00, 
    0x00, 0x00, 0x00, 0x00, 0x00, 0x00, 0x00, 0x00, 0x00, 0x00, 0x00, 0x00, 
    0x00, 0x00, 0x00, 0x00, 0x00, 0x00, 0x00, 0x00, 0x00, 0x00, 0x00, 0x00, 
    0x00, 0x00, 0x00, 0x00, 0x00, 0x00, 0x00, 0x00, 0x00, 0x00, 0x00, 0x00, 
    0x00, 0x00, 0x00, 0x00, 0x00, 0x00, 0x00, 0x00, 0x00, 0x00, 0x00, 0x00, 
    0x00, 0x00, 0x00, 0x00, 0x00, 0x00, 0x00, 0x00, 0x00, 0x00, 0x00, 0x00, 
    0x00, 0x00, 0x00, 0x00, 0x00, 0x00, 0x00, 0x00, 0x00, 0x00, 0x00, 0x00, 
    0x00, 0x00, 0x00, 0x00, 0x00, 0x00, 0x00, 0x00, 0x00, 0x00, 0x00, 0x00, 
    0x00, 0x00, 0x00, 0x00, 0x00, 0x00, 0x00, 0x00, 0x00, 0x00, 0x00, 0x00, 
    0x00, 0x00, 0x00, 0x00, 0x00, 0x00, 0x00, 0x00, 0x00, 0x00, 0x00, 0x00, 
    0x00, 0x00, 0x00, 0x00, 0x00, 0x00, 0x00, 0x00, 0x00, 0x00, 0x00, 0x00, 
    0x00, 0x00, 0x00, 0x00, 0x00, 0x00, 0x00, 0x00, 0x00, 0x00, 0x00, 0x00, 
    0x00, 0x00, 0x00, 0x00, 0x00, 0x00, 0x00, 0x00, 0x00, 0x00, 0x00, 0x00, 
    0x00, 0x00, 0x00, 0x00, 0x00, 0x00, 0x00, 0x00, 0x00, 0x00, 0x00, 0x00, 
    0x00, 0x00, 0x00, 0x00, 0x00, 0x00, 0x00, 0x00, 0x00, 0x00, 0x00, 0x00, 
    0x00, 0x00, 0x00, 0x00, 0x00, 0x00, 0x00, 0x00, 0x00, 0x00, 0x00, 0x00, 
    0x00, 0x00, 0x00, 0x00, 0x00, 0x00, 0x00, 0x00, 0x00, 0x00, 0x00, 0x00, 
    0x00, 0x00, 0x00, 0x00, 0x00, 0x00, 0x00, 0x00, 0x00, 0x00, 0x00, 0x00, 
    0x00, 0x00, 0x00, 0x00, 0x00, 0x00, 0x00, 0x00, 0x00, 0x00, 0x00, 0x00, 
    0x00, 0x00, 0x00, 0x00, 0x00, 0x00, 0x00, 0x00, 0x00, 0x00, 0x00, 0x00, 
    0x00, 0x00, 0x00, 0x00, 0x00, 0x00, 0x00, 0x00, 0x00, 0x00, 0x00, 0x00, 
    0x00, 0x00, 0x00, 0x00, 0x00, 0x00, 0x00, 0x00, 0x00, 0x00, 0x00, 0x00, 
    0x00, 0x00, 0x00, 0x00, 0x00, 0x00, 0x00, 0x00, 0x00, 0x00, 0x00, 0x00, 
    0x00, 0x00, 0x00, 0x00, 0x00, 0x00, 0x00, 0x00, 0x00, 0x00, 0x00, 0x00, 
    0x00, 0x00, 0x00, 0x00, 0x00, 0x00, 0x00, 0x00, 0x00, 0x00, 0x00, 0x00, 
    0x00, 0x00, 0x00, 0x00, 0x00, 0x00, 0x00, 0x00, 0x00, 0x00, 0x00, 0x00, 
    0x00, 0x00, 0x00, 0x00, 0x00, 0x00, 0x00, 0x00, 0x00, 0x00, 0x00, 0x00, 
    0x00, 0x00, 0x00, 0x00, 0x00, 0x00, 0x00, 0x00, 0x00, 0x00, 0x00, 0x00, 
    0x00, 0x00, 0x00, 0x00, 0x00, 0x00, 0x00, 0x00, 0x00, 0x00, 0x00, 0x00, 
    0x00, 0x00, 0x00, 0x00, 0x00, 0x00, 0x00, 0x00, 0x00, 0x00, 0x00, 0x00, 
    0x00, 0x00, 0x00, 0x00, 0x00, 0x00, 0x00, 0x00, 0x00, 0x00, 0x00, 0x00, 
    0x00, 0x00, 0x00, 0x00, 0x00, 0x00, 0x00, 0x00, 0x00, 0x00, 0x00, 0x00, 
    0x00, 0x00, 0x00, 0x00, 0x00, 0x00, 0x00, 0x00, 0x00, 0x00, 0x00, 0x00, 
    0x00, 0x00, 0x00, 0x00, 0x00, 0x00, 0x00, 0x00, 0x00, 0x00, 0x00, 0x00, 
    0x00, 0x00, 0x00, 0x00, 0x00, 0x00, 0x00, 0x00, 0x00, 0x00, 0x00, 0x00, 
    0x00, 0x00, 0x00, 0x00, 0x00, 0x00, 0x00, 0x00, 0x00, 0x00, 0x00, 0x00, 
    0x00, 0x00, 0x00, 0x00, 0x00, 0x00, 0x00, 0x00, 0x00, 0x00, 0x00, 0x00, 
    0x00, 0x00, 0x00, 0x00, 0x00, 0x00, 0x00, 0x00, 0x00, 0x00, 0x00, 0x00, 
    0x00, 0x00, 0x00, 0x00, 0x00, 0x00, 0x00, 0x00, 0x00, 0x00, 0x00, 0x00, 
    0x00, 0x00, 0x00, 0x00, 0x00, 0x00, 0x00, 0x00, 0x00, 0x00, 0x00, 0x00, 
    0x00, 0x00, 0x00, 0x00, 0x00, 0x00, 0x00, 0x00, 0x00, 0x00, 0x00, 0x00, 
    0x00, 0x00, 0x00, 0x00, 0x00, 0x00, 0x00, 0x00, 0x00, 0x00, 0x00, 0x00, 
    0x00, 0x00, 0x00, 0x00, 0x00, 0x00, 0x00, 0x00, 0x00, 0x00, 0x00, 0x00, 
    0x00, 0x00, 0x00, 0x00, 0x00, 0x00, 0x00, 0x00, 0x00, 0x00, 0x00, 0x00, 
    0x00, 0x00, 0x00, 0x00, 0x00, 0x00, 0x00, 0x00, 0x00, 0x00, 0x00, 0x00, 
    0x00, 0x00, 0x00, 0x00, 0x00, 0x00, 0x00, 0x00, 0x00, 0x00, 0x00, 0x00, 
    0x00, 0x00, 0x00, 0x00, 0x00, 0x00, 0x00, 0x00, 0x00, 0x00, 0x00, 0x00, 
    0x00, 0x00, 0x00, 0x00, 0x00, 0x00, 0x00, 0x00, 0x00, 0x00, 0x00, 0x00, 
    0x00, 0x00, 0x00, 0x00, 0x00, 0x00, 0x00, 0x00, 0x00, 0x00, 0x00, 0x00, 
    0x00, 0x00, 0x00, 0x00, 0x00, 0x00, 0x00, 0x00, 0x00, 0x00, 0x00, 0x00, 
    0x00, 0x00, 0x00, 0x00, 0x00, 0x00, 0x00, 0x00, 0x00, 0x00, 0x00, 0x00, 
    0x00, 0x00, 0x00, 0x00, 0x00, 0x00, 0x00, 0x00, 0x00, 0x00, 0x00, 0x00, 
    0x00, 0x00, 0x00, 0x00, 0x00, 0x00, 0x00, 0x00, 0x00, 0x00, 0x00, 0x00, 
    0x00, 0x00, 0x00, 0x00, 0x00, 0x00, 0x00, 0x00, 0x00, 0x00, 0x00, 0x00, 
    0x00, 0x00, 0x00, 0x00, 0x00, 0x00, 0x00, 0x00, 0x00, 0x00, 0x00, 0x00, 
    0x00, 0x00, 0x00, 0x00, 0x00, 0x00, 0x00, 0x00, 0x00, 0x00, 0x00, 0x00, 
    0x00, 0x00, 0x00, 0x00, 0x00, 0x00, 0x00, 0x00, 0x00, 0x00, 0x00, 0x00, 
    0x00, 0x00, 0x00, 0x00, 0x00, 0x00, 0x00, 0x00, 0x00, 0x00, 0x00, 0x00, 
    0x00, 0x00, 0x00, 0x00, 0x00, 0x00, 0x00, 0x00, 0x00, 0x00, 0x00, 0x00, 
    0x00, 0x00, 0x00, 0x00, 0x00, 0x00, 0x00, 0x00, 0x00, 0x00, 0x00, 0x00, 
    0x00, 0x00, 0x00, 0x00, 0x00, 0x00, 0x00, 0x00, 0x00, 0x00, 0x00, 0x00, 
    0x00, 0x00, 0x00, 0x00, 0x00, 0x00, 0x00, 0x00, 0x00, 0x00, 0x00, 0x00, 
    0x00, 0x00, 0x00, 0x00, 0x00, 0x00, 0x00, 0x00, 0x00, 0x00, 0x00, 0x00, 
    0x00, 0x00, 0x00, 0x00, 0x00, 0x00, 0x00, 0x00, 0x00, 0x00, 0x00, 0x00, 
    0x00, 0x00, 0x00, 0x00, 0x00, 0x00, 0x00, 0x00, 0x00, 0x00, 0x00, 0x00, 
    0x00, 0x00, 0x00, 0x00, 0x00, 0x00, 0x00, 0x00, 0x00, 0x00, 0x00, 0x00, 
    0x00, 0x00, 0x00, 0x00, 0x00, 0x00, 0x00, 0x00, 0x00, 0x00, 0x00, 0x00, 
    0x00, 0x00, 0x00, 0x00, 0x00, 0x00, 0x00, 0x00, 0x00, 0x00, 0x00, 0x00, 
    0x00, 0x00, 0x00, 0x00, 0x00, 0x00, 0x00, 0x00, 0x00, 0x00, 0x00, 0x00, 
    0x00, 0x00, 0x00, 0x00, 0x00, 0x00, 0x00, 0x00, 0x00, 0x00, 0x00, 0x00, 
    0x00, 0x00, 0x00, 0x00, 0x00, 0x00, 0x00, 0x00, 0x00, 0x00, 0x00, 0x00, 
    0x00, 0x00, 0x00, 0x00, 0x00, 0x00, 0x00, 0x00, 0x00, 0x00, 0x00, 0x00, 
    0x00, 0x00, 0x00, 0x00, 0x00, 0x00, 0x00, 0x00, 0x00, 0x00, 0x00, 0x00, 
    0x00, 0x00, 0x00, 0x00, 0x00, 0x00, 0x00, 0x00, 0x00, 0x00, 0x00, 0x00, 
    0x00, 0x00, 0x00, 0x00, 0x00, 0x00, 0x00, 0x00, 0x00, 0x00, 0x00, 0x00, 
    0x00, 0x00, 0x00, 0x00, 0x00, 0x00, 0x00, 0x00, 0x00, 0x00, 0x00, 0x00, 
    0x00, 0x00, 0x00, 0x00, 0x00, 0x00, 0x00, 0x00, 0x00, 0x00, 0x00, 0x00, 
    0x00, 0x00, 0x00, 0x00, 0x00, 0x00, 0x00, 0x00, 0x00, 0x00, 0x00, 0x00, 
    0x00, 0x00, 0x00, 0x00, 0x00, 0x00, 0x00, 0x00, 0x00, 0x00, 0x00, 0x00, 
    0x00, 0x00, 0x00, 0x00, 0x00, 0x00, 0x00, 0x00, 0x00, 0x00, 0x00, 0x00, 
    0x00, 0x00, 0x00, 0x00, 0x00, 0x00, 0x00, 0x00, 0x00, 0x00, 0x00, 0x00, 
    0x00, 0x00, 0x00, 0x00, 0x00, 0x00, 0x00, 0x00, 0x00, 0x00, 0x00, 0x00, 
    0x00, 0x00, 0x00, 0x00, 0x00, 0x00, 0x00, 0x00, 0x00, 0x00, 0x00, 0x00, 
    0x00, 0x00, 0x00, 0x00, 0x00, 0x00, 0x00, 0x00, 0x00, 0x00, 0x00, 0x00, 
    0x00, 0x00, 0x00, 0x00, 0x00, 0x00, 0x00, 0x00, 0x00, 0x00, 0x00, 0x00, 
    0x00, 0x00, 0x00, 0x00, 0x00, 0x00, 0x00, 0x00, 0x00, 0x00, 0x00, 0x00, 
    0x00, 0x00, 0x00, 0x00, 0x00, 0x00, 0x00, 0x00, 0x00, 0x00, 0x00, 0x00, 
    0x00, 0x00, 0x00, 0x00, 0x00, 0x00, 0x00, 0x00, 0x00, 0x00, 0x00, 0x00, 
    0x00, 0x00, 0x00, 0x00, 0x00, 0x00, 0x00, 0x00, 0x00, 0x00, 0x00, 0x00, 
    0x00, 0x00, 0x00, 0x00, 0x00, 0x00, 0x00, 0x00, 0x00, 0x00, 0x00, 0x00, 
    0x00, 0x00, 0x00, 0x00, 0x00, 0x00, 0x00, 0x00, 0x00, 0x00, 0x00, 0x00, 
    0x00, 0x00, 0x00, 0x00, 0x00, 0x00, 0x00, 0x00, 0x00, 0x00, 0x00, 0x00, 
    0x00, 0x00, 0x00, 0x00, 0x00, 0x00, 0x00, 0x00, 0x00, 0x00, 0x00, 0x00, 
    0x00, 0x00, 0x00, 0x00, 0x00, 0x00, 0x00, 0x00, 0x00, 0x00, 0x00, 0x00, 
    0x00, 0x00, 0x00, 0x00, 0x00, 0x00, 0x00, 0x00, 0x00, 0x00, 0x00, 0x00, 
    0x00, 0x00, 0x00, 0x00, 0x00, 0x00, 0x00, 0x00, 0x00, 0x00, 0x00, 0x00, 
    0x00, 0x00, 0x00, 0x00, 0x00, 0x00, 0x00, 0x00, 0x00, 0x00, 0x00, 0x00, 
    0x00, 0x00, 0x00, 0x00, 0x00, 0x00, 0x00, 0x00, 0x00, 0x00, 0x00, 0x00, 
    0x00, 0x00, 0x00, 0x00, 0x00, 0x00, 0x00, 0x00, 0x00, 0x00, 0x00, 0x00, 
    0x00, 0x00, 0x00, 0x00, 0x00, 0x00, 0x00, 0x00, 0x00, 0x00, 0x00, 0x00, 
    0x00, 0x00, 0x00, 0x00, 0x00, 0x00, 0x00, 0x00, 0x00, 0x00, 0x00, 0x00, 
    0x00, 0x00, 0x00, 0x00, 0x00, 0x00, 0x00, 0x00, 0x00, 0x00, 0x00, 0x00, 
    0x00, 0x00, 0x00, 0x00, 0x00, 0x00, 0x00, 0x00, 0x00, 0x00, 0x00, 0x00, 
    0x00, 0x00, 0x00, 0x00, 0x00, 0x00, 0x00, 0x00, 0x00, 0x00, 0x00, 0x00, 
    0x00, 0x00, 0x00, 0x00, 0x00, 0x00, 0x00, 0x00, 0x00, 0x00, 0x00, 0x00, 
    0x00, 0x00, 0x00, 0x00, 0x00, 0x00, 0x00, 0x00, 0x00, 0x00, 0x00, 0x00, 
    0x00, 0x00, 0x00, 0x00, 0x00, 0x00, 0x00, 0x00, 0x00, 0x00, 0x00, 0x00, 
    0x00, 0x00, 0x00, 0x00, 0x00, 0x00, 0x00, 0x00, 0x00, 0x00, 0x00, 0x00, 
    0x00, 0x00, 0x00, 0x00, 0x00, 0x00, 0x00, 0x00, 0x00, 0x00, 0x00, 0x00, 
    0x00, 0x00, 0x00, 0x00, 0x00, 0x00, 0x00, 0x00, 0x00, 0x00, 0x00, 0x00, 
    0x00, 0x00, 0x00, 0x00, 0x00, 0x00, 0x00, 0x00, 0x00, 0x00, 0x00, 0x00, 
    0x00, 0x00, 0x00, 0x00, 0x00, 0x00, 0x00, 0x00, 0x00, 0x00, 0x00, 0x00, 
    0x00, 0x00, 0x00, 0x00, 0x00, 0x00, 0x00, 0x00, 0x00, 0x00, 0x00, 0x00, 
    0x00, 0x00, 0x00, 0x00, 0x00, 0x00, 0x00, 0x00, 0x00, 0x00, 0x00, 0x00, 
    0x00, 0x00, 0x00, 0x00, 0x00, 0x00, 0x00, 0x00, 0x00, 0x00, 0x00, 0x00, 
    0x00, 0x00, 0x00, 0x00, 0x00, 0x00, 0x00, 0x00, 0x00, 0x00, 0x00, 0x00, 
    0x00, 0x00, 0x00, 0x00, 0x00, 0x00, 0x00, 0x00, 0x00, 0x00, 0x00, 0x00, 
    0x00, 0x00, 0x00, 0x00, 0x00, 0x00, 0x00, 0x00, 0x00, 0x00, 0x00, 0x00, 
    0x00, 0x00, 0x00, 0x00, 0x00, 0x00, 0x00, 0x00, 0x00, 0x00, 0x00, 0x00, 
    0x00, 0x00, 0x00, 0x00, 0x00, 0x00, 0x00, 0x00, 0x00, 0x00, 0x00, 0x00, 
    0x00, 0x00, 0x00, 0x00, 0x00, 0x00, 0x00, 0x00, 0x00, 0x00, 0x00, 0x00, 
    0x00, 0x00, 0x00, 0x00, 0x00, 0x00, 0x00, 0x00, 0x00, 0x00, 0x00, 0x00, 
    0x00, 0x00, 0x00, 0x00, 0x00, 0x00, 0x00, 0x00, 0x00, 0x00, 0x00, 0x00, 
    0x00, 0x00, 0x00, 0x00, 0x00, 0x00, 0x00, 0x00, 0x00, 0x00, 0x00, 0x00, 
    0x00, 0x00, 0x00, 0x00, 0x00, 0x00, 0x00, 0x00, 0x00, 0x00, 0x00, 0x00, 
    0x00, 0x00, 0x00, 0x00, 0x00, 0x00, 0x00, 0x00, 0x00, 0x00, 0x00, 0x00, 
    0x00, 0x00, 0x00, 0x00, 0x00, 0x00, 0x00, 0x00, 0x00, 0x00, 0x00, 0x00, 
    0x00, 0x00, 0x00, 0x00, 0x00, 0x00, 0x00, 0x00, 0x00, 0x00, 0x00, 0x00, 
    0x88, 0x0b, 0x00, 0x00, 0x88, 0x0b, 0x00, 0x00, 0x18, 0x00, 0x00, 0x00, 
    0x0c, 0x02, 0x00, 0x00, 0x58, 0x01, 0x00, 0x00, 0xd0, 0x03, 0x00, 0x00, 
    0x00, 0x04, 0x00, 0x00, 0x10, 0x00, 0x00, 0x00, 0x10, 0x00, 0x00, 0x00, 
    0xb8, 0x03, 0x00, 0x00, 0xb8, 0x03, 0x00, 0x00, 0xb8, 0x03, 0x00, 0x00, 
    0x70, 0x04, 0x00, 0x00, 0x10, 0x00, 0x00, 0x00, 0x10, 0x00, 0x00, 0x00, 
    0x84, 0x02, 0x00, 0x00, 0x20, 0x02, 0x00, 0x00, 0x2c, 0x02, 0x00, 0x00, 
    0x02, 0x00, 0x04, 0x00, 0x00, 0x39, 0x39, 0x39, 0x39, 0x39, 0x22, 0x39, 
    0x39, 0x39, 0x26, 0x39, 0x39, 0x39, 0x2a, 0x1c, 0x1a, 0x39, 0x39, 0x2c, 
    0x39, 0x20, 0x1e, 0x39, 0x32, 0x24, 0x16, 0x34, 0x28, 0x18, 0x12, 0x39, 
    0x10, 0x14, 0x30, 0x2e, 0x36, 0x0e, 0x00, 0x00, 0x00, 0x00, 0x00, 0x00, 
    0xed, 0x93, 0x01, 0x40, 0x00, 0x00, 0x00, 0x00, 0x41, 0x00, 0x00, 0x00, 
    0x00, 0x00, 0x00, 0x00, 0x6e, 0x01, 0x00, 0x00, 0x09, 0x00, 0x00, 0x00, 
    0xed, 0x93, 0x01, 0x40, 0x00, 0x00, 0x00, 0x00, 0x41, 0x00, 0x00, 0x00, 
    0x00, 0x00, 0x00, 0x00, 0x72, 0x01, 0x00, 0x00, 0x09, 0x00, 0x00, 0x00, 
    0xed, 0x93, 0x01, 0x40, 0x00, 0x00, 0x00, 0x00, 0x41, 0x00, 0x00, 0x00, 
    0x00, 0x00, 0x00, 0x00, 0x76, 0x01, 0x00, 0x00, 0x14, 0x00, 0x00, 0x00, 
    0xed, 0x93, 0x01, 0x40, 0x00, 0x00, 0x00, 0x00, 0x41, 0x00, 0x00, 0x00, 
    0x00, 0x00, 0x00, 0x00, 0x76, 0x01, 0x00, 0x00, 0x33, 0x00, 0x00, 0x00, 
    0xed, 0x93, 0x01, 0x40, 0x00, 0x00, 0x00, 0x00, 0x41, 0x00, 0x00, 0x00, 
    0x00, 0x00, 0x00, 0x00, 0x7a, 0x01, 0x00, 0x00, 0x35, 0x00, 0x00, 0x00, 
    0x5b, 0x62, 0x75, 0x73, 0x5d, 0x20, 0x64, 0x65, 0x76, 0x64, 0x20, 0x63, 
    0x6f, 0x6e, 0x6e, 0x65, 0x63, 0x74, 0x20, 0x66, 0x61, 0x69, 0x6c, 0x65, 
    0x64, 0x5b, 0x62, 0x75, 0x73, 0x5d, 0x20, 0x6d, 0x75, 0x78, 0x20, 0x63, 
    0x72, 0x65, 0x61, 0x74, 0x65, 0x20, 0x66, 0x61, 0x69, 0x6c, 0x65, 0x64, 
    0x2f, 0x55, 0x73, 0x65, 0x72, 0x73, 0x2f, 0x74, 0x2e, 0x68, 0x65, 0x6c, 
    0x6f, 0x69, 0x6e, 0x2f, 0x67, 0x69, 0x74, 0x2f, 0x62, 0x61, 0x6e, 0x61, 
    0x6e, 0x61, 0x2f, 0x62, 0x70, 0x69, 0x2d, 0x72, 0x34, 0x2d, 0x6b, 0x65, 
    0x72, 0x6e, 0x65, 0x6c, 0x2f, 0x75, 0x73, 0x65, 0x72, 0x2f, 0x75, 0x73, 
    0x65, 0x72, 0x6c, 0x69, 0x62, 0x2f, 0x73, 0x72, 0x63, 0x2f, 0x69, 0x70, 
    0x63, 0x2e, 0x72, 0x73, 0x00, 0x73, 0x72, 0x63, 0x2f, 0x6d, 0x61, 0x69, 
    0x6e, 0x2e, 0x72, 0x73, 0x00, 0x2f, 0x55, 0x73, 0x65, 0x72, 0x73, 0x2f, 
    0x74, 0x2e, 0x68, 0x65, 0x6c, 0x6f, 0x69, 0x6e, 0x2f, 0x67, 0x69, 0x74, 
    0x2f, 0x62, 0x61, 0x6e, 0x61, 0x6e, 0x61, 0x2f, 0x62, 0x70, 0x69, 0x2d, 
    0x72, 0x34, 0x2d, 0x6b, 0x65, 0x72, 0x6e, 0x65, 0x6c, 0x2f, 0x75, 0x73, 
    0x65, 0x72, 0x2f, 0x75, 0x73, 0x65, 0x72, 0x6c, 0x69, 0x62, 0x2f, 0x73, 
    0x72, 0x63, 0x2f, 0x73, 0x65, 0x72, 0x69, 0x61, 0x6c, 0x69, 0x7a, 0x65, 
    0x2e, 0x72, 0x73, 0x00, 0x2f, 0x55, 0x73, 0x65, 0x72, 0x73, 0x2f, 0x74, 
    0x2e, 0x68, 0x65, 0x6c, 0x6f, 0x69, 0x6e, 0x2f, 0x2e, 0x72, 0x75, 0x73, 
    0x74, 0x75, 0x70, 0x2f, 0x74, 0x6f, 0x6f, 0x6c, 0x63, 0x68, 0x61, 0x69, 
    0x6e, 0x73, 0x2f, 0x6e, 0x69, 0x67, 0x68, 0x74, 0x6c, 0x79, 0x2d, 0x61, 
    0x61, 0x72, 0x63, 0x68, 0x36, 0x34, 0x2d, 0x61, 0x70, 0x70, 0x6c, 0x65, 
    0x2d, 0x64, 0x61, 0x72, 0x77, 0x69, 0x6e, 0x2f, 0x6c, 0x69, 0x62, 0x2f, 
    0x72, 0x75, 0x73, 0x74, 0x6c, 0x69, 0x62, 0x2f, 0x73, 0x72, 0x63, 0x2f, 
    0x72, 0x75, 0x73, 0x74, 0x2f, 0x6c, 0x69, 0x62, 0x72, 0x61, 0x72, 0x79, 
    0x2f, 0x63, 0x6f, 0x72, 0x65, 0x2f, 0x73, 0x72, 0x63, 0x2f, 0x66, 0x6d, 
    0x74, 0x2f, 0x6e, 0x75, 0x6d, 0x2e, 0x72, 0x73, 0x00, 0x26, 0x63, 0x6f, 
    0x70, 0x79, 0x5f, 0x66, 0x72, 0x6f, 0x6d, 0x5f, 0x73, 0x6c, 0x69, 0x63, 
    0x65, 0x3a, 0x20, 0x73, 0x6f, 0x75, 0x72, 0x63, 0x65, 0x20, 0x73, 0x6c, 
    0x69, 0x63, 0x65, 0x20, 0x6c, 0x65, 0x6e, 0x67, 0x74, 0x68, 0x20, 0x28, 
    0xc0, 0x2b, 0x29, 0x20, 0x64, 0x6f, 0x65, 0x73, 0x20, 0x6e, 0x6f, 0x74, 
    0x20, 0x6d, 0x61, 0x74, 0x63, 0x68, 0x20, 0x64, 0x65, 0x73, 0x74, 0x69, 
    0x6e, 0x61, 0x74, 0x69, 0x6f, 0x6e, 0x20, 0x73, 0x6c, 0x69, 0x63, 0x65, 
    0x20, 0x6c, 0x65, 0x6e, 0x67, 0x74, 0x68, 0x20, 0x28, 0xc0, 0x01, 0x29, 
    0x00, 0xc0, 0x00, 0x16, 0x73, 0x6c, 0x69, 0x63, 0x65, 0x20, 0x69, 0x6e, 
    0x64, 0x65, 0x78, 0x20, 0x73, 0x74, 0x61, 0x72, 0x74, 0x73, 0x20, 0x61, 
    0x74, 0x20, 0xc0, 0x0d, 0x20, 0x62, 0x75, 0x74, 0x20, 0x65, 0x6e, 0x64, 
    0x73, 0x20, 0x61, 0x74, 0x20, 0xc0, 0x00, 0x20, 0x69, 0x6e, 0x64, 0x65, 
    0x78, 0x20, 0x6f, 0x75, 0x74, 0x20, 0x6f, 0x66, 0x20, 0x62, 0x6f, 0x75, 
    0x6e, 0x64, 0x73, 0x3a, 0x20, 0x74, 0x68, 0x65, 0x20, 0x6c, 0x65, 0x6e, 
    0x20, 0x69, 0x73, 0x20, 0xc0, 0x12, 0x20, 0x62, 0x75, 0x74, 0x20, 0x74, 
    0x68, 0x65, 0x20, 0x69, 0x6e, 0x64, 0x65, 0x78, 0x20, 0x69, 0x73, 0x20, 
    0xc0, 0x00, 0x2f, 0x55, 0x73, 0x65, 0x72, 0x73, 0x2f, 0x74, 0x2e, 0x68, 
    0x65, 0x6c, 0x6f, 0x69, 0x6e, 0x2f, 0x67, 0x69, 0x74, 0x2f, 0x62, 0x61, 
    0x6e, 0x61, 0x6e, 0x61, 0x2f, 0x62, 0x70, 0x69, 0x2d, 0x72, 0x34, 0x2d, 
    0x6b, 0x65, 0x72, 0x6e, 0x65, 0x6c, 0x2f, 0x75, 0x73, 0x65, 0x72, 0x2f, 
    0x75, 0x73, 0x65, 0x72, 0x6c, 0x69, 0x62, 0x2f, 0x73, 0x72, 0x63, 0x2f, 
    0x64, 0x65, 0x76, 0x64, 0x2e, 0x72, 0x73, 0x00, 0x2f, 0x55, 0x73, 0x65, 
    0x72, 0x73, 0x2f, 0x74, 0x2e, 0x68, 0x65, 0x6c, 0x6f, 0x69, 0x6e, 0x2f, 
    0x67, 0x69, 0x74, 0x2f, 0x62, 0x61, 0x6e, 0x61, 0x6e, 0x61, 0x2f, 0x62, 
    0x70, 0x69, 0x2d, 0x72, 0x34, 0x2d, 0x6b, 0x65, 0x72, 0x6e, 0x65, 0x6c, 
    0x2f, 0x75, 0x73, 0x65, 0x72, 0x2f, 0x75, 0x73, 0x65, 0x72, 0x6c, 0x69, 
    0x62, 0x2f, 0x73, 0x72, 0x63, 0x2f, 0x62, 0x75, 0x73, 0x5f, 0x72, 0x75, 
    0x6e, 0x74, 0x69, 0x6d, 0x65, 0x2e, 0x72, 0x73, 0x00, 0x2f, 0x55, 0x73, 
    0x65, 0x72, 0x73, 0x2f, 0x74, 0x2e, 0x68, 0x65, 0x6c, 0x6f, 0x69, 0x6e, 
    0x2f, 0x67, 0x69, 0x74, 0x2f, 0x62, 0x61, 0x6e, 0x61, 0x6e, 0x61, 0x2f, 
    0x62, 0x70, 0x69, 0x2d, 0x72, 0x34, 0x2d, 0x6b, 0x65, 0x72, 0x6e, 0x65, 
    0x6c, 0x2f, 0x75, 0x73, 0x65, 0x72, 0x2f, 0x75, 0x73, 0x65, 0x72, 0x6c, 
    0x69, 0x62, 0x2f, 0x73, 0x72, 0x63, 0x2f, 0x6c, 0x69, 0x62, 0x2e, 0x72, 
    0x73, 0x00, 0x2f, 0x55, 0x73, 0x65, 0x72, 0x73, 0x2f, 0x74, 0x2e, 0x68, 
    0x65, 0x6c, 0x6f, 0x69, 0x6e, 0x2f, 0x67, 0x69, 0x74, 0x2f, 0x62, 0x61, 
    0x6e, 0x61, 0x6e, 0x61, 0x2f, 0x62, 0x70, 0x69, 0x2d, 0x72, 0x34, 0x2d, 
    0x6b, 0x65, 0x72, 0x6e, 0x65, 0x6c, 0x2f, 0x75, 0x73, 0x65, 0x72, 0x2f, 
    0x75, 0x73, 0x65, 0x72, 0x6c, 0x69, 0x62, 0x2f, 0x73, 0x72, 0x63, 0x2f, 
    0x71, 0x75, 0x65, 0x72, 0x79, 0x2e, 0x72, 0x73, 0x00, 0x2f, 0x55, 0x73, 
    0x65, 0x72, 0x73, 0x2f, 0x74, 0x2e, 0x68, 0x65, 0x6c, 0x6f, 0x69, 0x6e, 
    0x2f, 0x67, 0x69, 0x74, 0x2f, 0x62, 0x61, 0x6e, 0x61, 0x6e, 0x61, 0x2f, 
    0x62, 0x70, 0x69, 0x2d, 0x72, 0x34, 0x2d, 0x6b, 0x65, 0x72, 0x6e, 0x65, 
    0x6c, 0x2f, 0x75, 0x73, 0x65, 0x72, 0x2f, 0x75, 0x73, 0x65, 0x72, 0x6c, 
    0x69, 0x62, 0x2f, 0x73, 0x72, 0x63, 0x2f, 0x75, 0x6c, 0x6f, 0x67, 0x2e, 
    0x72, 0x73, 0x00, 0x10, 0x72, 0x61, 0x6e, 0x67, 0x65, 0x20, 0x65, 0x6e, 
    0x64, 0x20, 0x69, 0x6e, 0x64, 0x65, 0x78, 0x20, 0xc0, 0x22, 0x20, 0x6f, 
    0x75, 0x74, 0x20, 0x6f, 0x66, 0x20, 0x72, 0x61, 0x6e, 0x67, 0x65, 0x20, 
    0x66, 0x6f, 0x72, 0x20, 0x73, 0x6c, 0x69, 0x63, 0x65, 0x20, 0x6f, 0x66, 
    0x20, 0x6c, 0x65, 0x6e, 0x67, 0x74, 0x68, 0x20, 0xc0, 0x00, 0x12, 0x72, 
    0x61, 0x6e, 0x67, 0x65, 0x20, 0x73, 0x74, 0x61, 0x72, 0x74, 0x20, 0x69, 
    0x6e, 0x64, 0x65, 0x78, 0x20, 0xc0, 0x22, 0x20, 0x6f, 0x75, 0x74, 0x20, 
    0x6f, 0x66, 0x20, 0x72, 0x61, 0x6e, 0x67, 0x65, 0x20, 0x66, 0x6f, 0x72, 
    0x20, 0x73, 0x6c, 0x69, 0x63, 0x65, 0x20, 0x6f, 0x66, 0x20, 0x6c, 0x65, 
    0x6e, 0x67, 0x74, 0x68, 0x20, 0xc0, 0x00, 0x2f, 0x55, 0x73, 0x65, 0x72, 
    0x73, 0x2f, 0x74, 0x2e, 0x68, 0x65, 0x6c, 0x6f, 0x69, 0x6e, 0x2f, 0x67, 
    0x69, 0x74, 0x2f, 0x62, 0x61, 0x6e, 0x61, 0x6e, 0x61, 0x2f, 0x62, 0x70, 
    0x69, 0x2d, 0x72, 0x34, 0x2d, 0x6b, 0x65, 0x72, 0x6e, 0x65, 0x6c, 0x2f, 
    0x75, 0x73, 0x65, 0x72, 0x2f, 0x75, 0x73, 0x65, 0x72, 0x6c, 0x69, 0x62, 
    0x2f, 0x73, 0x72, 0x63, 0x2f, 0x62, 0x75, 0x73, 0x2e, 0x72, 0x73, 0x00, 
    0x61, 0x91, 0x01, 0x40, 0x00, 0x00, 0x00, 0x00, 0x0b, 0x00, 0x00, 0x00, 
    0x00, 0x00, 0x00, 0x00, 0x75, 0x02, 0x00, 0x00, 0x16, 0x00, 0x00, 0x00, 
    0x61, 0x91, 0x01, 0x40, 0x00, 0x00, 0x00, 0x00, 0x0b, 0x00, 0x00, 0x00, 
    0x00, 0x00, 0x00, 0x00, 0x6f, 0x02, 0x00, 0x00, 0x09, 0x00, 0x00, 0x00, 
    0x53, 0x49, 0x5a, 0x45, 0x20, 0x00, 0x00, 0x00, 0x61, 0x91, 0x01, 0x40, 
    0x00, 0x00, 0x00, 0x00, 0x0b, 0x00, 0x00, 0x00, 0x00, 0x00, 0x00, 0x00, 
    0x5b, 0x02, 0x00, 0x00, 0x1d, 0x00, 0x00, 0x00, 0x61, 0x91, 0x01, 0x40, 
    0x00, 0x00, 0x00, 0x00, 0x0b, 0x00, 0x00, 0x00, 0x00, 0x00, 0x00, 0x00, 
    0x5f, 0x02, 0x00, 0x00, 0x1d, 0x00, 0x00, 0x00, 0x61, 0x91, 0x01, 0x40, 
    0x00, 0x00, 0x00, 0x00, 0x0b, 0x00, 0x00, 0x00, 0x00, 0x00, 0x00, 0x00, 
    0x42, 0x02, 0x00, 0x00, 0x09, 0x00, 0x00, 0x00, 0x61, 0x91, 0x01, 0x40, 
    0x00, 0x00, 0x00, 0x00, 0x0b, 0x00, 0x00, 0x00, 0x00, 0x00, 0x00, 0x00, 
    0x4e, 0x02, 0x00, 0x00, 0x12, 0x00, 0x00, 0x00, 0x61, 0x91, 0x01, 0x40, 
    0x00, 0x00, 0x00, 0x00, 0x0b, 0x00, 0x00, 0x00, 0x00, 0x00, 0x00, 0x00, 
    0x4e, 0x02, 0x00, 0x00, 0x09, 0x00, 0x00, 0x00, 0x61, 0x91, 0x01, 0x40, 
    0x00, 0x00, 0x00, 0x00, 0x0b, 0x00, 0x00, 0x00, 0x00, 0x00, 0x00, 0x00, 
    0x49, 0x02, 0x00, 0x00, 0x09, 0x00, 0x00, 0x00, 0x61, 0x91, 0x01, 0x40, 
    0x00, 0x00, 0x00, 0x00, 0x0b, 0x00, 0x00, 0x00, 0x00, 0x00, 0x00, 0x00, 
    0xbd, 0x00, 0x00, 0x00, 0x0c, 0x00, 0x00, 0x00, 0x69, 0x6e, 0x69, 0x74, 
    0x52, 0x49, 0x4e, 0x47, 0x1b, 0x5b, 0x32, 0x4a, 0x00, 0x00, 0x00, 0x00, 
    0x61, 0x91, 0x01, 0x40, 0x00, 0x00, 0x00, 0x00, 0x0b, 0x00, 0x00, 0x00, 
    0x00, 0x00, 0x00, 0x00, 0xbd, 0x00, 0x00, 0x00, 0x19, 0x00, 0x00, 0x00, 
    0x61, 0x91, 0x01, 0x40, 0x00, 0x00, 0x00, 0x00, 0x0b, 0x00, 0x00, 0x00, 
    0x00, 0x00, 0x00, 0x00, 0xc1, 0x00, 0x00, 0x00, 0x0c, 0x00, 0x00, 0x00, 
    0x1b, 0x5b, 0x00, 0x00, 0x00, 0x00, 0x00, 0x00, 0x61, 0x91, 0x01, 0x40, 
    0x00, 0x00, 0x00, 0x00, 0x0b, 0x00, 0x00, 0x00, 0x00, 0x00, 0x00, 0x00, 
    0xc1, 0x00, 0x00, 0x00, 0x19, 0x00, 0x00, 0x00, 0x61, 0x91, 0x01, 0x40, 
    0x00, 0x00, 0x00, 0x00, 0x0b, 0x00, 0x00, 0x00, 0x00, 0x00, 0x00, 0x00, 
    0xc3, 0x00, 0x00, 0x00, 0x29, 0x00, 0x00, 0x00, 0x61, 0x91, 0x01, 0x40, 
    0x00, 0x00, 0x00, 0x00, 0x0b, 0x00, 0x00, 0x00, 0x00, 0x00, 0x00, 0x00, 
    0xc4, 0x00, 0x00, 0x00, 0x0c, 0x00, 0x00, 0x00, 0x3b, 0x31, 0x48, 0x00, 
    0x00, 0x00, 0x00, 0x00, 0x61, 0x91, 0x01, 0x40, 0x00, 0x00, 0x00, 0x00, 
    0x0b, 0x00, 0x00, 0x00, 0x00, 0x00, 0x00, 0x00, 0xc4, 0x00, 0x00, 0x00, 
    0x19, 0x00, 0x00, 0x00, 0x61, 0x91, 0x01, 0x40, 0x00, 0x00, 0x00, 0x00, 
    0x0b, 0x00, 0x00, 0x00, 0x00, 0x00, 0x00, 0x00, 0xce, 0x00, 0x00, 0x00, 
    0x0c, 0x00, 0x00, 0x00, 0x61, 0x91, 0x01, 0x40, 0x00, 0x00, 0x00, 0x00, 
    0x0b, 0x00, 0x00, 0x00, 0x00, 0x00, 0x00, 0x00, 0xce, 0x00, 0x00, 0x00, 
    0x19, 0x00, 0x00, 0x00, 0x61, 0x91, 0x01, 0x40, 0x00, 0x00, 0x00, 0x00, 
    0x0b, 0x00, 0x00, 0x00, 0x00, 0x00, 0x00, 0x00, 0xd0, 0x00, 0x00, 0x00, 
    0x29, 0x00, 0x00, 0x00, 0x61, 0x91, 0x01, 0x40, 0x00, 0x00, 0x00, 0x00, 
    0x0b, 0x00, 0x00, 0x00, 0x00, 0x00, 0x00, 0x00, 0xd1, 0x00, 0x00, 0x00, 
    0x0c, 0x00, 0x00, 0x00, 0x61, 0x91, 0x01, 0x40, 0x00, 0x00, 0x00, 0x00, 
    0x0b, 0x00, 0x00, 0x00, 0x00, 0x00, 0x00, 0x00, 0xd1, 0x00, 0x00, 0x00, 
    0x19, 0x00, 0x00, 0x00, 0x61, 0x91, 0x01, 0x40, 0x00, 0x00, 0x00, 0x00, 
    0x0b, 0x00, 0x00, 0x00, 0x00, 0x00, 0x00, 0x00, 0xda, 0x00, 0x00, 0x00, 
    0x0c, 0x00, 0x00, 0x00, 0x61, 0x91, 0x01, 0x40, 0x00, 0x00, 0x00, 0x00, 
    0x0b, 0x00, 0x00, 0x00, 0x00, 0x00, 0x00, 0x00, 0xda, 0x00, 0x00, 0x00, 
    0x19, 0x00, 0x00, 0x00, 0x61, 0x91, 0x01, 0x40, 0x00, 0x00, 0x00, 0x00, 
    0x0b, 0x00, 0x00, 0x00, 0x00, 0x00, 0x00, 0x00, 0xdc, 0x00, 0x00, 0x00, 
    0x29, 0x00, 0x00, 0x00, 0x61, 0x91, 0x01, 0x40, 0x00, 0x00, 0x00, 0x00, 
    0x0b, 0x00, 0x00, 0x00, 0x00, 0x00, 0x00, 0x00, 0xdd, 0x00, 0x00, 0x00, 
    0x09, 0x00, 0x00, 0x00, 0x61, 0x91, 0x01, 0x40, 0x00, 0x00, 0x00, 0x00, 
    0x0b, 0x00, 0x00, 0x00, 0x00, 0x00, 0x00, 0x00, 0xdf, 0x00, 0x00, 0x00, 
    0x29, 0x00, 0x00, 0x00, 0x61, 0x91, 0x01, 0x40, 0x00, 0x00, 0x00, 0x00, 
    0x0b, 0x00, 0x00, 0x00, 0x00, 0x00, 0x00, 0x00, 0xe0, 0x00, 0x00, 0x00, 
    0x09, 0x00, 0x00, 0x00, 0x61, 0x91, 0x01, 0x40, 0x00, 0x00, 0x00, 0x00, 
    0x0b, 0x00, 0x00, 0x00, 0x00, 0x00, 0x00, 0x00, 0xe4, 0x00, 0x00, 0x00, 
    0x0c, 0x00, 0x00, 0x00, 0x61, 0x91, 0x01, 0x40, 0x00, 0x00, 0x00, 0x00, 
    0x0b, 0x00, 0x00, 0x00, 0x00, 0x00, 0x00, 0x00, 0xe4, 0x00, 0x00, 0x00, 
    0x19, 0x00, 0x00, 0x00, 0x61, 0x91, 0x01, 0x40, 0x00, 0x00, 0x00, 0x00, 
    0x0b, 0x00, 0x00, 0x00, 0x00, 0x00, 0x00, 0x00, 0xe6, 0x00, 0x00, 0x00, 
    0x29, 0x00, 0x00, 0x00, 0x61, 0x91, 0x01, 0x40, 0x00, 0x00, 0x00, 0x00, 
    0x0b, 0x00, 0x00, 0x00, 0x00, 0x00, 0x00, 0x00, 0xe7, 0x00, 0x00, 0x00, 
    0x0c, 0x00, 0x00, 0x00, 0x61, 0x91, 0x01, 0x40, 0x00, 0x00, 0x00, 0x00, 
    0x0b, 0x00, 0x00, 0x00, 0x00, 0x00, 0x00, 0x00, 0xe7, 0x00, 0x00, 0x00, 
    0x19, 0x00, 0x00, 0x00, 0x61, 0x91, 0x01, 0x40, 0x00, 0x00, 0x00, 0x00, 
    0x0b, 0x00, 0x00, 0x00, 0x00, 0x00, 0x00, 0x00, 0xea, 0x00, 0x00, 0x00, 
    0x1d, 0x00, 0x00, 0x00, 0x61, 0x91, 0x01, 0x40, 0x00, 0x00, 0x00, 0x00, 
    0x0b, 0x00, 0x00, 0x00, 0x00, 0x00, 0x00, 0x00, 0xd5, 0x00, 0x00, 0x00, 
    0x0d, 0x00, 0x00, 0x00, 0x61, 0x91, 0x01, 0x40, 0x00, 0x00, 0x00, 0x00, 
    0x0b, 0x00, 0x00, 0x00, 0x00, 0x00, 0x00, 0x00, 0xc9, 0x00, 0x00, 0x00, 
    0x0d, 0x00, 0x00, 0x00, 0x1b, 0x5b, 0x72, 0x1b, 0x5b, 0x32, 0x4a, 0x1b, 
    0x5b, 0x48, 0x63, 0x6f, 0x6e, 0x73, 0x6f, 0x6c, 0x65, 0x3a, 0x30, 0x4e, 
    0x6f, 0x74, 0x46, 0x6f, 0x75, 0x6e, 0x64, 0x49, 0x6e, 0x74, 0x65, 0x72, 
    0x6e, 0x61, 0x6c, 0x4c, 0x69, 0x6e, 0x6b, 0x44, 0x6f, 0x77, 0x6e, 0x63, 
    0x6f, 0x6e, 0x73, 0x6f, 0x6c, 0x65, 0x64, 0x61, 0x77, 0x61, 0x69, 0x74, 
    0x69, 0x6e, 0x67, 0x5f, 0x73, 0x68, 0x65, 0x6c, 0x6c, 0x72, 0x69, 0x6e, 
    0x67, 0x5f, 0x63, 0x72, 0x65, 0x61, 0x74, 0x65, 0x5f, 0x66, 0x61, 0x69, 
    0x6c, 0x65, 0x64, 0x00, 0x00, 0x00, 0x00, 0x00, 0x61, 0x91, 0x01, 0x40, 
    0x00, 0x00, 0x00, 0x00, 0x0b, 0x00, 0x00, 0x00, 0x00, 0x00, 0x00, 0x00, 
    0x1e, 0x01, 0x00, 0x00, 0x18, 0x00, 0x00, 0x00, 0x61, 0x91, 0x01, 0x40, 
    0x00, 0x00, 0x00, 0x00, 0x0b, 0x00, 0x00, 0x00, 0x00, 0x00, 0x00, 0x00, 
    0x1e, 0x01, 0x00, 0x00, 0x1e, 0x00, 0x00, 0x00, 0x61, 0x91, 0x01, 0x40, 
    0x00, 0x00, 0x00, 0x00, 0x0b, 0x00, 0x00, 0x00, 0x00, 0x00, 0x00, 0x00, 
    0x1f, 0x01, 0x00, 0x00, 0x18, 0x00, 0x00, 0x00, 0x61, 0x91, 0x01, 0x40, 
    0x00, 0x00, 0x00, 0x00, 0x0b, 0x00, 0x00, 0x00, 0x00, 0x00, 0x00, 0x00, 
    0x1f, 0x01, 0x00, 0x00, 0x1f, 0x00, 0x00, 0x00, 0x61, 0x91, 0x01, 0x40, 
    0x00, 0x00, 0x00, 0x00, 0x0b, 0x00, 0x00, 0x00, 0x00, 0x00, 0x00, 0x00, 
    0x20, 0x01, 0x00, 0x00, 0x18, 0x00, 0x00, 0x00, 0x61, 0x91, 0x01, 0x40, 
    0x00, 0x00, 0x00, 0x00, 0x0b, 0x00, 0x00, 0x00, 0x00, 0x00, 0x00, 0x00, 
    0x20, 0x01, 0x00, 0x00, 0x20, 0x00, 0x00, 0x00, 0x61, 0x91, 0x01, 0x40, 
    0x00, 0x00, 0x00, 0x00, 0x0b, 0x00, 0x00, 0x00, 0x00, 0x00, 0x00, 0x00, 
    0x21, 0x01, 0x00, 0x00, 0x18, 0x00, 0x00, 0x00, 0x61, 0x91, 0x01, 0x40, 
    0x00, 0x00, 0x00, 0x00, 0x0b, 0x00, 0x00, 0x00, 0x00, 0x00, 0x00, 0x00, 
    0x21, 0x01, 0x00, 0x00, 0x21, 0x00, 0x00, 0x00, 0x73, 0x68, 0x65, 0x6c, 
    0x6c, 0x5f, 0x63, 0x6f, 0x6e, 0x6e, 0x65, 0x63, 0x74, 0x65, 0x64, 0x70, 
    0x69, 0x64, 0x73, 0x65, 0x6e, 0x64, 0x5f, 0x72, 0x69, 0x6e, 0x67, 0x5f, 
    0x69, 0x6e, 0x66, 0x6f, 0x5f, 0x66, 0x61, 0x69, 0x6c, 0x65, 0x64, 0x61, 
    0x63, 0x63, 0x65, 0x70, 0x74, 0x5f, 0x65, 0x72, 0x72, 0x6f, 0x72, 0x00, 
    0x00, 0x00, 0x00, 0x00, 0x61, 0x91, 0x01, 0x40, 0x00, 0x00, 0x00, 0x00, 
    0x0b, 0x00, 0x00, 0x00, 0x00, 0x00, 0x00, 0x00, 0x73, 0x01, 0x00, 0x00, 
    0x25, 0x00, 0x00, 0x00, 0x61, 0x91, 0x01, 0x40, 0x00, 0x00, 0x00, 0x00, 
    0x0b, 0x00, 0x00, 0x00, 0x00, 0x00, 0x00, 0x00, 0x7c, 0x01, 0x00, 0x00, 
    0x21, 0x00, 0x00, 0x00, 0x61, 0x91, 0x01, 0x40, 0x00, 0x00, 0x00, 0x00, 
    0x0b, 0x00, 0x00, 0x00, 0x00, 0x00, 0x00, 0x00, 0x81, 0x01, 0x00, 0x00, 
    0x28, 0x00, 0x00, 0x00, 0x61, 0x91, 0x01, 0x40, 0x00, 0x00, 0x00, 0x00, 
    0x0b, 0x00, 0x00, 0x00, 0x00, 0x00, 0x00, 0x00, 0x7f, 0x01, 0x00, 0x00, 
    0x2a, 0x00, 0x00, 0x00, 0x61, 0x91, 0x01, 0x40, 0x00, 0x00, 0x00, 0x00, 
    0x0b, 0x00, 0x00, 0x00, 0x00, 0x00, 0x00, 0x00, 0x87, 0x01, 0x00, 0x00, 
    0x1e, 0x00, 0x00, 0x00, 0x61, 0x91, 0x01, 0x40, 0x00, 0x00, 0x00, 0x00, 
    0x0b, 0x00, 0x00, 0x00, 0x00, 0x00, 0x00, 0x00, 0x8a, 0x01, 0x00, 0x00, 
    0x24, 0x00, 0x00, 0x00, 0x61, 0x91, 0x01, 0x40, 0x00, 0x00, 0x00, 0x00, 
    0x0b, 0x00, 0x00, 0x00, 0x00, 0x00, 0x00, 0x00, 0x9d, 0x01, 0x00, 0x00, 
    0x2b, 0x00, 0x00, 0x00, 0x1b, 0x5b, 0x72, 0x00, 0x00, 0x00, 0x00, 0x00, 
    0x61, 0x91, 0x01, 0x40, 0x00, 0x00, 0x00, 0x00, 0x0b, 0x00, 0x00, 0x00, 
    0x00, 0x00, 0x00, 0x00, 0xba, 0x01, 0x00, 0x00, 0x23, 0x00, 0x00, 0x00, 
    0x4f, 0x4b, 0x0a, 0x00, 0x00, 0x00, 0x00, 0x00, 0x61, 0x91, 0x01, 0x40, 
    0x00, 0x00, 0x00, 0x00, 0x0b, 0x00, 0x00, 0x00, 0x00, 0x00, 0x00, 0x00, 
    0x8c, 0x01, 0x00, 0x00, 0x1f, 0x00, 0x00, 0x00, 0x61, 0x91, 0x01, 0x40, 
    0x00, 0x00, 0x00, 0x00, 0x0b, 0x00, 0x00, 0x00, 0x00, 0x00, 0x00, 0x00, 
    0x8f, 0x01, 0x00, 0x00, 0x26, 0x00, 0x00, 0x00, 0x73, 0x68, 0x65, 0x6c, 
    0x6c, 0x5f, 0x64, 0x65, 0x61, 0x64, 0x5f, 0x6f, 0x6e, 0x5f, 0x73, 0x74, 
    0x64, 0x69, 0x6e, 0x00, 0x00, 0x00, 0x00, 0x00, 0x61, 0x91, 0x01, 0x40, 
    0x00, 0x00, 0x00, 0x00, 0x0b, 0x00, 0x00, 0x00, 0x00, 0x00, 0x00, 0x00, 
    0x5a, 0x01, 0x00, 0x00, 0x38, 0x00, 0x00, 0x00, 0x73, 0x68, 0x65, 0x6c, 
    0x6c, 0x5f, 0x64, 0x69, 0x73, 0x63, 0x6f, 0x6e, 0x6e, 0x65, 0x63, 0x74, 
    0x65, 0x64, 0x00, 0x00, 0x00, 0x00, 0x00, 0x00, 0x20, 0x93, 0x01, 0x40, 
    0x00, 0x00, 0x00, 0x00, 0x48, 0x00, 0x00, 0x00, 0x00, 0x00, 0x00, 0x00, 
    0xff, 0x07, 0x00, 0x00, 0x10, 0x00, 0x00, 0x00, 0x20, 0x93, 0x01, 0x40, 
    0x00, 0x00, 0x00, 0x00, 0x48, 0x00, 0x00, 0x00, 0x00, 0x00, 0x00, 0x00, 
    0xff, 0x07, 0x00, 0x00, 0x18, 0x00, 0x00, 0x00, 0x20, 0x93, 0x01, 0x40, 
    0x00, 0x00, 0x00, 0x00, 0x48, 0x00, 0x00, 0x00, 0x00, 0x00, 0x00, 0x00, 
    0x0c, 0x08, 0x00, 0x00, 0x0c, 0x00, 0x00, 0x00, 0x20, 0x93, 0x01, 0x40, 
    0x00, 0x00, 0x00, 0x00, 0x48, 0x00, 0x00, 0x00, 0x00, 0x00, 0x00, 0x00, 
    0x0c, 0x08, 0x00, 0x00, 0x22, 0x00, 0x00, 0x00, 0x20, 0x93, 0x01, 0x40, 
    0x00, 0x00, 0x00, 0x00, 0x48, 0x00, 0x00, 0x00, 0x00, 0x00, 0x00, 0x00, 
    0x0e, 0x08, 0x00, 0x00, 0x0c, 0x00, 0x00, 0x00, 0x20, 0x93, 0x01, 0x40, 
    0x00, 0x00, 0x00, 0x00, 0x48, 0x00, 0x00, 0x00, 0x00, 0x00, 0x00, 0x00, 
    0x0e, 0x08, 0x00, 0x00, 0x13, 0x00, 0x00, 0x00, 0x20, 0x93, 0x01, 0x40, 
    0x00, 0x00, 0x00, 0x00, 0x48, 0x00, 0x00, 0x00, 0x00, 0x00, 0x00, 0x00, 
    0x12, 0x08, 0x00, 0x00, 0x1f, 0x00, 0x00, 0x00, 0x20, 0x93, 0x01, 0x40, 
    0x00, 0x00, 0x00, 0x00, 0x48, 0x00, 0x00, 0x00, 0x00, 0x00, 0x00, 0x00, 
    0x14, 0x08, 0x00, 0x00, 0x10, 0x00, 0x00, 0x00, 0x20, 0x93, 0x01, 0x40, 
    0x00, 0x00, 0x00, 0x00, 0x48, 0x00, 0x00, 0x00, 0x00, 0x00, 0x00, 0x00, 
    0x14, 0x08, 0x00, 0x00, 0x3e, 0x00, 0x00, 0x00, 0x20, 0x93, 0x01, 0x40, 
    0x00, 0x00, 0x00, 0x00, 0x48, 0x00, 0x00, 0x00, 0x00, 0x00, 0x00, 0x00, 
    0xf8, 0x07, 0x00, 0x00, 0x10, 0x00, 0x00, 0x00, 0x20, 0x93, 0x01, 0x40, 
    0x00, 0x00, 0x00, 0x00, 0x48, 0x00, 0x00, 0x00, 0x00, 0x00, 0x00, 0x00, 
    0xf8, 0x07, 0x00, 0x00, 0x18, 0x00, 0x00, 0x00, 0x20, 0x93, 0x01, 0x40, 
    0x00, 0x00, 0x00, 0x00, 0x48, 0x00, 0x00, 0x00, 0x00, 0x00, 0x00, 0x00, 
    0x4b, 0x07, 0x00, 0x00, 0x34, 0x00, 0x00, 0x00, 0x20, 0x93, 0x01, 0x40, 
    0x00, 0x00, 0x00, 0x00, 0x48, 0x00, 0x00, 0x00, 0x00, 0x00, 0x00, 0x00, 
    0x55, 0x07, 0x00, 0x00, 0x32, 0x00, 0x00, 0x00, 0x5b, 0x62, 0x75, 0x73, 
    0x5d, 0x20, 0x66, 0x77, 0x64, 0x20, 0x74, 0x61, 0x62, 0x6c, 0x65, 0x20, 
    0x66, 0x75, 0x6c, 0x6c, 0x2c, 0x20, 0x64, 0x72, 0x6f, 0x70, 0x70, 0x69, 
    0x6e, 0x67, 0x20, 0x63, 0x68, 0x69, 0x6c, 0x64, 0x20, 0x72, 0x65, 0x71, 
    0x75, 0x65, 0x73, 0x74, 0x00, 0x00, 0x00, 0x00, 0x20, 0x93, 0x01, 0x40, 
    0x00, 0x00, 0x00, 0x00, 0x48, 0x00, 0x00, 0x00, 0x00, 0x00, 0x00, 0x00, 
    0x9e, 0x09, 0x00, 0x00, 0x0c, 0x00, 0x00, 0x00, 0x20, 0x93, 0x01, 0x40, 
    0x00, 0x00, 0x00, 0x00, 0x48, 0x00, 0x00, 0x00, 0x00, 0x00, 0x00, 0x00, 
    0x9e, 0x09, 0x00, 0x00, 0x2f, 0x00, 0x00, 0x00, 0x20, 0x93, 0x01, 0x40, 
    0x00, 0x00, 0x00, 0x00, 0x48, 0x00, 0x00, 0x00, 0x00, 0x00, 0x00, 0x00, 
    0x9e, 0x09, 0x00, 0x00, 0x15, 0x00, 0x00, 0x00, 0x20, 0x93, 0x01, 0x40, 
    0x00, 0x00, 0x00, 0x00, 0x48, 0x00, 0x00, 0x00, 0x00, 0x00, 0x00, 0x00, 
    0xa0, 0x09, 0x00, 0x00, 0x0c, 0x00, 0x00, 0x00, 0x20, 0x93, 0x01, 0x40, 
    0x00, 0x00, 0x00, 0x00, 0x48, 0x00, 0x00, 0x00, 0x00, 0x00, 0x00, 0x00, 
    0xa0, 0x09, 0x00, 0x00, 0x13, 0x00, 0x00, 0x00, 0x20, 0x93, 0x01, 0x40, 
    0x00, 0x00, 0x00, 0x00, 0x48, 0x00, 0x00, 0x00, 0x00, 0x00, 0x00, 0x00, 
    0xa1, 0x09, 0x00, 0x00, 0x2c, 0x00, 0x00, 0x00, 0x20, 0x93, 0x01, 0x40, 
    0x00, 0x00, 0x00, 0x00, 0x48, 0x00, 0x00, 0x00, 0x00, 0x00, 0x00, 0x00, 
    0x3b, 0x08, 0x00, 0x00, 0x1c, 0x00, 0x00, 0x00, 0x20, 0x93, 0x01, 0x40, 
    0x00, 0x00, 0x00, 0x00, 0x48, 0x00, 0x00, 0x00, 0x00, 0x00, 0x00, 0x00, 
    0x3b, 0x08, 0x00, 0x00, 0x25, 0x00, 0x00, 0x00, 0x20, 0x93, 0x01, 0x40, 
    0x00, 0x00, 0x00, 0x00, 0x48, 0x00, 0x00, 0x00, 0x00, 0x00, 0x00, 0x00, 
    0x44, 0x08, 0x00, 0x00, 0x1f, 0x00, 0x00, 0x00, 0x20, 0x93, 0x01, 0x40, 
    0x00, 0x00, 0x00, 0x00, 0x48, 0x00, 0x00, 0x00, 0x00, 0x00, 0x00, 0x00, 
    0x44, 0x08, 0x00, 0x00, 0x45, 0x00, 0x00, 0x00, 0x20, 0x93, 0x01, 0x40, 
    0x00, 0x00, 0x00, 0x00, 0x48, 0x00, 0x00, 0x00, 0x00, 0x00, 0x00, 0x00, 
    0x44, 0x08, 0x00, 0x00, 0x28, 0x00, 0x00, 0x00, 0x20, 0x93, 0x01, 0x40, 
    0x00, 0x00, 0x00, 0x00, 0x48, 0x00, 0x00, 0x00, 0x00, 0x00, 0x00, 0x00, 
    0x4a, 0x08, 0x00, 0x00, 0x2b, 0x00, 0x00, 0x00, 0x20, 0x93, 0x01, 0x40, 
    0x00, 0x00, 0x00, 0x00, 0x48, 0x00, 0x00, 0x00, 0x00, 0x00, 0x00, 0x00, 
    0x4a, 0x08, 0x00, 0x00, 0x53, 0x00, 0x00, 0x00, 0x20, 0x93, 0x01, 0x40, 
    0x00, 0x00, 0x00, 0x00, 0x48, 0x00, 0x00, 0x00, 0x00, 0x00, 0x00, 0x00, 
    0x4a, 0x08, 0x00, 0x00, 0x34, 0x00, 0x00, 0x00, 0x20, 0x93, 0x01, 0x40, 
    0x00, 0x00, 0x00, 0x00, 0x48, 0x00, 0x00, 0x00, 0x00, 0x00, 0x00, 0x00, 
    0x4c, 0x08, 0x00, 0x00, 0x2b, 0x00, 0x00, 0x00, 0x20, 0x93, 0x01, 0x40, 
    0x00, 0x00, 0x00, 0x00, 0x48, 0x00, 0x00, 0x00, 0x00, 0x00, 0x00, 0x00, 
    0x4c, 0x08, 0x00, 0x00, 0x55, 0x00, 0x00, 0x00, 0x20, 0x93, 0x01, 0x40, 
    0x00, 0x00, 0x00, 0x00, 0x48, 0x00, 0x00, 0x00, 0x00, 0x00, 0x00, 0x00, 
    0x4c, 0x08, 0x00, 0x00, 0x34, 0x00, 0x00, 0x00, 0x20, 0x93, 0x01, 0x40, 
    0x00, 0x00, 0x00, 0x00, 0x48, 0x00, 0x00, 0x00, 0x00, 0x00, 0x00, 0x00, 
    0x5e, 0x08, 0x00, 0x00, 0x0e, 0x00, 0x00, 0x00, 0x20, 0x93, 0x01, 0x40, 
    0x00, 0x00, 0x00, 0x00, 0x48, 0x00, 0x00, 0x00, 0x00, 0x00, 0x00, 0x00, 
    0x5e, 0x08, 0x00, 0x00, 0x17, 0x00, 0x00, 0x00, 0x5b, 0x62, 0x75, 0x73, 
    0x5d, 0x20, 0x63, 0x68, 0x69, 0x6c, 0x64, 0x20, 0x6d, 0x75, 0x78, 0x5f, 
    0x61, 0x64, 0x64, 0x20, 0x66, 0x61, 0x69, 0x6c, 0x65, 0x64, 0x00, 0x00, 
    0x00, 0x00, 0x00, 0x00, 0x20, 0x93, 0x01, 0x40, 0x00, 0x00, 0x00, 0x00, 
    0x48, 0x00, 0x00, 0x00, 0x00, 0x00, 0x00, 0x00, 0xa9, 0x09, 0x00, 0x00, 
    0x38, 0x00, 0x00, 0x00, 0x20, 0x93, 0x01, 0x40, 0x00, 0x00, 0x00, 0x00, 
    0x48, 0x00, 0x00, 0x00, 0x00, 0x00, 0x00, 0x00, 0xc3, 0x09, 0x00, 0x00, 
    0x0e, 0x00, 0x00, 0x00, 0x20, 0x93, 0x01, 0x40, 0x00, 0x00, 0x00, 0x00, 
    0x48, 0x00, 0x00, 0x00, 0x00, 0x00, 0x00, 0x00, 0xc3, 0x09, 0x00, 0x00, 
    0x17, 0x00, 0x00, 0x00, 0x20, 0x93, 0x01, 0x40, 0x00, 0x00, 0x00, 0x00, 
    0x48, 0x00, 0x00, 0x00, 0x00, 0x00, 0x00, 0x00, 0xc4, 0x09, 0x00, 0x00, 
    0x0e, 0x00, 0x00, 0x00, 0x20, 0x93, 0x01, 0x40, 0x00, 0x00, 0x00, 0x00, 
    0x48, 0x00, 0x00, 0x00, 0x00, 0x00, 0x00, 0x00, 0xc4, 0x09, 0x00, 0x00, 
    0x15, 0x00, 0x00, 0x00, 0x20, 0x93, 0x01, 0x40, 0x00, 0x00, 0x00, 0x00, 
    0x48, 0x00, 0x00, 0x00, 0x00, 0x00, 0x00, 0x00, 0xc6, 0x09, 0x00, 0x00, 
    0x23, 0x00, 0x00, 0x00, 0x20, 0x93, 0x01, 0x40, 0x00, 0x00, 0x00, 0x00, 
    0x48, 0x00, 0x00, 0x00, 0x00, 0x00, 0x00, 0x00, 0xc7, 0x09, 0x00, 0x00, 
    0x2e, 0x00, 0x00, 0x00, 0x20, 0x93, 0x01, 0x40, 0x00, 0x00, 0x00, 0x00, 
    0x48, 0x00, 0x00, 0x00, 0x00, 0x00, 0x00, 0x00, 0xf8, 0x08, 0x00, 0x00, 
    0x25, 0x00, 0x00, 0x00, 0x20, 0x93, 0x01, 0x40, 0x00, 0x00, 0x00, 0x00, 
    0x48, 0x00, 0x00, 0x00, 0x00, 0x00, 0x00, 0x00, 0xf9, 0x08, 0x00, 0x00, 
    0x23, 0x00, 0x00, 0x00, 0x20, 0x93, 0x01, 0x40, 0x00, 0x00, 0x00, 0x00, 
    0x48, 0x00, 0x00, 0x00, 0x00, 0x00, 0x00, 0x00, 0x01, 0x09, 0x00, 0x00, 
    0x1a, 0x00, 0x00, 0x00, 0x20, 0x93, 0x01, 0x40, 0x00, 0x00, 0x00, 0x00, 
    0x48, 0x00, 0x00, 0x00, 0x00, 0x00, 0x00, 0x00, 0x01, 0x09, 0x00, 0x00, 
    0x29, 0x00, 0x00, 0x00, 0x20, 0x93, 0x01, 0x40, 0x00, 0x00, 0x00, 0x00, 
    0x48, 0x00, 0x00, 0x00, 0x00, 0x00, 0x00, 0x00, 0x04, 0x09, 0x00, 0x00, 
    0x3a, 0x00, 0x00, 0x00, 0x20, 0x93, 0x01, 0x40, 0x00, 0x00, 0x00, 0x00, 
    0x48, 0x00, 0x00, 0x00, 0x00, 0x00, 0x00, 0x00, 0xf3, 0x08, 0x00, 0x00, 
    0x18, 0x00, 0x00, 0x00, 0x20, 0x93, 0x01, 0x40, 0x00, 0x00, 0x00, 0x00, 
    0x48, 0x00, 0x00, 0x00, 0x00, 0x00, 0x00, 0x00, 0xf5, 0x08, 0x00, 0x00, 
    0x2e, 0x00, 0x00, 0x00, 0x20, 0x93, 0x01, 0x40, 0x00, 0x00, 0x00, 0x00, 
    0x48, 0x00, 0x00, 0x00, 0x00, 0x00, 0x00, 0x00, 0xf5, 0x08, 0x00, 0x00, 
    0x4b, 0x00, 0x00, 0x00, 0x20, 0x93, 0x01, 0x40, 0x00, 0x00, 0x00, 0x00, 
    0x48, 0x00, 0x00, 0x00, 0x00, 0x00, 0x00, 0x00, 0x18, 0x09, 0x00, 0x00, 
    0x1e, 0x00, 0x00, 0x00, 0x20, 0x93, 0x01, 0x40, 0x00, 0x00, 0x00, 0x00, 
    0x48, 0x00, 0x00, 0x00, 0x00, 0x00, 0x00, 0x00, 0x2e, 0x09, 0x00, 0x00, 
    0x14, 0x00, 0x00, 0x00, 0x20, 0x93, 0x01, 0x40, 0x00, 0x00, 0x00, 0x00, 
    0x48, 0x00, 0x00, 0x00, 0x00, 0x00, 0x00, 0x00, 0x2e, 0x09, 0x00, 0x00, 
    0x1c, 0x00, 0x00, 0x00, 0x20, 0x93, 0x01, 0x40, 0x00, 0x00, 0x00, 0x00, 
    0x48, 0x00, 0x00, 0x00, 0x00, 0x00, 0x00, 0x00, 0x1d, 0x09, 0x00, 0x00, 
    0x18, 0x00, 0x00, 0x00, 0x20, 0x93, 0x01, 0x40, 0x00, 0x00, 0x00, 0x00, 
    0x48, 0x00, 0x00, 0x00, 0x00, 0x00, 0x00, 0x00, 0x1d, 0x09, 0x00, 0x00, 
    0x20, 0x00, 0x00, 0x00, 0x20, 0x93, 0x01, 0x40, 0x00, 0x00, 0x00, 0x00, 
    0x48, 0x00, 0x00, 0x00, 0x00, 0x00, 0x00, 0x00, 0x21, 0x09, 0x00, 0x00, 
    0x1c, 0x00, 0x00, 0x00, 0x20, 0x93, 0x01, 0x40, 0x00, 0x00, 0x00, 0x00, 
    0x48, 0x00, 0x00, 0x00, 0x00, 0x00, 0x00, 0x00, 0x21, 0x09, 0x00, 0x00, 
    0x52, 0x00, 0x00, 0x00, 0x20, 0x93, 0x01, 0x40, 0x00, 0x00, 0x00, 0x00, 
    0x48, 0x00, 0x00, 0x00, 0x00, 0x00, 0x00, 0x00, 0x21, 0x09, 0x00, 0x00, 
    0x2e, 0x00, 0x00, 0x00, 0x20, 0x93, 0x01, 0x40, 0x00, 0x00, 0x00, 0x00, 
    0x48, 0x00, 0x00, 0x00, 0x00, 0x00, 0x00, 0x00, 0x25, 0x09, 0x00, 0x00, 
    0x15, 0x00, 0x00, 0x00, 0x20, 0x93, 0x01, 0x40, 0x00, 0x00, 0x00, 0x00, 
    0x48, 0x00, 0x00, 0x00, 0x00, 0x00, 0x00, 0x00, 0x27, 0x09, 0x00, 0x00, 
    0x20, 0x00, 0x00, 0x00, 0x20, 0x93, 0x01, 0x40, 0x00, 0x00, 0x00, 0x00, 
    0x48, 0x00, 0x00, 0x00, 0x00, 0x00, 0x00, 0x00, 0x27, 0x09, 0x00, 0x00, 
    0x54, 0x00, 0x00, 0x00, 0x20, 0x93, 0x01, 0x40, 0x00, 0x00, 0x00, 0x00, 
    0x48, 0x00, 0x00, 0x00, 0x00, 0x00, 0x00, 0x00, 0x27, 0x09, 0x00, 0x00, 
    0x32, 0x00, 0x00, 0x00, 0x20, 0x93, 0x01, 0x40, 0x00, 0x00, 0x00, 0x00, 
    0x48, 0x00, 0x00, 0x00, 0x00, 0x00, 0x00, 0x00, 0x32, 0x09, 0x00, 0x00, 
    0x23, 0x00, 0x00, 0x00, 0x20, 0x93, 0x01, 0x40, 0x00, 0x00, 0x00, 0x00, 
    0x48, 0x00, 0x00, 0x00, 0x00, 0x00, 0x00, 0x00, 0x69, 0x09, 0x00, 0x00, 
    0x10, 0x00, 0x00, 0x00, 0x20, 0x93, 0x01, 0x40, 0x00, 0x00, 0x00, 0x00, 
    0x48, 0x00, 0x00, 0x00, 0x00, 0x00, 0x00, 0x00, 0x69, 0x09, 0x00, 0x00, 
    0x26, 0x00, 0x00, 0x00, 0x20, 0x93, 0x01, 0x40, 0x00, 0x00, 0x00, 0x00, 
    0x48, 0x00, 0x00, 0x00, 0x00, 0x00, 0x00, 0x00, 0x6a, 0x09, 0x00, 0x00, 
    0x10, 0x00, 0x00, 0x00, 0x20, 0x93, 0x01, 0x40, 0x00, 0x00, 0x00, 0x00, 
    0x48, 0x00, 0x00, 0x00, 0x00, 0x00, 0x00, 0x00, 0x6a, 0x09, 0x00, 0x00, 
    0x17, 0x00, 0x00, 0x00, 0x20, 0x93, 0x01, 0x40, 0x00, 0x00, 0x00, 0x00, 
    0x48, 0x00, 0x00, 0x00, 0x00, 0x00, 0x00, 0x00, 0x6f, 0x09, 0x00, 0x00, 
    0x10, 0x00, 0x00, 0x00, 0x20, 0x93, 0x01, 0x40, 0x00, 0x00, 0x00, 0x00, 
    0x48, 0x00, 0x00, 0x00, 0x00, 0x00, 0x00, 0x00, 0x6f, 0x09, 0x00, 0x00, 
    0x35, 0x00, 0x00, 0x00, 0x20, 0x93, 0x01, 0x40, 0x00, 0x00, 0x00, 0x00, 
    0x48, 0x00, 0x00, 0x00, 0x00, 0x00, 0x00, 0x00, 0x73, 0x09, 0x00, 0x00, 
    0x23, 0x00, 0x00, 0x00, 0x20, 0x93, 0x01, 0x40, 0x00, 0x00, 0x00, 0x00, 
    0x48, 0x00, 0x00, 0x00, 0x00, 0x00, 0x00, 0x00, 0x75, 0x09, 0x00, 0x00, 
    0x14, 0x00, 0x00, 0x00, 0x20, 0x93, 0x01, 0x40, 0x00, 0x00, 0x00, 0x00, 
    0x48, 0x00, 0x00, 0x00, 0x00, 0x00, 0x00, 0x00, 0x75, 0x09, 0x00, 0x00, 
    0x42, 0x00, 0x00, 0x00, 0x20, 0x93, 0x01, 0x40, 0x00, 0x00, 0x00, 0x00, 
    0x48, 0x00, 0x00, 0x00, 0x00, 0x00, 0x00, 0x00, 0x44, 0x09, 0x00, 0x00, 
    0x26, 0x00, 0x00, 0x00, 0x20, 0x93, 0x01, 0x40, 0x00, 0x00, 0x00, 0x00, 
    0x48, 0x00, 0x00, 0x00, 0x00, 0x00, 0x00, 0x00, 0x50, 0x09, 0x00, 0x00, 
    0x10, 0x00, 0x00, 0x00, 0x20, 0x93, 0x01, 0x40, 0x00, 0x00, 0x00, 0x00, 
    0x48, 0x00, 0x00, 0x00, 0x00, 0x00, 0x00, 0x00, 0x50, 0x09, 0x00, 0x00, 
    0x26, 0x00, 0x00, 0x00, 0x20, 0x93, 0x01, 0x40, 0x00, 0x00, 0x00, 0x00, 
    0x48, 0x00, 0x00, 0x00, 0x00, 0x00, 0x00, 0x00, 0x55, 0x09, 0x00, 0x00, 
    0x10, 0x00, 0x00, 0x00, 0x20, 0x93, 0x01, 0x40, 0x00, 0x00, 0x00, 0x00, 
    0x48, 0x00, 0x00, 0x00, 0x00, 0x00, 0x00, 0x00, 0x55, 0x09, 0x00, 0x00, 
    0x35, 0x00, 0x00, 0x00, 0x20, 0x93, 0x01, 0x40, 0x00, 0x00, 0x00, 0x00, 
    0x48, 0x00, 0x00, 0x00, 0x00, 0x00, 0x00, 0x00, 0x57, 0x09, 0x00, 0x00, 
    0x10, 0x00, 0x00, 0x00, 0x20, 0x93, 0x01, 0x40, 0x00, 0x00, 0x00, 0x00, 
    0x48, 0x00, 0x00, 0x00, 0x00, 0x00, 0x00, 0x00, 0x58, 0x09, 0x00, 0x00, 
    0x12, 0x00, 0x00, 0x00, 0x20, 0x93, 0x01, 0x40, 0x00, 0x00, 0x00, 0x00, 
    0x48, 0x00, 0x00, 0x00, 0x00, 0x00, 0x00, 0x00, 0x5c, 0x09, 0x00, 0x00, 
    0x23, 0x00, 0x00, 0x00, 0x20, 0x93, 0x01, 0x40, 0x00, 0x00, 0x00, 0x00, 
    0x48, 0x00, 0x00, 0x00, 0x00, 0x00, 0x00, 0x00, 0x5e, 0x09, 0x00, 0x00, 
    0x14, 0x00, 0x00, 0x00, 0x20, 0x93, 0x01, 0x40, 0x00, 0x00, 0x00, 0x00, 
    0x48, 0x00, 0x00, 0x00, 0x00, 0x00, 0x00, 0x00, 0x5e, 0x09, 0x00, 0x00, 
    0x42, 0x00, 0x00, 0x00, 0x20, 0x93, 0x01, 0x40, 0x00, 0x00, 0x00, 0x00, 
    0x48, 0x00, 0x00, 0x00, 0x00, 0x00, 0x00, 0x00, 0x4b, 0x09, 0x00, 0x00, 
    0x14, 0x00, 0x00, 0x00, 0x20, 0x93, 0x01, 0x40, 0x00, 0x00, 0x00, 0x00, 
    0x48, 0x00, 0x00, 0x00, 0x00, 0x00, 0x00, 0x00, 0x4b, 0x09, 0x00, 0x00, 
    0x1c, 0x00, 0x00, 0x00, 0x20, 0x93, 0x01, 0x40, 0x00, 0x00, 0x00, 0x00, 
    0x48, 0x00, 0x00, 0x00, 0x00, 0x00, 0x00, 0x00, 0x36, 0x09, 0x00, 0x00, 
    0x10, 0x00, 0x00, 0x00, 0x20, 0x93, 0x01, 0x40, 0x00, 0x00, 0x00, 0x00, 
    0x48, 0x00, 0x00, 0x00, 0x00, 0x00, 0x00, 0x00, 0x36, 0x09, 0x00, 0x00, 
    0x18, 0x00, 0x00, 0x00, 0x20, 0x93, 0x01, 0x40, 0x00, 0x00, 0x00, 0x00, 
    0x48, 0x00, 0x00, 0x00, 0x00, 0x00, 0x00, 0x00, 0xb8, 0x07, 0x00, 0x00, 
    0x1b, 0x00, 0x00, 0x00, 0x20, 0x93, 0x01, 0x40, 0x00, 0x00, 0x00, 0x00, 
    0x48, 0x00, 0x00, 0x00, 0x00, 0x00, 0x00, 0x00, 0xc5, 0x07, 0x00, 0x00, 
    0x10, 0x00, 0x00, 0x00, 0x20, 0x93, 0x01, 0x40, 0x00, 0x00, 0x00, 0x00, 
    0x48, 0x00, 0x00, 0x00, 0x00, 0x00, 0x00, 0x00, 0xc5, 0x07, 0x00, 0x00, 
    0x26, 0x00, 0x00, 0x00, 0x20, 0x93, 0x01, 0x40, 0x00, 0x00, 0x00, 0x00, 
    0x48, 0x00, 0x00, 0x00, 0x00, 0x00, 0x00, 0x00, 0xc8, 0x07, 0x00, 0x00, 
    0x10, 0x00, 0x00, 0x00, 0x20, 0x93, 0x01, 0x40, 0x00, 0x00, 0x00, 0x00, 
    0x48, 0x00, 0x00, 0x00, 0x00, 0x00, 0x00, 0x00, 0xc8, 0x07, 0x00, 0x00, 
    0x17, 0x00, 0x00, 0x00, 0x20, 0x93, 0x01, 0x40, 0x00, 0x00, 0x00, 0x00, 
    0x48, 0x00, 0x00, 0x00, 0x00, 0x00, 0x00, 0x00, 0xce, 0x07, 0x00, 0x00, 
    0x10, 0x00, 0x00, 0x00, 0x20, 0x93, 0x01, 0x40, 0x00, 0x00, 0x00, 0x00, 
    0x48, 0x00, 0x00, 0x00, 0x00, 0x00, 0x00, 0x00, 0xce, 0x07, 0x00, 0x00, 
    0x27, 0x00, 0x00, 0x00, 0x20, 0x93, 0x01, 0x40, 0x00, 0x00, 0x00, 0x00, 
    0x48, 0x00, 0x00, 0x00, 0x00, 0x00, 0x00, 0x00, 0xd2, 0x07, 0x00, 0x00, 
    0x10, 0x00, 0x00, 0x00, 0x20, 0x93, 0x01, 0x40, 0x00, 0x00, 0x00, 0x00, 
    0x48, 0x00, 0x00, 0x00, 0x00, 0x00, 0x00, 0x00, 0xd2, 0x07, 0x00, 0x00, 
    0x22, 0x00, 0x00, 0x00, 0x20, 0x93, 0x01, 0x40, 0x00, 0x00, 0x00, 0x00, 
    0x48, 0x00, 0x00, 0x00, 0x00, 0x00, 0x00, 0x00, 0xc7, 0x04, 0x00, 0x00, 
    0x36, 0x00, 0x00, 0x00, 0x20, 0x93, 0x01, 0x40, 0x00, 0x00, 0x00, 0x00, 
    0x48, 0x00, 0x00, 0x00, 0x00, 0x00, 0x00, 0x00, 0x75, 0x08, 0x00, 0x00, 
    0x1c, 0x00, 0x00, 0x00, 0x20, 0x93, 0x01, 0x40, 0x00, 0x00, 0x00, 0x00, 
    0x48, 0x00, 0x00, 0x00, 0x00, 0x00, 0x00, 0x00, 0x99, 0x08, 0x00, 0x00, 
    0x38, 0x00, 0x00, 0x00, 0x20, 0x93, 0x01, 0x40, 0x00, 0x00, 0x00, 0x00, 
    0x48, 0x00, 0x00, 0x00, 0x00, 0x00, 0x00, 0x00, 0xad, 0x08, 0x00, 0x00, 
    0x44, 0x00, 0x00, 0x00, 0x20, 0x93, 0x01, 0x40, 0x00, 0x00, 0x00, 0x00, 
    0x48, 0x00, 0x00, 0x00, 0x00, 0x00, 0x00, 0x00, 0xb5, 0x08, 0x00, 0x00, 
    0x44, 0x00, 0x00, 0x00, 0x20, 0x93, 0x01, 0x40, 0x00, 0x00, 0x00, 0x00, 
    0x48, 0x00, 0x00, 0x00, 0x00, 0x00, 0x00, 0x00, 0xbc, 0x08, 0x00, 0x00, 
    0x52, 0x00, 0x00, 0x00, 0x20, 0x93, 0x01, 0x40, 0x00, 0x00, 0x00, 0x00, 
    0x48, 0x00, 0x00, 0x00, 0x00, 0x00, 0x00, 0x00, 0xbd, 0x08, 0x00, 0x00, 
    0x3a, 0x00, 0x00, 0x00, 0x20, 0x93, 0x01, 0x40, 0x00, 0x00, 0x00, 0x00, 
    0x48, 0x00, 0x00, 0x00, 0x00, 0x00, 0x00, 0x00, 0xc2, 0x08, 0x00, 0x00, 
    0x57, 0x00, 0x00, 0x00, 0x20, 0x93, 0x01, 0x40, 0x00, 0x00, 0x00, 0x00, 
    0x48, 0x00, 0x00, 0x00, 0x00, 0x00, 0x00, 0x00, 0xc5, 0x08, 0x00, 0x00, 
    0x4c, 0x00, 0x00, 0x00, 0x20, 0x93, 0x01, 0x40, 0x00, 0x00, 0x00, 0x00, 
    0x48, 0x00, 0x00, 0x00, 0x00, 0x00, 0x00, 0x00, 0xcc, 0x08, 0x00, 0x00, 
    0x52, 0x00, 0x00, 0x00, 0x20, 0x93, 0x01, 0x40, 0x00, 0x00, 0x00, 0x00, 
    0x48, 0x00, 0x00, 0x00, 0x00, 0x00, 0x00, 0x00, 0xcd, 0x08, 0x00, 0x00, 
    0x3a, 0x00, 0x00, 0x00, 0x20, 0x93, 0x01, 0x40, 0x00, 0x00, 0x00, 0x00, 
    0x48, 0x00, 0x00, 0x00, 0x00, 0x00, 0x00, 0x00, 0xd2, 0x08, 0x00, 0x00, 
    0x52, 0x00, 0x00, 0x00, 0x20, 0x93, 0x01, 0x40, 0x00, 0x00, 0x00, 0x00, 
    0x48, 0x00, 0x00, 0x00, 0x00, 0x00, 0x00, 0x00, 0xd3, 0x08, 0x00, 0x00, 
    0x3a, 0x00, 0x00, 0x00, 0x20, 0x93, 0x01, 0x40, 0x00, 0x00, 0x00, 0x00, 
    0x48, 0x00, 0x00, 0x00, 0x00, 0x00, 0x00, 0x00, 0xd8, 0x08, 0x00, 0x00, 
    0x44, 0x00, 0x00, 0x00, 0x5b, 0x62, 0x75, 0x73, 0x5d, 0x20, 0x63, 0x68, 
    0x69, 0x6c, 0x64, 0x20, 0x63, 0x68, 0x61, 0x6e, 0x6e, 0x65, 0x6c, 0x20, 
    0x63, 0x6c, 0x6f, 0x73, 0x65, 0x64, 0x00, 0x00, 0x00, 0x00, 0x00, 0x00, 
    0x20, 0x93, 0x01, 0x40, 0x00, 0x00, 0x00, 0x00, 0x48, 0x00, 0x00, 0x00, 
    0x00, 0x00, 0x00, 0x00, 0x3d, 0x06, 0x00, 0x00, 0x4e, 0x00, 0x00, 0x00, 
    0x20, 0x93, 0x01, 0x40, 0x00, 0x00, 0x00, 0x00, 0x48, 0x00, 0x00, 0x00, 
    0x00, 0x00, 0x00, 0x00, 0x45, 0x06, 0x00, 0x00, 0x0d, 0x00, 0x00, 0x00, 
    0x20, 0x93, 0x01, 0x40, 0x00, 0x00, 0x00, 0x00, 0x48, 0x00, 0x00, 0x00, 
    0x00, 0x00, 0x00, 0x00, 0x45, 0x06, 0x00, 0x00, 0x23, 0x00, 0x00, 0x00, 
    0x20, 0x93, 0x01, 0x40, 0x00, 0x00, 0x00, 0x00, 0x48, 0x00, 0x00, 0x00, 
    0x00, 0x00, 0x00, 0x00, 0x4c, 0x06, 0x00, 0x00, 0x11, 0x00, 0x00, 0x00, 
    0x20, 0x93, 0x01, 0x40, 0x00, 0x00, 0x00, 0x00, 0x48, 0x00, 0x00, 0x00, 
    0x00, 0x00, 0x00, 0x00, 0x4c, 0x06, 0x00, 0x00, 0x2e, 0x00, 0x00, 0x00, 
    0x20, 0x93, 0x01, 0x40, 0x00, 0x00, 0x00, 0x00, 0x48, 0x00, 0x00, 0x00, 
    0x00, 0x00, 0x00, 0x00, 0x52, 0x06, 0x00, 0x00, 0x0d, 0x00, 0x00, 0x00, 
    0x20, 0x93, 0x01, 0x40, 0x00, 0x00, 0x00, 0x00, 0x48, 0x00, 0x00, 0x00, 
    0x00, 0x00, 0x00, 0x00, 0x52, 0x06, 0x00, 0x00, 0x25, 0x00, 0x00, 0x00, 
    0x20, 0x93, 0x01, 0x40, 0x00, 0x00, 0x00, 0x00, 0x48, 0x00, 0x00, 0x00, 
    0x00, 0x00, 0x00, 0x00, 0x59, 0x06, 0x00, 0x00, 0x11, 0x00, 0x00, 0x00, 
    0x20, 0x93, 0x01, 0x40, 0x00, 0x00, 0x00, 0x00, 0x48, 0x00, 0x00, 0x00, 
    0x00, 0x00, 0x00, 0x00, 0x59, 0x06, 0x00, 0x00, 0x29, 0x00, 0x00, 0x00, 
    0x20, 0x93, 0x01, 0x40, 0x00, 0x00, 0x00, 0x00, 0x48, 0x00, 0x00, 0x00, 
    0x00, 0x00, 0x00, 0x00, 0x61, 0x06, 0x00, 0x00, 0x27, 0x00, 0x00, 0x00, 
    0x20, 0x93, 0x01, 0x40, 0x00, 0x00, 0x00, 0x00, 0x48, 0x00, 0x00, 0x00, 
    0x00, 0x00, 0x00, 0x00, 0x62, 0x06, 0x00, 0x00, 0x2c, 0x00, 0x00, 0x00, 
    0x20, 0x93, 0x01, 0x40, 0x00, 0x00, 0x00, 0x00, 0x48, 0x00, 0x00, 0x00, 
    0x00, 0x00, 0x00, 0x00, 0x7a, 0x06, 0x00, 0x00, 0x15, 0x00, 0x00, 0x00, 
    0x20, 0x93, 0x01, 0x40, 0x00, 0x00, 0x00, 0x00, 0x48, 0x00, 0x00, 0x00, 
    0x00, 0x00, 0x00, 0x00, 0x7a, 0x06, 0x00, 0x00, 0x23, 0x00, 0x00, 0x00, 
    0x20, 0x93, 0x01, 0x40, 0x00, 0x00, 0x00, 0x00, 0x48, 0x00, 0x00, 0x00, 
    0x00, 0x00, 0x00, 0x00, 0x6c, 0x06, 0x00, 0x00, 0x30, 0x00, 0x00, 0x00, 
    0x20, 0x93, 0x01, 0x40, 0x00, 0x00, 0x00, 0x00, 0x48, 0x00, 0x00, 0x00, 
    0x00, 0x00, 0x00, 0x00, 0x91, 0x06, 0x00, 0x00, 0x1d, 0x00, 0x00, 0x00, 
    0x20, 0x93, 0x01, 0x40, 0x00, 0x00, 0x00, 0x00, 0x48, 0x00, 0x00, 0x00, 
    0x00, 0x00, 0x00, 0x00, 0x9c, 0x06, 0x00, 0x00, 0x44, 0x00, 0x00, 0x00, 
    0x20, 0x93, 0x01, 0x40, 0x00, 0x00, 0x00, 0x00, 0x48, 0x00, 0x00, 0x00, 
    0x00, 0x00, 0x00, 0x00, 0x58, 0x05, 0x00, 0x00, 0x34, 0x00, 0x00, 0x00, 
    0x3f, 0x3f, 0x3f, 0x00, 0x00, 0x00, 0x00, 0x00, 0x20, 0x93, 0x01, 0x40, 
    0x00, 0x00, 0x00, 0x00, 0x48, 0x00, 0x00, 0x00, 0x00, 0x00, 0x00, 0x00, 
    0x6c, 0x05, 0x00, 0x00, 0x67, 0x00, 0x00, 0x00, 0x5b, 0x62, 0x75, 0x73, 
    0x5d, 0x20, 0x6e, 0x6f, 0x20, 0x63, 0x68, 0x69, 0x6c, 0x64, 0x20, 0x73, 
    0x6c, 0x6f, 0x74, 0x5b, 0x62, 0x75, 0x73, 0x5d, 0x20, 0x73, 0x70, 0x61, 
    0x77, 0x6e, 0x5f, 0x61, 0x63, 0x6b, 0x20, 0x66, 0x61, 0x69, 0x6c, 0x65, 
    0x64, 0x40, 0x74, 0x6f, 0x70, 0x6f, 0x6c, 0x6f, 0x67, 0x79, 0x00, 0x00, 
    0x00, 0x00, 0x00, 0x00, 0x20, 0x93, 0x01, 0x40, 0x00, 0x00, 0x00, 0x00, 
    0x48, 0x00, 0x00, 0x00, 0x00, 0x00, 0x00, 0x00, 0x29, 0x05, 0x00, 0x00, 
    0x1b, 0x00, 0x00, 0x00, 0x20, 0x93, 0x01, 0x40, 0x00, 0x00, 0x00, 0x00, 
    0x48, 0x00, 0x00, 0x00, 0x00, 0x00, 0x00, 0x00, 0x3d, 0x05, 0x00, 0x00, 
    0x10, 0x00, 0x00, 0x00, 0x20, 0x93, 0x01, 0x40, 0x00, 0x00, 0x00, 0x00, 
    0x48, 0x00, 0x00, 0x00, 0x00, 0x00, 0x00, 0x00, 0x3d, 0x05, 0x00, 0x00, 
    0x26, 0x00, 0x00, 0x00, 0x20, 0x93, 0x01, 0x40, 0x00, 0x00, 0x00, 0x00, 
    0x48, 0x00, 0x00, 0x00, 0x00, 0x00, 0x00, 0x00, 0x41, 0x05, 0x00, 0x00, 
    0x10, 0x00, 0x00, 0x00, 0x20, 0x93, 0x01, 0x40, 0x00, 0x00, 0x00, 0x00, 
    0x48, 0x00, 0x00, 0x00, 0x00, 0x00, 0x00, 0x00, 0x41, 0x05, 0x00, 0x00, 
    0x43, 0x00, 0x00, 0x00, 0x20, 0x93, 0x01, 0x40, 0x00, 0x00, 0x00, 0x00, 
    0x48, 0x00, 0x00, 0x00, 0x00, 0x00, 0x00, 0x00, 0x44, 0x05, 0x00, 0x00, 
    0x10, 0x00, 0x00, 0x00, 0x20, 0x93, 0x01, 0x40, 0x00, 0x00, 0x00, 0x00, 
    0x48, 0x00, 0x00, 0x00, 0x00, 0x00, 0x00, 0x00, 0x44, 0x05, 0x00, 0x00, 
    0x3e, 0x00, 0x00, 0x00, 0x20, 0x93, 0x01, 0x40, 0x00, 0x00, 0x00, 0x00, 
    0x48, 0x00, 0x00, 0x00, 0x00, 0x00, 0x00, 0x00, 0x47, 0x05, 0x00, 0x00, 
    0x30, 0x00, 0x00, 0x00, 0x20, 0x93, 0x01, 0x40, 0x00, 0x00, 0x00, 0x00, 
    0x48, 0x00, 0x00, 0x00, 0x00, 0x00, 0x00, 0x00, 0x2e, 0x05, 0x00, 0x00, 
    0x10, 0x00, 0x00, 0x00, 0x20, 0x93, 0x01, 0x40, 0x00, 0x00, 0x00, 0x00, 
    0x48, 0x00, 0x00, 0x00, 0x00, 0x00, 0x00, 0x00, 0x2e, 0x05, 0x00, 0x00, 
    0x26, 0x00, 0x00, 0x00, 0x20, 0x93, 0x01, 0x40, 0x00, 0x00, 0x00, 0x00, 
    0x48, 0x00, 0x00, 0x00, 0x00, 0x00, 0x00, 0x00, 0x30, 0x05, 0x00, 0x00, 
    0x10, 0x00, 0x00, 0x00, 0x20, 0x93, 0x01, 0x40, 0x00, 0x00, 0x00, 0x00, 
    0x48, 0x00, 0x00, 0x00, 0x00, 0x00, 0x00, 0x00, 0x30, 0x05, 0x00, 0x00, 
    0x17, 0x00, 0x00, 0x00, 0x20, 0x93, 0x01, 0x40, 0x00, 0x00, 0x00, 0x00, 
    0x48, 0x00, 0x00, 0x00, 0x00, 0x00, 0x00, 0x00, 0x32, 0x05, 0x00, 0x00, 
    0x10, 0x00, 0x00, 0x00, 0x20, 0x93, 0x01, 0x40, 0x00, 0x00, 0x00, 0x00, 
    0x48, 0x00, 0x00, 0x00, 0x00, 0x00, 0x00, 0x00, 0x32, 0x05, 0x00, 0x00, 
    0x3e, 0x00, 0x00, 0x00, 0x20, 0x93, 0x01, 0x40, 0x00, 0x00, 0x00, 0x00, 
    0x48, 0x00, 0x00, 0x00, 0x00, 0x00, 0x00, 0x00, 0x35, 0x05, 0x00, 0x00, 
    0x30, 0x00, 0x00, 0x00, 0x20, 0x93, 0x01, 0x40, 0x00, 0x00, 0x00, 0x00, 
    0x48, 0x00, 0x00, 0x00, 0x00, 0x00, 0x00, 0x00, 0xfa, 0x06, 0x00, 0x00, 
    0x22, 0x00, 0x00, 0x00, 0x64, 0x72, 0x69, 0x76, 0x65, 0x72, 0x00, 0x00, 
    0x20, 0x93, 0x01, 0x40, 0x00, 0x00, 0x00, 0x00, 0x48, 0x00, 0x00, 0x00, 
    0x00, 0x00, 0x00, 0x00, 0xff, 0x06, 0x00, 0x00, 0x33, 0x00, 0x00, 0x00, 
    0x20, 0x93, 0x01, 0x40, 0x00, 0x00, 0x00, 0x00, 0x48, 0x00, 0x00, 0x00, 
    0x00, 0x00, 0x00, 0x00, 0xad, 0x06, 0x00, 0x00, 0x34, 0x00, 0x00, 0x00, 
    0x20, 0x93, 0x01, 0x40, 0x00, 0x00, 0x00, 0x00, 0x48, 0x00, 0x00, 0x00, 
    0x00, 0x00, 0x00, 0x00, 0xc2, 0x06, 0x00, 0x00, 0x25, 0x00, 0x00, 0x00, 
    0x20, 0x93, 0x01, 0x40, 0x00, 0x00, 0x00, 0x00, 0x48, 0x00, 0x00, 0x00, 
    0x00, 0x00, 0x00, 0x00, 0xc2, 0x06, 0x00, 0x00, 0x4e, 0x00, 0x00, 0x00, 
    0x20, 0x93, 0x01, 0x40, 0x00, 0x00, 0x00, 0x00, 0x48, 0x00, 0x00, 0x00, 
    0x00, 0x00, 0x00, 0x00, 0xc2, 0x06, 0x00, 0x00, 0x2e, 0x00, 0x00, 0x00, 
    0x20, 0x93, 0x01, 0x40, 0x00, 0x00, 0x00, 0x00, 0x48, 0x00, 0x00, 0x00, 
    0x00, 0x00, 0x00, 0x00, 0xc5, 0x06, 0x00, 0x00, 0x19, 0x00, 0x00, 0x00, 
    0x20, 0x93, 0x01, 0x40, 0x00, 0x00, 0x00, 0x00, 0x48, 0x00, 0x00, 0x00, 
    0x00, 0x00, 0x00, 0x00, 0xc7, 0x06, 0x00, 0x00, 0x29, 0x00, 0x00, 0x00, 
    0x20, 0x93, 0x01, 0x40, 0x00, 0x00, 0x00, 0x00, 0x48, 0x00, 0x00, 0x00, 
    0x00, 0x00, 0x00, 0x00, 0xc7, 0x06, 0x00, 0x00, 0x5b, 0x00, 0x00, 0x00, 
    0x20, 0x93, 0x01, 0x40, 0x00, 0x00, 0x00, 0x00, 0x48, 0x00, 0x00, 0x00, 
    0x00, 0x00, 0x00, 0x00, 0xc7, 0x06, 0x00, 0x00, 0x3d, 0x00, 0x00, 0x00, 
    0x20, 0x93, 0x01, 0x40, 0x00, 0x00, 0x00, 0x00, 0x48, 0x00, 0x00, 0x00, 
    0x00, 0x00, 0x00, 0x00, 0xce, 0x06, 0x00, 0x00, 0x31, 0x00, 0x00, 0x00, 
    0x20, 0x93, 0x01, 0x40, 0x00, 0x00, 0x00, 0x00, 0x48, 0x00, 0x00, 0x00, 
    0x00, 0x00, 0x00, 0x00, 0xd5, 0x06, 0x00, 0x00, 0x43, 0x00, 0x00, 0x00, 
    0x20, 0x93, 0x01, 0x40, 0x00, 0x00, 0x00, 0x00, 0x48, 0x00, 0x00, 0x00, 
    0x00, 0x00, 0x00, 0x00, 0x7e, 0x07, 0x00, 0x00, 0x30, 0x00, 0x00, 0x00, 
    0x20, 0x93, 0x01, 0x40, 0x00, 0x00, 0x00, 0x00, 0x48, 0x00, 0x00, 0x00, 
    0x00, 0x00, 0x00, 0x00, 0xe9, 0x07, 0x00, 0x00, 0x34, 0x00, 0x00, 0x00, 
    0x20, 0x93, 0x01, 0x40, 0x00, 0x00, 0x00, 0x00, 0x48, 0x00, 0x00, 0x00, 
    0x00, 0x00, 0x00, 0x00, 0x97, 0x04, 0x00, 0x00, 0x20, 0x00, 0x00, 0x00, 
    0x20, 0x93, 0x01, 0x40, 0x00, 0x00, 0x00, 0x00, 0x48, 0x00, 0x00, 0x00, 
    0x00, 0x00, 0x00, 0x00, 0xa3, 0x04, 0x00, 0x00, 0x46, 0x00, 0x00, 0x00, 
    0x20, 0x93, 0x01, 0x40, 0x00, 0x00, 0x00, 0x00, 0x48, 0x00, 0x00, 0x00, 
    0x00, 0x00, 0x00, 0x00, 0xb2, 0x04, 0x00, 0x00, 0x3e, 0x00, 0x00, 0x00, 
    0x20, 0x93, 0x01, 0x40, 0x00, 0x00, 0x00, 0x00, 0x48, 0x00, 0x00, 0x00, 
    0x00, 0x00, 0x00, 0x00, 0x89, 0x07, 0x00, 0x00, 0x22, 0x00, 0x00, 0x00, 
    0x2f, 0x00, 0x00, 0x00, 0x00, 0x00, 0x00, 0x00, 0x20, 0x93, 0x01, 0x40, 
    0x00, 0x00, 0x00, 0x00, 0x48, 0x00, 0x00, 0x00, 0x00, 0x00, 0x00, 0x00, 
    0x95, 0x07, 0x00, 0x00, 0x2f, 0x00, 0x00, 0x00, 0x20, 0x93, 0x01, 0x40, 
    0x00, 0x00, 0x00, 0x00, 0x48, 0x00, 0x00, 0x00, 0x00, 0x00, 0x00, 0x00, 
    0xf7, 0x04, 0x00, 0x00, 0x13, 0x00, 0x00, 0x00, 0x20, 0x93, 0x01, 0x40, 
    0x00, 0x00, 0x00, 0x00, 0x48, 0x00, 0x00, 0x00, 0x00, 0x00, 0x00, 0x00, 
    0x02, 0x05, 0x00, 0x00, 0x32, 0x00, 0x00, 0x00, 0x20, 0x93, 0x01, 0x40, 
    0x00, 0x00, 0x00, 0x00, 0x48, 0x00, 0x00, 0x00, 0x00, 0x00, 0x00, 0x00, 
    0xf4, 0x03, 0x00, 0x00, 0x10, 0x00, 0x00, 0x00, 0x5b, 0x62, 0x75, 0x73, 
    0x5d, 0x20, 0x72, 0x65, 0x73, 0x65, 0x74, 0x20, 0x66, 0x61, 0x69, 0x6c, 
    0x65, 0x64, 0x3a, 0x20, 0x00, 0x00, 0x00, 0x00, 0x20, 0x93, 0x01, 0x40, 
    0x00, 0x00, 0x00, 0x00, 0x48, 0x00, 0x00, 0x00, 0x00, 0x00, 0x00, 0x00, 
    0xf4, 0x03, 0x00, 0x00, 0x17, 0x00, 0x00, 0x00, 0x42, 0x75, 0x66, 0x66, 
    0x65, 0x72, 0x46, 0x75, 0x6c, 0x6c, 0x49, 0x6e, 0x76, 0x61, 0x6c, 0x69, 
    0x64, 0x4d, 0x65, 0x73, 0x73, 0x61, 0x67, 0x65, 0x4e, 0x6f, 0x53, 0x70, 
    0x61, 0x63, 0x65, 0x54, 0x69, 0x6d, 0x65, 0x6f, 0x75, 0x74, 0x53, 0x70, 
    0x61, 0x77, 0x6e, 0x46, 0x61, 0x69, 0x6c, 0x65, 0x64, 0x53, 0x68, 0x6d, 
    0x65, 0x6d, 0x45, 0x72, 0x72, 0x6f, 0x72, 0x4e, 0x6f, 0x74, 0x50, 0x72, 
    0x65, 0x73, 0x65, 0x6e, 0x74, 0x00, 0x00, 0x00, 0x20, 0x93, 0x01, 0x40, 
    0x00, 0x00, 0x00, 0x00, 0x48, 0x00, 0x00, 0x00, 0x00, 0x00, 0x00, 0x00, 
    0x02, 0x04, 0x00, 0x00, 0x10, 0x00, 0x00, 0x00, 0x20, 0x93, 0x01, 0x40, 
    0x00, 0x00, 0x00, 0x00, 0x48, 0x00, 0x00, 0x00, 0x00, 0x00, 0x00, 0x00, 
    0x02, 0x04, 0x00, 0x00, 0x20, 0x00, 0x00, 0x00, 0x20, 0x93, 0x01, 0x40, 
    0x00, 0x00, 0x00, 0x00, 0x48, 0x00, 0x00, 0x00, 0x00, 0x00, 0x00, 0x00, 
    0x04, 0x04, 0x00, 0x00, 0x30, 0x00, 0x00, 0x00, 0x20, 0x93, 0x01, 0x40, 
    0x00, 0x00, 0x00, 0x00, 0x48, 0x00, 0x00, 0x00, 0x00, 0x00, 0x00, 0x00, 
    0x44, 0x04, 0x00, 0x00, 0x45, 0x00, 0x00, 0x00, 0x20, 0x93, 0x01, 0x40, 
    0x00, 0x00, 0x00, 0x00, 0x48, 0x00, 0x00, 0x00, 0x00, 0x00, 0x00, 0x00, 
    0x48, 0x04, 0x00, 0x00, 0x47, 0x00, 0x00, 0x00, 0x20, 0x93, 0x01, 0x40, 
    0x00, 0x00, 0x00, 0x00, 0x48, 0x00, 0x00, 0x00, 0x00, 0x00, 0x00, 0x00, 
    0x4d, 0x04, 0x00, 0x00, 0x47, 0x00, 0x00, 0x00, 0x20, 0x93, 0x01, 0x40, 
    0x00, 0x00, 0x00, 0x00, 0x48, 0x00, 0x00, 0x00, 0x00, 0x00, 0x00, 0x00, 
    0x58, 0x04, 0x00, 0x00, 0x2e, 0x00, 0x00, 0x00, 0x20, 0x93, 0x01, 0x40, 
    0x00, 0x00, 0x00, 0x00, 0x48, 0x00, 0x00, 0x00, 0x00, 0x00, 0x00, 0x00, 
    0x58, 0x04, 0x00, 0x00, 0x37, 0x00, 0x00, 0x00, 0x20, 0x93, 0x01, 0x40, 
    0x00, 0x00, 0x00, 0x00, 0x48, 0x00, 0x00, 0x00, 0x00, 0x00, 0x00, 0x00, 
    0x5d, 0x04, 0x00, 0x00, 0x47, 0x00, 0x00, 0x00, 0x20, 0x93, 0x01, 0x40, 
    0x00, 0x00, 0x00, 0x00, 0x48, 0x00, 0x00, 0x00, 0x00, 0x00, 0x00, 0x00, 
    0x62, 0x04, 0x00, 0x00, 0x47, 0x00, 0x00, 0x00, 0x20, 0x93, 0x01, 0x40, 
    0x00, 0x00, 0x00, 0x00, 0x48, 0x00, 0x00, 0x00, 0x00, 0x00, 0x00, 0x00, 
    0x63, 0x04, 0x00, 0x00, 0x4a, 0x00, 0x00, 0x00, 0x5b, 0x62, 0x75, 0x73, 
    0x5d, 0x20, 0x63, 0x6f, 0x6e, 0x66, 0x69, 0x67, 0x20, 0x71, 0x75, 0x65, 
    0x72, 0x79, 0x20, 0x74, 0x69, 0x6d, 0x65, 0x6f, 0x75, 0x74, 0x20, 0x28, 
    0x45, 0x4f, 0x4c, 0x20, 0x6d, 0x69, 0x73, 0x73, 0x69, 0x6e, 0x67, 0x29, 
    0x20, 0x93, 0x01, 0x40, 0x00, 0x00, 0x00, 0x00, 0x48, 0x00, 0x00, 0x00, 
    0x00, 0x00, 0x00, 0x00, 0x17, 0x04, 0x00, 0x00, 0x26, 0x00, 0x00, 0x00, 
    0x1b, 0x5b, 0x73, 0x1b, 0x5b, 0x39, 0x39, 0x39, 0x39, 0x3b, 0x39, 0x39, 
    0x39, 0x39, 0x48, 0x1b, 0x5b, 0x36, 0x6e, 0x1b, 0x5b, 0x75, 0x00, 0x00, 
    0x61, 0x91, 0x01, 0x40, 0x00, 0x00, 0x00, 0x00, 0x0b, 0x00, 0x00, 0x00, 
    0x00, 0x00, 0x00, 0x00, 0x58, 0x00, 0x00, 0x00, 0x24, 0x00, 0x00, 0x00, 
    0x61, 0x91, 0x01, 0x40, 0x00, 0x00, 0x00, 0x00, 0x0b, 0x00, 0x00, 0x00, 
    0x00, 0x00, 0x00, 0x00, 0x58, 0x00, 0x00, 0x00, 0x3a, 0x00, 0x00, 0x00, 
    0x61, 0x91, 0x01, 0x40, 0x00, 0x00, 0x00, 0x00, 0x0b, 0x00, 0x00, 0x00, 
    0x00, 0x00, 0x00, 0x00, 0x62, 0x00, 0x00, 0x00, 0x1a, 0x00, 0x00, 0x00, 
    0x61, 0x91, 0x01, 0x40, 0x00, 0x00, 0x00, 0x00, 0x0b, 0x00, 0x00, 0x00, 
    0x00, 0x00, 0x00, 0x00, 0x6d, 0x00, 0x00, 0x00, 0x1a, 0x00, 0x00, 0x00, 
    0x2f, 0x75, 0x61, 0x72, 0x74, 0x3a, 0x30, 0x75, 0x61, 0x72, 0x74, 0x5f, 
    0x63, 0x6c, 0x61, 0x69, 0x6d, 0x65, 0x64, 0x72, 0x65, 0x61, 0x64, 0x79, 
    0x75, 0x61, 0x72, 0x74, 0x5f, 0x63, 0x6c, 0x61, 0x69, 0x6d, 0x5f, 0x66, 
    0x61, 0x69, 0x6c, 0x65, 0x64, 0x65, 0x72, 0x72, 0x00, 0x00, 0x00, 0x00, 
    0x08, 0x00, 0x00, 0x00, 0x00, 0x00, 0x00, 0x00, 0x0a, 0x00, 0x00, 0x00, 
    0x00, 0x00, 0x00, 0x00, 0x0e, 0x00, 0x00, 0x00, 0x00, 0x00, 0x00, 0x00, 
    0x07, 0x00, 0x00, 0x00, 0x00, 0x00, 0x00, 0x00, 0x08, 0x00, 0x00, 0x00, 
    0x00, 0x00, 0x00, 0x00, 0x07, 0x00, 0x00, 0x00, 0x00, 0x00, 0x00, 0x00, 
    0x0b, 0x00, 0x00, 0x00, 0x00, 0x00, 0x00, 0x00, 0x0a, 0x00, 0x00, 0x00, 
    0x00, 0x00, 0x00, 0x00, 0x08, 0x00, 0x00, 0x00, 0x00, 0x00, 0x00, 0x00, 
    0x0a, 0x00, 0x00, 0x00, 0x00, 0x00, 0x00, 0x00, 0x5b, 0x98, 0x01, 0x40, 
    0x00, 0x00, 0x00, 0x00, 0xd8, 0xaa, 0x01, 0x40, 0x00, 0x00, 0x00, 0x00, 
    0xe2, 0xaa, 0x01, 0x40, 0x00, 0x00, 0x00, 0x00, 0xf0, 0xaa, 0x01, 0x40, 
    0x00, 0x00, 0x00, 0x00, 0x4b, 0x98, 0x01, 0x40, 0x00, 0x00, 0x00, 0x00, 
    0xf7, 0xaa, 0x01, 0x40, 0x00, 0x00, 0x00, 0x00, 0xfe, 0xaa, 0x01, 0x40, 
    0x00, 0x00, 0x00, 0x00, 0x09, 0xab, 0x01, 0x40, 0x00, 0x00, 0x00, 0x00, 
    0x53, 0x98, 0x01, 0x40, 0x00, 0x00, 0x00, 0x00, 0x13, 0xab, 0x01, 0x40, 
    0x00, 0x00, 0x00, 0x00, 0xb4, 0x91, 0x01, 0x40, 0x00, 0x00, 0x00, 0x00, 
    0x70, 0x00, 0x00, 0x00, 0x00, 0x00, 0x00, 0x00, 0x57, 0x02, 0x00, 0x00, 
    0x05, 0x00, 0x00, 0x00, 0x30, 0x30, 0x30, 0x31, 0x30, 0x32, 0x30, 0x33, 
    0x30, 0x34, 0x30, 0x35, 0x30, 0x36, 0x30, 0x37, 0x30, 0x38, 0x30, 0x39, 
    0x31, 0x30, 0x31, 0x31, 0x31, 0x32, 0x31, 0x33, 0x31, 0x34, 0x31, 0x35, 
    0x31, 0x36, 0x31, 0x37, 0x31, 0x38, 0x31, 0x39, 0x32, 0x30, 0x32, 0x31, 
    0x32, 0x32, 0x32, 0x33, 0x32, 0x34, 0x32, 0x35, 0x32, 0x36, 0x32, 0x37, 
    0x32, 0x38, 0x32, 0x39, 0x33, 0x30, 0x33, 0x31, 0x33, 0x32, 0x33, 0x33, 
    0x33, 0x34, 0x33, 0x35, 0x33, 0x36, 0x33, 0x37, 0x33, 0x38, 0x33, 0x39, 
    0x34, 0x30, 0x34, 0x31, 0x34, 0x32, 0x34, 0x33, 0x34, 0x34, 0x34, 0x35, 
    0x34, 0x36, 0x34, 0x37, 0x34, 0x38, 0x34, 0x39, 0x35, 0x30, 0x35, 0x31, 
    0x35, 0x32, 0x35, 0x33, 0x35, 0x34, 0x35, 0x35, 0x35, 0x36, 0x35, 0x37, 
    0x35, 0x38, 0x35, 0x39, 0x36, 0x30, 0x36, 0x31, 0x36, 0x32, 0x36, 0x33, 
    0x36, 0x34, 0x36, 0x35, 0x36, 0x36, 0x36, 0x37, 0x36, 0x38, 0x36, 0x39, 
    0x37, 0x30, 0x37, 0x31, 0x37, 0x32, 0x37, 0x33, 0x37, 0x34, 0x37, 0x35, 
    0x37, 0x36, 0x37, 0x37, 0x37, 0x38, 0x37, 0x39, 0x38, 0x30, 0x38, 0x31, 
    0x38, 0x32, 0x38, 0x33, 0x38, 0x34, 0x38, 0x35, 0x38, 0x36, 0x38, 0x37, 
    0x38, 0x38, 0x38, 0x39, 0x39, 0x30, 0x39, 0x31, 0x39, 0x32, 0x39, 0x33, 
    0x39, 0x34, 0x39, 0x35, 0x39, 0x36, 0x39, 0x37, 0x39, 0x38, 0x39, 0x39, 
    0x01, 0x01, 0x01, 0x01, 0x01, 0x01, 0x01, 0x01, 0x01, 0x01, 0x01, 0x01, 
    0x01, 0x01, 0x01, 0x01, 0x01, 0x01, 0x01, 0x01, 0x01, 0x01, 0x01, 0x01, 
    0x01, 0x01, 0x01, 0x01, 0x01, 0x01, 0x01, 0x01, 0x01, 0x01, 0x01, 0x01, 
    0x01, 0x01, 0x01, 0x01, 0x01, 0x01, 0x01, 0x01, 0x01, 0x01, 0x01, 0x01, 
    0x01, 0x01, 0x01, 0x01, 0x01, 0x01, 0x01, 0x01, 0x01, 0x01, 0x01, 0x01, 
    0x01, 0x01, 0x01, 0x01, 0x01, 0x01, 0x01, 0x01, 0x01, 0x01, 0x01, 0x01, 
    0x01, 0x01, 0x01, 0x01, 0x01, 0x01, 0x01, 0x01, 0x01, 0x01, 0x01, 0x01, 
    0x01, 0x01, 0x01, 0x01, 0x01, 0x01, 0x01, 0x01, 0x01, 0x01, 0x01, 0x01, 
    0x01, 0x01, 0x01, 0x01, 0x01, 0x01, 0x01, 0x01, 0x01, 0x01, 0x01, 0x01, 
    0x01, 0x01, 0x01, 0x01, 0x01, 0x01, 0x01, 0x01, 0x01, 0x01, 0x01, 0x01, 
    0x01, 0x01, 0x01, 0x01, 0x01, 0x01, 0x01, 0x01, 0x00, 0x00, 0x00, 0x00, 
    0x00, 0x00, 0x00, 0x00, 0x00, 0x00, 0x00, 0x00, 0x00, 0x00, 0x00, 0x00, 
    0x00, 0x00, 0x00, 0x00, 0x00, 0x00, 0x00, 0x00, 0x00, 0x00, 0x00, 0x00, 
    0x00, 0x00, 0x00, 0x00, 0x00, 0x00, 0x00, 0x00, 0x00, 0x00, 0x00, 0x00, 
    0x00, 0x00, 0x00, 0x00, 0x00, 0x00, 0x00, 0x00, 0x00, 0x00, 0x00, 0x00, 
    0x00, 0x00, 0x00, 0x00, 0x00, 0x00, 0x00, 0x00, 0x00, 0x00, 0x00, 0x00, 
    0x00, 0x00, 0x02, 0x02, 0x02, 0x02, 0x02, 0x02, 0x02, 0x02, 0x02, 0x02, 
    0x02, 0x02, 0x02, 0x02, 0x02, 0x02, 0x02, 0x02, 0x02, 0x02, 0x02, 0x02, 
    0x02, 0x02, 0x02, 0x02, 0x02, 0x02, 0x02, 0x02, 0x03, 0x03, 0x03, 0x03, 
    0x03, 0x03, 0x03, 0x03, 0x03, 0x03, 0x03, 0x03, 0x03, 0x03, 0x03, 0x03, 
    0x04, 0x04, 0x04, 0x04, 0x04, 0x00, 0x00, 0x00, 0x00, 0x00, 0x00, 0x00, 
    0x00, 0x00, 0x00, 0x00, 0x69, 0x93, 0x01, 0x40, 0x00, 0x00, 0x00, 0x00, 
    0x40, 0x00, 0x00, 0x00, 0x00, 0x00, 0x00, 0x00, 0x5d, 0x00, 0x00, 0x00, 
    0x0c, 0x00, 0x00, 0x00, 0x50, 0x41, 0x4e, 0x49, 0x43, 0x3a, 0x20, 0x00, 
    0x69, 0x93, 0x01, 0x40, 0x00, 0x00, 0x00, 0x00, 0x40, 0x00, 0x00, 0x00, 
    0x00, 0x00, 0x00, 0x00, 0x5d, 0x00, 0x00, 0x00, 0x12, 0x00, 0x00, 0x00, 
    0x69, 0x93, 0x01, 0x40, 0x00, 0x00, 0x00, 0x00, 0x40, 0x00, 0x00, 0x00, 
    0x00, 0x00, 0x00, 0x00, 0x5e, 0x00, 0x00, 0x00, 0x0c, 0x00, 0x00, 0x00, 
    0x69, 0x93, 0x01, 0x40, 0x00, 0x00, 0x00, 0x00, 0x40, 0x00, 0x00, 0x00, 
    0x00, 0x00, 0x00, 0x00, 0x5e, 0x00, 0x00, 0x00, 0x1a, 0x00, 0x00, 0x00, 
    0x69, 0x93, 0x01, 0x40, 0x00, 0x00, 0x00, 0x00, 0x40, 0x00, 0x00, 0x00, 
    0x00, 0x00, 0x00, 0x00, 0x69, 0x00, 0x00, 0x00, 0x31, 0x00, 0x00, 0x00, 
    0x69, 0x93, 0x01, 0x40, 0x00, 0x00, 0x00, 0x00, 0x40, 0x00, 0x00, 0x00, 
    0x00, 0x00, 0x00, 0x00, 0x7e, 0x00, 0x00, 0x00, 0x39, 0x00, 0x00, 0x00, 
    0x69, 0x93, 0x01, 0x40, 0x00, 0x00, 0x00, 0x00, 0x40, 0x00, 0x00, 0x00, 
    0x00, 0x00, 0x00, 0x00, 0x93, 0x00, 0x00, 0x00, 0x12, 0x00, 0x00, 0x00, 
    0x20, 0x93, 0x01, 0x40, 0x00, 0x00, 0x00, 0x00, 0x48, 0x00, 0x00, 0x00, 
    0x00, 0x00, 0x00, 0x00, 0x55, 0x00, 0x00, 0x00, 0x10, 0x00, 0x00, 0x00, 
    0x20, 0x93, 0x01, 0x40, 0x00, 0x00, 0x00, 0x00, 0x48, 0x00, 0x00, 0x00, 
    0x00, 0x00, 0x00, 0x00, 0x59, 0x00, 0x00, 0x00, 0x27, 0x00, 0x00, 0x00, 
    0x20, 0x93, 0x01, 0x40, 0x00, 0x00, 0x00, 0x00, 0x48, 0x00, 0x00, 0x00, 
    0x00, 0x00, 0x00, 0x00, 0x63, 0x00, 0x00, 0x00, 0x10, 0x00, 0x00, 0x00, 
    0x9f, 0x94, 0x01, 0x40, 0x00, 0x00, 0x00, 0x00, 0x40, 0x00, 0x00, 0x00, 
    0x00, 0x00, 0x00, 0x00, 0x95, 0x00, 0x00, 0x00, 0x13, 0x00, 0x00, 0x00, 
    0xde, 0x92, 0x01, 0x40, 0x00, 0x00, 0x00, 0x00, 0x41, 0x00, 0x00, 0x00, 
    0x00, 0x00, 0x00, 0x00, 0x8a, 0x00, 0x00, 0x00, 0x16, 0x00, 0x00, 0x00, 
    0xaa, 0x93, 0x01, 0x40, 0x00, 0x00, 0x00, 0x00, 0x42, 0x00, 0x00, 0x00, 
    0x00, 0x00, 0x00, 0x00, 0x37, 0x00, 0x00, 0x00, 0x0c, 0x00, 0x00, 0x00, 
    0xaa, 0x93, 0x01, 0x40, 0x00, 0x00, 0x00, 0x00, 0x42, 0x00, 0x00, 0x00, 
    0x00, 0x00, 0x00, 0x00, 0x37, 0x00, 0x00, 0x00, 0x13, 0x00, 0x00, 0x00, 
    0xaa, 0x93, 0x01, 0x40, 0x00, 0x00, 0x00, 0x00, 0x42, 0x00, 0x00, 0x00, 
    0x00, 0x00, 0x00, 0x00, 0x38, 0x00, 0x00, 0x00, 0x0c, 0x00, 0x00, 0x00, 
    0xaa, 0x93, 0x01, 0x40, 0x00, 0x00, 0x00, 0x00, 0x42, 0x00, 0x00, 0x00, 
    0x00, 0x00, 0x00, 0x00, 0x38, 0x00, 0x00, 0x00, 0x13, 0x00, 0x00, 0x00, 
    0xaa, 0x93, 0x01, 0x40, 0x00, 0x00, 0x00, 0x00, 0x42, 0x00, 0x00, 0x00, 
    0x00, 0x00, 0x00, 0x00, 0x39, 0x00, 0x00, 0x00, 0x0c, 0x00, 0x00, 0x00, 
    0xaa, 0x93, 0x01, 0x40, 0x00, 0x00, 0x00, 0x00, 0x42, 0x00, 0x00, 0x00, 
    0x00, 0x00, 0x00, 0x00, 0x39, 0x00, 0x00, 0x00, 0x13, 0x00, 0x00, 0x00, 
    0x5b, 0x62, 0x75, 0x73, 0x5d, 0x20, 0x64, 0x65, 0x76, 0x64, 0x20, 0x63, 
    0x68, 0x61, 0x6e, 0x6e, 0x65, 0x6c, 0x20, 0x62, 0x72, 0x6f, 0x6b, 0x65, 
    0x6e, 0x20, 0x28, 0x64, 0x72, 0x69, 0x76, 0x65, 0x72, 0x3d, 0x00, 0x00, 
    0x00, 0x00, 0x00, 0x00, 0x20, 0x93, 0x01, 0x40, 0x00, 0x00, 0x00, 0x00, 
    0x48, 0x00, 0x00, 0x00, 0x00, 0x00, 0x00, 0x00, 0x8a, 0x01, 0x00, 0x00, 
    0x10, 0x00, 0x00, 0x00, 0x20, 0x93, 0x01, 0x40, 0x00, 0x00, 0x00, 0x00, 
    0x48, 0x00, 0x00, 0x00, 0x00, 0x00, 0x00, 0x00, 0x8a, 0x01, 0x00, 0x00, 
    0x21, 0x00, 0x00, 0x00, 0x20, 0x93, 0x01, 0x40, 0x00, 0x00, 0x00, 0x00, 
    0x48, 0x00, 0x00, 0x00, 0x00, 0x00, 0x00, 0x00, 0x8c, 0x01, 0x00, 0x00, 
    0x10, 0x00, 0x00, 0x00, 0x20, 0x93, 0x01, 0x40, 0x00, 0x00, 0x00, 0x00, 
    0x48, 0x00, 0x00, 0x00, 0x00, 0x00, 0x00, 0x00, 0x8c, 0x01, 0x00, 0x00, 
    0x34, 0x00, 0x00, 0x00, 0x20, 0x93, 0x01, 0x40, 0x00, 0x00, 0x00, 0x00, 
    0x48, 0x00, 0x00, 0x00, 0x00, 0x00, 0x00, 0x00, 0x8e, 0x01, 0x00, 0x00, 
    0x30, 0x00, 0x00, 0x00, 0x5b, 0x62, 0x75, 0x73, 0x5d, 0x20, 0x64, 0x65, 
    0x76, 0x64, 0x20, 0x6d, 0x75, 0x78, 0x5f, 0x61, 0x64, 0x64, 0x20, 0x66, 
    0x61, 0x69, 0x6c, 0x65, 0x64, 0x00, 0x00, 0x00, 0x00, 0x00, 0x00, 0x00, 
    0x20, 0x93, 0x01, 0x40, 0x00, 0x00, 0x00, 0x00, 0x48, 0x00, 0x00, 0x00, 
    0x00, 0x00, 0x00, 0x00, 0x5c, 0x01, 0x00, 0x00, 0x11, 0x00, 0x00, 0x00, 
    0x20, 0x93, 0x01, 0x40, 0x00, 0x00, 0x00, 0x00, 0x48, 0x00, 0x00, 0x00, 
    0x00, 0x00, 0x00, 0x00, 0x5c, 0x01, 0x00, 0x00, 0x19, 0x00, 0x00, 0x00, 
    0x02, 0x00, 0x00, 0x00, 0x00, 0x00, 0x00, 0x00, 0x00, 0x00, 0x00, 0x00, 
    0x00, 0x00, 0x00, 0x00, 0x00, 0x00, 0x00, 0x00, 0x00, 0x00, 0x00, 0x00, 
    0x00, 0x00, 0x00, 0x00, 0x00, 0x00, 0x00, 0x00, 0x00, 0x00, 0x00, 0x00, 
    0x00, 0x00, 0x00, 0x00, 0x00, 0x00, 0x00, 0x00, 0x00, 0x00, 0x00, 0x00, 
    0x00, 0x00, 0x00, 0x00, 0x00, 0x00, 0x00, 0x00, 0x00, 0x00, 0x00, 0x00, 
    0x00, 0x00, 0x00, 0x00, 0x02, 0x00, 0x00, 0x00, 0x00, 0x00, 0x00, 0x00, 
    0x00, 0x00, 0x00, 0x00, 0x00, 0x00, 0x00, 0x00, 0x00, 0x00, 0x00, 0x00, 
    0x00, 0x00, 0x00, 0x00, 0x00, 0x00, 0x00, 0x00, 0x00, 0x00, 0x00, 0x00, 
    0x00, 0x00, 0x00, 0x00, 0x00, 0x00, 0x00, 0x00, 0x00, 0x00, 0x00, 0x00, 
    0x00, 0x00, 0x00, 0x00, 0x00, 0x00, 0x00, 0x00, 0x00, 0x00, 0x00, 0x00, 
    0x00, 0x00, 0x00, 0x00, 0x00, 0x00, 0x00, 0x00, 0x00, 0x00, 0x00, 0x00, 
    0x00, 0x00, 0x00, 0x00, 0x00, 0x00, 0x00, 0x00, 0x00, 0x00, 0x00, 0x00, 
    0x00, 0x00, 0x00, 0x00, 0x00, 0x00, 0x00, 0x00, 0x00, 0x00, 0x00, 0x00, 
    0x00, 0x00, 0x00, 0x00, 0x00, 0x00, 0x00, 0x00, 0x00, 0x00, 0x00, 0x00, 
    0x00, 0x00, 0x00, 0x00, 0x00, 0x00, 0x00, 0x00, 0x00, 0x00, 0x00, 0x00, 
    0x00, 0x00, 0x00, 0x00, 0x00, 0x00, 0x00, 0x00, 0x00, 0x00, 0x00, 0x00, 
    0x00, 0x00, 0x00, 0x00, 0x00, 0x00, 0x00, 0x00, 0x00, 0x00, 0x00, 0x00, 
    0x00, 0x00, 0x00, 0x00, 0x00, 0x00, 0x00, 0x00, 0x00, 0x00, 0x00, 0x00, 
    0x00, 0x00, 0x00, 0x00, 0x00, 0x00, 0x00, 0x00, 0x00, 0x00, 0x00, 0x00, 
    0x00, 0x00, 0x00, 0x00, 0x00, 0x00, 0x00, 0x00, 0x00, 0x00, 0x00, 0x00, 
    0x00, 0x00, 0x00, 0x00, 0x00, 0x00, 0x00, 0x00, 0x00, 0x00, 0x00, 0x00, 
    0x00, 0x00, 0x00, 0x00, 0x00, 0x00, 0x00, 0x00, 0x00, 0x00, 0x00, 0x00, 
    0x00, 0x00, 0x00, 0x00, 0x00, 0x00, 0x00, 0x00, 0x00, 0x00, 0x00, 0x00, 
    0x00, 0x00, 0x00, 0x00, 0x00, 0x00, 0x00, 0x00, 0x00, 0x00, 0x00, 0x00, 
    0x00, 0x00, 0x00, 0x00, 0x00, 0x00, 0x00, 0x00, 0x00, 0x00, 0x00, 0x00, 
    0x00, 0x00, 0x00, 0x00, 0x00, 0x00, 0x00, 0x00, 0x00, 0x00, 0x00, 0x00, 
    0x00, 0x00, 0x00, 0x00, 0x00, 0x00, 0x00, 0x00, 0x00, 0x00, 0x00, 0x00, 
    0x00, 0x00, 0x00, 0x00, 0x00, 0x00, 0x00, 0x00, 0x00, 0x00, 0x00, 0x00, 
    0x00, 0x00, 0x00, 0x00, 0x00, 0x00, 0x00, 0x00, 0x00, 0x00, 0x00, 0x00, 
    0x00, 0x00, 0x00, 0x00, 0x00, 0x00, 0x00, 0x00, 0x00, 0x00, 0x00, 0x00, 
    0x00, 0x00, 0x00, 0x00, 0x00, 0x00, 0x00, 0x00, 0x00, 0x00, 0x00, 0x00, 
    0x00, 0x00, 0x00, 0x00, 0x00, 0x00, 0x00, 0x00, 0x00, 0x00, 0x00, 0x00, 
    0x00, 0x00, 0x00, 0x00, 0x00, 0x00, 0x00, 0x00, 0x00, 0x00, 0x00, 0x00, 
    0x00, 0x00, 0x00, 0x00, 0x00, 0x00, 0x00, 0x00, 0x00, 0x00, 0x00, 0x00, 
    0x00, 0x00, 0x00, 0x00, 0x00, 0x00, 0x00, 0x00, 0x00, 0x00, 0x00, 0x00, 
    0x00, 0x00, 0x00, 0x00, 0x00, 0x00, 0x00, 0x00, 0x00, 0x00, 0x00, 0x00, 
    0x00, 0x00, 0x00, 0x00, 0x00, 0x00, 0x00, 0x00, 0x00, 0x00, 0x00, 0x00, 
    0x00, 0x00, 0x00, 0x00, 0x00, 0x00, 0x00, 0x00, 0x00, 0x00, 0x00, 0x00, 
    0x00, 0x00, 0x00, 0x00, 0x00, 0x00, 0x00, 0x00, 0x00, 0x00, 0x00, 0x00, 
    0x00, 0x00, 0x00, 0x00, 0x00, 0x00, 0x00, 0x00, 0x00, 0x00, 0x00, 0x00, 
    0x00, 0x00, 0x00, 0x00, 0x00, 0x00, 0x00, 0x00, 0x00, 0x00, 0x00, 0x00, 
    0x00, 0x00, 0x00, 0x00, 0x00, 0x00, 0x00, 0x00, 0x00, 0x00, 0x00, 0x00, 
    0x00, 0x00, 0x00, 0x00, 0x00, 0x00, 0x00, 0x00, 0x00, 0x00, 0x00, 0x00, 
    0x00, 0x00, 0x00, 0x00, 0x00, 0x00, 0x00, 0x00, 0x00, 0x00, 0x00, 0x00, 
    0x00, 0x00, 0x00, 0x00, 0x00, 0x00, 0x00, 0x00, 0x00, 0x00, 0x00, 0x00, 
    0x00, 0x00, 0x00, 0x00, 0x00, 0x00, 0x00, 0x00, 0x00, 0x00, 0x00, 0x00, 
    0x00, 0x00, 0x00, 0x00, 0x00, 0x00, 0x00, 0x00, 0x00, 0x00, 0x00, 0x00, 
    0x00, 0x00, 0x00, 0x00, 0x00, 0x00, 0x00, 0x00, 0x00, 0x00, 0x00, 0x00, 
    0x00, 0x00, 0x00, 0x00, 0x00, 0x00, 0x00, 0x00, 0x00, 0x00, 0x00, 0x00, 
    0x00, 0x00, 0x00, 0x00, 0x00, 0x00, 0x00, 0x00, 0x00, 0x00, 0x00, 0x00, 
    0x00, 0x00, 0x00, 0x00, 0x00, 0x00, 0x00, 0x00, 0x00, 0x00, 0x00, 0x00, 
    0x00, 0x00, 0x00, 0x00, 0x00, 0x00, 0x00, 0x00, 0x00, 0x00, 0x00, 0x00, 
    0x00, 0x00, 0x00, 0x00, 0x00, 0x00, 0x00, 0x00, 0x00, 0x00, 0x00, 0x00, 
    0x00, 0x00, 0x00, 0x00, 0x00, 0x00, 0x00, 0x00, 0x00, 0x00, 0x00, 0x00, 
    0x00, 0x00, 0x00, 0x00, 0x00, 0x00, 0x00, 0x00, 0x00, 0x00, 0x00, 0x00, 
    0x00, 0x00, 0x00, 0x00, 0x00, 0x00, 0x00, 0x00, 0x00, 0x00, 0x00, 0x00, 
    0x00, 0x00, 0x00, 0x00, 0x00, 0x00, 0x00, 0x00, 0x00, 0x00, 0x00, 0x00, 
    0x00, 0x00, 0x00, 0x00, 0x00, 0x00, 0x00, 0x00, 0x00, 0x00, 0x00, 0x00, 
    0x00, 0x00, 0x00, 0x00, 0x00, 0x00, 0x00, 0x00, 0x00, 0x00, 0x00, 0x00, 
    0x00, 0x00, 0x00, 0x00, 0x00, 0x00, 0x00, 0x00, 0x00, 0x00, 0x00, 0x00, 
    0x00, 0x00, 0x00, 0x00, 0x00, 0x00, 0x00, 0x00, 0x00, 0x00, 0x00, 0x00, 
    0x00, 0x00, 0x00, 0x00, 0x00, 0x00, 0x00, 0x00, 0x00, 0x00, 0x00, 0x00, 
    0x00, 0x00, 0x00, 0x00, 0x00, 0x00, 0x00, 0x00, 0x00, 0x00, 0x00, 0x00, 
    0x00, 0x00, 0x00, 0x00, 0x00, 0x00, 0x00, 0x00, 0x00, 0x00, 0x00, 0x00, 
    0x00, 0x00, 0x00, 0x00, 0x00, 0x00, 0x00, 0x00, 0x00, 0x00, 0x00, 0x00, 
    0x00, 0x00, 0x00, 0x00, 0x00, 0x00, 0x00, 0x00, 0x00, 0x00, 0x00, 0x00, 
    0x00, 0x00, 0x00, 0x00, 0x00, 0x00, 0x00, 0x00, 0x00, 0x00, 0x00, 0x00, 
    0x00, 0x00, 0x00, 0x00, 0x00, 0x00, 0x00, 0x00, 0x00, 0x00, 0x00, 0x00, 
    0x00, 0x00, 0x00, 0x00, 0x00, 0x00, 0x00, 0x00, 0x00, 0x00, 0x00, 0x00, 
    0x00, 0x00, 0x00, 0x00, 0x00, 0x00, 0x00, 0x00, 0x00, 0x00, 0x00, 0x00, 
    0x00, 0x00, 0x00, 0x00, 0x00, 0x00, 0x00, 0x00, 0x00, 0x00, 0x00, 0x00, 
    0x00, 0x00, 0x00, 0x00, 0x00, 0x00, 0x00, 0x00, 0x00, 0x00, 0x00, 0x00, 
    0x00, 0x00, 0x00, 0x00, 0x00, 0x00, 0x00, 0x00, 0x00, 0x00, 0x00, 0x00, 
    0x00, 0x00, 0x00, 0x00, 0x00, 0x00, 0x00, 0x00, 0x00, 0x00, 0x00, 0x00, 
    0x00, 0x00, 0x00, 0x00, 0x00, 0x00, 0x00, 0x00, 0x00, 0x00, 0x00, 0x00, 
    0x00, 0x00, 0x00, 0x00, 0x00, 0x00, 0x00, 0x00, 0x00, 0x00, 0x00, 0x00, 
    0x00, 0x00, 0x00, 0x00, 0x00, 0x00, 0x00, 0x00, 0x00, 0x00, 0x00, 0x00, 
    0x00, 0x00, 0x00, 0x00, 0x00, 0x00, 0x00, 0x00, 0x00, 0x00, 0x00, 0x00, 
    0x00, 0x00, 0x00, 0x00, 0x00, 0x00, 0x00, 0x00, 0x00, 0x00, 0x00, 0x00, 
    0x00, 0x00, 0x00, 0x00, 0x00, 0x00, 0x00, 0x00, 0x00, 0x00, 0x00, 0x00, 
    0x00, 0x00, 0x00, 0x00, 0x00, 0x00, 0x00, 0x00, 0x00, 0x00, 0x00, 0x00, 
    0x00, 0x00, 0x00, 0x00, 0x00, 0x00, 0x00, 0x00, 0x00, 0x00, 0x00, 0x00, 
    0x00, 0x00, 0x00, 0x00, 0x00, 0x00, 0x00, 0x00, 0x00, 0x00, 0x00, 0x00, 
    0x00, 0x00, 0x00, 0x00, 0x00, 0x00, 0x00, 0x00, 0x00, 0x00, 0x00, 0x00, 
    0x00, 0x00, 0x00, 0x00, 0x00, 0x00, 0x00, 0x00, 0x00, 0x00, 0x00, 0x00, 
    0x00, 0x00, 0x00, 0x00, 0x00, 0x00, 0x00, 0x00, 0x00, 0x00, 0x00, 0x00, 
    0x00, 0x00, 0x00, 0x00, 0x00, 0x00, 0x00, 0x00, 0x00, 0x00, 0x00, 0x00, 
    0x00, 0x00, 0x00, 0x00, 0x00, 0x00, 0x00, 0x00, 0x00, 0x00, 0x00, 0x00, 
    0x00, 0x00, 0x00, 0x00, 0x00, 0x00, 0x00, 0x00, 0x00, 0x00, 0x00, 0x00, 
    0x00, 0x00, 0x00, 0x00, 0x00, 0x00, 0x00, 0x00, 0x00, 0x00, 0x00, 0x00, 
    0x00, 0x00, 0x00, 0x00, 0x00, 0x00, 0x00, 0x00, 0x00, 0x00, 0x00, 0x00, 
    0x00, 0x00, 0x00, 0x00, 0x00, 0x00, 0x00, 0x00, 0x00, 0x00, 0x00, 0x00, 
    0x00, 0x00, 0x00, 0x00, 0x00, 0x00, 0x00, 0x00, 0x00, 0x00, 0x00, 0x00, 
    0x00, 0x00, 0x00, 0x00, 0xde, 0x92, 0x01, 0x40, 0x00, 0x00, 0x00, 0x00, 
    0x41, 0x00, 0x00, 0x00, 0x00, 0x00, 0x00, 0x00, 0x0f, 0x04, 0x00, 0x00, 
    0x1e, 0x00, 0x00, 0x00, 0xde, 0x92, 0x01, 0x40, 0x00, 0x00, 0x00, 0x00, 
    0x41, 0x00, 0x00, 0x00, 0x00, 0x00, 0x00, 0x00, 0x14, 0x04, 0x00, 0x00, 
    0x1e, 0x00, 0x00, 0x00, 0xde, 0x92, 0x01, 0x40, 0x00, 0x00, 0x00, 0x00, 
    0x41, 0x00, 0x00, 0x00, 0x00, 0x00, 0x00, 0x00, 0xff, 0x03, 0x00, 0x00, 
    0x1e, 0x00, 0x00, 0x00, 0xde, 0x92, 0x01, 0x40, 0x00, 0x00, 0x00, 0x00, 
    0x41, 0x00, 0x00, 0x00, 0x00, 0x00, 0x00, 0x00, 0x1c, 0x02, 0x00, 0x00, 
    0x41, 0x00, 0x00, 0x00, 0xde, 0x92, 0x01, 0x40, 0x00, 0x00, 0x00, 0x00, 
    0x41, 0x00, 0x00, 0x00, 0x00, 0x00, 0x00, 0x00, 0x23, 0x04, 0x00, 0x00, 
    0x1a, 0x00, 0x00, 0x00, 0xde, 0x92, 0x01, 0x40, 0x00, 0x00, 0x00, 0x00, 
    0x41, 0x00, 0x00, 0x00, 0x00, 0x00, 0x00, 0x00, 0x62, 0x02, 0x00, 0x00, 
    0x1b, 0x00, 0x00, 0x00, 0xde, 0x92, 0x01, 0x40, 0x00, 0x00, 0x00, 0x00, 
    0x41, 0x00, 0x00, 0x00, 0x00, 0x00, 0x00, 0x00, 0x62, 0x02, 0x00, 0x00, 
    0x2a, 0x00, 0x00, 0x00, 0xde, 0x92, 0x01, 0x40, 0x00, 0x00, 0x00, 0x00, 
    0x41, 0x00, 0x00, 0x00, 0x00, 0x00, 0x00, 0x00, 0x6a, 0x02, 0x00, 0x00, 
    0x20, 0x00, 0x00, 0x00, 0xde, 0x92, 0x01, 0x40, 0x00, 0x00, 0x00, 0x00, 
    0x41, 0x00, 0x00, 0x00, 0x00, 0x00, 0x00, 0x00, 0x6a, 0x02, 0x00, 0x00, 
    0x30, 0x00, 0x00, 0x00, 0xde, 0x92, 0x01, 0x40, 0x00, 0x00, 0x00, 0x00, 
    0x41, 0x00, 0x00, 0x00, 0x00, 0x00, 0x00, 0x00, 0x8b, 0x02, 0x00, 0x00, 
    0x35, 0x00, 0x00, 0x00, 0xde, 0x92, 0x01, 0x40, 0x00, 0x00, 0x00, 0x00, 
    0x41, 0x00, 0x00, 0x00, 0x00, 0x00, 0x00, 0x00, 0x8b, 0x02, 0x00, 0x00, 
    0x3d, 0x00, 0x00, 0x00, 0xde, 0x92, 0x01, 0x40, 0x00, 0x00, 0x00, 0x00, 
    0x41, 0x00, 0x00, 0x00, 0x00, 0x00, 0x00, 0x00, 0x8b, 0x02, 0x00, 0x00, 
    0x45, 0x00, 0x00, 0x00, 0xde, 0x92, 0x01, 0x40, 0x00, 0x00, 0x00, 0x00, 
    0x41, 0x00, 0x00, 0x00, 0x00, 0x00, 0x00, 0x00, 0x8b, 0x02, 0x00, 0x00, 
    0x4e, 0x00, 0x00, 0x00, 0xde, 0x92, 0x01, 0x40, 0x00, 0x00, 0x00, 0x00, 
    0x41, 0x00, 0x00, 0x00, 0x00, 0x00, 0x00, 0x00, 0x9d, 0x02, 0x00, 0x00, 
    0x14, 0x00, 0x00, 0x00, 0xde, 0x92, 0x01, 0x40, 0x00, 0x00, 0x00, 0x00, 
    0x41, 0x00, 0x00, 0x00, 0x00, 0x00, 0x00, 0x00, 0x9d, 0x02, 0x00, 0x00, 
    0x20, 0x00, 0x00, 0x00, 0xde, 0x92, 0x01, 0x40, 0x00, 0x00, 0x00, 0x00, 
    0x41, 0x00, 0x00, 0x00, 0x00, 0x00, 0x00, 0x00, 0xad, 0x02, 0x00, 0x00, 
    0x14, 0x00, 0x00, 0x00, 0xde, 0x92, 0x01, 0x40, 0x00, 0x00, 0x00, 0x00, 
    0x41, 0x00, 0x00, 0x00, 0x00, 0x00, 0x00, 0x00, 0xad, 0x02, 0x00, 0x00, 
    0x20, 0x00, 0x00, 0x00, 0xde, 0x92, 0x01, 0x40, 0x00, 0x00, 0x00, 0x00, 
    0x41, 0x00, 0x00, 0x00, 0x00, 0x00, 0x00, 0x00, 0xb2, 0x02, 0x00, 0x00, 
    0x1a, 0x00, 0x00, 0x00, 0xde, 0x92, 0x01, 0x40, 0x00, 0x00, 0x00, 0x00, 
    0x41, 0x00, 0x00, 0x00, 0x00, 0x00, 0x00, 0x00, 0xb2, 0x02, 0x00, 0x00, 
    0x3b, 0x00, 0x00, 0x00, 0xde, 0x92, 0x01, 0x40, 0x00, 0x00, 0x00, 0x00, 
    0x41, 0x00, 0x00, 0x00, 0x00, 0x00, 0x00, 0x00, 0xb2, 0x02, 0x00, 0x00, 
    0x23, 0x00, 0x00, 0x00, 0x64, 0x65, 0x76, 0x64, 0x2d, 0x71, 0x75, 0x65, 
    0x72, 0x79, 0x3a, 0x00, 0x00, 0x00, 0x00, 0x00, 0xde, 0x92, 0x01, 0x40, 
    0x00, 0x00, 0x00, 0x00, 0x41, 0x00, 0x00, 0x00, 0x00, 0x00, 0x00, 0x00, 
    0xcf, 0x02, 0x00, 0x00, 0x1a, 0x00, 0x00, 0x00, 0xed, 0x93, 0x01, 0x40, 
    0x00, 0x00, 0x00, 0x00, 0x41, 0x00, 0x00, 0x00, 0x00, 0x00, 0x00, 0x00, 
    0xaa, 0x00, 0x00, 0x00, 0x1a, 0x00, 0x00, 0x00, 0xed, 0x93, 0x01, 0x40, 
    0x00, 0x00, 0x00, 0x00, 0x41, 0x00, 0x00, 0x00, 0x00, 0x00, 0x00, 0x00, 
    0xc3, 0x00, 0x00, 0x00, 0x16, 0x00, 0x00, 0x00, 0xed, 0x93, 0x01, 0x40, 
    0x00, 0x00, 0x00, 0x00, 0x41, 0x00, 0x00, 0x00, 0x00, 0x00, 0x00, 0x00, 
    0x97, 0x00, 0x00, 0x00, 0x0d, 0x00, 0x00, 0x00, 0xed, 0x93, 0x01, 0x40, 
    0x00, 0x00, 0x00, 0x00, 0x41, 0x00, 0x00, 0x00, 0x00, 0x00, 0x00, 0x00, 
    0x93, 0x00, 0x00, 0x00, 0x0d, 0x00, 0x00, 0x00, 0x9f, 0x94, 0x01, 0x40, 
    0x00, 0x00, 0x00, 0x00, 0x40, 0x00, 0x00, 0x00, 0x00, 0x00, 0x00, 0x00, 
    0xa0, 0x01, 0x00, 0x00, 0x19, 0x00, 0x00, 0x00, 0x9f, 0x94, 0x01, 0x40, 
    0x00, 0x00, 0x00, 0x00, 0x40, 0x00, 0x00, 0x00, 0x00, 0x00, 0x00, 0x00, 
    0xa0, 0x01, 0x00, 0x00, 0x3c, 0x00, 0x00, 0x00, 0x9f, 0x94, 0x01, 0x40, 
    0x00, 0x00, 0x00, 0x00, 0x40, 0x00, 0x00, 0x00, 0x00, 0x00, 0x00, 0x00, 
    0xa0, 0x01, 0x00, 0x00, 0x27, 0x00, 0x00, 0x00, 0x9f, 0x94, 0x01, 0x40, 
    0x00, 0x00, 0x00, 0x00, 0x40, 0x00, 0x00, 0x00, 0x00, 0x00, 0x00, 0x00, 
    0xb1, 0x01, 0x00, 0x00, 0x16, 0x00, 0x00, 0x00, 0x9f, 0x94, 0x01, 0x40, 
    0x00, 0x00, 0x00, 0x00, 0x40, 0x00, 0x00, 0x00, 0x00, 0x00, 0x00, 0x00, 
    0xad, 0x01, 0x00, 0x00, 0x10, 0x00, 0x00, 0x00, 0x9f, 0x94, 0x01, 0x40, 
    0x00, 0x00, 0x00, 0x00, 0x40, 0x00, 0x00, 0x00, 0x00, 0x00, 0x00, 0x00, 
    0xae, 0x01, 0x00, 0x00, 0x25, 0x00, 0x00, 0x00, 0xed, 0x93, 0x01, 0x40, 
    0x00, 0x00, 0x00, 0x00, 0x41, 0x00, 0x00, 0x00, 0x00, 0x00, 0x00, 0x00, 
    0x54, 0x01, 0x00, 0x00, 0x09, 0x00, 0x00, 0x00, 0xed, 0x93, 0x01, 0x40, 
    0x00, 0x00, 0x00, 0x00, 0x41, 0x00, 0x00, 0x00, 0x00, 0x00, 0x00, 0x00, 
    0x56, 0x01, 0x00, 0x00, 0x14, 0x00, 0x00, 0x00, 0xed, 0x93, 0x01, 0x40, 
    0x00, 0x00, 0x00, 0x00, 0x41, 0x00, 0x00, 0x00, 0x00, 0x00, 0x00, 0x00, 
    0x56, 0x01, 0x00, 0x00, 0x2f, 0x00, 0x00, 0x00, 0xed, 0x93, 0x01, 0x40, 
    0x00, 0x00, 0x00, 0x00, 0x41, 0x00, 0x00, 0x00, 0x00, 0x00, 0x00, 0x00, 
    0x84, 0x01, 0x00, 0x00, 0x24, 0x00, 0x00, 0x00, 0xed, 0x93, 0x01, 0x40, 
    0x00, 0x00, 0x00, 0x00, 0x41, 0x00, 0x00, 0x00, 0x00, 0x00, 0x00, 0x00, 
    0x4c, 0x01, 0x00, 0x00, 0x09, 0x00, 0x00, 0x00, 0xed, 0x93, 0x01, 0x40, 
    0x00, 0x00, 0x00, 0x00, 0x41, 0x00, 0x00, 0x00, 0x00, 0x00, 0x00, 0x00, 
    0x4e, 0x01, 0x00, 0x00, 0x14, 0x00, 0x00, 0x00, 0xed, 0x93, 0x01, 0x40, 
    0x00, 0x00, 0x00, 0x00, 0x41, 0x00, 0x00, 0x00, 0x00, 0x00, 0x00, 0x00, 
    0x4e, 0x01, 0x00, 0x00, 0x2f, 0x00, 0x00, 0x00, 0xed, 0x93, 0x01, 0x40, 
    0x00, 0x00, 0x00, 0x00, 0x41, 0x00, 0x00, 0x00, 0x00, 0x00, 0x00, 0x00, 
    0x60, 0x01, 0x00, 0x00, 0x09, 0x00, 0x00, 0x00, 0xed, 0x93, 0x01, 0x40, 
    0x00, 0x00, 0x00, 0x00, 0x41, 0x00, 0x00, 0x00, 0x00, 0x00, 0x00, 0x00, 
    0x5b, 0x01, 0x00, 0x00, 0x09, 0x00, 0x00, 0x00, 0xaa, 0x93, 0x01, 0x40, 
    0x00, 0x00, 0x00, 0x00, 0x42, 0x00, 0x00, 0x00, 0x00, 0x00, 0x00, 0x00, 
    0xc0, 0x01, 0x00, 0x00, 0x0c, 0x00, 0x00, 0x00, 0xaa, 0x93, 0x01, 0x40, 
    0x00, 0x00, 0x00, 0x00, 0x42, 0x00, 0x00, 0x00, 0x00, 0x00, 0x00, 0x00, 
    0xc0, 0x01, 0x00, 0x00, 0x27, 0x00, 0x00, 0x00, 0xaa, 0x93, 0x01, 0x40, 
    0x00, 0x00, 0x00, 0x00, 0x42, 0x00, 0x00, 0x00, 0x00, 0x00, 0x00, 0x00, 
    0xc2, 0x01, 0x00, 0x00, 0x0c, 0x00, 0x00, 0x00, 0xaa, 0x93, 0x01, 0x40, 
    0x00, 0x00, 0x00, 0x00, 0x42, 0x00, 0x00, 0x00, 0x00, 0x00, 0x00, 0x00, 
    0xc2, 0x01, 0x00, 0x00, 0x36, 0x00, 0x00, 0x00, 0xaa, 0x93, 0x01, 0x40, 
    0x00, 0x00, 0x00, 0x00, 0x42, 0x00, 0x00, 0x00, 0x00, 0x00, 0x00, 0x00, 
    0xc9, 0x01, 0x00, 0x00, 0x0d, 0x00, 0x00, 0x00, 0xaa, 0x93, 0x01, 0x40, 
    0x00, 0x00, 0x00, 0x00, 0x42, 0x00, 0x00, 0x00, 0x00, 0x00, 0x00, 0x00, 
    0xcb, 0x01, 0x00, 0x00, 0x10, 0x00, 0x00, 0x00, 0xaa, 0x93, 0x01, 0x40, 
    0x00, 0x00, 0x00, 0x00, 0x42, 0x00, 0x00, 0x00, 0x00, 0x00, 0x00, 0x00, 
    0xcb, 0x01, 0x00, 0x00, 0x25, 0x00, 0x00, 0x00, 0xaa, 0x93, 0x01, 0x40, 
    0x00, 0x00, 0x00, 0x00, 0x42, 0x00, 0x00, 0x00, 0x00, 0x00, 0x00, 0x00, 
    0xcd, 0x01, 0x00, 0x00, 0x0d, 0x00, 0x00, 0x00, 0xaa, 0x93, 0x01, 0x40, 
    0x00, 0x00, 0x00, 0x00, 0x42, 0x00, 0x00, 0x00, 0x00, 0x00, 0x00, 0x00, 
    0xcf, 0x01, 0x00, 0x00, 0x10, 0x00, 0x00, 0x00, 0xaa, 0x93, 0x01, 0x40, 
    0x00, 0x00, 0x00, 0x00, 0x42, 0x00, 0x00, 0x00, 0x00, 0x00, 0x00, 0x00, 
    0xcf, 0x01, 0x00, 0x00, 0x25, 0x00, 0x00, 0x00, 0x20, 0x91, 0x01, 0x40, 
    0x00, 0x00, 0x00, 0x00, 0x40, 0x00, 0x00, 0x00, 0x00, 0x00, 0x00, 0x00, 
    0xa6, 0x01, 0x00, 0x00, 0x0c, 0x00, 0x00, 0x00, 0x20, 0x91, 0x01, 0x40, 
    0x00, 0x00, 0x00, 0x00, 0x40, 0x00, 0x00, 0x00, 0x00, 0x00, 0x00, 0x00, 
    0xa6, 0x01, 0x00, 0x00, 0x13, 0x00, 0x00, 0x00, 0x20, 0x91, 0x01, 0x40, 
    0x00, 0x00, 0x00, 0x00, 0x40, 0x00, 0x00, 0x00, 0x00, 0x00, 0x00, 0x00, 
    0x77, 0x01, 0x00, 0x00, 0x0c, 0x00, 0x00, 0x00, 0x20, 0x91, 0x01, 0x40, 
    0x00, 0x00, 0x00, 0x00, 0x40, 0x00, 0x00, 0x00, 0x00, 0x00, 0x00, 0x00, 
    0x77, 0x01, 0x00, 0x00, 0x13, 0x00, 0x00, 0x00, 0x20, 0x91, 0x01, 0x40, 
    0x00, 0x00, 0x00, 0x00, 0x40, 0x00, 0x00, 0x00, 0x00, 0x00, 0x00, 0x00, 
    0x7f, 0x01, 0x00, 0x00, 0x0c, 0x00, 0x00, 0x00, 0x20, 0x91, 0x01, 0x40, 
    0x00, 0x00, 0x00, 0x00, 0x40, 0x00, 0x00, 0x00, 0x00, 0x00, 0x00, 0x00, 
    0x7f, 0x01, 0x00, 0x00, 0x13, 0x00, 0x00, 0x00, 0x00, 0x00, 0x00, 0x00, 
    0x00, 0x00, 0x00, 0x00, 0xaa, 0x93, 0x01, 0x40, 0x00, 0x00, 0x00, 0x00, 
    0x42, 0x00, 0x00, 0x00, 0x00, 0x00, 0x00, 0x00, 0x51, 0x05, 0x00, 0x00, 
    0x18, 0x00, 0x00, 0x00, 0xaa, 0x93, 0x01, 0x40, 0x00, 0x00, 0x00, 0x00, 
    0x42, 0x00, 0x00, 0x00, 0x00, 0x00, 0x00, 0x00, 0x51, 0x05, 0x00, 0x00, 
    0x21, 0x00, 0x00, 0x00, 0xaa, 0x93, 0x01, 0x40, 0x00, 0x00, 0x00, 0x00, 
    0x42, 0x00, 0x00, 0x00, 0x00, 0x00, 0x00, 0x00, 0x5a, 0x05, 0x00, 0x00, 
    0x1e, 0x00, 0x00, 0x00, 0xaa, 0x93, 0x01, 0x40, 0x00, 0x00, 0x00, 0x00, 
    0x42, 0x00, 0x00, 0x00, 0x00, 0x00, 0x00, 0x00, 0x5a, 0x05, 0x00, 0x00, 
    0x27, 0x00, 0x00, 0x00, 0xaa, 0x93, 0x01, 0x40, 0x00, 0x00, 0x00, 0x00, 
    0x42, 0x00, 0x00, 0x00, 0x00, 0x00, 0x00, 0x00, 0x61, 0x05, 0x00, 0x00, 
    0x20, 0x00, 0x00, 0x00, 0xaa, 0x93, 0x01, 0x40, 0x00, 0x00, 0x00, 0x00, 
    0x42, 0x00, 0x00, 0x00, 0x00, 0x00, 0x00, 0x00, 0x61, 0x05, 0x00, 0x00, 
    0x29, 0x00, 0x00, 0x00, 0xaa, 0x93, 0x01, 0x40, 0x00, 0x00, 0x00, 0x00, 
    0x42, 0x00, 0x00, 0x00, 0x00, 0x00, 0x00, 0x00, 0xac, 0x05, 0x00, 0x00, 
    0x10, 0x00, 0x00, 0x00, 0xaa, 0x93, 0x01, 0x40, 0x00, 0x00, 0x00, 0x00, 
    0x42, 0x00, 0x00, 0x00, 0x00, 0x00, 0x00, 0x00, 0xac, 0x05, 0x00, 0x00, 
    0x25, 0x00, 0x00, 0x00, 0xaa, 0x93, 0x01, 0x40, 0x00, 0x00, 0x00, 0x00, 
    0x42, 0x00, 0x00, 0x00, 0x00, 0x00, 0x00, 0x00, 0xe7, 0x07, 0x00, 0x00, 
    0x0c, 0x00, 0x00, 0x00, 0xaa, 0x93, 0x01, 0x40, 0x00, 0x00, 0x00, 0x00, 
    0x42, 0x00, 0x00, 0x00, 0x00, 0x00, 0x00, 0x00, 0xe7, 0x07, 0x00, 0x00, 
    0x13, 0x00, 0x00, 0x00, 0xaa, 0x93, 0x01, 0x40, 0x00, 0x00, 0x00, 0x00, 
    0x42, 0x00, 0x00, 0x00, 0x00, 0x00, 0x00, 0x00, 0xe8, 0x07, 0x00, 0x00, 
    0x0c, 0x00, 0x00, 0x00, 0xaa, 0x93, 0x01, 0x40, 0x00, 0x00, 0x00, 0x00, 
    0x42, 0x00, 0x00, 0x00, 0x00, 0x00, 0x00, 0x00, 0xe8, 0x07, 0x00, 0x00, 
    0x14, 0x00, 0x00, 0x00, 0xaa, 0x93, 0x01, 0x40, 0x00, 0x00, 0x00, 0x00, 
    0x42, 0x00, 0x00, 0x00, 0x00, 0x00, 0x00, 0x00, 0xe9, 0x07, 0x00, 0x00, 
    0x0c, 0x00, 0x00, 0x00, 0xaa, 0x93, 0x01, 0x40, 0x00, 0x00, 0x00, 0x00, 
    0x42, 0x00, 0x00, 0x00, 0x00, 0x00, 0x00, 0x00, 0xe9, 0x07, 0x00, 0x00, 
    0x15, 0x00, 0x00, 0x00, 0xaa, 0x93, 0x01, 0x40, 0x00, 0x00, 0x00, 0x00, 
    0x42, 0x00, 0x00, 0x00, 0x00, 0x00, 0x00, 0x00, 0xea, 0x07, 0x00, 0x00, 
    0x0c, 0x00, 0x00, 0x00, 0xaa, 0x93, 0x01, 0x40, 0x00, 0x00, 0x00, 0x00, 
    0x42, 0x00, 0x00, 0x00, 0x00, 0x00, 0x00, 0x00, 0xea, 0x07, 0x00, 0x00, 
    0x15, 0x00, 0x00, 0x00, 0xaa, 0x93, 0x01, 0x40, 0x00, 0x00, 0x00, 0x00, 
    0x42, 0x00, 0x00, 0x00, 0x00, 0x00, 0x00, 0x00, 0xeb, 0x07, 0x00, 0x00, 
    0x0c, 0x00, 0x00, 0x00, 0xaa, 0x93, 0x01, 0x40, 0x00, 0x00, 0x00, 0x00, 
    0x42, 0x00, 0x00, 0x00, 0x00, 0x00, 0x00, 0x00, 0xeb, 0x07, 0x00, 0x00, 
    0x2a, 0x00, 0x00, 0x00, 0x20, 0x93, 0x01, 0x40, 0x00, 0x00, 0x00, 0x00, 
    0x48, 0x00, 0x00, 0x00, 0x00, 0x00, 0x00, 0x00, 0x23, 0x0a, 0x00, 0x00, 
    0x19, 0x00, 0x00, 0x00, 0x0a, 0x00, 0x00, 0x00, 0x00, 0x00, 0x00, 0x00, 
    0x20, 0x93, 0x01, 0x40, 0x00, 0x00, 0x00, 0x00, 0x48, 0x00, 0x00, 0x00, 
    0x00, 0x00, 0x00, 0x00, 0x25, 0x0a, 0x00, 0x00, 0x1c, 0x00, 0x00, 0x00, 
    0x5b, 0x5d, 0x00, 0x00, 0x00, 0x00, 0x00, 0x00, 0x20, 0x93, 0x01, 0x40, 
    0x00, 0x00, 0x00, 0x00, 0x48, 0x00, 0x00, 0x00, 0x00, 0x00, 0x00, 0x00, 
    0x3c, 0x0a, 0x00, 0x00, 0x18, 0x00, 0x00, 0x00, 0x20, 0x93, 0x01, 0x40, 
    0x00, 0x00, 0x00, 0x00, 0x48, 0x00, 0x00, 0x00, 0x00, 0x00, 0x00, 0x00, 
    0x3c, 0x0a, 0x00, 0x00, 0x32, 0x00, 0x00, 0x00, 0x20, 0x93, 0x01, 0x40, 
    0x00, 0x00, 0x00, 0x00, 0x48, 0x00, 0x00, 0x00, 0x00, 0x00, 0x00, 0x00, 
    0x44, 0x0a, 0x00, 0x00, 0x14, 0x00, 0x00, 0x00, 0x20, 0x93, 0x01, 0x40, 
    0x00, 0x00, 0x00, 0x00, 0x48, 0x00, 0x00, 0x00, 0x00, 0x00, 0x00, 0x00, 
    0x44, 0x0a, 0x00, 0x00, 0x23, 0x00, 0x00, 0x00, 0x20, 0x93, 0x01, 0x40, 
    0x00, 0x00, 0x00, 0x00, 0x48, 0x00, 0x00, 0x00, 0x00, 0x00, 0x00, 0x00, 
    0x2e, 0x0a, 0x00, 0x00, 0x14, 0x00, 0x00, 0x00, 0x20, 0x93, 0x01, 0x40, 
    0x00, 0x00, 0x00, 0x00, 0x48, 0x00, 0x00, 0x00, 0x00, 0x00, 0x00, 0x00, 
    0x2e, 0x0a, 0x00, 0x00, 0x2e, 0x00, 0x00, 0x00, 0x20, 0x93, 0x01, 0x40, 
    0x00, 0x00, 0x00, 0x00, 0x48, 0x00, 0x00, 0x00, 0x00, 0x00, 0x00, 0x00, 
    0x2f, 0x0a, 0x00, 0x00, 0x11, 0x00, 0x00, 0x00, 0x20, 0x93, 0x01, 0x40, 
    0x00, 0x00, 0x00, 0x00, 0x48, 0x00, 0x00, 0x00, 0x00, 0x00, 0x00, 0x00, 
    0x30, 0x0a, 0x00, 0x00, 0x14, 0x00, 0x00, 0x00, 0x20, 0x93, 0x01, 0x40, 
    0x00, 0x00, 0x00, 0x00, 0x48, 0x00, 0x00, 0x00, 0x00, 0x00, 0x00, 0x00, 
    0x30, 0x0a, 0x00, 0x00, 0x30, 0x00, 0x00, 0x00, 0x20, 0x93, 0x01, 0x40, 
    0x00, 0x00, 0x00, 0x00, 0x48, 0x00, 0x00, 0x00, 0x00, 0x00, 0x00, 0x00, 
    0x31, 0x0a, 0x00, 0x00, 0x11, 0x00, 0x00, 0x00, 0x20, 0x93, 0x01, 0x40, 
    0x00, 0x00, 0x00, 0x00, 0x48, 0x00, 0x00, 0x00, 0x00, 0x00, 0x00, 0x00, 
    0x32, 0x0a, 0x00, 0x00, 0x11, 0x00, 0x00, 0x00, 0x20, 0x93, 0x01, 0x40, 
    0x00, 0x00, 0x00, 0x00, 0x48, 0x00, 0x00, 0x00, 0x00, 0x00, 0x00, 0x00, 
    0x16, 0x0a, 0x00, 0x00, 0x0c, 0x00, 0x00, 0x00, 0x20, 0x93, 0x01, 0x40, 
    0x00, 0x00, 0x00, 0x00, 0x48, 0x00, 0x00, 0x00, 0x00, 0x00, 0x00, 0x00, 
    0x16, 0x0a, 0x00, 0x00, 0x1b, 0x00, 0x00, 0x00, 0x20, 0x93, 0x01, 0x40, 
    0x00, 0x00, 0x00, 0x00, 0x48, 0x00, 0x00, 0x00, 0x00, 0x00, 0x00, 0x00, 
    0x95, 0x03, 0x00, 0x00, 0x24, 0x00, 0x00, 0x00, 0x20, 0x93, 0x01, 0x40, 
    0x00, 0x00, 0x00, 0x00, 0x48, 0x00, 0x00, 0x00, 0x00, 0x00, 0x00, 0x00, 
    0x9d, 0x03, 0x00, 0x00, 0x24, 0x00, 0x00, 0x00, 0x20, 0x93, 0x01, 0x40, 
    0x00, 0x00, 0x00, 0x00, 0x48, 0x00, 0x00, 0x00, 0x00, 0x00, 0x00, 0x00, 
    0x9f, 0x03, 0x00, 0x00, 0x31, 0x00, 0x00, 0x00, 0x20, 0x93, 0x01, 0x40, 
    0x00, 0x00, 0x00, 0x00, 0x48, 0x00, 0x00, 0x00, 0x00, 0x00, 0x00, 0x00, 
    0x98, 0x0a, 0x00, 0x00, 0x08, 0x00, 0x00, 0x00, 0x20, 0x93, 0x01, 0x40, 
    0x00, 0x00, 0x00, 0x00, 0x48, 0x00, 0x00, 0x00, 0x00, 0x00, 0x00, 0x00, 
    0x98, 0x0a, 0x00, 0x00, 0x11, 0x00, 0x00, 0x00, 0x20, 0x93, 0x01, 0x40, 
    0x00, 0x00, 0x00, 0x00, 0x48, 0x00, 0x00, 0x00, 0x00, 0x00, 0x00, 0x00, 
    0x9c, 0x0a, 0x00, 0x00, 0x08, 0x00, 0x00, 0x00, 0x20, 0x93, 0x01, 0x40, 
    0x00, 0x00, 0x00, 0x00, 0x48, 0x00, 0x00, 0x00, 0x00, 0x00, 0x00, 0x00, 
    0x9c, 0x0a, 0x00, 0x00, 0x1a, 0x00, 0x00, 0x00, 0x20, 0x93, 0x01, 0x40, 
    0x00, 0x00, 0x00, 0x00, 0x48, 0x00, 0x00, 0x00, 0x00, 0x00, 0x00, 0x00, 
    0xa0, 0x0a, 0x00, 0x00, 0x08, 0x00, 0x00, 0x00, 0x20, 0x93, 0x01, 0x40, 
    0x00, 0x00, 0x00, 0x00, 0x48, 0x00, 0x00, 0x00, 0x00, 0x00, 0x00, 0x00, 
    0xa0, 0x0a, 0x00, 0x00, 0x28, 0x00, 0x00, 0x00, 0x20, 0x93, 0x01, 0x40, 
    0x00, 0x00, 0x00, 0x00, 0x48, 0x00, 0x00, 0x00, 0x00, 0x00, 0x00, 0x00, 
    0xa0, 0x0a, 0x00, 0x00, 0x14, 0x00, 0x00, 0x00, 0xed, 0x93, 0x01, 0x40, 
    0x00, 0x00, 0x00, 0x00, 0x41, 0x00, 0x00, 0x00, 0x00, 0x00, 0x00, 0x00, 
    0xce, 0x02, 0x00, 0x00, 0x2b, 0x00, 0x00, 0x00, 0x69, 0x93, 0x01, 0x40, 
    0x00, 0x00, 0x00, 0x00, 0x40, 0x00, 0x00, 0x00, 0x00, 0x00, 0x00, 0x00, 
    0x72, 0x00, 0x00, 0x00, 0x15, 0x00, 0x00, 0x00, 0x69, 0x93, 0x01, 0x40, 
    0x00, 0x00, 0x00, 0x00, 0x40, 0x00, 0x00, 0x00, 0x00, 0x00, 0x00, 0x00, 
    0x72, 0x00, 0x00, 0x00, 0x2e, 0x00, 0x00, 0x00, 0x20, 0x93, 0x01, 0x40, 
    0x00, 0x00, 0x00, 0x00, 0x48, 0x00, 0x00, 0x00, 0x00, 0x00, 0x00, 0x00, 
    0x03, 0x03, 0x00, 0x00, 0x10, 0x00, 0x00, 0x00, 0x20, 0x93, 0x01, 0x40, 
    0x00, 0x00, 0x00, 0x00, 0x48, 0x00, 0x00, 0x00, 0x00, 0x00, 0x00, 0x00, 
    0x03, 0x03, 0x00, 0x00, 0x21, 0x00, 0x00, 0x00, 0x20, 0x93, 0x01, 0x40, 
    0x00, 0x00, 0x00, 0x00, 0x48, 0x00, 0x00, 0x00, 0x00, 0x00, 0x00, 0x00, 
    0x05, 0x03, 0x00, 0x00, 0x10, 0x00, 0x00, 0x00, 0x20, 0x93, 0x01, 0x40, 
    0x00, 0x00, 0x00, 0x00, 0x48, 0x00, 0x00, 0x00, 0x00, 0x00, 0x00, 0x00, 
    0x05, 0x03, 0x00, 0x00, 0x34, 0x00, 0x00, 0x00, 0x20, 0x93, 0x01, 0x40, 
    0x00, 0x00, 0x00, 0x00, 0x48, 0x00, 0x00, 0x00, 0x00, 0x00, 0x00, 0x00, 
    0x07, 0x03, 0x00, 0x00, 0x30, 0x00, 0x00, 0x00, 0x20, 0x93, 0x01, 0x40, 
    0x00, 0x00, 0x00, 0x00, 0x48, 0x00, 0x00, 0x00, 0x00, 0x00, 0x00, 0x00, 
    0x8f, 0x02, 0x00, 0x00, 0x2d, 0x00, 0x00, 0x00, 0x20, 0x93, 0x01, 0x40, 
    0x00, 0x00, 0x00, 0x00, 0x48, 0x00, 0x00, 0x00, 0x00, 0x00, 0x00, 0x00, 
    0xa9, 0x02, 0x00, 0x00, 0x25, 0x00, 0x00, 0x00, 0x6d, 0x91, 0x01, 0x40, 
    0x00, 0x00, 0x00, 0x00, 0x46, 0x00, 0x00, 0x00, 0x00, 0x00, 0x00, 0x00, 
    0x4e, 0x00, 0x00, 0x00, 0x0c, 0x00, 0x00, 0x00, 0x6d, 0x91, 0x01, 0x40, 
    0x00, 0x00, 0x00, 0x00, 0x46, 0x00, 0x00, 0x00, 0x00, 0x00, 0x00, 0x00, 
    0x4e, 0x00, 0x00, 0x00, 0x12, 0x00, 0x00, 0x00, 0x6d, 0x91, 0x01, 0x40, 
    0x00, 0x00, 0x00, 0x00, 0x46, 0x00, 0x00, 0x00, 0x00, 0x00, 0x00, 0x00, 
    0x3c, 0x00, 0x00, 0x00, 0x0c, 0x00, 0x00, 0x00, 0x6d, 0x91, 0x01, 0x40, 
    0x00, 0x00, 0x00, 0x00, 0x46, 0x00, 0x00, 0x00, 0x00, 0x00, 0x00, 0x00, 
    0x3c, 0x00, 0x00, 0x00, 0x12, 0x00, 0x00, 0x00, 0x00, 0x00, 0x00, 0x00, 
    0x00, 0x00, 0x00, 0x00, 0x18, 0x00, 0x00, 0x00, 0x00, 0x00, 0x00, 0x00, 
    0x08, 0x00, 0x00, 0x00, 0x00, 0x00, 0x00, 0x00, 0x6c, 0x68, 0x01, 0x40, 
    0x00, 0x00, 0x00, 0x00, 0xd0, 0x68, 0x01, 0x40, 0x00, 0x00, 0x00, 0x00, 
    0x28, 0x68, 0x01, 0x40, 0x00, 0x00, 0x00, 0x00, 0x00, 0x00, 0x00, 0x00, 
    0x00, 0x00, 0x00, 0x00, 0x00, 0x00, 0x00, 0x00, 0x00, 0x00, 0x00, 0x00, 
    0x00, 0x00, 0x00, 0x00, 0x00, 0x00, 0x00, 0x00, 0x00, 0x00, 0x00, 0x00, 
    0x00, 0x00, 0x00, 0x00, 0x00, 0x00, 0x00, 0x00, 0x00, 0x00, 0x00, 0x00, 
    0x00, 0x00, 0x00, 0x00, 0x00, 0x00, 0x00, 0x00, 0x00, 0x00, 0x00, 0x00, 
    0x00, 0x00, 0x00, 0x00, 0x00, 0x00, 0x00, 0x00, 0x00, 0x00, 0x00, 0x00, 
    0x00, 0x00, 0x00, 0x00, 0x00, 0x00, 0x00, 0x00, 0x00, 0x00, 0x00, 0x00, 
    0x00, 0x00, 0x00, 0x00, 0x00, 0x00, 0x00, 0x00, 0x00, 0x00, 0x00, 0x00, 
    0x00, 0x00, 0x00, 0x00, 0x00, 0x00, 0x00, 0x00, 0x00, 0x00, 0x00, 0x00, 
    0x00, 0x00, 0x00, 0x00, 0x00, 0x00, 0x00, 0x00, 0x00, 0x00, 0x00, 0x00, 
    0x00, 0x00, 0x00, 0x00, 0x00, 0x00, 0x00, 0x00, 0x00, 0x00, 0x00, 0x00, 
    0x00, 0x00, 0x00, 0x00, 0x00, 0x00, 0x00, 0x00, 0x00, 0x00, 0x00, 0x00, 
    0x00, 0x00, 0x00, 0x00, 0x00, 0x00, 0x00, 0x00, 0x00, 0x00, 0x00, 0x00, 
    0x00, 0x00, 0x00, 0x00, 0x00, 0x00, 0x00, 0x00, 0x00, 0x00, 0x00, 0x00, 
    0x00, 0x00, 0x00, 0x00, 0x00, 0x00, 0x00, 0x00, 0x00, 0x00, 0x00, 0x00, 
    0x00, 0x00, 0x00, 0x00, 0x00, 0x00, 0x00, 0x00, 0x00, 0x00, 0x00, 0x00, 
    0x00, 0x00, 0x00, 0x00, 0x00, 0x00, 0x00, 0x00, 0x00, 0x00, 0x00, 0x00, 
    0x00, 0x00, 0x00, 0x00, 0x00, 0x00, 0x00, 0x00, 0x00, 0x00, 0x00, 0x00, 
    0x00, 0x00, 0x00, 0x00, 0x00, 0x00, 0x00, 0x00, 0x00, 0x00, 0x00, 0x00, 
    0x00, 0x00, 0x00, 0x00, 0x00, 0x00, 0x00, 0x00, 0x00, 0x00, 0x00, 0x00, 
    0x00, 0x00, 0x00, 0x00, 0x00, 0x00, 0x00, 0x00, 0x00, 0x00, 0x00, 0x00, 
    0x00, 0x00, 0x00, 0x00, 0x00, 0x00, 0x00, 0x00, 0x00, 0x00, 0x00, 0x00, 
    0x00, 0x00, 0x00, 0x00, 0x00, 0x00, 0x00, 0x00, 0x00, 0x00, 0x00, 0x00, 
    0x00, 0x00, 0x00, 0x00, 0x00, 0x00, 0x00, 0x00, 0x00, 0x00, 0x00, 0x00, 
    0x00, 0x00, 0x00, 0x00, 0x00, 0x00, 0x00, 0x00, 0x00, 0x00, 0x00, 0x00, 
    0x00, 0x00, 0x00, 0x00, 0x00, 0x00, 0x00, 0x00, 0x00, 0x00, 0x00, 0x00, 
    0x00, 0x00, 0x00, 0x00, 0x00, 0x00, 0x00, 0x00, 0x00, 0x00, 0x00, 0x00, 
    0x00, 0x00, 0x00, 0x00, 0x00, 0x00, 0x00, 0x00, 0x00, 0x00, 0x00, 0x00, 
    0x00, 0x00, 0x00, 0x00, 0x00, 0x00, 0x00, 0x00, 0x00, 0x00, 0x00, 0x00, 
    0x00, 0x00, 0x00, 0x00, 0x00, 0x00, 0x00, 0x00, 0x00, 0x00, 0x00, 0x00, 
    0x00, 0x00, 0x00, 0x00, 0x00, 0x00, 0x00, 0x00, 0x00, 0x00, 0x00, 0x00, 
    0x00, 0x00, 0x00, 0x00, 0x00, 0x00, 0x00, 0x00, 0x00, 0x00, 0x00, 0x00, 
    0x00, 0x00, 0x00, 0x00, 0x00, 0x00, 0x00, 0x00, 0x00, 0x00, 0x00, 0x00, 
    0x00, 0x00, 0x00, 0x00, 0x00, 0x00, 0x00, 0x00, 0x00, 0x00, 0x00, 0x00, 
    0x00, 0x00, 0x00, 0x00, 0x00, 0x00, 0x00, 0x00, 0x00, 0x00, 0x00, 0x00, 
    0x00, 0x00, 0x00, 0x00, 0x00, 0x00, 0x00, 0x00, 0x00, 0x00, 0x00, 0x00, 
    0x00, 0x00, 0x00, 0x00, 0x00, 0x00, 0x00, 0x00, 0x00, 0x00, 0x00, 0x00, 
    0x00, 0x00, 0x00, 0x00, 0x00, 0x00, 0x00, 0x00, 0x00, 0x00, 0x00, 0x00, 
    0x00, 0x00, 0x00, 0x00, 0x00, 0x00, 0x00, 0x00, 0x00, 0x00, 0x00, 0x00, 
    0x00, 0x00, 0x00, 0x00, 0x00, 0x00, 0x00, 0x00, 0x00, 0x00, 0x00, 0x00, 
    0x00, 0x00, 0x00, 0x00, 0x00, 0x00, 0x00, 0x00, 0x00, 0x00, 0x00, 0x00, 
    0x00, 0x00, 0x00, 0x00, 0x00, 0x00, 0x00, 0x00, 0x00, 0x00, 0x00, 0x00, 
    0x00, 0x00, 0x00, 0x00, 0x00, 0x00, 0x00, 0x00, 0x00, 0x00, 0x00, 0x00, 
    0x00, 0x00, 0x00, 0x00, 0x00, 0x00, 0x00, 0x00, 0x00, 0x00, 0x00, 0x00, 
    0x00, 0x00, 0x00, 0x00, 0x00, 0x00, 0x00, 0x00, 0x00, 0x00, 0x00, 0x00, 
    0x00, 0x00, 0x00, 0x00, 0x00, 0x00, 0x00, 0x00, 0x00, 0x00, 0x00, 0x00, 
    0x00, 0x00, 0x00, 0x00, 0x00, 0x00, 0x00, 0x00, 0x00, 0x00, 0x00, 0x00, 
    0x00, 0x00, 0x00, 0x00, 0x00, 0x00, 0x00, 0x00, 0x00, 0x00, 0x00, 0x00, 
    0x00, 0x00, 0x00, 0x00, 0x00, 0x00, 0x00, 0x00, 0x00, 0x00, 0x00, 0x00, 
    0x00, 0x00, 0x00, 0x00, 0x00, 0x00, 0x00, 0x00, 0x00, 0x00, 0x00, 0x00, 
    0x00, 0x00, 0x00, 0x00, 0x00, 0x00, 0x00, 0x00, 0x00, 0x00, 0x00, 0x00, 
    0x00, 0x00, 0x00, 0x00, 0x00, 0x00, 0x00, 0x00, 0x00, 0x00, 0x00, 0x00, 
    0x00, 0x00, 0x00, 0x00, 0x00, 0x00, 0x00, 0x00, 0x00, 0x00, 0x00, 0x00, 
    0x00, 0x00, 0x00, 0x00, 0x00, 0x00, 0x00, 0x00, 0x00, 0x00, 0x00, 0x00, 
    0x00, 0x00, 0x00, 0x00, 0x00, 0x00, 0x00, 0x00, 0x00, 0x00, 0x00, 0x00, 
    0x00, 0x00, 0x00, 0x00, 0x00, 0x00, 0x00, 0x00, 0x00, 0x00, 0x00, 0x00, 
    0x00, 0x00, 0x00, 0x00, 0x00, 0x00, 0x00, 0x00, 0x00, 0x00, 0x00, 0x00, 
    0x00, 0x00, 0x00, 0x00, 0x00, 0x00, 0x00, 0x00, 0x00, 0x00, 0x00, 0x00, 
    0x00, 0x00, 0x00, 0x00, 0x00, 0x00, 0x00, 0x00, 0x00, 0x00, 0x00, 0x00, 
    0x00, 0x00, 0x00, 0x00, 0x00, 0x00, 0x00, 0x00, 0x00, 0x00, 0x00, 0x00, 
    0x00, 0x00, 0x00, 0x00, 0x00, 0x00, 0x00, 0x00, 0x00, 0x00, 0x00, 0x00, 
    0x00, 0x00, 0x00, 0x00, 0x00, 0x00, 0x00, 0x00, 0x00, 0x00, 0x00, 0x00, 
    0x00, 0x00, 0x00, 0x00, 0x00, 0x00, 0x00, 0x00, 0x00, 0x00, 0x00, 0x00, 
    0x00, 0x00, 0x00, 0x00, 0x00, 0x00, 0x00, 0x00, 0x00, 0x00, 0x00, 0x00, 
    0x00, 0x00, 0x00, 0x00, 0x00, 0x00, 0x00, 0x00, 0x00, 0x00, 0x00, 0x00, 
    0x00, 0x00, 0x00, 0x00, 0x00, 0x00, 0x00, 0x00, 0x00, 0x00, 0x00, 0x00, 
    0x00, 0x00, 0x00, 0x00, 0x00, 0x00, 0x00, 0x00, 0x00, 0x00, 0x00, 0x00, 
    0x00, 0x00, 0x00, 0x00, 0x00, 0x00, 0x00, 0x00, 0x00, 0x00, 0x00, 0x00, 
    0x00, 0x00, 0x00, 0x00, 0x00, 0x00, 0x00, 0x00, 0x00, 0x00, 0x00, 0x00, 
    0x00, 0x00, 0x00, 0x00, 0x00, 0x00, 0x00, 0x00, 0x00, 0x00, 0x00, 0x00, 
    0x00, 0x00, 0x00, 0x00, 0x00, 0x00, 0x00, 0x00, 0x00, 0x00, 0x00, 0x00, 
    0x00, 0x00, 0x00, 0x00, 0x00, 0x00, 0x00, 0x00, 0x00, 0x00, 0x00, 0x00, 
    0x00, 0x00, 0x00, 0x00, 0x00, 0x00, 0x00, 0x00, 0x00, 0x00, 0x00, 0x00, 
    0x00, 0x00, 0x00, 0x00, 0x00, 0x00, 0x00, 0x00, 0x00, 0x00, 0x00, 0x00, 
    0x00, 0x00, 0x00, 0x00, 0x00, 0x00, 0x00, 0x00, 0x00, 0x00, 0x00, 0x00, 
    0x00, 0x00, 0x00, 0x00, 0x00, 0x00, 0x00, 0x00, 0x00, 0x00, 0x00, 0x00, 
    0x00, 0x00, 0x00, 0x00, 0x00, 0x00, 0x00, 0x00, 0x00, 0x00, 0x00, 0x00, 
    0x00, 0x00, 0x00, 0x00, 0x00, 0x00, 0x00, 0x00, 0x00, 0x00, 0x00, 0x00, 
    0x00, 0x00, 0x00, 0x00, 0x00, 0x00, 0x00, 0x00, 0x00, 0x00, 0x00, 0x00, 
    0x00, 0x00, 0x00, 0x00, 0x00, 0x00, 0x00, 0x00, 0x00, 0x00, 0x00, 0x00, 
    0x00, 0x00, 0x00, 0x00, 0x00, 0x00, 0x00, 0x00, 0x00, 0x00, 0x00, 0x00, 
    0x00, 0x00, 0x00, 0x00, 0x00, 0x00, 0x00, 0x00, 0x00, 0x00, 0x00, 0x00, 
    0x00, 0x00, 0x00, 0x00, 0x00, 0x00, 0x00, 0x00, 0x00, 0x00, 0x00, 0x00, 
    0x00, 0x00, 0x00, 0x00, 0x00, 0x00, 0x00, 0x00, 0x00, 0x00, 0x00, 0x00, 
    0x00, 0x00, 0x00, 0x00, 0x00, 0x00, 0x00, 0x00, 0x00, 0x00, 0x00, 0x00, 
    0x00, 0x00, 0x00, 0x00, 0x00, 0x00, 0x00, 0x00, 0x00, 0x00, 0x00, 0x00, 
    0x00, 0x00, 0x00, 0x00, 0x00, 0x00, 0x00, 0x00, 0x00, 0x00, 0x00, 0x00, 
    0x00, 0x00, 0x00, 0x00, 0x00, 0x00, 0x00, 0x00, 0x00, 0x00, 0x00, 0x00, 
    0x00, 0x00, 0x00, 0x00, 0x00, 0x00, 0x00, 0x00, 0x00, 0x00, 0x00, 0x00, 
    0x00, 0x00, 0x00, 0x00, 0x00, 0x00, 0x00, 0x00, 0x00, 0x00, 0x00, 0x00, 
    0x00, 0x00, 0x00, 0x00, 0x00, 0x00, 0x00, 0x00, 0x00, 0x00, 0x00, 0x00, 
    0x00, 0x00, 0x00, 0x00, 0x00, 0x00, 0x00, 0x00, 0x00, 0x00, 0x00, 0x00, 
    0x00, 0x00, 0x00, 0x00, 0x00, 0x00, 0x00, 0x00, 0x00, 0x00, 0x00, 0x00, 
    0x00, 0x00, 0x00, 0x00, 0x00, 0x00, 0x00, 0x00, 0x00, 0x00, 0x00, 0x00, 
    0x00, 0x00, 0x00, 0x00, 0x00, 0x00, 0x00, 0x00, 0x00, 0x00, 0x00, 0x00, 
    0x00, 0x00, 0x00, 0x00, 0x00, 0x00, 0x00, 0x00, 0x00, 0x00, 0x00, 0x00, 
    0x00, 0x00, 0x00, 0x00, 0x00, 0x00, 0x00, 0x00, 0x00, 0x00, 0x00, 0x00, 
    0x00, 0x00, 0x00, 0x00, 0x00, 0x00, 0x00, 0x00, 0x00, 0x00, 0x00, 0x00, 
    0x00, 0x00, 0x00, 0x00, 0x00, 0x00, 0x00, 0x00, 0x00, 0x00, 0x00, 0x00, 
    0x00, 0x00, 0x00, 0x00, 0x00, 0x00, 0x00, 0x00, 0x00, 0x00, 0x00, 0x00, 
    0x00, 0x00, 0x00, 0x00, 0x00, 0x00, 0x00, 0x00, 0x00, 0x00, 0x00, 0x00, 
    0x00, 0x00, 0x00, 0x00, 0x00, 0x00, 0x00, 0x00, 0x00, 0x00, 0x00, 0x00, 
    0x00, 0x00, 0x00, 0x00, 0x00, 0x00, 0x00, 0x00, 0x00, 0x00, 0x00, 0x00, 
    0x00, 0x00, 0x00, 0x00, 0x00, 0x00, 0x00, 0x00, 0x00, 0x00, 0x00, 0x00, 
    0x00, 0x00, 0x00, 0x00, 0x00, 0x00, 0x00, 0x00, 0x00, 0x00, 0x00, 0x00, 
    0x00, 0x00, 0x00, 0x00, 0x00, 0x00, 0x00, 0x00, 0x00, 0x00, 0x00, 0x00, 
    0x00, 0x00, 0x00, 0x00, 0x00, 0x00, 0x00, 0x00, 0x00, 0x00, 0x00, 0x00, 
    0x00, 0x00, 0x00, 0x00, 0x00, 0x00, 0x00, 0x00, 0x00, 0x00, 0x00, 0x00, 
    0x00, 0x00, 0x00, 0x00, 0x00, 0x00, 0x00, 0x00, 0x00, 0x00, 0x00, 0x00, 
    0x00, 0x00, 0x00, 0x00, 0x00, 0x00, 0x00, 0x00, 0x00, 0x00, 0x00, 0x00, 
    0x00, 0x00, 0x00, 0x00, 0x00, 0x00, 0x00, 0x00, 0x00, 0x00, 0x00, 0x00, 
    0x00, 0x00, 0x00, 0x00, 0x00, 0x00, 0x00, 0x00, 0x00, 0x00, 0x00, 0x00, 
    0x00, 0x00, 0x00, 0x00, 0x00, 0x00, 0x00, 0x00, 0x00, 0x00, 0x00, 0x00, 
    0x00, 0x00, 0x00, 0x00, 0x00, 0x00, 0x00, 0x00, 0x00, 0x00, 0x00, 0x00, 
    0x00, 0x00, 0x00, 0x00, 0x00, 0x00, 0x00, 0x00, 0x00, 0x00, 0x00, 0x00, 
    0x00, 0x00, 0x00, 0x00, 0x00, 0x00, 0x00, 0x00, 0x00, 0x00, 0x00, 0x00, 
    0x00, 0x00, 0x00, 0x00, 0x00, 0x00, 0x00, 0x00, 0x00, 0x00, 0x00, 0x00, 
    0x00, 0x00, 0x00, 0x00, 0x00, 0x00, 0x00, 0x00, 0x00, 0x00, 0x00, 0x00, 
    0x00, 0x00, 0x00, 0x00, 0x00, 0x00, 0x00, 0x00, 0x00, 0x00, 0x00, 0x00, 
    0x00, 0x00, 0x00, 0x00, 0x00, 0x00, 0x00, 0x00, 0x00, 0x00, 0x00, 0x00, 
    0x00, 0x00, 0x00, 0x00, 0x00, 0x00, 0x00, 0x00, 0x00, 0x00, 0x00, 0x00, 
    0x00, 0x00, 0x00, 0x00, 0x00, 0x00, 0x00, 0x00, 0x00, 0x00, 0x00, 0x00, 
    0x00, 0x00, 0x00, 0x00, 0x00, 0x00, 0x00, 0x00, 0x00, 0x00, 0x00, 0x00, 
    0x00, 0x00, 0x00, 0x00, 0x00, 0x00, 0x00, 0x00, 0x00, 0x00, 0x00, 0x00, 
    0x00, 0x00, 0x00, 0x00, 0x00, 0x00, 0x00, 0x00, 0x00, 0x00, 0x00, 0x00, 
    0x00, 0x00, 0x00, 0x00, 0x00, 0x00, 0x00, 0x00, 0x00, 0x00, 0x00, 0x00, 
    0x00, 0x00, 0x00, 0x00, 0x00, 0x00, 0x00, 0x00, 0x00, 0x00, 0x00, 0x00, 
    0x00, 0x00, 0x00, 0x00, 0x00, 0x00, 0x00, 0x00, 0x00, 0x00, 0x00, 0x00, 
    0x00, 0x00, 0x00, 0x00, 0x00, 0x00, 0x00, 0x00, 0x00, 0x00, 0x00, 0x00, 
    0x00, 0x00, 0x00, 0x00, 0x00, 0x00, 0x00, 0x00, 0x00, 0x00, 0x00, 0x00, 
    0x00, 0x00, 0x00, 0x00, 0x00, 0x00, 0x00, 0x00, 0x00, 0x00, 0x00, 0x00, 
    0x00, 0x00, 0x00, 0x00, 0x00, 0x00, 0x00, 0x00, 0x00, 0x00, 0x00, 0x00, 
    0x00, 0x00, 0x00, 0x00, 0x00, 0x00, 0x00, 0x00, 0x00, 0x00, 0x00, 0x00, 
    0x00, 0x00, 0x00, 0x00, 0x00, 0x00, 0x00, 0x00, 0x00, 0x00, 0x00, 0x00, 
    0x00, 0x00, 0x00, 0x00, 0x00, 0x00, 0x00, 0x00, 0x00, 0x00, 0x00, 0x00, 
    0x00, 0x00, 0x00, 0x00, 0x00, 0x00, 0x00, 0x00, 0x00, 0x00, 0x00, 0x00, 
    0x00, 0x00, 0x00, 0x00, 0x00, 0x00, 0x00, 0x00, 0x00, 0x00, 0x00, 0x00, 
    0x00, 0x00, 0x00, 0x00, 0x00, 0x00, 0x00, 0x00, 0x00, 0x00, 0x00, 0x00, 
    0x00, 0x00, 0x00, 0x00, 0x00, 0x00, 0x00, 0x00, 0x00, 0x00, 0x00, 0x00, 
    0x00, 0x00, 0x00, 0x00, 0x00, 0x00, 0x00, 0x00, 0x00, 0x00, 0x00, 0x00, 
    0x00, 0x00, 0x00, 0x00, 0x00, 0x00, 0x00, 0x00, 0x00, 0x00, 0x00, 0x00, 
    0x00, 0x00, 0x00, 0x00, 0x00, 0x00, 0x00, 0x00, 0x00, 0x00, 0x00, 0x00, 
    0x00, 0x00, 0x00, 0x00, 0x00, 0x00, 0x00, 0x00, 0x00, 0x00, 0x00, 0x00, 
    0x00, 0x00, 0x00, 0x00, 0x00, 0x00, 0x00, 0x00, 0x00, 0x00, 0x00, 0x00, 
    0x00, 0x00, 0x00, 0x00, 0x00, 0x00, 0x00, 0x00, 0x00, 0x00, 0x00, 0x00, 
    0x00, 0x00, 0x00, 0x00, 0x00, 0x00, 0x00, 0x00, 0x00, 0x00, 0x00, 0x00, 
    0x00, 0x00, 0x00, 0x00, 0x00, 0x00, 0x00, 0x00, 0x00, 0x00, 0x00, 0x00, 
    0x00, 0x00, 0x00, 0x00, 0x00, 0x00, 0x00, 0x00, 0x00, 0x00, 0x00, 0x00, 
    0x00, 0x00, 0x00, 0x00, 0x00, 0x00, 0x00, 0x00, 0x00, 0x00, 0x00, 0x00, 
    0x00, 0x00, 0x00, 0x00, 0x00, 0x00, 0x00, 0x00, 0x00, 0x00, 0x00, 0x00, 
    0x00, 0x00, 0x00, 0x00, 0x00, 0x00, 0x00, 0x00, 0x00, 0x00, 0x00, 0x00, 
    0x00, 0x00, 0x00, 0x00, 0x00, 0x00, 0x00, 0x00, 0x00, 0x00, 0x00, 0x00, 
    0x00, 0x00, 0x00, 0x00, 0x00, 0x00, 0x00, 0x00, 0x00, 0x00, 0x00, 0x00, 
    0x00, 0x00, 0x00, 0x00, 0x00, 0x00, 0x00, 0x00, 0x00, 0x00, 0x00, 0x00, 
    0x00, 0x00, 0x00, 0x00, 0x00, 0x00, 0x00, 0x00, 0x00, 0x00, 0x00, 0x00, 
    0x00, 0x00, 0x00, 0x00, 0x00, 0x00, 0x00, 0x00, 0x00, 0x00, 0x00, 0x00, 
    0x00, 0x00, 0x00, 0x00, 0x00, 0x00, 0x00, 0x00, 0x00, 0x00, 0x00, 0x00, 
    0x00, 0x00, 0x00, 0x00, 0x00, 0x00, 0x00, 0x00, 0x00, 0x00, 0x00, 0x00, 
    0x00, 0x00, 0x00, 0x00, 0x00, 0x00, 0x00, 0x00, 0x00, 0x00, 0x00, 0x00, 
    0x00, 0x00, 0x00, 0x00, 0x00, 0x00, 0x00, 0x00, 0x00, 0x00, 0x00, 0x00, 
    0x00, 0x00, 0x00, 0x00, 0x00, 0x00, 0x00, 0x00, 0x00, 0x00, 0x00, 0x00, 
    0x00, 0x00, 0x00, 0x00, 0x00, 0x00, 0x00, 0x00, 0x00, 0x00, 0x00, 0x00, 
    0x00, 0x00, 0x00, 0x00, 0x00, 0x00, 0x00, 0x00, 0x00, 0x00, 0x00, 0x00, 
    0x00, 0x00, 0x00, 0x00, 0x00, 0x00, 0x00, 0x00, 0x00, 0x00, 0x00, 0x00, 
    0x00, 0x00, 0x00, 0x00, 0x00, 0x00, 0x00, 0x00, 0x00, 0x00, 0x00, 0x00, 
    0x00, 0x00, 0x00, 0x00, 0x00, 0x00, 0x00, 0x00, 0x00, 0x00, 0x00, 0x00, 
    0x00, 0x00, 0x00, 0x00, 0x00, 0x00, 0x00, 0x00, 0x00, 0x00, 0x00, 0x00, 
    0x00, 0x00, 0x00, 0x00, 0x00, 0x00, 0x00, 0x00, 0x00, 0x00, 0x00, 0x00, 
    0x00, 0x00, 0x00, 0x00, 0x00, 0x00, 0x00, 0x00, 0x00, 0x00, 0x00, 0x00, 
    0x00, 0x00, 0x00, 0x00, 0x00, 0x00, 0x00, 0x00, 0x00, 0x00, 0x00, 0x00, 
    0x00, 0x00, 0x00, 0x00, 0x00, 0x00, 0x00, 0x00, 0x00, 0x00, 0x00, 0x00, 
    0x00, 0x00, 0x00, 0x00, 0x00, 0x00, 0x00, 0x00, 0x00, 0x00, 0x00, 0x00, 
    0x00, 0x00, 0x00, 0x00, 0x00, 0x00, 0x00, 0x00, 0x00, 0x00, 0x00, 0x00, 
    0x00, 0x00, 0x00, 0x00, 0x00, 0x00, 0x00, 0x00, 0x00, 0x00, 0x00, 0x00, 
    0x00, 0x00, 0x00, 0x00, 0x00, 0x00, 0x00, 0x00, 0x00, 0x00, 0x00, 0x00, 
    0x00, 0x00, 0x00, 0x00, 0x00, 0x00, 0x00, 0x00, 0x00, 0x00, 0x00, 0x00, 
    0x00, 0x00, 0x00, 0x00, 0x00, 0x00, 0x00, 0x00, 0x00, 0x00, 0x00, 0x00, 
    0x00, 0x00, 0x00, 0x00, 0x00, 0x00, 0x00, 0x00, 0x00, 0x00, 0x00, 0x00, 
    0x00, 0x00, 0x00, 0x00, 0x00, 0x00, 0x00, 0x00, 0x00, 0x00, 0x00, 0x00, 
    0x00, 0x00, 0x00, 0x00, 0x00, 0x00, 0x00, 0x00, 0x00, 0x00, 0x00, 0x00, 
    0x00, 0x00, 0x00, 0x00, 0x00, 0x00, 0x00, 0x00, 0x00, 0x00, 0x00, 0x00, 
    0x00, 0x00, 0x00, 0x00, 0x00, 0x00, 0x00, 0x00, 0x00, 0x00, 0x00, 0x00, 
    0x00, 0x00, 0x00, 0x00, 0x00, 0x00, 0x00, 0x00, 0x00, 0x00, 0x00, 0x00, 
    0x00, 0x00, 0x00, 0x00, 0x00, 0x00, 0x00, 0x00, 0x00, 0x00, 0x00, 0x00, 
    0x00, 0x00, 0x00, 0x00, 0x00, 0x00, 0x00, 0x00, 0x00, 0x00, 0x00, 0x00, 
    0x00, 0x00, 0x00, 0x00, 0x00, 0x00, 0x00, 0x00, 0x00, 0x00, 0x00, 0x00, 
    0x00, 0x00, 0x00, 0x00, 0x00, 0x00, 0x00, 0x00, 0x00, 0x00, 0x00, 0x00, 
    0x00, 0x00, 0x00, 0x00, 0x00, 0x00, 0x00, 0x00, 0x00, 0x00, 0x00, 0x00, 
    0x00, 0x00, 0x00, 0x00, 0x00, 0x00, 0x00, 0x00, 0x00, 0x00, 0x00, 0x00, 
    0x00, 0x00, 0x00, 0x00, 0x00, 0x00, 0x00, 0x00, 0x00, 0x00, 0x00, 0x00, 
    0x00, 0x00, 0x00, 0x00, 0x00, 0x00, 0x00, 0x00, 0x00, 0x00, 0x00, 0x00, 
    0x00, 0x00, 0x00, 0x00, 0x00, 0x00, 0x00, 0x00, 0x00, 0x00, 0x00, 0x00, 
    0x00, 0x00, 0x00, 0x00, 0x00, 0x00, 0x00, 0x00, 0x00, 0x00, 0x00, 0x00, 
    0x00, 0x00, 0x00, 0x00, 0x00, 0x00, 0x00, 0x00, 0x00, 0x00, 0x00, 0x00, 
    0x00, 0x00, 0x00, 0x00, 0x00, 0x00, 0x00, 0x00, 0x00, 0x00, 0x00, 0x00, 
    0x00, 0x00, 0x00, 0x00, 0x00, 0x00, 0x00, 0x00, 0x00, 0x00, 0x00, 0x00, 
    0x00, 0x00, 0x00, 0x00, 0x00, 0x00, 0x00, 0x00, 0x00, 0x00, 0x00, 0x00, 
    0x00, 0x00, 0x00, 0x00, 0x00, 0x00, 0x00, 0x00, 0x00, 0x00, 0x00, 0x00, 
    0x00, 0x00, 0x00, 0x00, 0x00, 0x00, 0x00, 0x00, 0x00, 0x00, 0x00, 0x00, 
    0x00, 0x00, 0x00, 0x00, 0x00, 0x00, 0x00, 0x00, 0x00, 0x00, 0x00, 0x00, 
    0x00, 0x00, 0x00, 0x00, 0x00, 0x00, 0x00, 0x00, 0x00, 0x00, 0x00, 0x00, 
    0x00, 0x00, 0x00, 0x00, 0x00, 0x00, 0x00, 0x00, 0x00, 0x00, 0x00, 0x00, 
    0x00, 0x00, 0x00, 0x00, 0x00, 0x00, 0x00, 0x00, 0x00, 0x00, 0x00, 0x00, 
    0x00, 0x00, 0x00, 0x00, 0x00, 0x00, 0x00, 0x00, 0x00, 0x00, 0x00, 0x00, 
    0x00, 0x00, 0x00, 0x00, 0x00, 0x00, 0x00, 0x00, 0x00, 0x00, 0x00, 0x00, 
    0x00, 0x00, 0x00, 0x00, 0x00, 0x00, 0x00, 0x00, 0x00, 0x00, 0x00, 0x00, 
    0x00, 0x00, 0x00, 0x00, 0x00, 0x00, 0x00, 0x00, 0x00, 0x00, 0x00, 0x00, 
    0x00, 0x00, 0x00, 0x00, 0x00, 0x00, 0x00, 0x00, 0x00, 0x00, 0x00, 0x00, 
    0x00, 0x00, 0x00, 0x00, 0x00, 0x00, 0x00, 0x00, 0x00, 0x00, 0x00, 0x00, 
    0x00, 0x00, 0x00, 0x00, 0x00, 0x00, 0x00, 0x00, 0x00, 0x00, 0x00, 0x00, 
    0x00, 0x00, 0x00, 0x00, 0x00, 0x00, 0x00, 0x00, 0x00, 0x00, 0x00, 0x00, 
    0x00, 0x00, 0x00, 0x00, 0x00, 0x00, 0x00, 0x00, 0x00, 0x00, 0x00, 0x00, 
    0x00, 0x00, 0x00, 0x00, 0x00, 0x00, 0x00, 0x00, 0x00, 0x00, 0x00, 0x00, 
    0x00, 0x00, 0x00, 0x00, 0x00, 0x00, 0x00, 0x00, 0x00, 0x00, 0x00, 0x00, 
    0x00, 0x00, 0x00, 0x00, 0x00, 0x00, 0x00, 0x00, 0x00, 0x00, 0x00, 0x00, 
    0x00, 0x00, 0x00, 0x00, 0x00, 0x00, 0x00, 0x00, 0x00, 0x00, 0x00, 0x00, 
    0x00, 0x00, 0x00, 0x00, 0x00, 0x00, 0x00, 0x00, 0x00, 0x00, 0x00, 0x00, 
    0x00, 0x00, 0x00, 0x00, 0x00, 0x00, 0x00, 0x00, 0x00, 0x00, 0x00, 0x00, 
    0x00, 0x00, 0x00, 0x00, 0x00, 0x00, 0x00, 0x00, 0x00, 0x00, 0x00, 0x00, 
    0x00, 0x00, 0x00, 0x00, 0x00, 0x00, 0x00, 0x00, 0x00, 0x00, 0x00, 0x00, 
    0x00, 0x00, 0x00, 0x00, 0x00, 0x00, 0x00, 0x00, 0x00, 0x00, 0x00, 0x00, 
    0x00, 0x00, 0x00, 0x00, 0x00, 0x00, 0x00, 0x00, 0x00, 0x00, 0x00, 0x00, 
    0x00, 0x00, 0x00, 0x00, 0x00, 0x00, 0x00, 0x00, 0x00, 0x00, 0x00, 0x00, 
    0x00, 0x00, 0x00, 0x00, 0x00, 0x00, 0x00, 0x00, 0x00, 0x00, 0x00, 0x00, 
    0x00, 0x00, 0x00, 0x00, 0x00, 0x00, 0x00, 0x00, 0x00, 0x00, 0x00, 0x00, 
    0x00, 0x00, 0x00, 0x00, 0x00, 0x00, 0x00, 0x00, 0x00, 0x00, 0x00, 0x00, 
    0x00, 0x00, 0x00, 0x00, 0x00, 0x00, 0x00, 0x00, 0x00, 0x00, 0x00, 0x00, 
    0x00, 0x00, 0x00, 0x00, 0x00, 0x00, 0x00, 0x00, 0x00, 0x00, 0x00, 0x00, 
    0x00, 0x00, 0x00, 0x00, 0x00, 0x00, 0x00, 0x00, 0x00, 0x00, 0x00, 0x00, 
    0x00, 0x00, 0x00, 0x00, 0x00, 0x00, 0x00, 0x00, 0x00, 0x00, 0x00, 0x00, 
    0x00, 0x00, 0x00, 0x00, 0x00, 0x00, 0x00, 0x00, 0x00, 0x00, 0x00, 0x00, 
    0x00, 0x00, 0x00, 0x00, 0x00, 0x00, 0x00, 0x00, 0x00, 0x00, 0x00, 0x00, 
    0x00, 0x00, 0x00, 0x00, 0x00, 0x00, 0x00, 0x00, 0x00, 0x00, 0x00, 0x00, 
    0x00, 0x00, 0x00, 0x00, 0x00, 0x00, 0x00, 0x00, 0x00, 0x00, 0x00, 0x00, 
    0x00, 0x00, 0x00, 0x00, 0x00, 0x00, 0x00, 0x00, 0x00, 0x00, 0x00, 0x00, 
    0x00, 0x00, 0x00, 0x00, 0x00, 0x00, 0x00, 0x00, 0x00, 0x00, 0x00, 0x00, 
    0x00, 0x00, 0x00, 0x00, 0x00, 0x00, 0x00, 0x00, 0x00, 0x00, 0x00, 0x00, 
    0x00, 0x00, 0x00, 0x00, 0x00, 0x00, 0x00, 0x00, 0x00, 0x00, 0x00, 0x00, 
    0x00, 0x00, 0x00, 0x00, 0x00, 0x00, 0x00, 0x00, 0x00, 0x00, 0x00, 0x00, 
    0x00, 0x00, 0x00, 0x00, 0x00, 0x00, 0x00, 0x00, 0x00, 0x00, 0x00, 0x00, 
    0x00, 0x00, 0x00, 0x00, 0x00, 0x00, 0x00, 0x00, 0x00, 0x00, 0x00, 0x00, 
    0x00, 0x00, 0x00, 0x00, 0x00, 0x00, 0x00, 0x00, 0x00, 0x00, 0x00, 0x00, 
    0x00, 0x00, 0x00, 0x00, 0x00, 0x00, 0x00, 0x00, 0x00, 0x00, 0x00, 0x00, 
    0x00, 0x00, 0x00, 0x00, 0x00, 0x00, 0x00, 0x00, 0x00, 0x00, 0x00, 0x00, 
    0x00, 0x00, 0x00, 0x00, 0x00, 0x00, 0x00, 0x00, 0x00, 0x00, 0x00, 0x00, 
    0x00, 0x00, 0x00, 0x00, 0x00, 0x00, 0x00, 0x00, 0x00, 0x00, 0x00, 0x00, 
    0x00, 0x00, 0x00, 0x00, 0x00, 0x00, 0x00, 0x00, 0x00, 0x00, 0x00, 0x00, 
    0x00, 0x00, 0x00, 0x00, 0x00, 0x00, 0x00, 0x00, 0x00, 0x00, 0x00, 0x00, 
    0x00, 0x00, 0x00, 0x00, 0x00, 0x00, 0x00, 0x00, 0x00, 0x00, 0x00, 0x00, 
    0x00, 0x00, 0x00, 0x00, 0x00, 0x00, 0x00, 0x00, 0x00, 0x00, 0x00, 0x00, 
    0x00, 0x00, 0x00, 0x00, 0x00, 0x00, 0x00, 0x00, 0x00, 0x00, 0x00, 0x00, 
    0x00, 0x00, 0x00, 0x00, 0x00, 0x00, 0x00, 0x00, 0x00, 0x00, 0x00, 0x00, 
    0x00, 0x00, 0x00, 0x00, 0x00, 0x00, 0x00, 0x00, 0x00, 0x00, 0x00, 0x00, 
    0x00, 0x00, 0x00, 0x00, 0x00, 0x00, 0x00, 0x00, 0x00, 0x00, 0x00, 0x00, 
    0x00, 0x00, 0x00, 0x00, 0x00, 0x00, 0x00, 0x00, 0x00, 0x00, 0x00, 0x00, 
    0x00, 0x00, 0x00, 0x00, 0x00, 0x00, 0x00, 0x00, 0x00, 0x00, 0x00, 0x00, 
    0x00, 0x00, 0x00, 0x00, 0x00, 0x00, 0x00, 0x00, 0x00, 0x00, 0x00, 0x00, 
    0x00, 0x00, 0x00, 0x00, 0x00, 0x00, 0x00, 0x00, 0x00, 0x00, 0x00, 0x00, 
    0x00, 0x00, 0x00, 0x00, 0x00, 0x00, 0x00, 0x00, 0x00, 0x00, 0x00, 0x00, 
    0x00, 0x00, 0x00, 0x00, 0x00, 0x00, 0x00, 0x00, 0x00, 0x00, 0x00, 0x00, 
    0x00, 0x00, 0x00, 0x00, 0x00, 0x00, 0x00, 0x00, 0x00, 0x00, 0x00, 0x00, 
    0x00, 0x00, 0x00, 0x00, 0x00, 0x00, 0x00, 0x00, 0x00, 0x00, 0x00, 0x00, 
    0x00, 0x00, 0x00, 0x00, 0x00, 0x00, 0x00, 0x00, 0x00, 0x00, 0x00, 0x00, 
    0x00, 0x00, 0x00, 0x00, 0x00, 0x00, 0x00, 0x00, 0x00, 0x00, 0x00, 0x00, 
    0x00, 0x00, 0x00, 0x00, 0x00, 0x00, 0x00, 0x00, 0x00, 0x00, 0x00, 0x00, 
    0x00, 0x00, 0x00, 0x00, 0x00, 0x00, 0x00, 0x00, 0x00, 0x00, 0x00, 0x00, 
    0x00, 0x00, 0x00, 0x00, 0x00, 0x00, 0x00, 0x00, 0x00, 0x00, 0x00, 0x00, 
    0x00, 0x00, 0x00, 0x00, 0x00, 0x00, 0x00, 0x00, 0x00, 0x00, 0x00, 0x00, 
    0x00, 0x00, 0x00, 0x00, 0x00, 0x00, 0x00, 0x00, 0x00, 0x00, 0x00, 0x00, 
    0x00, 0x00, 0x00, 0x00, 0x00, 0x00, 0x00, 0x00, 0x00, 0x00, 0x00, 0x00, 
    0x00, 0x00, 0x00, 0x00, 0x00, 0x00, 0x00, 0x00, 0x00, 0x00, 0x00, 0x00, 
    0x00, 0x00, 0x00, 0x00, 0x00, 0x00, 0x00, 0x00, 0x00, 0x00, 0x00, 0x00, 
    0x00, 0x00, 0x00, 0x00, 0x00, 0x00, 0x00, 0x00, 0x00, 0x00, 0x00, 0x00, 
    0x00, 0x00, 0x00, 0x00, 0x00, 0x00, 0x00, 0x00, 0x00, 0x00, 0x00, 0x00, 
    0x00, 0x00, 0x00, 0x00, 0x00, 0x00, 0x00, 0x00, 0x00, 0x00, 0x00, 0x00, 
    0x00, 0x00, 0x00, 0x00, 0x00, 0x00, 0x00, 0x00, 0x00, 0x00, 0x00, 0x00, 
    0x00, 0x00, 0x00, 0x00, 0x00, 0x00, 0x00, 0x00, 0x00, 0x00, 0x00, 0x00, 
    0x00, 0x00, 0x00, 0x00, 0x00, 0x00, 0x00, 0x00, 0x00, 0x00, 0x00, 0x00, 
    0x00, 0x00, 0x00, 0x00, 0x00, 0x00, 0x00, 0x00, 0x00, 0x00, 0x00, 0x00, 
    0x00, 0x00, 0x00, 0x00, 0x00, 0x00, 0x00, 0x00, 0x00, 0x00, 0x00, 0x00, 
    0x00, 0x00, 0x00, 0x00, 0x00, 0x00, 0x00, 0x00, 0x00, 0x00, 0x00, 0x00, 
    0x00, 0x00, 0x00, 0x00, 0x00, 0x00, 0x00, 0x00, 0x00, 0x00, 0x00, 0x00, 
    0x00, 0x00, 0x00, 0x00, 0x00, 0x00, 0x00, 0x00, 0x00, 0x00, 0x00, 0x00, 
    0x00, 0x00, 0x00, 0x00, 0x00, 0x00, 0x00, 0x00, 0x00, 0x00, 0x00, 0x00, 
    0x00, 0x00, 0x00, 0x00, 0x00, 0x00, 0x00, 0x00, 0x00, 0x00, 0x00, 0x00, 
    0x00, 0x00, 0x00, 0x00, 0x00, 0x00, 0x00, 0x00, 0x00, 0x00, 0x00, 0x00, 
    0x00, 0x00, 0x00, 0x00, 0x00, 0x00, 0x00, 0x00, 0x00, 0x00, 0x00, 0x00, 
    0x00, 0x00, 0x00, 0x00, 0x00, 0x00, 0x00, 0x00, 0x00, 0x00, 0x00, 0x00, 
    0x00, 0x00, 0x00, 0x00, 0x00, 0x00, 0x00, 0x00, 0x00, 0x00, 0x00, 0x00, 
    0x00, 0x00, 0x00, 0x00, 0x00, 0x00, 0x00, 0x00, 0x00, 0x00, 0x00, 0x00, 
    0x00, 0x00, 0x00, 0x00, 0x00, 0x00, 0x00, 0x00, 0x00, 0x00, 0x00, 0x00, 
    0x00, 0x00, 0x00, 0x00, 0x00, 0x00, 0x00, 0x00, 0x00, 0x00, 0x00, 0x00, 
    0x00, 0x00, 0x00, 0x00, 0x00, 0x00, 0x00, 0x00, 0x00, 0x00, 0x00, 0x00, 
    0x00, 0x00, 0x00, 0x00, 0x00, 0x00, 0x00, 0x00, 0x00, 0x00, 0x00, 0x00, 
    0x00, 0x00, 0x00, 0x00, 0x00, 0x00, 0x00, 0x00, 0x00, 0x00, 0x00, 0x00, 
    0x00, 0x00, 0x00, 0x00, 0x00, 0x00, 0x00, 0x00, 0x00, 0x00, 0x00, 0x00, 
    0x00, 0x00, 0x00, 0x00, 0x00, 0x00, 0x00, 0x00, 0x00, 0x00, 0x00, 0x00, 
    0x00, 0x00, 0x00, 0x00, 0x00, 0x00, 0x00, 0x00, 0x00, 0x00, 0x00, 0x00, 
    0x00, 0x00, 0x00, 0x00, 0x00, 0x00, 0x00, 0x00, 0x00, 0x00, 0x00, 0x00, 
    0x00, 0x00, 0x00, 0x00, 0x00, 0x00, 0x00, 0x00, 0x00, 0x00, 0x00, 0x00, 
    0x00, 0x00, 0x00, 0x00, 0x00, 0x00, 0x00, 0x00, 0x00, 0x00, 0x00, 0x00, 
    0x00, 0x00, 0x00, 0x00, 0x00, 0x00, 0x00, 0x00, 0x00, 0x00, 0x00, 0x00, 
    0x00, 0x00, 0x00, 0x00, 0x00, 0x00, 0x00, 0x00, 0x00, 0x00, 0x00, 0x00, 
    0x00, 0x00, 0x00, 0x00, 0x00, 0x00, 0x00, 0x00, 0x00, 0x00, 0x00, 0x00, 
    0x00, 0x00, 0x00, 0x00, 0x00, 0x00, 0x00, 0x00, 0x00, 0x00, 0x00, 0x00, 
    0x00, 0x00, 0x00, 0x00, 0x00, 0x00, 0x00, 0x00, 0x00, 0x00, 0x00, 0x00, 
    0x00, 0x00, 0x00, 0x00, 0x00, 0x00, 0x00, 0x00, 0x00, 0x00, 0x00, 0x00, 
    0x00, 0x00, 0x00, 0x00, 0x00, 0x00, 0x00, 0x00, 0x00, 0x00, 0x00, 0x00, 
    0x00, 0x00, 0x00, 0x00, 0x00, 0x00, 0x00, 0x00, 0x00, 0x00, 0x00, 0x00, 
    0x00, 0x00, 0x00, 0x00, 0x00, 0x00, 0x00, 0x00, 0x03, 0x00, 0x00, 0x00, 
    0x00, 0x00, 0x00, 0x00, 0x00, 0x00, 0x00, 0x00, 0x00, 0x00, 0x00, 0x00, 
    0x00, 0x00, 0x00, 0x00, 0x00, 0x00, 0x00, 0x00, 0x00, 0x00, 0x00, 0x00, 
    0x00, 0x00, 0x00, 0x00, 0x00, 0x00, 0x00, 0x00, 0x00, 0x00, 0x00, 0x00, 
    0x02, 0x00, 0x00, 0x00, 0x00, 0x00, 0x00, 0x00, 0x00, 0x00, 0x02, 0x00, 
    0x00, 0x00, 0x00, 0x00, 0x50, 0x00, 0x18, 0x00, 0x05, 0x00, 0x00, 0x00, 
    0x00, 0x00, 0x00, 0x00, 0x00, 0x00, 0x00, 0x00, 0x00, 0x00, 0x00, 0x00, 
    0x00, 0x00, 0x00, 0x00, 0x00, 0x00, 0x00, 0x00, 0x00, 0x00, 0x00, 0x00, 
    0x00, 0x00, 0x00, 0x00, 0x01, 0x00, 0x00, 0x00, 0x04, 0x00, 0xf1, 0xff, 
    0x00, 0x00, 0x00, 0x00, 0x00, 0x00, 0x00, 0x00, 0x00, 0x00, 0x00, 0x00, 
    0x00, 0x00, 0x00, 0x00, 0x21, 0x00, 0x00, 0x00, 0x00, 0x00, 0x01, 0x00, 
    0x00, 0x00, 0x01, 0x40, 0x00, 0x00, 0x00, 0x00, 0x00, 0x00, 0x00, 0x00, 
    0x00, 0x00, 0x00, 0x00, 0x24, 0x00, 0x00, 0x00, 0x02, 0x00, 0x01, 0x00, 
    0x10, 0x00, 0x01, 0x40, 0x00, 0x00, 0x00, 0x00, 0x18, 0x00, 0x00, 0x00, 
    0x00, 0x00, 0x00, 0x00, 0xb4, 0x00, 0x00, 0x00, 0x00, 0x00, 0x01, 0x00, 
    0x10, 0x00, 0x01, 0x40, 0x00, 0x00, 0x00, 0x00, 0x00, 0x00, 0x00, 0x00, 
    0x00, 0x00, 0x00, 0x00, 0xb7, 0x00, 0x00, 0x00, 0x02, 0x00, 0x01, 0x00, 
    0x2c, 0x74, 0x01, 0x40, 0x00, 0x00, 0x00, 0x00, 0x28, 0x00, 0x00, 0x00, 
    0x00, 0x00, 0x00, 0x00, 0x14, 0x01, 0x00, 0x00, 0x02, 0x00, 0x01, 0x00, 
    0x28, 0x00, 0x01, 0x40, 0x00, 0x00, 0x00, 0x00, 0x14, 0x00, 0x00, 0x00, 
    0x00, 0x00, 0x00, 0x00, 0x97, 0x01, 0x00, 0x00, 0x00, 0x00, 0x01, 0x00, 
    0x28, 0x00, 0x01, 0x40, 0x00, 0x00, 0x00, 0x00, 0x00, 0x00, 0x00, 0x00, 
    0x00, 0x00, 0x00, 0x00, 0x9a, 0x01, 0x00, 0x00, 0x02, 0x00, 0x01, 0x00, 
    0x3c, 0x00, 0x01, 0x40, 0x00, 0x00, 0x00, 0x00, 0x04, 0x01, 0x00, 0x00, 
    0x00, 0x00, 0x00, 0x00, 0x00, 0x02, 0x00, 0x00, 0x00, 0x00, 0x01, 0x00, 
    0x3c, 0x00, 0x01, 0x40, 0x00, 0x00, 0x00, 0x00, 0x00, 0x00, 0x00, 0x00, 
    0x00, 0x00, 0x00, 0x00, 0x03, 0x02, 0x00, 0x00, 0x02, 0x00, 0x01, 0x00, 
    0x60, 0x83, 0x01, 0x40, 0x00, 0x00, 0x00, 0x00, 0x1c, 0x00, 0x00, 0x00, 
    0x00, 0x00, 0x00, 0x00, 0x18, 0x02, 0x00, 0x00, 0x02, 0x00, 0x01, 0x00, 
    0x20, 0x6a, 0x01, 0x40, 0x00, 0x00, 0x00, 0x00, 0x44, 0x00, 0x00, 0x00, 
    0x00, 0x00, 0x00, 0x00, 0x42, 0x02, 0x00, 0x00, 0x02, 0x00, 0x01, 0x00, 
    0xf4, 0x6c, 0x01, 0x40, 0x00, 0x00, 0x00, 0x00, 0x40, 0x00, 0x00, 0x00, 
    0x00, 0x00, 0x00, 0x00, 0x79, 0x02, 0x00, 0x00, 0x02, 0x00, 0x01, 0x00, 
    0x34, 0x6d, 0x01, 0x40, 0x00, 0x00, 0x00, 0x00, 0x10, 0x00, 0x00, 0x00, 
    0x00, 0x00, 0x00, 0x00, 0xab, 0x02, 0x00, 0x00, 0x02, 0x00, 0x01, 0x00, 
    0x64, 0x32, 0x01, 0x40, 0x00, 0x00, 0x00, 0x00, 0xbc, 0x02, 0x00, 0x00, 
    0x00, 0x00, 0x00, 0x00, 0x21, 0x03, 0x00, 0x00, 0x02, 0x00, 0x01, 0x00, 
    0x20, 0x35, 0x01, 0x40, 0x00, 0x00, 0x00, 0x00, 0x38, 0x24, 0x00, 0x00, 
    0x00, 0x00, 0x00, 0x00, 0x97, 0x03, 0x00, 0x00, 0x02, 0x00, 0x01, 0x00, 
    0x3c, 0x68, 0x01, 0x40, 0x00, 0x00, 0x00, 0x00, 0x14, 0x00, 0x00, 0x00, 
    0x00, 0x00, 0x00, 0x00, 0xc1, 0x03, 0x00, 0x00, 0x02, 0x00, 0x01, 0x00, 
    0x40, 0x01, 0x01, 0x40, 0x00, 0x00, 0x00, 0x00, 0xa4, 0x00, 0x00, 0x00, 
    0x00, 0x00, 0x00, 0x00, 0xe9, 0x03, 0x00, 0x00, 0x00, 0x00, 0x01, 0x00, 
    0x40, 0x01, 0x01, 0x40, 0x00, 0x00, 0x00, 0x00, 0x00, 0x00, 0x00, 0x00, 
    0x00, 0x00, 0x00, 0x00, 0xec, 0x03, 0x00, 0x00, 0x02, 0x00, 0x01, 0x00, 
    0x00, 0x82, 0x01, 0x40, 0x00, 0x00, 0x00, 0x00, 0x18, 0x00, 0x00, 0x00, 
    0x00, 0x00, 0x00, 0x00, 0x01, 0x04, 0x00, 0x00, 0x02, 0x00, 0x01, 0x00, 
    0xe8, 0x81, 0x01, 0x40, 0x00, 0x00, 0x00, 0x00, 0x18, 0x00, 0x00, 0x00, 
    0x00, 0x00, 0x00, 0x00, 0x16, 0x04, 0x00, 0x00, 0x02, 0x00, 0x01, 0x00, 
    0xfc, 0x82, 0x01, 0x40, 0x00, 0x00, 0x00, 0x00, 0x08, 0x00, 0x00, 0x00, 
    0x00, 0x00, 0x00, 0x00, 0x2b, 0x04, 0x00, 0x00, 0x02, 0x00, 0x01, 0x00, 
    0xe4, 0x01, 0x01, 0x40, 0x00, 0x00, 0x00, 0x00, 0xd0, 0x00, 0x00, 0x00, 
    0x00, 0x00, 0x00, 0x00, 0x59, 0x04, 0x00, 0x00, 0x00, 0x00, 0x01, 0x00, 
    0xe4, 0x01, 0x01, 0x40, 0x00, 0x00, 0x00, 0x00, 0x00, 0x00, 0x00, 0x00, 
    0x00, 0x00, 0x00, 0x00, 0x5c, 0x04, 0x00, 0x00, 0x02, 0x00, 0x01, 0x00, 
    0xa8, 0x62, 0x01, 0x40, 0x00, 0x00, 0x00, 0x00, 0x28, 0x00, 0x00, 0x00, 
    0x00, 0x00, 0x00, 0x00, 0x94, 0x04, 0x00, 0x00, 0x02, 0x00, 0x01, 0x00, 
    0xb4, 0x02, 0x01, 0x40, 0x00, 0x00, 0x00, 0x00, 0x14, 0x00, 0x00, 0x00, 
    0x00, 0x00, 0x00, 0x00, 0xd2, 0x04, 0x00, 0x00, 0x00, 0x00, 0x01, 0x00, 
    0xb4, 0x02, 0x01, 0x40, 0x00, 0x00, 0x00, 0x00, 0x00, 0x00, 0x00, 0x00, 
    0x00, 0x00, 0x00, 0x00, 0xd5, 0x04, 0x00, 0x00, 0x02, 0x00, 0x01, 0x00, 
    0x44, 0x80, 0x01, 0x40, 0x00, 0x00, 0x00, 0x00, 0x18, 0x00, 0x00, 0x00, 
    0x00, 0x00, 0x00, 0x00, 0xea, 0x04, 0x00, 0x00, 0x02, 0x00, 0x01, 0x00, 
    0xbc, 0x82, 0x01, 0x40, 0x00, 0x00, 0x00, 0x00, 0x08, 0x00, 0x00, 0x00, 
    0x00, 0x00, 0x00, 0x00, 0xff, 0x04, 0x00, 0x00, 0x02, 0x00, 0x01, 0x00, 
    0xc8, 0x02, 0x01, 0x40, 0x00, 0x00, 0x00, 0x00, 0x30, 0x03, 0x00, 0x00, 
    0x00, 0x00, 0x00, 0x00, 0x3f, 0x05, 0x00, 0x00, 0x00, 0x00, 0x01, 0x00, 
    0xc8, 0x02, 0x01, 0x40, 0x00, 0x00, 0x00, 0x00, 0x00, 0x00, 0x00, 0x00, 
    0x00, 0x00, 0x00, 0x00, 0x42, 0x05, 0x00, 0x00, 0x02, 0x00, 0x01, 0x00, 
    0x34, 0x80, 0x01, 0x40, 0x00, 0x00, 0x00, 0x00, 0x10, 0x00, 0x00, 0x00, 
    0x00, 0x00, 0x00, 0x00, 0x57, 0x05, 0x00, 0x00, 0x02, 0x00, 0x01, 0x00, 
    0x70, 0x5d, 0x01, 0x40, 0x00, 0x00, 0x00, 0x00, 0x14, 0x00, 0x00, 0x00, 
    0x00, 0x00, 0x00, 0x00, 0xd7, 0x05, 0x00, 0x00, 0x02, 0x00, 0x01, 0x00, 
    0xc4, 0x64, 0x01, 0x40, 0x00, 0x00, 0x00, 0x00, 0x2c, 0x00, 0x00, 0x00, 
    0x00, 0x00, 0x00, 0x00, 0x13, 0x06, 0x00, 0x00, 0x02, 0x00, 0x01, 0x00, 
    0x7c, 0x82, 0x01, 0x40, 0x00, 0x00, 0x00, 0x00, 0x18, 0x00, 0x00, 0x00, 
    0x00, 0x00, 0x00, 0x00, 0x28, 0x06, 0x00, 0x00, 0x02, 0x00, 0x01, 0x00, 
    0xc4, 0x80, 0x01, 0x40, 0x00, 0x00, 0x00, 0x00, 0x08, 0x00, 0x00, 0x00, 
    0x00, 0x00, 0x00, 0x00, 0x3d, 0x06, 0x00, 0x00, 0x02, 0x00, 0x01, 0x00, 
    0x84, 0x5d, 0x01, 0x40, 0x00, 0x00, 0x00, 0x00, 0x14, 0x00, 0x00, 0x00, 
    0x00, 0x00, 0x00, 0x00, 0xc1, 0x06, 0x00, 0x00, 0x02, 0x00, 0x01, 0x00, 
    0x4c, 0x81, 0x01, 0x40, 0x00, 0x00, 0x00, 0x00, 0x08, 0x00, 0x00, 0x00, 
    0x00, 0x00, 0x00, 0x00, 0xd6, 0x06, 0x00, 0x00, 0x02, 0x00, 0x01, 0x00, 
    0x20, 0x80, 0x01, 0x40, 0x00, 0x00, 0x00, 0x00, 0x0c, 0x00, 0x00, 0x00, 
    0x00, 0x00, 0x00, 0x00, 0xeb, 0x06, 0x00, 0x00, 0x02, 0x00, 0x01, 0x00, 
    0x80, 0x80, 0x01, 0x40, 0x00, 0x00, 0x00, 0x00, 0x10, 0x00, 0x00, 0x00, 
    0x00, 0x00, 0x00, 0x00, 0x00, 0x07, 0x00, 0x00, 0x02, 0x00, 0x01, 0x00, 
    0x1c, 0x5e, 0x01, 0x40, 0x00, 0x00, 0x00, 0x00, 0x40, 0x00, 0x00, 0x00, 
    0x00, 0x00, 0x00, 0x00, 0x3a, 0x07, 0x00, 0x00, 0x02, 0x00, 0x01, 0x00, 
    0xf8, 0x05, 0x01, 0x40, 0x00, 0x00, 0x00, 0x00, 0xe0, 0x01, 0x00, 0x00, 
    0x00, 0x00, 0x00, 0x00, 0x7e, 0x07, 0x00, 0x00, 0x00, 0x00, 0x01, 0x00, 
    0xf8, 0x05, 0x01, 0x40, 0x00, 0x00, 0x00, 0x00, 0x00, 0x00, 0x00, 0x00, 
    0x00, 0x00, 0x00, 0x00, 0x81, 0x07, 0x00, 0x00, 0x02, 0x00, 0x01, 0x00, 
    0x5c, 0x80, 0x01, 0x40, 0x00, 0x00, 0x00, 0x00, 0x0c, 0x00, 0x00, 0x00, 
    0x00, 0x00, 0x00, 0x00, 0x96, 0x07, 0x00, 0x00, 0x02, 0x00, 0x01, 0x00, 
    0x64, 0x7e, 0x01, 0x40, 0x00, 0x00, 0x00, 0x00, 0x30, 0x00, 0x00, 0x00, 
    0x00, 0x00, 0x00, 0x00, 0xf7, 0x07, 0x00, 0x00, 0x02, 0x00, 0x01, 0x00, 
    0x98, 0x70, 0x01, 0x40, 0x00, 0x00, 0x00, 0x00, 0xa4, 0x00, 0x00, 0x00, 
    0x00, 0x00, 0x00, 0x00, 0x36, 0x08, 0x00, 0x00, 0x02, 0x00, 0x01, 0x00, 
    0x48, 0x6f, 0x01, 0x40, 0x00, 0x00, 0x00, 0x00, 0x4c, 0x00, 0x00, 0x00, 
    0x00, 0x00, 0x00, 0x00, 0x6a, 0x08, 0x00, 0x00, 0x02, 0x00, 0x01, 0x00, 
    0x40, 0x6e, 0x01, 0x40, 0x00, 0x00, 0x00, 0x00, 0x08, 0x01, 0x00, 0x00, 
    0x00, 0x00, 0x00, 0x00, 0x9e, 0x08, 0x00, 0x00, 0x02, 0x00, 0x01, 0x00, 
    0x78, 0x5c, 0x01, 0x40, 0x00, 0x00, 0x00, 0x00, 0x1c, 0x00, 0x00, 0x00, 
    0x00, 0x00, 0x00, 0x00, 0x18, 0x09, 0x00, 0x00, 0x02, 0x00, 0x01, 0x00, 
    0x90, 0x83, 0x01, 0x40, 0x00, 0x00, 0x00, 0x00, 0x0c, 0x00, 0x00, 0x00, 
    0x00, 0x00, 0x00, 0x00, 0x2d, 0x09, 0x00, 0x00, 0x02, 0x00, 0x01, 0x00, 
    0xb0, 0x82, 0x01, 0x40, 0x00, 0x00, 0x00, 0x00, 0x0c, 0x00, 0x00, 0x00, 
    0x00, 0x00, 0x00, 0x00, 0x42, 0x09, 0x00, 0x00, 0x02, 0x00, 0x01, 0x00, 
    0x2c, 0x80, 0x01, 0x40, 0x00, 0x00, 0x00, 0x00, 0x08, 0x00, 0x00, 0x00, 
    0x00, 0x00, 0x00, 0x00, 0x57, 0x09, 0x00, 0x00, 0x02, 0x00, 0x01, 0x00, 
    0xc8, 0x75, 0x01, 0x40, 0x00, 0x00, 0x00, 0x00, 0x8c, 0x01, 0x00, 0x00, 
    0x00, 0x00, 0x00, 0x00, 0x98, 0x09, 0x00, 0x00, 0x02, 0x00, 0x01, 0x00, 
    0x98, 0x80, 0x01, 0x40, 0x00, 0x00, 0x00, 0x00, 0x0c, 0x00, 0x00, 0x00, 
    0x00, 0x00, 0x00, 0x00, 0xad, 0x09, 0x00, 0x00, 0x02, 0x00, 0x01, 0x00, 
    0x54, 0x81, 0x01, 0x40, 0x00, 0x00, 0x00, 0x00, 0x08, 0x00, 0x00, 0x00, 
    0x00, 0x00, 0x00, 0x00, 0xc2, 0x09, 0x00, 0x00, 0x02, 0x00, 0x01, 0x00, 
    0xd8, 0x07, 0x01, 0x40, 0x00, 0x00, 0x00, 0x00, 0xe8, 0x06, 0x00, 0x00, 
    0x00, 0x00, 0x00, 0x00, 0x0b, 0x0a, 0x00, 0x00, 0x00, 0x00, 0x01, 0x00, 
    0xd8, 0x07, 0x01, 0x40, 0x00, 0x00, 0x00, 0x00, 0x00, 0x00, 0x00, 0x00, 
    0x00, 0x00, 0x00, 0x00, 0x0e, 0x0a, 0x00, 0x00, 0x02, 0x00, 0x01, 0x00, 
    0x48, 0x7f, 0x01, 0x40, 0x00, 0x00, 0x00, 0x00, 0x0c, 0x00, 0x00, 0x00, 
    0x00, 0x00, 0x00, 0x00, 0x22, 0x0a, 0x00, 0x00, 0x02, 0x00, 0x01, 0x00, 
    0x18, 0x5d, 0x01, 0x40, 0x00, 0x00, 0x00, 0x00, 0x14, 0x00, 0x00, 0x00, 
    0x00, 0x00, 0x00, 0x00, 0xa4, 0x0a, 0x00, 0x00, 0x02, 0x00, 0x01, 0x00, 
    0x00, 0x5c, 0x01, 0x40, 0x00, 0x00, 0x00, 0x00, 0x28, 0x00, 0x00, 0x00, 
    0x00, 0x00, 0x00, 0x00, 0x1d, 0x0b, 0x00, 0x00, 0x02, 0x00, 0x01, 0x00, 
    0x38, 0x6c, 0x01, 0x40, 0x00, 0x00, 0x00, 0x00, 0xbc, 0x00, 0x00, 0x00, 
    0x00, 0x00, 0x00, 0x00, 0x64, 0x0b, 0x00, 0x00, 0x02, 0x00, 0x01, 0x00, 
    0x0c, 0x6c, 0x01, 0x40, 0x00, 0x00, 0x00, 0x00, 0x2c, 0x00, 0x00, 0x00, 
    0x00, 0x00, 0x00, 0x00, 0xa9, 0x0b, 0x00, 0x00, 0x02, 0x00, 0x01, 0x00, 
    0x58, 0x59, 0x01, 0x40, 0x00, 0x00, 0x00, 0x00, 0x14, 0x00, 0x00, 0x00, 
    0x00, 0x00, 0x00, 0x00, 0xd2, 0x0b, 0x00, 0x00, 0x02, 0x00, 0x01, 0x00, 
    0xac, 0x5b, 0x01, 0x40, 0x00, 0x00, 0x00, 0x00, 0x1c, 0x00, 0x00, 0x00, 
    0x00, 0x00, 0x00, 0x00, 0x54, 0x0c, 0x00, 0x00, 0x02, 0x00, 0x01, 0x00, 
    0x40, 0x5c, 0x01, 0x40, 0x00, 0x00, 0x00, 0x00, 0x1c, 0x00, 0x00, 0x00, 
    0x00, 0x00, 0x00, 0x00, 0xce, 0x0c, 0x00, 0x00, 0x02, 0x00, 0x01, 0x00, 
    0x74, 0x82, 0x01, 0x40, 0x00, 0x00, 0x00, 0x00, 0x08, 0x00, 0x00, 0x00, 
    0x00, 0x00, 0x00, 0x00, 0xe3, 0x0c, 0x00, 0x00, 0x02, 0x00, 0x01, 0x00, 
    0x6c, 0x82, 0x01, 0x40, 0x00, 0x00, 0x00, 0x00, 0x08, 0x00, 0x00, 0x00, 
    0x00, 0x00, 0x00, 0x00, 0xf8, 0x0c, 0x00, 0x00, 0x02, 0x00, 0x01, 0x00, 
    0xc0, 0x0e, 0x01, 0x40, 0x00, 0x00, 0x00, 0x00, 0x0c, 0x00, 0x00, 0x00, 
    0x00, 0x00, 0x00, 0x00, 0x43, 0x0d, 0x00, 0x00, 0x00, 0x00, 0x01, 0x00, 
    0xc0, 0x0e, 0x01, 0x40, 0x00, 0x00, 0x00, 0x00, 0x00, 0x00, 0x00, 0x00, 
    0x00, 0x00, 0x00, 0x00, 0x46, 0x0d, 0x00, 0x00, 0x02, 0x00, 0x01, 0x00, 
    0xcc, 0x0e, 0x01, 0x40, 0x00, 0x00, 0x00, 0x00, 0x70, 0x01, 0x00, 0x00, 
    0x00, 0x00, 0x00, 0x00, 0xc9, 0x0d, 0x00, 0x00, 0x00, 0x00, 0x01, 0x00, 
    0xcc, 0x0e, 0x01, 0x40, 0x00, 0x00, 0x00, 0x00, 0x00, 0x00, 0x00, 0x00, 
    0x00, 0x00, 0x00, 0x00, 0xcc, 0x0d, 0x00, 0x00, 0x02, 0x00, 0x01, 0x00, 
    0x3c, 0x10, 0x01, 0x40, 0x00, 0x00, 0x00, 0x00, 0x20, 0x04, 0x00, 0x00, 
    0x00, 0x00, 0x00, 0x00, 0x54, 0x0e, 0x00, 0x00, 0x02, 0x00, 0x01, 0x00, 
    0xf0, 0x7f, 0x01, 0x40, 0x00, 0x00, 0x00, 0x00, 0x08, 0x00, 0x00, 0x00, 
    0x00, 0x00, 0x00, 0x00, 0x69, 0x0e, 0x00, 0x00, 0x02, 0x00, 0x01, 0x00, 
    0x5c, 0x5d, 0x01, 0x40, 0x00, 0x00, 0x00, 0x00, 0x14, 0x00, 0x00, 0x00, 
    0x00, 0x00, 0x00, 0x00, 0xeb, 0x0e, 0x00, 0x00, 0x02, 0x00, 0x01, 0x00, 
    0x5c, 0x5c, 0x01, 0x40, 0x00, 0x00, 0x00, 0x00, 0x1c, 0x00, 0x00, 0x00, 
    0x00, 0x00, 0x00, 0x00, 0x66, 0x0f, 0x00, 0x00, 0x02, 0x00, 0x01, 0x00, 
    0x48, 0x5d, 0x01, 0x40, 0x00, 0x00, 0x00, 0x00, 0x14, 0x00, 0x00, 0x00, 
    0x00, 0x00, 0x00, 0x00, 0xe6, 0x0f, 0x00, 0x00, 0x02, 0x00, 0x01, 0x00, 
    0xd0, 0x82, 0x01, 0x40, 0x00, 0x00, 0x00, 0x00, 0x0c, 0x00, 0x00, 0x00, 
    0x00, 0x00, 0x00, 0x00, 0xfb, 0x0f, 0x00, 0x00, 0x00, 0x00, 0x01, 0x00, 
    0x3c, 0x10, 0x01, 0x40, 0x00, 0x00, 0x00, 0x00, 0x00, 0x00, 0x00, 0x00, 
    0x00, 0x00, 0x00, 0x00, 0xfe, 0x0f, 0x00, 0x00, 0x02, 0x00, 0x01, 0x00, 
    0x24, 0x7f, 0x01, 0x40, 0x00, 0x00, 0x00, 0x00, 0x18, 0x00, 0x00, 0x00, 
    0x00, 0x00, 0x00, 0x00, 0x12, 0x10, 0x00, 0x00, 0x02, 0x00, 0x01, 0x00, 
    0x94, 0x7f, 0x01, 0x40, 0x00, 0x00, 0x00, 0x00, 0x0c, 0x00, 0x00, 0x00, 
    0x00, 0x00, 0x00, 0x00, 0x27, 0x10, 0x00, 0x00, 0x02, 0x00, 0x01, 0x00, 
    0xac, 0x5d, 0x01, 0x40, 0x00, 0x00, 0x00, 0x00, 0x14, 0x00, 0x00, 0x00, 
    0x00, 0x00, 0x00, 0x00, 0xa6, 0x10, 0x00, 0x00, 0x02, 0x00, 0x01, 0x00, 
    0xc8, 0x5b, 0x01, 0x40, 0x00, 0x00, 0x00, 0x00, 0x1c, 0x00, 0x00, 0x00, 
    0x00, 0x00, 0x00, 0x00, 0x20, 0x11, 0x00, 0x00, 0x02, 0x00, 0x01, 0x00, 
    0x94, 0x5c, 0x01, 0x40, 0x00, 0x00, 0x00, 0x00, 0x1c, 0x00, 0x00, 0x00, 
    0x00, 0x00, 0x00, 0x00, 0x9a, 0x11, 0x00, 0x00, 0x02, 0x00, 0x01, 0x00, 
    0x0c, 0x7f, 0x01, 0x40, 0x00, 0x00, 0x00, 0x00, 0x18, 0x00, 0x00, 0x00, 
    0x00, 0x00, 0x00, 0x00, 0xae, 0x11, 0x00, 0x00, 0x02, 0x00, 0x01, 0x00, 
    0xb0, 0x7f, 0x01, 0x40, 0x00, 0x00, 0x00, 0x00, 0x08, 0x00, 0x00, 0x00, 
    0x00, 0x00, 0x00, 0x00, 0xc3, 0x11, 0x00, 0x00, 0x02, 0x00, 0x01, 0x00, 
    0x60, 0x82, 0x01, 0x40, 0x00, 0x00, 0x00, 0x00, 0x0c, 0x00, 0x00, 0x00, 
    0x00, 0x00, 0x00, 0x00, 0xd8, 0x11, 0x00, 0x00, 0x02, 0x00, 0x01, 0x00, 
    0x30, 0x82, 0x01, 0x40, 0x00, 0x00, 0x00, 0x00, 0x0c, 0x00, 0x00, 0x00, 
    0x00, 0x00, 0x00, 0x00, 0xed, 0x11, 0x00, 0x00, 0x02, 0x00, 0x01, 0x00, 
    0x64, 0x81, 0x01, 0x40, 0x00, 0x00, 0x00, 0x00, 0x08, 0x00, 0x00, 0x00, 
    0x00, 0x00, 0x00, 0x00, 0x02, 0x12, 0x00, 0x00, 0x02, 0x00, 0x01, 0x00, 
    0x5c, 0x14, 0x01, 0x40, 0x00, 0x00, 0x00, 0x00, 0x38, 0x18, 0x00, 0x00, 
    0x00, 0x00, 0x00, 0x00, 0x8a, 0x12, 0x00, 0x00, 0x00, 0x00, 0x01, 0x00, 
    0x5c, 0x14, 0x01, 0x40, 0x00, 0x00, 0x00, 0x00, 0x00, 0x00, 0x00, 0x00, 
    0x00, 0x00, 0x00, 0x00, 0x8d, 0x12, 0x00, 0x00, 0x02, 0x00, 0x01, 0x00, 
    0xd4, 0x7e, 0x01, 0x40, 0x00, 0x00, 0x00, 0x00, 0x10, 0x00, 0x00, 0x00, 
    0x00, 0x00, 0x00, 0x00, 0xa1, 0x12, 0x00, 0x00, 0x02, 0x00, 0x01, 0x00, 
    0x54, 0x82, 0x01, 0x40, 0x00, 0x00, 0x00, 0x00, 0x0c, 0x00, 0x00, 0x00, 
    0x00, 0x00, 0x00, 0x00, 0xb6, 0x12, 0x00, 0x00, 0x02, 0x00, 0x01, 0x00, 
    0xdc, 0x7f, 0x01, 0x40, 0x00, 0x00, 0x00, 0x00, 0x0c, 0x00, 0x00, 0x00, 
    0x00, 0x00, 0x00, 0x00, 0xcb, 0x12, 0x00, 0x00, 0x02, 0x00, 0x01, 0x00, 
    0x3c, 0x70, 0x01, 0x40, 0x00, 0x00, 0x00, 0x00, 0x5c, 0x00, 0x00, 0x00, 
    0x00, 0x00, 0x00, 0x00, 0x0d, 0x13, 0x00, 0x00, 0x02, 0x00, 0x01, 0x00, 
    0x78, 0x72, 0x01, 0x40, 0x00, 0x00, 0x00, 0x00, 0x14, 0x00, 0x00, 0x00, 
    0x00, 0x00, 0x00, 0x00, 0x8d, 0x13, 0x00, 0x00, 0x02, 0x00, 0x01, 0x00, 
    0xd4, 0x7f, 0x01, 0x40, 0x00, 0x00, 0x00, 0x00, 0x08, 0x00, 0x00, 0x00, 
    0x00, 0x00, 0x00, 0x00, 0xa2, 0x13, 0x00, 0x00, 0x02, 0x00, 0x01, 0x00, 
    0x90, 0x5b, 0x01, 0x40, 0x00, 0x00, 0x00, 0x00, 0x1c, 0x00, 0x00, 0x00, 
    0x00, 0x00, 0x00, 0x00, 0x20, 0x14, 0x00, 0x00, 0x02, 0x00, 0x01, 0x00, 
    0xd8, 0x81, 0x01, 0x40, 0x00, 0x00, 0x00, 0x00, 0x10, 0x00, 0x00, 0x00, 
    0x00, 0x00, 0x00, 0x00, 0x35, 0x14, 0x00, 0x00, 0x02, 0x00, 0x01, 0x00, 
    0xf8, 0x30, 0x01, 0x40, 0x00, 0x00, 0x00, 0x00, 0x80, 0x00, 0x00, 0x00, 
    0x00, 0x00, 0x00, 0x00, 0xc0, 0x14, 0x00, 0x00, 0x02, 0x00, 0x01, 0x00, 
    0xb4, 0x31, 0x01, 0x40, 0x00, 0x00, 0x00, 0x00, 0xb0, 0x00, 0x00, 0x00, 
    0x00, 0x00, 0x00, 0x00, 0x4c, 0x15, 0x00, 0x00, 0x02, 0x00, 0x01, 0x00, 
    0x78, 0x31, 0x01, 0x40, 0x00, 0x00, 0x00, 0x00, 0x3c, 0x00, 0x00, 0x00, 
    0x00, 0x00, 0x00, 0x00, 0xd7, 0x15, 0x00, 0x00, 0x02, 0x00, 0x01, 0x00, 
    0xb0, 0x80, 0x01, 0x40, 0x00, 0x00, 0x00, 0x00, 0x14, 0x00, 0x00, 0x00, 
    0x00, 0x00, 0x00, 0x00, 0xec, 0x15, 0x00, 0x00, 0x02, 0x00, 0x01, 0x00, 
    0x7c, 0x81, 0x01, 0x40, 0x00, 0x00, 0x00, 0x00, 0x10, 0x00, 0x00, 0x00, 
    0x00, 0x00, 0x00, 0x00, 0x01, 0x16, 0x00, 0x00, 0x02, 0x00, 0x01, 0x00, 
    0x24, 0x82, 0x01, 0x40, 0x00, 0x00, 0x00, 0x00, 0x0c, 0x00, 0x00, 0x00, 
    0x00, 0x00, 0x00, 0x00, 0x16, 0x16, 0x00, 0x00, 0x02, 0x00, 0x01, 0x00, 
    0x5c, 0x81, 0x01, 0x40, 0x00, 0x00, 0x00, 0x00, 0x08, 0x00, 0x00, 0x00, 
    0x00, 0x00, 0x00, 0x00, 0x2b, 0x16, 0x00, 0x00, 0x02, 0x00, 0x01, 0x00, 
    0xe0, 0x67, 0x01, 0x40, 0x00, 0x00, 0x00, 0x00, 0x1c, 0x00, 0x00, 0x00, 
    0x00, 0x00, 0x00, 0x00, 0xaa, 0x16, 0x00, 0x00, 0x02, 0x00, 0x01, 0x00, 
    0xcc, 0x80, 0x01, 0x40, 0x00, 0x00, 0x00, 0x00, 0x14, 0x00, 0x00, 0x00, 
    0x00, 0x00, 0x00, 0x00, 0xbf, 0x16, 0x00, 0x00, 0x02, 0x00, 0x01, 0x00, 
    0x50, 0x68, 0x01, 0x40, 0x00, 0x00, 0x00, 0x00, 0x1c, 0x00, 0x00, 0x00, 
    0x00, 0x00, 0x00, 0x00, 0x38, 0x17, 0x00, 0x00, 0x02, 0x00, 0x01, 0x00, 
    0x94, 0x74, 0x01, 0x40, 0x00, 0x00, 0x00, 0x00, 0x9c, 0x00, 0x00, 0x00, 
    0x00, 0x00, 0x00, 0x00, 0x76, 0x17, 0x00, 0x00, 0x02, 0x00, 0x01, 0x00, 
    0x9c, 0x81, 0x01, 0x40, 0x00, 0x00, 0x00, 0x00, 0x1c, 0x00, 0x00, 0x00, 
    0x00, 0x00, 0x00, 0x00, 0x8b, 0x17, 0x00, 0x00, 0x02, 0x00, 0x01, 0x00, 
    0xdc, 0x82, 0x01, 0x40, 0x00, 0x00, 0x00, 0x00, 0x0c, 0x00, 0x00, 0x00, 
    0x00, 0x00, 0x00, 0x00, 0xa0, 0x17, 0x00, 0x00, 0x02, 0x00, 0x01, 0x00, 
    0x30, 0x75, 0x01, 0x40, 0x00, 0x00, 0x00, 0x00, 0x84, 0x00, 0x00, 0x00, 
    0x00, 0x00, 0x00, 0x00, 0xe7, 0x17, 0x00, 0x00, 0x02, 0x00, 0x01, 0x00, 
    0x98, 0x5d, 0x01, 0x40, 0x00, 0x00, 0x00, 0x00, 0x14, 0x00, 0x00, 0x00, 
    0x00, 0x00, 0x00, 0x00, 0x68, 0x18, 0x00, 0x00, 0x02, 0x00, 0x01, 0x00, 
    0x74, 0x5b, 0x01, 0x40, 0x00, 0x00, 0x00, 0x00, 0x1c, 0x00, 0x00, 0x00, 
    0x00, 0x00, 0x00, 0x00, 0xe8, 0x18, 0x00, 0x00, 0x02, 0x00, 0x01, 0x00, 
    0x44, 0x6d, 0x01, 0x40, 0x00, 0x00, 0x00, 0x00, 0x64, 0x00, 0x00, 0x00, 
    0x00, 0x00, 0x00, 0x00, 0x1a, 0x19, 0x00, 0x00, 0x02, 0x00, 0x01, 0x00, 
    0xc4, 0x5c, 0x01, 0x40, 0x00, 0x00, 0x00, 0x00, 0x14, 0x00, 0x00, 0x00, 
    0x00, 0x00, 0x00, 0x00, 0x9b, 0x19, 0x00, 0x00, 0x02, 0x00, 0x01, 0x00, 
    0xb4, 0x75, 0x01, 0x40, 0x00, 0x00, 0x00, 0x00, 0x14, 0x00, 0x00, 0x00, 
    0x00, 0x00, 0x00, 0x00, 0x1a, 0x1a, 0x00, 0x00, 0x02, 0x00, 0x01, 0x00, 
    0x28, 0x5c, 0x01, 0x40, 0x00, 0x00, 0x00, 0x00, 0x18, 0x00, 0x00, 0x00, 
    0x00, 0x00, 0x00, 0x00, 0x95, 0x1a, 0x00, 0x00, 0x02, 0x00, 0x01, 0x00, 
    0xe4, 0x7b, 0x01, 0x40, 0x00, 0x00, 0x00, 0x00, 0x04, 0x02, 0x00, 0x00, 
    0x00, 0x00, 0x00, 0x00, 0xf4, 0x1a, 0x00, 0x00, 0x02, 0x00, 0x01, 0x00, 
    0x68, 0x80, 0x01, 0x40, 0x00, 0x00, 0x00, 0x00, 0x10, 0x00, 0x00, 0x00, 
    0x00, 0x00, 0x00, 0x00, 0x09, 0x1b, 0x00, 0x00, 0x02, 0x00, 0x01, 0x00, 
    0x48, 0x82, 0x01, 0x40, 0x00, 0x00, 0x00, 0x00, 0x0c, 0x00, 0x00, 0x00, 
    0x00, 0x00, 0x00, 0x00, 0x1e, 0x1b, 0x00, 0x00, 0x02, 0x00, 0x01, 0x00, 
    0xe8, 0x7f, 0x01, 0x40, 0x00, 0x00, 0x00, 0x00, 0x08, 0x00, 0x00, 0x00, 
    0x00, 0x00, 0x00, 0x00, 0x33, 0x1b, 0x00, 0x00, 0x02, 0x00, 0x01, 0x00, 
    0xf4, 0x80, 0x01, 0x40, 0x00, 0x00, 0x00, 0x00, 0x20, 0x00, 0x00, 0x00, 
    0x00, 0x00, 0x00, 0x00, 0x48, 0x1b, 0x00, 0x00, 0x02, 0x00, 0x01, 0x00, 
    0x94, 0x2c, 0x01, 0x40, 0x00, 0x00, 0x00, 0x00, 0x94, 0x03, 0x00, 0x00, 
    0x00, 0x00, 0x00, 0x00, 0xd0, 0x1b, 0x00, 0x00, 0x02, 0x00, 0x01, 0x00, 
    0xfc, 0x67, 0x01, 0x40, 0x00, 0x00, 0x00, 0x00, 0x1c, 0x00, 0x00, 0x00, 
    0x00, 0x00, 0x00, 0x00, 0x4d, 0x1c, 0x00, 0x00, 0x02, 0x00, 0x01, 0x00, 
    0xec, 0x73, 0x01, 0x40, 0x00, 0x00, 0x00, 0x00, 0x2c, 0x00, 0x00, 0x00, 
    0x00, 0x00, 0x00, 0x00, 0xa4, 0x1c, 0x00, 0x00, 0x02, 0x00, 0x01, 0x00, 
    0x3c, 0x71, 0x01, 0x40, 0x00, 0x00, 0x00, 0x00, 0x3c, 0x01, 0x00, 0x00, 
    0x00, 0x00, 0x00, 0x00, 0xf5, 0x1c, 0x00, 0x00, 0x02, 0x00, 0x01, 0x00, 
    0x18, 0x74, 0x01, 0x40, 0x00, 0x00, 0x00, 0x00, 0x14, 0x00, 0x00, 0x00, 
    0x00, 0x00, 0x00, 0x00, 0x75, 0x1d, 0x00, 0x00, 0x00, 0x00, 0x02, 0x00, 
    0x00, 0x90, 0x01, 0x40, 0x00, 0x00, 0x00, 0x00, 0x00, 0x00, 0x00, 0x00, 
    0x00, 0x00, 0x00, 0x00, 0x78, 0x1d, 0x00, 0x00, 0x00, 0x00, 0x01, 0x00, 
    0x94, 0x2c, 0x01, 0x40, 0x00, 0x00, 0x00, 0x00, 0x00, 0x00, 0x00, 0x00, 
    0x00, 0x00, 0x00, 0x00, 0x7b, 0x1d, 0x00, 0x00, 0x02, 0x00, 0x01, 0x00, 
    0xec, 0x5c, 0x01, 0x40, 0x00, 0x00, 0x00, 0x00, 0x18, 0x00, 0x00, 0x00, 
    0x00, 0x00, 0x00, 0x00, 0xfd, 0x1d, 0x00, 0x00, 0x02, 0x00, 0x01, 0x00, 
    0xd8, 0x5c, 0x01, 0x40, 0x00, 0x00, 0x00, 0x00, 0x14, 0x00, 0x00, 0x00, 
    0x00, 0x00, 0x00, 0x00, 0x7d, 0x1e, 0x00, 0x00, 0x02, 0x00, 0x01, 0x00, 
    0xe4, 0x5b, 0x01, 0x40, 0x00, 0x00, 0x00, 0x00, 0x1c, 0x00, 0x00, 0x00, 
    0x00, 0x00, 0x00, 0x00, 0xf8, 0x1e, 0x00, 0x00, 0x02, 0x00, 0x01, 0x00, 
    0x68, 0x7f, 0x01, 0x40, 0x00, 0x00, 0x00, 0x00, 0x0c, 0x00, 0x00, 0x00, 
    0x00, 0x00, 0x00, 0x00, 0x0c, 0x1f, 0x00, 0x00, 0x02, 0x00, 0x01, 0x00, 
    0x28, 0x30, 0x01, 0x40, 0x00, 0x00, 0x00, 0x00, 0xd0, 0x00, 0x00, 0x00, 
    0x00, 0x00, 0x00, 0x00, 0x95, 0x1f, 0x00, 0x00, 0x00, 0x00, 0x01, 0x00, 
    0x28, 0x30, 0x01, 0x40, 0x00, 0x00, 0x00, 0x00, 0x00, 0x00, 0x00, 0x00, 
    0x00, 0x00, 0x00, 0x00, 0x98, 0x1f, 0x00, 0x00, 0x02, 0x00, 0x01, 0x00, 
    0xa0, 0x7f, 0x01, 0x40, 0x00, 0x00, 0x00, 0x00, 0x10, 0x00, 0x00, 0x00, 
    0x00, 0x00, 0x00, 0x00, 0xad, 0x1f, 0x00, 0x00, 0x02, 0x00, 0x01, 0x00, 
    0x10, 0x80, 0x01, 0x40, 0x00, 0x00, 0x00, 0x00, 0x10, 0x00, 0x00, 0x00, 
    0x00, 0x00, 0x00, 0x00, 0xc2, 0x1f, 0x00, 0x00, 0x00, 0x00, 0x01, 0x00, 
    0xf8, 0x30, 0x01, 0x40, 0x00, 0x00, 0x00, 0x00, 0x00, 0x00, 0x00, 0x00, 
    0x00, 0x00, 0x00, 0x00, 0xc5, 0x1f, 0x00, 0x00, 0x02, 0x00, 0x01, 0x00, 
    0xec, 0x5d, 0x01, 0x40, 0x00, 0x00, 0x00, 0x00, 0x30, 0x00, 0x00, 0x00, 
    0x00, 0x00, 0x00, 0x00, 0x12, 0x20, 0x00, 0x00, 0x00, 0x00, 0x01, 0x00, 
    0x78, 0x31, 0x01, 0x40, 0x00, 0x00, 0x00, 0x00, 0x00, 0x00, 0x00, 0x00, 
    0x00, 0x00, 0x00, 0x00, 0x15, 0x20, 0x00, 0x00, 0x00, 0x00, 0x01, 0x00, 
    0xb4, 0x31, 0x01, 0x40, 0x00, 0x00, 0x00, 0x00, 0x00, 0x00, 0x00, 0x00, 
    0x00, 0x00, 0x00, 0x00, 0x18, 0x20, 0x00, 0x00, 0x02, 0x00, 0x01, 0x00, 
    0x18, 0x82, 0x01, 0x40, 0x00, 0x00, 0x00, 0x00, 0x0c, 0x00, 0x00, 0x00, 
    0x00, 0x00, 0x00, 0x00, 0x2d, 0x20, 0x00, 0x00, 0x02, 0x00, 0x01, 0x00, 
    0x80, 0x69, 0x01, 0x40, 0x00, 0x00, 0x00, 0x00, 0x1c, 0x00, 0x00, 0x00, 
    0x00, 0x00, 0x00, 0x00, 0x73, 0x20, 0x00, 0x00, 0x00, 0x00, 0x01, 0x00, 
    0x64, 0x32, 0x01, 0x40, 0x00, 0x00, 0x00, 0x00, 0x00, 0x00, 0x00, 0x00, 
    0x00, 0x00, 0x00, 0x00, 0x76, 0x20, 0x00, 0x00, 0x01, 0x00, 0x03, 0x00, 
    0x00, 0xd0, 0x01, 0x40, 0x00, 0x00, 0x00, 0x00, 0x48, 0x00, 0x00, 0x00, 
    0x00, 0x00, 0x00, 0x00, 0x99, 0x20, 0x00, 0x00, 0x00, 0x00, 0x01, 0x00, 
    0x20, 0x35, 0x01, 0x40, 0x00, 0x00, 0x00, 0x00, 0x00, 0x00, 0x00, 0x00, 
    0x00, 0x00, 0x00, 0x00, 0x9c, 0x20, 0x00, 0x00, 0x02, 0x00, 0x01, 0x00, 
    0xf8, 0x7f, 0x01, 0x40, 0x00, 0x00, 0x00, 0x00, 0x18, 0x00, 0x00, 0x00, 
    0x00, 0x00, 0x00, 0x00, 0xb1, 0x20, 0x00, 0x00, 0x02, 0x00, 0x01, 0x00, 
    0xa0, 0x7b, 0x01, 0x40, 0x00, 0x00, 0x00, 0x00, 0x44, 0x00, 0x00, 0x00, 
    0x00, 0x00, 0x00, 0x00, 0xf1, 0x20, 0x00, 0x00, 0x02, 0x00, 0x01, 0x00, 
    0x6c, 0x59, 0x01, 0x40, 0x00, 0x00, 0x00, 0x00, 0xec, 0x01, 0x00, 0x00, 
    0x00, 0x00, 0x00, 0x00, 0x23, 0x21, 0x00, 0x00, 0x02, 0x00, 0x01, 0x00, 
    0x90, 0x6b, 0x01, 0x40, 0x00, 0x00, 0x00, 0x00, 0x38, 0x00, 0x00, 0x00, 
    0x00, 0x00, 0x00, 0x00, 0x4d, 0x21, 0x00, 0x00, 0x02, 0x00, 0x01, 0x00, 
    0xe8, 0x7d, 0x01, 0x40, 0x00, 0x00, 0x00, 0x00, 0x7c, 0x00, 0x00, 0x00, 
    0x00, 0x00, 0x00, 0x00, 0xac, 0x21, 0x00, 0x00, 0x02, 0x00, 0x01, 0x00, 
    0x94, 0x7e, 0x01, 0x40, 0x00, 0x00, 0x00, 0x00, 0x28, 0x00, 0x00, 0x00, 
    0x00, 0x00, 0x00, 0x00, 0x07, 0x22, 0x00, 0x00, 0x02, 0x00, 0x01, 0x00, 
    0xb8, 0x77, 0x01, 0x40, 0x00, 0x00, 0x00, 0x00, 0x4c, 0x00, 0x00, 0x00, 
    0x00, 0x00, 0x00, 0x00, 0x3c, 0x22, 0x00, 0x00, 0x02, 0x00, 0x01, 0x00, 
    0x8c, 0x81, 0x01, 0x40, 0x00, 0x00, 0x00, 0x00, 0x10, 0x00, 0x00, 0x00, 
    0x00, 0x00, 0x00, 0x00, 0x51, 0x22, 0x00, 0x00, 0x02, 0x00, 0x01, 0x00, 
    0x78, 0x80, 0x01, 0x40, 0x00, 0x00, 0x00, 0x00, 0x08, 0x00, 0x00, 0x00, 
    0x00, 0x00, 0x00, 0x00, 0x66, 0x22, 0x00, 0x00, 0x02, 0x00, 0x01, 0x00, 
    0xf0, 0x66, 0x01, 0x40, 0x00, 0x00, 0x00, 0x00, 0xf0, 0x00, 0x00, 0x00, 
    0x00, 0x00, 0x00, 0x00, 0x8e, 0x22, 0x00, 0x00, 0x02, 0x00, 0x01, 0x00, 
    0xa8, 0x6d, 0x01, 0x40, 0x00, 0x00, 0x00, 0x00, 0x84, 0x00, 0x00, 0x00, 
    0x00, 0x00, 0x00, 0x00, 0xc1, 0x22, 0x00, 0x00, 0x02, 0x00, 0x01, 0x00, 
    0x54, 0x77, 0x01, 0x40, 0x00, 0x00, 0x00, 0x00, 0x64, 0x00, 0x00, 0x00, 
    0x00, 0x00, 0x00, 0x00, 0xfc, 0x22, 0x00, 0x00, 0x02, 0x00, 0x01, 0x00, 
    0xc4, 0x82, 0x01, 0x40, 0x00, 0x00, 0x00, 0x00, 0x0c, 0x00, 0x00, 0x00, 
    0x00, 0x00, 0x00, 0x00, 0x11, 0x23, 0x00, 0x00, 0x02, 0x00, 0x01, 0x00, 
    0x6c, 0x81, 0x01, 0x40, 0x00, 0x00, 0x00, 0x00, 0x10, 0x00, 0x00, 0x00, 
    0x00, 0x00, 0x00, 0x00, 0x26, 0x23, 0x00, 0x00, 0x02, 0x00, 0x01, 0x00, 
    0x94, 0x6f, 0x01, 0x40, 0x00, 0x00, 0x00, 0x00, 0xa8, 0x00, 0x00, 0x00, 
    0x00, 0x00, 0x00, 0x00, 0x5e, 0x23, 0x00, 0x00, 0x02, 0x00, 0x01, 0x00, 
    0xbc, 0x7e, 0x01, 0x40, 0x00, 0x00, 0x00, 0x00, 0x18, 0x00, 0x00, 0x00, 
    0x00, 0x00, 0x00, 0x00, 0x72, 0x23, 0x00, 0x00, 0x02, 0x00, 0x01, 0x00, 
    0x04, 0x83, 0x01, 0x40, 0x00, 0x00, 0x00, 0x00, 0x0c, 0x00, 0x00, 0x00, 
    0x00, 0x00, 0x00, 0x00, 0x87, 0x23, 0x00, 0x00, 0x02, 0x00, 0x01, 0x00, 
    0x04, 0x5d, 0x01, 0x40, 0x00, 0x00, 0x00, 0x00, 0x14, 0x00, 0x00, 0x00, 
    0x00, 0x00, 0x00, 0x00, 0x07, 0x24, 0x00, 0x00, 0x02, 0x00, 0x01, 0x00, 
    0xf4, 0x7e, 0x01, 0x40, 0x00, 0x00, 0x00, 0x00, 0x18, 0x00, 0x00, 0x00, 
    0x00, 0x00, 0x00, 0x00, 0x1b, 0x24, 0x00, 0x00, 0x02, 0x00, 0x01, 0x00, 
    0x74, 0x7f, 0x01, 0x40, 0x00, 0x00, 0x00, 0x00, 0x10, 0x00, 0x00, 0x00, 
    0x00, 0x00, 0x00, 0x00, 0x30, 0x24, 0x00, 0x00, 0x02, 0x00, 0x01, 0x00, 
    0x64, 0x6a, 0x01, 0x40, 0x00, 0x00, 0x00, 0x00, 0x2c, 0x01, 0x00, 0x00, 
    0x00, 0x00, 0x00, 0x00, 0x6e, 0x24, 0x00, 0x00, 0x02, 0x00, 0x01, 0x00, 
    0xc8, 0x6b, 0x01, 0x40, 0x00, 0x00, 0x00, 0x00, 0x44, 0x00, 0x00, 0x00, 
    0x00, 0x00, 0x00, 0x00, 0x99, 0x24, 0x00, 0x00, 0x02, 0x00, 0x01, 0x00, 
    0xb0, 0x5c, 0x01, 0x40, 0x00, 0x00, 0x00, 0x00, 0x14, 0x00, 0x00, 0x00, 
    0x00, 0x00, 0x00, 0x00, 0x18, 0x25, 0x00, 0x00, 0x02, 0x00, 0x01, 0x00, 
    0xb8, 0x81, 0x01, 0x40, 0x00, 0x00, 0x00, 0x00, 0x10, 0x00, 0x00, 0x00, 
    0x00, 0x00, 0x00, 0x00, 0x2d, 0x25, 0x00, 0x00, 0x02, 0x00, 0x01, 0x00, 
    0x2c, 0x5d, 0x01, 0x40, 0x00, 0x00, 0x00, 0x00, 0x1c, 0x00, 0x00, 0x00, 
    0x00, 0x00, 0x00, 0x00, 0xb1, 0x25, 0x00, 0x00, 0x02, 0x00, 0x01, 0x00, 
    0xf0, 0x82, 0x01, 0x40, 0x00, 0x00, 0x00, 0x00, 0x0c, 0x00, 0x00, 0x00, 
    0x00, 0x00, 0x00, 0x00, 0xc6, 0x25, 0x00, 0x00, 0x02, 0x00, 0x01, 0x00, 
    0x94, 0x82, 0x01, 0x40, 0x00, 0x00, 0x00, 0x00, 0x08, 0x00, 0x00, 0x00, 
    0x00, 0x00, 0x00, 0x00, 0xdb, 0x25, 0x00, 0x00, 0x02, 0x00, 0x01, 0x00, 
    0x58, 0x5b, 0x01, 0x40, 0x00, 0x00, 0x00, 0x00, 0x1c, 0x00, 0x00, 0x00, 
    0x00, 0x00, 0x00, 0x00, 0x59, 0x26, 0x00, 0x00, 0x02, 0x00, 0x01, 0x00, 
    0xb8, 0x7f, 0x01, 0x40, 0x00, 0x00, 0x00, 0x00, 0x1c, 0x00, 0x00, 0x00, 
    0x00, 0x00, 0x00, 0x00, 0x6e, 0x26, 0x00, 0x00, 0x00, 0x00, 0x02, 0x00, 
    0x14, 0x90, 0x01, 0x40, 0x00, 0x00, 0x00, 0x00, 0x00, 0x00, 0x00, 0x00, 
    0x00, 0x00, 0x00, 0x00, 0x71, 0x26, 0x00, 0x00, 0x00, 0x00, 0x01, 0x00, 
    0x58, 0x59, 0x01, 0x40, 0x00, 0x00, 0x00, 0x00, 0x00, 0x00, 0x00, 0x00, 
    0x00, 0x00, 0x00, 0x00, 0x74, 0x26, 0x00, 0x00, 0x00, 0x00, 0x01, 0x00, 
    0x6c, 0x59, 0x01, 0x40, 0x00, 0x00, 0x00, 0x00, 0x00, 0x00, 0x00, 0x00, 
    0x00, 0x00, 0x00, 0x00, 0x77, 0x26, 0x00, 0x00, 0x01, 0x00, 0x04, 0x00, 
    0x18, 0x60, 0x02, 0x40, 0x00, 0x00, 0x00, 0x00, 0x08, 0x00, 0x00, 0x00, 
    0x00, 0x00, 0x00, 0x00, 0xa3, 0x26, 0x00, 0x00, 0x00, 0x00, 0x01, 0x00, 
    0x58, 0x5b, 0x01, 0x40, 0x00, 0x00, 0x00, 0x00, 0x00, 0x00, 0x00, 0x00, 
    0x00, 0x00, 0x00, 0x00, 0xa6, 0x26, 0x00, 0x00, 0x02, 0x00, 0x01, 0x00, 
    0x90, 0x80, 0x01, 0x40, 0x00, 0x00, 0x00, 0x00, 0x08, 0x00, 0x00, 0x00, 
    0x00, 0x00, 0x00, 0x00, 0xbb, 0x26, 0x00, 0x00, 0x02, 0x00, 0x01, 0x00, 
    0xa4, 0x82, 0x01, 0x40, 0x00, 0x00, 0x00, 0x00, 0x0c, 0x00, 0x00, 0x00, 
    0x00, 0x00, 0x00, 0x00, 0xd0, 0x26, 0x00, 0x00, 0x00, 0x00, 0x01, 0x00, 
    0x74, 0x5b, 0x01, 0x40, 0x00, 0x00, 0x00, 0x00, 0x00, 0x00, 0x00, 0x00, 
    0x00, 0x00, 0x00, 0x00, 0xd3, 0x26, 0x00, 0x00, 0x00, 0x00, 0x01, 0x00, 
    0x90, 0x5b, 0x01, 0x40, 0x00, 0x00, 0x00, 0x00, 0x00, 0x00, 0x00, 0x00, 
    0x00, 0x00, 0x00, 0x00, 0xd6, 0x26, 0x00, 0x00, 0x00, 0x00, 0x01, 0x00, 
    0xac, 0x5b, 0x01, 0x40, 0x00, 0x00, 0x00, 0x00, 0x00, 0x00, 0x00, 0x00, 
    0x00, 0x00, 0x00, 0x00, 0xd9, 0x26, 0x00, 0x00, 0x00, 0x00, 0x01, 0x00, 
    0xc8, 0x5b, 0x01, 0x40, 0x00, 0x00, 0x00, 0x00, 0x00, 0x00, 0x00, 0x00, 
    0x00, 0x00, 0x00, 0x00, 0xdc, 0x26, 0x00, 0x00, 0x02, 0x00, 0x01, 0x00, 
    0xa4, 0x80, 0x01, 0x40, 0x00, 0x00, 0x00, 0x00, 0x0c, 0x00, 0x00, 0x00, 
    0x00, 0x00, 0x00, 0x00, 0xf1, 0x26, 0x00, 0x00, 0x00, 0x00, 0x01, 0x00, 
    0xe4, 0x5b, 0x01, 0x40, 0x00, 0x00, 0x00, 0x00, 0x00, 0x00, 0x00, 0x00, 
    0x00, 0x00, 0x00, 0x00, 0xf4, 0x26, 0x00, 0x00, 0x00, 0x00, 0x01, 0x00, 
    0x00, 0x5c, 0x01, 0x40, 0x00, 0x00, 0x00, 0x00, 0x00, 0x00, 0x00, 0x00, 
    0x00, 0x00, 0x00, 0x00, 0xf7, 0x26, 0x00, 0x00, 0x00, 0x00, 0x01, 0x00, 
    0x28, 0x5c, 0x01, 0x40, 0x00, 0x00, 0x00, 0x00, 0x00, 0x00, 0x00, 0x00, 
    0x00, 0x00, 0x00, 0x00, 0xfa, 0x26, 0x00, 0x00, 0x00, 0x00, 0x01, 0x00, 
    0x40, 0x5c, 0x01, 0x40, 0x00, 0x00, 0x00, 0x00, 0x00, 0x00, 0x00, 0x00, 
    0x00, 0x00, 0x00, 0x00, 0xfd, 0x26, 0x00, 0x00, 0x00, 0x00, 0x01, 0x00, 
    0x5c, 0x5c, 0x01, 0x40, 0x00, 0x00, 0x00, 0x00, 0x00, 0x00, 0x00, 0x00, 
    0x00, 0x00, 0x00, 0x00, 0x00, 0x27, 0x00, 0x00, 0x00, 0x00, 0x01, 0x00, 
    0x78, 0x5c, 0x01, 0x40, 0x00, 0x00, 0x00, 0x00, 0x00, 0x00, 0x00, 0x00, 
    0x00, 0x00, 0x00, 0x00, 0x03, 0x27, 0x00, 0x00, 0x00, 0x00, 0x01, 0x00, 
    0x94, 0x5c, 0x01, 0x40, 0x00, 0x00, 0x00, 0x00, 0x00, 0x00, 0x00, 0x00, 
    0x00, 0x00, 0x00, 0x00, 0x06, 0x27, 0x00, 0x00, 0x00, 0x00, 0x01, 0x00, 
    0xb0, 0x5c, 0x01, 0x40, 0x00, 0x00, 0x00, 0x00, 0x00, 0x00, 0x00, 0x00, 
    0x00, 0x00, 0x00, 0x00, 0x09, 0x27, 0x00, 0x00, 0x02, 0x00, 0x01, 0x00, 
    0x14, 0x81, 0x01, 0x40, 0x00, 0x00, 0x00, 0x00, 0x18, 0x00, 0x00, 0x00, 
    0x00, 0x00, 0x00, 0x00, 0x1e, 0x27, 0x00, 0x00, 0x00, 0x00, 0x01, 0x00, 
    0xc4, 0x5c, 0x01, 0x40, 0x00, 0x00, 0x00, 0x00, 0x00, 0x00, 0x00, 0x00, 
    0x00, 0x00, 0x00, 0x00, 0x21, 0x27, 0x00, 0x00, 0x02, 0x00, 0x01, 0x00, 
    0x7c, 0x83, 0x01, 0x40, 0x00, 0x00, 0x00, 0x00, 0x14, 0x00, 0x00, 0x00, 
    0x00, 0x00, 0x00, 0x00, 0x36, 0x27, 0x00, 0x00, 0x00, 0x00, 0x01, 0x00, 
    0xd8, 0x5c, 0x01, 0x40, 0x00, 0x00, 0x00, 0x00, 0x00, 0x00, 0x00, 0x00, 
    0x00, 0x00, 0x00, 0x00, 0x39, 0x27, 0x00, 0x00, 0x00, 0x00, 0x01, 0x00, 
    0xec, 0x5c, 0x01, 0x40, 0x00, 0x00, 0x00, 0x00, 0x00, 0x00, 0x00, 0x00, 
    0x00, 0x00, 0x00, 0x00, 0x3c, 0x27, 0x00, 0x00, 0x00, 0x00, 0x01, 0x00, 
    0x04, 0x5d, 0x01, 0x40, 0x00, 0x00, 0x00, 0x00, 0x00, 0x00, 0x00, 0x00, 
    0x00, 0x00, 0x00, 0x00, 0x3f, 0x27, 0x00, 0x00, 0x00, 0x00, 0x01, 0x00, 
    0x18, 0x5d, 0x01, 0x40, 0x00, 0x00, 0x00, 0x00, 0x00, 0x00, 0x00, 0x00, 
    0x00, 0x00, 0x00, 0x00, 0x42, 0x27, 0x00, 0x00, 0x00, 0x00, 0x01, 0x00, 
    0x2c, 0x5d, 0x01, 0x40, 0x00, 0x00, 0x00, 0x00, 0x00, 0x00, 0x00, 0x00, 
    0x00, 0x00, 0x00, 0x00, 0x45, 0x27, 0x00, 0x00, 0x00, 0x00, 0x01, 0x00, 
    0x48, 0x5d, 0x01, 0x40, 0x00, 0x00, 0x00, 0x00, 0x00, 0x00, 0x00, 0x00, 
    0x00, 0x00, 0x00, 0x00, 0x48, 0x27, 0x00, 0x00, 0x00, 0x00, 0x01, 0x00, 
    0x5c, 0x5d, 0x01, 0x40, 0x00, 0x00, 0x00, 0x00, 0x00, 0x00, 0x00, 0x00, 
    0x00, 0x00, 0x00, 0x00, 0x4b, 0x27, 0x00, 0x00, 0x00, 0x00, 0x01, 0x00, 
    0x70, 0x5d, 0x01, 0x40, 0x00, 0x00, 0x00, 0x00, 0x00, 0x00, 0x00, 0x00, 
    0x00, 0x00, 0x00, 0x00, 0x4e, 0x27, 0x00, 0x00, 0x00, 0x00, 0x01, 0x00, 
    0x84, 0x5d, 0x01, 0x40, 0x00, 0x00, 0x00, 0x00, 0x00, 0x00, 0x00, 0x00, 
    0x00, 0x00, 0x00, 0x00, 0x51, 0x27, 0x00, 0x00, 0x00, 0x00, 0x01, 0x00, 
    0x98, 0x5d, 0x01, 0x40, 0x00, 0x00, 0x00, 0x00, 0x00, 0x00, 0x00, 0x00, 
    0x00, 0x00, 0x00, 0x00, 0x54, 0x27, 0x00, 0x00, 0x00, 0x00, 0x01, 0x00, 
    0xac, 0x5d, 0x01, 0x40, 0x00, 0x00, 0x00, 0x00, 0x00, 0x00, 0x00, 0x00, 
    0x00, 0x00, 0x00, 0x00, 0x57, 0x27, 0x00, 0x00, 0x00, 0x00, 0x01, 0x00, 
    0xc0, 0x5d, 0x01, 0x40, 0x00, 0x00, 0x00, 0x00, 0x00, 0x00, 0x00, 0x00, 
    0x00, 0x00, 0x00, 0x00, 0x5a, 0x27, 0x00, 0x00, 0x02, 0x00, 0x01, 0x00, 
    0xc8, 0x5d, 0x01, 0x40, 0x00, 0x00, 0x00, 0x00, 0x24, 0x00, 0x00, 0x00, 
    0x00, 0x00, 0x00, 0x00, 0x8a, 0x27, 0x00, 0x00, 0x00, 0x00, 0x01, 0x00, 
    0xc8, 0x5d, 0x01, 0x40, 0x00, 0x00, 0x00, 0x00, 0x00, 0x00, 0x00, 0x00, 
    0x00, 0x00, 0x00, 0x00, 0x8d, 0x27, 0x00, 0x00, 0x02, 0x00, 0x01, 0x00, 
    0xe8, 0x82, 0x01, 0x40, 0x00, 0x00, 0x00, 0x00, 0x08, 0x00, 0x00, 0x00, 
    0x00, 0x00, 0x00, 0x00, 0xa2, 0x27, 0x00, 0x00, 0x00, 0x00, 0x01, 0x00, 
    0xec, 0x5d, 0x01, 0x40, 0x00, 0x00, 0x00, 0x00, 0x00, 0x00, 0x00, 0x00, 
    0x00, 0x00, 0x00, 0x00, 0xa5, 0x27, 0x00, 0x00, 0x00, 0x00, 0x01, 0x00, 
    0x1c, 0x5e, 0x01, 0x40, 0x00, 0x00, 0x00, 0x00, 0x00, 0x00, 0x00, 0x00, 
    0x00, 0x00, 0x00, 0x00, 0xa8, 0x27, 0x00, 0x00, 0x02, 0x00, 0x01, 0x00, 
    0x5c, 0x5e, 0x01, 0x40, 0x00, 0x00, 0x00, 0x00, 0x20, 0x00, 0x00, 0x00, 
    0x00, 0x00, 0x00, 0x00, 0xf7, 0x27, 0x00, 0x00, 0x02, 0x00, 0x01, 0x00, 
    0x9c, 0x5e, 0x01, 0x40, 0x00, 0x00, 0x00, 0x00, 0x20, 0x00, 0x00, 0x00, 
    0x00, 0x00, 0x00, 0x00, 0x49, 0x28, 0x00, 0x00, 0x02, 0x00, 0x01, 0x00, 
    0x7c, 0x5e, 0x01, 0x40, 0x00, 0x00, 0x00, 0x00, 0x20, 0x00, 0x00, 0x00, 
    0x00, 0x00, 0x00, 0x00, 0x9b, 0x28, 0x00, 0x00, 0x00, 0x00, 0x01, 0x00, 
    0x5c, 0x5e, 0x01, 0x40, 0x00, 0x00, 0x00, 0x00, 0x00, 0x00, 0x00, 0x00, 
    0x00, 0x00, 0x00, 0x00, 0x9e, 0x28, 0x00, 0x00, 0x02, 0x00, 0x01, 0x00, 
    0x24, 0x83, 0x01, 0x40, 0x00, 0x00, 0x00, 0x00, 0x18, 0x00, 0x00, 0x00, 
    0x00, 0x00, 0x00, 0x00, 0xb3, 0x28, 0x00, 0x00, 0x02, 0x00, 0x01, 0x00, 
    0xe4, 0x7e, 0x01, 0x40, 0x00, 0x00, 0x00, 0x00, 0x10, 0x00, 0x00, 0x00, 
    0x00, 0x00, 0x00, 0x00, 0xc7, 0x28, 0x00, 0x00, 0x00, 0x00, 0x01, 0x00, 
    0x7c, 0x5e, 0x01, 0x40, 0x00, 0x00, 0x00, 0x00, 0x00, 0x00, 0x00, 0x00, 
    0x00, 0x00, 0x00, 0x00, 0xca, 0x28, 0x00, 0x00, 0x00, 0x00, 0x01, 0x00, 
    0x9c, 0x5e, 0x01, 0x40, 0x00, 0x00, 0x00, 0x00, 0x00, 0x00, 0x00, 0x00, 
    0x00, 0x00, 0x00, 0x00, 0xcd, 0x28, 0x00, 0x00, 0x02, 0x00, 0x01, 0x00, 
    0xbc, 0x5e, 0x01, 0x40, 0x00, 0x00, 0x00, 0x00, 0x78, 0x02, 0x00, 0x00, 
    0x00, 0x00, 0x00, 0x00, 0x0d, 0x29, 0x00, 0x00, 0x00, 0x00, 0x01, 0x00, 
    0xbc, 0x5e, 0x01, 0x40, 0x00, 0x00, 0x00, 0x00, 0x00, 0x00, 0x00, 0x00, 
    0x00, 0x00, 0x00, 0x00, 0x10, 0x29, 0x00, 0x00, 0x02, 0x00, 0x01, 0x00, 
    0x3c, 0x82, 0x01, 0x40, 0x00, 0x00, 0x00, 0x00, 0x0c, 0x00, 0x00, 0x00, 
    0x00, 0x00, 0x00, 0x00, 0x25, 0x29, 0x00, 0x00, 0x02, 0x00, 0x01, 0x00, 
    0x58, 0x61, 0x01, 0x40, 0x00, 0x00, 0x00, 0x00, 0x68, 0x00, 0x00, 0x00, 
    0x00, 0x00, 0x00, 0x00, 0x74, 0x29, 0x00, 0x00, 0x02, 0x00, 0x01, 0x00, 
    0x4c, 0x62, 0x01, 0x40, 0x00, 0x00, 0x00, 0x00, 0x5c, 0x00, 0x00, 0x00, 
    0x00, 0x00, 0x00, 0x00, 0xae, 0x29, 0x00, 0x00, 0x02, 0x00, 0x01, 0x00, 
    0x2c, 0x81, 0x01, 0x40, 0x00, 0x00, 0x00, 0x00, 0x10, 0x00, 0x00, 0x00, 
    0x00, 0x00, 0x00, 0x00, 0xc3, 0x29, 0x00, 0x00, 0x02, 0x00, 0x01, 0x00, 
    0x34, 0x61, 0x01, 0x40, 0x00, 0x00, 0x00, 0x00, 0x24, 0x00, 0x00, 0x00, 
    0x00, 0x00, 0x00, 0x00, 0xf1, 0x29, 0x00, 0x00, 0x00, 0x00, 0x01, 0x00, 
    0x34, 0x61, 0x01, 0x40, 0x00, 0x00, 0x00, 0x00, 0x00, 0x00, 0x00, 0x00, 
    0x00, 0x00, 0x00, 0x00, 0xf4, 0x29, 0x00, 0x00, 0x02, 0x00, 0x01, 0x00, 
    0xf0, 0x64, 0x01, 0x40, 0x00, 0x00, 0x00, 0x00, 0x00, 0x02, 0x00, 0x00, 
    0x00, 0x00, 0x00, 0x00, 0x23, 0x2a, 0x00, 0x00, 0x00, 0x00, 0x01, 0x00, 
    0x58, 0x61, 0x01, 0x40, 0x00, 0x00, 0x00, 0x00, 0x00, 0x00, 0x00, 0x00, 
    0x00, 0x00, 0x00, 0x00, 0x26, 0x2a, 0x00, 0x00, 0x02, 0x00, 0x01, 0x00, 
    0xc0, 0x61, 0x01, 0x40, 0x00, 0x00, 0x00, 0x00, 0x8c, 0x00, 0x00, 0x00, 
    0x00, 0x00, 0x00, 0x00, 0x5f, 0x2a, 0x00, 0x00, 0x00, 0x00, 0x01, 0x00, 
    0xc0, 0x61, 0x01, 0x40, 0x00, 0x00, 0x00, 0x00, 0x00, 0x00, 0x00, 0x00, 
    0x00, 0x00, 0x00, 0x00, 0x62, 0x2a, 0x00, 0x00, 0x00, 0x00, 0x02, 0x00, 
    0x48, 0x90, 0x01, 0x40, 0x00, 0x00, 0x00, 0x00, 0x00, 0x00, 0x00, 0x00, 
    0x00, 0x00, 0x00, 0x00, 0x65, 0x2a, 0x00, 0x00, 0x00, 0x00, 0x01, 0x00, 
    0x4c, 0x62, 0x01, 0x40, 0x00, 0x00, 0x00, 0x00, 0x00, 0x00, 0x00, 0x00, 
    0x00, 0x00, 0x00, 0x00, 0x68, 0x2a, 0x00, 0x00, 0x00, 0x00, 0x01, 0x00, 
    0xa8, 0x62, 0x01, 0x40, 0x00, 0x00, 0x00, 0x00, 0x00, 0x00, 0x00, 0x00, 
    0x00, 0x00, 0x00, 0x00, 0x6b, 0x2a, 0x00, 0x00, 0x02, 0x00, 0x01, 0x00, 
    0xd0, 0x62, 0x01, 0x40, 0x00, 0x00, 0x00, 0x00, 0xc0, 0x01, 0x00, 0x00, 
    0x00, 0x00, 0x00, 0x00, 0x8f, 0x2a, 0x00, 0x00, 0x00, 0x00, 0x01, 0x00, 
    0xd0, 0x62, 0x01, 0x40, 0x00, 0x00, 0x00, 0x00, 0x00, 0x00, 0x00, 0x00, 
    0x00, 0x00, 0x00, 0x00, 0x92, 0x2a, 0x00, 0x00, 0x02, 0x00, 0x01, 0x00, 
    0x90, 0x64, 0x01, 0x40, 0x00, 0x00, 0x00, 0x00, 0x14, 0x00, 0x00, 0x00, 
    0x00, 0x00, 0x00, 0x00, 0xdd, 0x2a, 0x00, 0x00, 0x00, 0x00, 0x01, 0x00, 
    0x90, 0x64, 0x01, 0x40, 0x00, 0x00, 0x00, 0x00, 0x00, 0x00, 0x00, 0x00, 
    0x00, 0x00, 0x00, 0x00, 0xe0, 0x2a, 0x00, 0x00, 0x02, 0x00, 0x01, 0x00, 
    0xa4, 0x64, 0x01, 0x40, 0x00, 0x00, 0x00, 0x00, 0x20, 0x00, 0x00, 0x00, 
    0x00, 0x00, 0x00, 0x00, 0x40, 0x2b, 0x00, 0x00, 0x00, 0x00, 0x01, 0x00, 
    0xa4, 0x64, 0x01, 0x40, 0x00, 0x00, 0x00, 0x00, 0x00, 0x00, 0x00, 0x00, 
    0x00, 0x00, 0x00, 0x00, 0x43, 0x2b, 0x00, 0x00, 0x00, 0x00, 0x01, 0x00, 
    0xc4, 0x64, 0x01, 0x40, 0x00, 0x00, 0x00, 0x00, 0x00, 0x00, 0x00, 0x00, 
    0x00, 0x00, 0x00, 0x00, 0x46, 0x2b, 0x00, 0x00, 0x00, 0x00, 0x01, 0x00, 
    0xf0, 0x64, 0x01, 0x40, 0x00, 0x00, 0x00, 0x00, 0x00, 0x00, 0x00, 0x00, 
    0x00, 0x00, 0x00, 0x00, 0x49, 0x2b, 0x00, 0x00, 0x02, 0x00, 0x01, 0x00, 
    0x18, 0x68, 0x01, 0x40, 0x00, 0x00, 0x00, 0x00, 0x10, 0x00, 0x00, 0x00, 
    0x00, 0x00, 0x00, 0x00, 0xa5, 0x2b, 0x00, 0x00, 0x02, 0x00, 0x01, 0x00, 
    0x28, 0x68, 0x01, 0x40, 0x00, 0x00, 0x00, 0x00, 0x14, 0x00, 0x00, 0x00, 
    0x00, 0x00, 0x00, 0x00, 0x03, 0x2c, 0x00, 0x00, 0x00, 0x00, 0x01, 0x00, 
    0xf0, 0x66, 0x01, 0x40, 0x00, 0x00, 0x00, 0x00, 0x00, 0x00, 0x00, 0x00, 
    0x00, 0x00, 0x00, 0x00, 0x06, 0x2c, 0x00, 0x00, 0x01, 0x00, 0x04, 0x00, 
    0x00, 0xe0, 0x01, 0x40, 0x00, 0x00, 0x00, 0x00, 0x18, 0x80, 0x00, 0x00, 
    0x00, 0x00, 0x00, 0x00, 0x31, 0x2c, 0x00, 0x00, 0x00, 0x00, 0x01, 0x00, 
    0xe0, 0x67, 0x01, 0x40, 0x00, 0x00, 0x00, 0x00, 0x00, 0x00, 0x00, 0x00, 
    0x00, 0x00, 0x00, 0x00, 0x34, 0x2c, 0x00, 0x00, 0x00, 0x00, 0x01, 0x00, 
    0xfc, 0x67, 0x01, 0x40, 0x00, 0x00, 0x00, 0x00, 0x00, 0x00, 0x00, 0x00, 
    0x00, 0x00, 0x00, 0x00, 0x37, 0x2c, 0x00, 0x00, 0x00, 0x00, 0x01, 0x00, 
    0x18, 0x68, 0x01, 0x40, 0x00, 0x00, 0x00, 0x00, 0x00, 0x00, 0x00, 0x00, 
    0x00, 0x00, 0x00, 0x00, 0x3a, 0x2c, 0x00, 0x00, 0x00, 0x00, 0x01, 0x00, 
    0x28, 0x68, 0x01, 0x40, 0x00, 0x00, 0x00, 0x00, 0x00, 0x00, 0x00, 0x00, 
    0x00, 0x00, 0x00, 0x00, 0x3d, 0x2c, 0x00, 0x00, 0x00, 0x00, 0x01, 0x00, 
    0x3c, 0x68, 0x01, 0x40, 0x00, 0x00, 0x00, 0x00, 0x00, 0x00, 0x00, 0x00, 
    0x00, 0x00, 0x00, 0x00, 0x40, 0x2c, 0x00, 0x00, 0x00, 0x00, 0x01, 0x00, 
    0x50, 0x68, 0x01, 0x40, 0x00, 0x00, 0x00, 0x00, 0x00, 0x00, 0x00, 0x00, 
    0x00, 0x00, 0x00, 0x00, 0x43, 0x2c, 0x00, 0x00, 0x02, 0x00, 0x01, 0x00, 
    0x6c, 0x68, 0x01, 0x40, 0x00, 0x00, 0x00, 0x00, 0x64, 0x00, 0x00, 0x00, 
    0x00, 0x00, 0x00, 0x00, 0xa1, 0x2c, 0x00, 0x00, 0x00, 0x00, 0x01, 0x00, 
    0x6c, 0x68, 0x01, 0x40, 0x00, 0x00, 0x00, 0x00, 0x00, 0x00, 0x00, 0x00, 
    0x00, 0x00, 0x00, 0x00, 0xa4, 0x2c, 0x00, 0x00, 0x02, 0x00, 0x01, 0x00, 
    0xd0, 0x68, 0x01, 0x40, 0x00, 0x00, 0x00, 0x00, 0xb0, 0x00, 0x00, 0x00, 
    0x00, 0x00, 0x00, 0x00, 0x04, 0x2d, 0x00, 0x00, 0x00, 0x00, 0x01, 0x00, 
    0xd0, 0x68, 0x01, 0x40, 0x00, 0x00, 0x00, 0x00, 0x00, 0x00, 0x00, 0x00, 
    0x00, 0x00, 0x00, 0x00, 0x07, 0x2d, 0x00, 0x00, 0x00, 0x00, 0x01, 0x00, 
    0x80, 0x69, 0x01, 0x40, 0x00, 0x00, 0x00, 0x00, 0x00, 0x00, 0x00, 0x00, 
    0x00, 0x00, 0x00, 0x00, 0x0a, 0x2d, 0x00, 0x00, 0x02, 0x00, 0x01, 0x00, 
    0x9c, 0x69, 0x01, 0x40, 0x00, 0x00, 0x00, 0x00, 0x84, 0x00, 0x00, 0x00, 
    0x00, 0x00, 0x00, 0x00, 0x51, 0x2d, 0x00, 0x00, 0x00, 0x00, 0x01, 0x00, 
    0x9c, 0x69, 0x01, 0x40, 0x00, 0x00, 0x00, 0x00, 0x00, 0x00, 0x00, 0x00, 
    0x00, 0x00, 0x00, 0x00, 0x54, 0x2d, 0x00, 0x00, 0x00, 0x00, 0x01, 0x00, 
    0x20, 0x6a, 0x01, 0x40, 0x00, 0x00, 0x00, 0x00, 0x00, 0x00, 0x00, 0x00, 
    0x00, 0x00, 0x00, 0x00, 0x57, 0x2d, 0x00, 0x00, 0x00, 0x00, 0x01, 0x00, 
    0x64, 0x6a, 0x01, 0x40, 0x00, 0x00, 0x00, 0x00, 0x00, 0x00, 0x00, 0x00, 
    0x00, 0x00, 0x00, 0x00, 0x5a, 0x2d, 0x00, 0x00, 0x00, 0x00, 0x02, 0x00, 
    0x4c, 0x90, 0x01, 0x40, 0x00, 0x00, 0x00, 0x00, 0x00, 0x00, 0x00, 0x00, 
    0x00, 0x00, 0x00, 0x00, 0x5d, 0x2d, 0x00, 0x00, 0x00, 0x00, 0x01, 0x00, 
    0x90, 0x6b, 0x01, 0x40, 0x00, 0x00, 0x00, 0x00, 0x00, 0x00, 0x00, 0x00, 
    0x00, 0x00, 0x00, 0x00, 0x60, 0x2d, 0x00, 0x00, 0x00, 0x00, 0x01, 0x00, 
    0xc8, 0x6b, 0x01, 0x40, 0x00, 0x00, 0x00, 0x00, 0x00, 0x00, 0x00, 0x00, 
    0x00, 0x00, 0x00, 0x00, 0x63, 0x2d, 0x00, 0x00, 0x00, 0x00, 0x01, 0x00, 
    0x0c, 0x6c, 0x01, 0x40, 0x00, 0x00, 0x00, 0x00, 0x00, 0x00, 0x00, 0x00, 
    0x00, 0x00, 0x00, 0x00, 0x66, 0x2d, 0x00, 0x00, 0x00, 0x00, 0x01, 0x00, 
    0x38, 0x6c, 0x01, 0x40, 0x00, 0x00, 0x00, 0x00, 0x00, 0x00, 0x00, 0x00, 
    0x00, 0x00, 0x00, 0x00, 0x69, 0x2d, 0x00, 0x00, 0x00, 0x00, 0x01, 0x00, 
    0xf4, 0x6c, 0x01, 0x40, 0x00, 0x00, 0x00, 0x00, 0x00, 0x00, 0x00, 0x00, 
    0x00, 0x00, 0x00, 0x00, 0x6c, 0x2d, 0x00, 0x00, 0x00, 0x00, 0x01, 0x00, 
    0x34, 0x6d, 0x01, 0x40, 0x00, 0x00, 0x00, 0x00, 0x00, 0x00, 0x00, 0x00, 
    0x00, 0x00, 0x00, 0x00, 0x6f, 0x2d, 0x00, 0x00, 0x00, 0x00, 0x01, 0x00, 
    0x44, 0x6d, 0x01, 0x40, 0x00, 0x00, 0x00, 0x00, 0x00, 0x00, 0x00, 0x00, 
    0x00, 0x00, 0x00, 0x00, 0x72, 0x2d, 0x00, 0x00, 0x02, 0x00, 0x01, 0x00, 
    0x2c, 0x6e, 0x01, 0x40, 0x00, 0x00, 0x00, 0x00, 0x14, 0x00, 0x00, 0x00, 
    0x00, 0x00, 0x00, 0x00, 0xef, 0x2d, 0x00, 0x00, 0x02, 0x00, 0x01, 0x00, 
    0x84, 0x7f, 0x01, 0x40, 0x00, 0x00, 0x00, 0x00, 0x10, 0x00, 0x00, 0x00, 
    0x00, 0x00, 0x00, 0x00, 0x04, 0x2e, 0x00, 0x00, 0x02, 0x00, 0x01, 0x00, 
    0x54, 0x7f, 0x01, 0x40, 0x00, 0x00, 0x00, 0x00, 0x14, 0x00, 0x00, 0x00, 
    0x00, 0x00, 0x00, 0x00, 0x18, 0x2e, 0x00, 0x00, 0x00, 0x00, 0x01, 0x00, 
    0xa8, 0x6d, 0x01, 0x40, 0x00, 0x00, 0x00, 0x00, 0x00, 0x00, 0x00, 0x00, 
    0x00, 0x00, 0x00, 0x00, 0x1b, 0x2e, 0x00, 0x00, 0x02, 0x00, 0x01, 0x00, 
    0x9c, 0x82, 0x01, 0x40, 0x00, 0x00, 0x00, 0x00, 0x08, 0x00, 0x00, 0x00, 
    0x00, 0x00, 0x00, 0x00, 0x30, 0x2e, 0x00, 0x00, 0x00, 0x00, 0x01, 0x00, 
    0x2c, 0x6e, 0x01, 0x40, 0x00, 0x00, 0x00, 0x00, 0x00, 0x00, 0x00, 0x00, 
    0x00, 0x00, 0x00, 0x00, 0x33, 0x2e, 0x00, 0x00, 0x00, 0x00, 0x01, 0x00, 
    0x40, 0x6e, 0x01, 0x40, 0x00, 0x00, 0x00, 0x00, 0x00, 0x00, 0x00, 0x00, 
    0x00, 0x00, 0x00, 0x00, 0x36, 0x2e, 0x00, 0x00, 0x00, 0x00, 0x01, 0x00, 
    0x48, 0x6f, 0x01, 0x40, 0x00, 0x00, 0x00, 0x00, 0x00, 0x00, 0x00, 0x00, 
    0x00, 0x00, 0x00, 0x00, 0x39, 0x2e, 0x00, 0x00, 0x00, 0x00, 0x01, 0x00, 
    0x94, 0x6f, 0x01, 0x40, 0x00, 0x00, 0x00, 0x00, 0x00, 0x00, 0x00, 0x00, 
    0x00, 0x00, 0x00, 0x00, 0x3c, 0x2e, 0x00, 0x00, 0x00, 0x00, 0x01, 0x00, 
    0x3c, 0x70, 0x01, 0x40, 0x00, 0x00, 0x00, 0x00, 0x00, 0x00, 0x00, 0x00, 
    0x00, 0x00, 0x00, 0x00, 0x3f, 0x2e, 0x00, 0x00, 0x00, 0x00, 0x01, 0x00, 
    0x98, 0x70, 0x01, 0x40, 0x00, 0x00, 0x00, 0x00, 0x00, 0x00, 0x00, 0x00, 
    0x00, 0x00, 0x00, 0x00, 0x42, 0x2e, 0x00, 0x00, 0x02, 0x00, 0x01, 0x00, 
    0x3c, 0x81, 0x01, 0x40, 0x00, 0x00, 0x00, 0x00, 0x10, 0x00, 0x00, 0x00, 
    0x00, 0x00, 0x00, 0x00, 0x57, 0x2e, 0x00, 0x00, 0x00, 0x00, 0x01, 0x00, 
    0x3c, 0x71, 0x01, 0x40, 0x00, 0x00, 0x00, 0x00, 0x00, 0x00, 0x00, 0x00, 
    0x00, 0x00, 0x00, 0x00, 0x5a, 0x2e, 0x00, 0x00, 0x02, 0x00, 0x01, 0x00, 
    0x10, 0x83, 0x01, 0x40, 0x00, 0x00, 0x00, 0x00, 0x14, 0x00, 0x00, 0x00, 
    0x00, 0x00, 0x00, 0x00, 0x6f, 0x2e, 0x00, 0x00, 0x02, 0x00, 0x01, 0x00, 
    0xa0, 0x72, 0x01, 0x40, 0x00, 0x00, 0x00, 0x00, 0x4c, 0x01, 0x00, 0x00, 
    0x00, 0x00, 0x00, 0x00, 0xb7, 0x2e, 0x00, 0x00, 0x02, 0x00, 0x01, 0x00, 
    0x3c, 0x83, 0x01, 0x40, 0x00, 0x00, 0x00, 0x00, 0x24, 0x00, 0x00, 0x00, 
    0x00, 0x00, 0x00, 0x00, 0xcc, 0x2e, 0x00, 0x00, 0x02, 0x00, 0x01, 0x00, 
    0xc8, 0x81, 0x01, 0x40, 0x00, 0x00, 0x00, 0x00, 0x10, 0x00, 0x00, 0x00, 
    0x00, 0x00, 0x00, 0x00, 0xe1, 0x2e, 0x00, 0x00, 0x00, 0x00, 0x01, 0x00, 
    0x78, 0x72, 0x01, 0x40, 0x00, 0x00, 0x00, 0x00, 0x00, 0x00, 0x00, 0x00, 
    0x00, 0x00, 0x00, 0x00, 0xe4, 0x2e, 0x00, 0x00, 0x02, 0x00, 0x01, 0x00, 
    0x8c, 0x72, 0x01, 0x40, 0x00, 0x00, 0x00, 0x00, 0x14, 0x00, 0x00, 0x00, 
    0x00, 0x00, 0x00, 0x00, 0x62, 0x2f, 0x00, 0x00, 0x00, 0x00, 0x01, 0x00, 
    0x8c, 0x72, 0x01, 0x40, 0x00, 0x00, 0x00, 0x00, 0x00, 0x00, 0x00, 0x00, 
    0x00, 0x00, 0x00, 0x00, 0x65, 0x2f, 0x00, 0x00, 0x00, 0x00, 0x01, 0x00, 
    0xa0, 0x72, 0x01, 0x40, 0x00, 0x00, 0x00, 0x00, 0x00, 0x00, 0x00, 0x00, 
    0x00, 0x00, 0x00, 0x00, 0x68, 0x2f, 0x00, 0x00, 0x02, 0x00, 0x01, 0x00, 
    0x3c, 0x7f, 0x01, 0x40, 0x00, 0x00, 0x00, 0x00, 0x0c, 0x00, 0x00, 0x00, 
    0x00, 0x00, 0x00, 0x00, 0x7c, 0x2f, 0x00, 0x00, 0x00, 0x00, 0x01, 0x00, 
    0xec, 0x73, 0x01, 0x40, 0x00, 0x00, 0x00, 0x00, 0x00, 0x00, 0x00, 0x00, 
    0x00, 0x00, 0x00, 0x00, 0x7f, 0x2f, 0x00, 0x00, 0x00, 0x00, 0x01, 0x00, 
    0x18, 0x74, 0x01, 0x40, 0x00, 0x00, 0x00, 0x00, 0x00, 0x00, 0x00, 0x00, 
    0x00, 0x00, 0x00, 0x00, 0x82, 0x2f, 0x00, 0x00, 0x00, 0x00, 0x01, 0x00, 
    0x2c, 0x74, 0x01, 0x40, 0x00, 0x00, 0x00, 0x00, 0x00, 0x00, 0x00, 0x00, 
    0x00, 0x00, 0x00, 0x00, 0x85, 0x2f, 0x00, 0x00, 0x02, 0x00, 0x01, 0x00, 
    0x54, 0x74, 0x01, 0x40, 0x00, 0x00, 0x00, 0x00, 0x14, 0x00, 0x00, 0x00, 
    0x00, 0x00, 0x00, 0x00, 0xc5, 0x2f, 0x00, 0x00, 0x00, 0x00, 0x01, 0x00, 
    0x54, 0x74, 0x01, 0x40, 0x00, 0x00, 0x00, 0x00, 0x00, 0x00, 0x00, 0x00, 
    0x00, 0x00, 0x00, 0x00, 0xc8, 0x2f, 0x00, 0x00, 0x02, 0x00, 0x01, 0x00, 
    0x68, 0x74, 0x01, 0x40, 0x00, 0x00, 0x00, 0x00, 0x2c, 0x00, 0x00, 0x00, 
    0x00, 0x00, 0x00, 0x00, 0x3f, 0x30, 0x00, 0x00, 0x00, 0x00, 0x01, 0x00, 
    0x68, 0x74, 0x01, 0x40, 0x00, 0x00, 0x00, 0x00, 0x00, 0x00, 0x00, 0x00, 
    0x00, 0x00, 0x00, 0x00, 0x42, 0x30, 0x00, 0x00, 0x00, 0x00, 0x01, 0x00, 
    0x94, 0x74, 0x01, 0x40, 0x00, 0x00, 0x00, 0x00, 0x00, 0x00, 0x00, 0x00, 
    0x00, 0x00, 0x00, 0x00, 0x45, 0x30, 0x00, 0x00, 0x00, 0x00, 0x01, 0x00, 
    0x30, 0x75, 0x01, 0x40, 0x00, 0x00, 0x00, 0x00, 0x00, 0x00, 0x00, 0x00, 
    0x00, 0x00, 0x00, 0x00, 0x48, 0x30, 0x00, 0x00, 0x00, 0x00, 0x01, 0x00, 
    0xb4, 0x75, 0x01, 0x40, 0x00, 0x00, 0x00, 0x00, 0x00, 0x00, 0x00, 0x00, 
    0x00, 0x00, 0x00, 0x00, 0x4b, 0x30, 0x00, 0x00, 0x00, 0x00, 0x01, 0x00, 
    0xc8, 0x75, 0x01, 0x40, 0x00, 0x00, 0x00, 0x00, 0x00, 0x00, 0x00, 0x00, 
    0x00, 0x00, 0x00, 0x00, 0x4e, 0x30, 0x00, 0x00, 0x00, 0x00, 0x01, 0x00, 
    0x54, 0x77, 0x01, 0x40, 0x00, 0x00, 0x00, 0x00, 0x00, 0x00, 0x00, 0x00, 
    0x00, 0x00, 0x00, 0x00, 0x51, 0x30, 0x00, 0x00, 0x00, 0x00, 0x01, 0x00, 
    0xb8, 0x77, 0x01, 0x40, 0x00, 0x00, 0x00, 0x00, 0x00, 0x00, 0x00, 0x00, 
    0x00, 0x00, 0x00, 0x00, 0x54, 0x30, 0x00, 0x00, 0x02, 0x00, 0x01, 0x00, 
    0x04, 0x78, 0x01, 0x40, 0x00, 0x00, 0x00, 0x00, 0x9c, 0x03, 0x00, 0x00, 
    0x00, 0x00, 0x00, 0x00, 0x92, 0x30, 0x00, 0x00, 0x00, 0x00, 0x01, 0x00, 
    0x04, 0x78, 0x01, 0x40, 0x00, 0x00, 0x00, 0x00, 0x00, 0x00, 0x00, 0x00, 
    0x00, 0x00, 0x00, 0x00, 0x95, 0x30, 0x00, 0x00, 0x00, 0x00, 0x01, 0x00, 
    0xa0, 0x7b, 0x01, 0x40, 0x00, 0x00, 0x00, 0x00, 0x00, 0x00, 0x00, 0x00, 
    0x00, 0x00, 0x00, 0x00, 0x98, 0x30, 0x00, 0x00, 0x00, 0x00, 0x01, 0x00, 
    0xe4, 0x7b, 0x01, 0x40, 0x00, 0x00, 0x00, 0x00, 0x00, 0x00, 0x00, 0x00, 
    0x00, 0x00, 0x00, 0x00, 0x9b, 0x30, 0x00, 0x00, 0x02, 0x00, 0x01, 0x00, 
    0xe0, 0x80, 0x01, 0x40, 0x00, 0x00, 0x00, 0x00, 0x14, 0x00, 0x00, 0x00, 
    0x00, 0x00, 0x00, 0x00, 0xb0, 0x30, 0x00, 0x00, 0x00, 0x00, 0x01, 0x00, 
    0xe8, 0x7d, 0x01, 0x40, 0x00, 0x00, 0x00, 0x00, 0x00, 0x00, 0x00, 0x00, 
    0x00, 0x00, 0x00, 0x00, 0xb3, 0x30, 0x00, 0x00, 0x00, 0x00, 0x01, 0x00, 
    0x64, 0x7e, 0x01, 0x40, 0x00, 0x00, 0x00, 0x00, 0x00, 0x00, 0x00, 0x00, 
    0x00, 0x00, 0x00, 0x00, 0xb6, 0x30, 0x00, 0x00, 0x00, 0x00, 0x01, 0x00, 
    0x94, 0x7e, 0x01, 0x40, 0x00, 0x00, 0x00, 0x00, 0x00, 0x00, 0x00, 0x00, 
    0x00, 0x00, 0x00, 0x00, 0xb9, 0x30, 0x00, 0x00, 0x00, 0x00, 0x01, 0x00, 
    0xbc, 0x7e, 0x01, 0x40, 0x00, 0x00, 0x00, 0x00, 0x00, 0x00, 0x00, 0x00, 
    0x00, 0x00, 0x00, 0x00, 0xbc, 0x30, 0x00, 0x00, 0x00, 0x00, 0x01, 0x00, 
    0xd4, 0x7e, 0x01, 0x40, 0x00, 0x00, 0x00, 0x00, 0x00, 0x00, 0x00, 0x00, 
    0x00, 0x00, 0x00, 0x00, 0xbf, 0x30, 0x00, 0x00, 0x00, 0x00, 0x01, 0x00, 
    0xe4, 0x7e, 0x01, 0x40, 0x00, 0x00, 0x00, 0x00, 0x00, 0x00, 0x00, 0x00, 
    0x00, 0x00, 0x00, 0x00, 0xc2, 0x30, 0x00, 0x00, 0x00, 0x00, 0x01, 0x00, 
    0xf4, 0x7e, 0x01, 0x40, 0x00, 0x00, 0x00, 0x00, 0x00, 0x00, 0x00, 0x00, 
    0x00, 0x00, 0x00, 0x00, 0xc5, 0x30, 0x00, 0x00, 0x00, 0x00, 0x01, 0x00, 
    0x0c, 0x7f, 0x01, 0x40, 0x00, 0x00, 0x00, 0x00, 0x00, 0x00, 0x00, 0x00, 
    0x00, 0x00, 0x00, 0x00, 0xc8, 0x30, 0x00, 0x00, 0x00, 0x00, 0x01, 0x00, 
    0x24, 0x7f, 0x01, 0x40, 0x00, 0x00, 0x00, 0x00, 0x00, 0x00, 0x00, 0x00, 
    0x00, 0x00, 0x00, 0x00, 0xcb, 0x30, 0x00, 0x00, 0x00, 0x00, 0x01, 0x00, 
    0x3c, 0x7f, 0x01, 0x40, 0x00, 0x00, 0x00, 0x00, 0x00, 0x00, 0x00, 0x00, 
    0x00, 0x00, 0x00, 0x00, 0xce, 0x30, 0x00, 0x00, 0x00, 0x00, 0x01, 0x00, 
    0x48, 0x7f, 0x01, 0x40, 0x00, 0x00, 0x00, 0x00, 0x00, 0x00, 0x00, 0x00, 
    0x00, 0x00, 0x00, 0x00, 0xd1, 0x30, 0x00, 0x00, 0x00, 0x00, 0x01, 0x00, 
    0x54, 0x7f, 0x01, 0x40, 0x00, 0x00, 0x00, 0x00, 0x00, 0x00, 0x00, 0x00, 
    0x00, 0x00, 0x00, 0x00, 0xd4, 0x30, 0x00, 0x00, 0x00, 0x00, 0x01, 0x00, 
    0x68, 0x7f, 0x01, 0x40, 0x00, 0x00, 0x00, 0x00, 0x00, 0x00, 0x00, 0x00, 
    0x00, 0x00, 0x00, 0x00, 0xd7, 0x30, 0x00, 0x00, 0x00, 0x00, 0x01, 0x00, 
    0x74, 0x7f, 0x01, 0x40, 0x00, 0x00, 0x00, 0x00, 0x00, 0x00, 0x00, 0x00, 
    0x00, 0x00, 0x00, 0x00, 0xda, 0x30, 0x00, 0x00, 0x00, 0x00, 0x01, 0x00, 
    0x84, 0x7f, 0x01, 0x40, 0x00, 0x00, 0x00, 0x00, 0x00, 0x00, 0x00, 0x00, 
    0x00, 0x00, 0x00, 0x00, 0xdd, 0x30, 0x00, 0x00, 0x00, 0x00, 0x01, 0x00, 
    0x94, 0x7f, 0x01, 0x40, 0x00, 0x00, 0x00, 0x00, 0x00, 0x00, 0x00, 0x00, 
    0x00, 0x00, 0x00, 0x00, 0xe0, 0x30, 0x00, 0x00, 0x00, 0x00, 0x01, 0x00, 
    0xa0, 0x7f, 0x01, 0x40, 0x00, 0x00, 0x00, 0x00, 0x00, 0x00, 0x00, 0x00, 
    0x00, 0x00, 0x00, 0x00, 0xe3, 0x30, 0x00, 0x00, 0x00, 0x00, 0x01, 0x00, 
    0xb0, 0x7f, 0x01, 0x40, 0x00, 0x00, 0x00, 0x00, 0x00, 0x00, 0x00, 0x00, 
    0x00, 0x00, 0x00, 0x00, 0xe6, 0x30, 0x00, 0x00, 0x00, 0x00, 0x01, 0x00, 
    0xb8, 0x7f, 0x01, 0x40, 0x00, 0x00, 0x00, 0x00, 0x00, 0x00, 0x00, 0x00, 
    0x00, 0x00, 0x00, 0x00, 0xe9, 0x30, 0x00, 0x00, 0x00, 0x00, 0x01, 0x00, 
    0xd4, 0x7f, 0x01, 0x40, 0x00, 0x00, 0x00, 0x00, 0x00, 0x00, 0x00, 0x00, 
    0x00, 0x00, 0x00, 0x00, 0xec, 0x30, 0x00, 0x00, 0x00, 0x00, 0x01, 0x00, 
    0xdc, 0x7f, 0x01, 0x40, 0x00, 0x00, 0x00, 0x00, 0x00, 0x00, 0x00, 0x00, 
    0x00, 0x00, 0x00, 0x00, 0xef, 0x30, 0x00, 0x00, 0x00, 0x00, 0x01, 0x00, 
    0xe8, 0x7f, 0x01, 0x40, 0x00, 0x00, 0x00, 0x00, 0x00, 0x00, 0x00, 0x00, 
    0x00, 0x00, 0x00, 0x00, 0xf2, 0x30, 0x00, 0x00, 0x00, 0x00, 0x01, 0x00, 
    0xf0, 0x7f, 0x01, 0x40, 0x00, 0x00, 0x00, 0x00, 0x00, 0x00, 0x00, 0x00, 
    0x00, 0x00, 0x00, 0x00, 0xf5, 0x30, 0x00, 0x00, 0x00, 0x00, 0x01, 0x00, 
    0xf8, 0x7f, 0x01, 0x40, 0x00, 0x00, 0x00, 0x00, 0x00, 0x00, 0x00, 0x00, 
    0x00, 0x00, 0x00, 0x00, 0xf8, 0x30, 0x00, 0x00, 0x00, 0x00, 0x01, 0x00, 
    0x10, 0x80, 0x01, 0x40, 0x00, 0x00, 0x00, 0x00, 0x00, 0x00, 0x00, 0x00, 
    0x00, 0x00, 0x00, 0x00, 0xfb, 0x30, 0x00, 0x00, 0x00, 0x00, 0x01, 0x00, 
    0x20, 0x80, 0x01, 0x40, 0x00, 0x00, 0x00, 0x00, 0x00, 0x00, 0x00, 0x00, 
    0x00, 0x00, 0x00, 0x00, 0xfe, 0x30, 0x00, 0x00, 0x00, 0x00, 0x01, 0x00, 
    0x2c, 0x80, 0x01, 0x40, 0x00, 0x00, 0x00, 0x00, 0x00, 0x00, 0x00, 0x00, 
    0x00, 0x00, 0x00, 0x00, 0x01, 0x31, 0x00, 0x00, 0x00, 0x00, 0x01, 0x00, 
    0x34, 0x80, 0x01, 0x40, 0x00, 0x00, 0x00, 0x00, 0x00, 0x00, 0x00, 0x00, 
    0x00, 0x00, 0x00, 0x00, 0x04, 0x31, 0x00, 0x00, 0x00, 0x00, 0x01, 0x00, 
    0x44, 0x80, 0x01, 0x40, 0x00, 0x00, 0x00, 0x00, 0x00, 0x00, 0x00, 0x00, 
    0x00, 0x00, 0x00, 0x00, 0x07, 0x31, 0x00, 0x00, 0x00, 0x00, 0x01, 0x00, 
    0x5c, 0x80, 0x01, 0x40, 0x00, 0x00, 0x00, 0x00, 0x00, 0x00, 0x00, 0x00, 
    0x00, 0x00, 0x00, 0x00, 0x0a, 0x31, 0x00, 0x00, 0x00, 0x00, 0x01, 0x00, 
    0x68, 0x80, 0x01, 0x40, 0x00, 0x00, 0x00, 0x00, 0x00, 0x00, 0x00, 0x00, 
    0x00, 0x00, 0x00, 0x00, 0x0d, 0x31, 0x00, 0x00, 0x00, 0x00, 0x01, 0x00, 
    0x78, 0x80, 0x01, 0x40, 0x00, 0x00, 0x00, 0x00, 0x00, 0x00, 0x00, 0x00, 
    0x00, 0x00, 0x00, 0x00, 0x10, 0x31, 0x00, 0x00, 0x00, 0x00, 0x01, 0x00, 
    0x80, 0x80, 0x01, 0x40, 0x00, 0x00, 0x00, 0x00, 0x00, 0x00, 0x00, 0x00, 
    0x00, 0x00, 0x00, 0x00, 0x13, 0x31, 0x00, 0x00, 0x00, 0x00, 0x01, 0x00, 
    0x90, 0x80, 0x01, 0x40, 0x00, 0x00, 0x00, 0x00, 0x00, 0x00, 0x00, 0x00, 
    0x00, 0x00, 0x00, 0x00, 0x16, 0x31, 0x00, 0x00, 0x00, 0x00, 0x01, 0x00, 
    0x98, 0x80, 0x01, 0x40, 0x00, 0x00, 0x00, 0x00, 0x00, 0x00, 0x00, 0x00, 
    0x00, 0x00, 0x00, 0x00, 0x19, 0x31, 0x00, 0x00, 0x00, 0x00, 0x01, 0x00, 
    0xa4, 0x80, 0x01, 0x40, 0x00, 0x00, 0x00, 0x00, 0x00, 0x00, 0x00, 0x00, 
    0x00, 0x00, 0x00, 0x00, 0x1c, 0x31, 0x00, 0x00, 0x00, 0x00, 0x01, 0x00, 
    0xb0, 0x80, 0x01, 0x40, 0x00, 0x00, 0x00, 0x00, 0x00, 0x00, 0x00, 0x00, 
    0x00, 0x00, 0x00, 0x00, 0x1f, 0x31, 0x00, 0x00, 0x00, 0x00, 0x01, 0x00, 
    0xc4, 0x80, 0x01, 0x40, 0x00, 0x00, 0x00, 0x00, 0x00, 0x00, 0x00, 0x00, 
    0x00, 0x00, 0x00, 0x00, 0x22, 0x31, 0x00, 0x00, 0x00, 0x00, 0x01, 0x00, 
    0xcc, 0x80, 0x01, 0x40, 0x00, 0x00, 0x00, 0x00, 0x00, 0x00, 0x00, 0x00, 
    0x00, 0x00, 0x00, 0x00, 0x25, 0x31, 0x00, 0x00, 0x00, 0x00, 0x01, 0x00, 
    0xe0, 0x80, 0x01, 0x40, 0x00, 0x00, 0x00, 0x00, 0x00, 0x00, 0x00, 0x00, 
    0x00, 0x00, 0x00, 0x00, 0x28, 0x31, 0x00, 0x00, 0x00, 0x00, 0x01, 0x00, 
    0xf4, 0x80, 0x01, 0x40, 0x00, 0x00, 0x00, 0x00, 0x00, 0x00, 0x00, 0x00, 
    0x00, 0x00, 0x00, 0x00, 0x2b, 0x31, 0x00, 0x00, 0x00, 0x00, 0x01, 0x00, 
    0x14, 0x81, 0x01, 0x40, 0x00, 0x00, 0x00, 0x00, 0x00, 0x00, 0x00, 0x00, 
    0x00, 0x00, 0x00, 0x00, 0x2e, 0x31, 0x00, 0x00, 0x00, 0x00, 0x01, 0x00, 
    0x2c, 0x81, 0x01, 0x40, 0x00, 0x00, 0x00, 0x00, 0x00, 0x00, 0x00, 0x00, 
    0x00, 0x00, 0x00, 0x00, 0x31, 0x31, 0x00, 0x00, 0x00, 0x00, 0x01, 0x00, 
    0x3c, 0x81, 0x01, 0x40, 0x00, 0x00, 0x00, 0x00, 0x00, 0x00, 0x00, 0x00, 
    0x00, 0x00, 0x00, 0x00, 0x34, 0x31, 0x00, 0x00, 0x00, 0x00, 0x01, 0x00, 
    0x4c, 0x81, 0x01, 0x40, 0x00, 0x00, 0x00, 0x00, 0x00, 0x00, 0x00, 0x00, 
    0x00, 0x00, 0x00, 0x00, 0x37, 0x31, 0x00, 0x00, 0x00, 0x00, 0x01, 0x00, 
    0x54, 0x81, 0x01, 0x40, 0x00, 0x00, 0x00, 0x00, 0x00, 0x00, 0x00, 0x00, 
    0x00, 0x00, 0x00, 0x00, 0x3a, 0x31, 0x00, 0x00, 0x00, 0x00, 0x01, 0x00, 
    0x5c, 0x81, 0x01, 0x40, 0x00, 0x00, 0x00, 0x00, 0x00, 0x00, 0x00, 0x00, 
    0x00, 0x00, 0x00, 0x00, 0x3d, 0x31, 0x00, 0x00, 0x00, 0x00, 0x01, 0x00, 
    0x64, 0x81, 0x01, 0x40, 0x00, 0x00, 0x00, 0x00, 0x00, 0x00, 0x00, 0x00, 
    0x00, 0x00, 0x00, 0x00, 0x40, 0x31, 0x00, 0x00, 0x00, 0x00, 0x01, 0x00, 
    0x6c, 0x81, 0x01, 0x40, 0x00, 0x00, 0x00, 0x00, 0x00, 0x00, 0x00, 0x00, 
    0x00, 0x00, 0x00, 0x00, 0x43, 0x31, 0x00, 0x00, 0x00, 0x00, 0x01, 0x00, 
    0x7c, 0x81, 0x01, 0x40, 0x00, 0x00, 0x00, 0x00, 0x00, 0x00, 0x00, 0x00, 
    0x00, 0x00, 0x00, 0x00, 0x46, 0x31, 0x00, 0x00, 0x00, 0x00, 0x01, 0x00, 
    0x8c, 0x81, 0x01, 0x40, 0x00, 0x00, 0x00, 0x00, 0x00, 0x00, 0x00, 0x00, 
    0x00, 0x00, 0x00, 0x00, 0x49, 0x31, 0x00, 0x00, 0x00, 0x00, 0x01, 0x00, 
    0x9c, 0x81, 0x01, 0x40, 0x00, 0x00, 0x00, 0x00, 0x00, 0x00, 0x00, 0x00, 
    0x00, 0x00, 0x00, 0x00, 0x4c, 0x31, 0x00, 0x00, 0x00, 0x00, 0x01, 0x00, 
    0xb8, 0x81, 0x01, 0x40, 0x00, 0x00, 0x00, 0x00, 0x00, 0x00, 0x00, 0x00, 
    0x00, 0x00, 0x00, 0x00, 0x4f, 0x31, 0x00, 0x00, 0x00, 0x00, 0x01, 0x00, 
    0xc8, 0x81, 0x01, 0x40, 0x00, 0x00, 0x00, 0x00, 0x00, 0x00, 0x00, 0x00, 
    0x00, 0x00, 0x00, 0x00, 0x52, 0x31, 0x00, 0x00, 0x00, 0x00, 0x01, 0x00, 
    0xd8, 0x81, 0x01, 0x40, 0x00, 0x00, 0x00, 0x00, 0x00, 0x00, 0x00, 0x00, 
    0x00, 0x00, 0x00, 0x00, 0x55, 0x31, 0x00, 0x00, 0x00, 0x00, 0x01, 0x00, 
    0xe8, 0x81, 0x01, 0x40, 0x00, 0x00, 0x00, 0x00, 0x00, 0x00, 0x00, 0x00, 
    0x00, 0x00, 0x00, 0x00, 0x58, 0x31, 0x00, 0x00, 0x00, 0x00, 0x01, 0x00, 
    0x00, 0x82, 0x01, 0x40, 0x00, 0x00, 0x00, 0x00, 0x00, 0x00, 0x00, 0x00, 
    0x00, 0x00, 0x00, 0x00, 0x5b, 0x31, 0x00, 0x00, 0x00, 0x00, 0x01, 0x00, 
    0x18, 0x82, 0x01, 0x40, 0x00, 0x00, 0x00, 0x00, 0x00, 0x00, 0x00, 0x00, 
    0x00, 0x00, 0x00, 0x00, 0x5e, 0x31, 0x00, 0x00, 0x00, 0x00, 0x01, 0x00, 
    0x24, 0x82, 0x01, 0x40, 0x00, 0x00, 0x00, 0x00, 0x00, 0x00, 0x00, 0x00, 
    0x00, 0x00, 0x00, 0x00, 0x61, 0x31, 0x00, 0x00, 0x00, 0x00, 0x01, 0x00, 
    0x30, 0x82, 0x01, 0x40, 0x00, 0x00, 0x00, 0x00, 0x00, 0x00, 0x00, 0x00, 
    0x00, 0x00, 0x00, 0x00, 0x64, 0x31, 0x00, 0x00, 0x00, 0x00, 0x01, 0x00, 
    0x3c, 0x82, 0x01, 0x40, 0x00, 0x00, 0x00, 0x00, 0x00, 0x00, 0x00, 0x00, 
    0x00, 0x00, 0x00, 0x00, 0x67, 0x31, 0x00, 0x00, 0x00, 0x00, 0x01, 0x00, 
    0x48, 0x82, 0x01, 0x40, 0x00, 0x00, 0x00, 0x00, 0x00, 0x00, 0x00, 0x00, 
    0x00, 0x00, 0x00, 0x00, 0x6a, 0x31, 0x00, 0x00, 0x00, 0x00, 0x01, 0x00, 
    0x54, 0x82, 0x01, 0x40, 0x00, 0x00, 0x00, 0x00, 0x00, 0x00, 0x00, 0x00, 
    0x00, 0x00, 0x00, 0x00, 0x6d, 0x31, 0x00, 0x00, 0x00, 0x00, 0x01, 0x00, 
    0x60, 0x82, 0x01, 0x40, 0x00, 0x00, 0x00, 0x00, 0x00, 0x00, 0x00, 0x00, 
    0x00, 0x00, 0x00, 0x00, 0x70, 0x31, 0x00, 0x00, 0x00, 0x00, 0x01, 0x00, 
    0x6c, 0x82, 0x01, 0x40, 0x00, 0x00, 0x00, 0x00, 0x00, 0x00, 0x00, 0x00, 
    0x00, 0x00, 0x00, 0x00, 0x73, 0x31, 0x00, 0x00, 0x00, 0x00, 0x01, 0x00, 
    0x74, 0x82, 0x01, 0x40, 0x00, 0x00, 0x00, 0x00, 0x00, 0x00, 0x00, 0x00, 
    0x00, 0x00, 0x00, 0x00, 0x76, 0x31, 0x00, 0x00, 0x00, 0x00, 0x01, 0x00, 
    0x7c, 0x82, 0x01, 0x40, 0x00, 0x00, 0x00, 0x00, 0x00, 0x00, 0x00, 0x00, 
    0x00, 0x00, 0x00, 0x00, 0x79, 0x31, 0x00, 0x00, 0x00, 0x00, 0x01, 0x00, 
    0x94, 0x82, 0x01, 0x40, 0x00, 0x00, 0x00, 0x00, 0x00, 0x00, 0x00, 0x00, 
    0x00, 0x00, 0x00, 0x00, 0x7c, 0x31, 0x00, 0x00, 0x00, 0x00, 0x01, 0x00, 
    0x9c, 0x82, 0x01, 0x40, 0x00, 0x00, 0x00, 0x00, 0x00, 0x00, 0x00, 0x00, 
    0x00, 0x00, 0x00, 0x00, 0x7f, 0x31, 0x00, 0x00, 0x00, 0x00, 0x01, 0x00, 
    0xa4, 0x82, 0x01, 0x40, 0x00, 0x00, 0x00, 0x00, 0x00, 0x00, 0x00, 0x00, 
    0x00, 0x00, 0x00, 0x00, 0x82, 0x31, 0x00, 0x00, 0x00, 0x00, 0x01, 0x00, 
    0xb0, 0x82, 0x01, 0x40, 0x00, 0x00, 0x00, 0x00, 0x00, 0x00, 0x00, 0x00, 
    0x00, 0x00, 0x00, 0x00, 0x85, 0x31, 0x00, 0x00, 0x00, 0x00, 0x01, 0x00, 
    0xbc, 0x82, 0x01, 0x40, 0x00, 0x00, 0x00, 0x00, 0x00, 0x00, 0x00, 0x00, 
    0x00, 0x00, 0x00, 0x00, 0x88, 0x31, 0x00, 0x00, 0x00, 0x00, 0x01, 0x00, 
    0xc4, 0x82, 0x01, 0x40, 0x00, 0x00, 0x00, 0x00, 0x00, 0x00, 0x00, 0x00, 
    0x00, 0x00, 0x00, 0x00, 0x8b, 0x31, 0x00, 0x00, 0x00, 0x00, 0x01, 0x00, 
    0xd0, 0x82, 0x01, 0x40, 0x00, 0x00, 0x00, 0x00, 0x00, 0x00, 0x00, 0x00, 
    0x00, 0x00, 0x00, 0x00, 0x8e, 0x31, 0x00, 0x00, 0x00, 0x00, 0x01, 0x00, 
    0xdc, 0x82, 0x01, 0x40, 0x00, 0x00, 0x00, 0x00, 0x00, 0x00, 0x00, 0x00, 
    0x00, 0x00, 0x00, 0x00, 0x91, 0x31, 0x00, 0x00, 0x00, 0x00, 0x01, 0x00, 
    0xe8, 0x82, 0x01, 0x40, 0x00, 0x00, 0x00, 0x00, 0x00, 0x00, 0x00, 0x00, 
    0x00, 0x00, 0x00, 0x00, 0x94, 0x31, 0x00, 0x00, 0x00, 0x00, 0x01, 0x00, 
    0xf0, 0x82, 0x01, 0x40, 0x00, 0x00, 0x00, 0x00, 0x00, 0x00, 0x00, 0x00, 
    0x00, 0x00, 0x00, 0x00, 0x97, 0x31, 0x00, 0x00, 0x00, 0x00, 0x01, 0x00, 
    0xfc, 0x82, 0x01, 0x40, 0x00, 0x00, 0x00, 0x00, 0x00, 0x00, 0x00, 0x00, 
    0x00, 0x00, 0x00, 0x00, 0x9a, 0x31, 0x00, 0x00, 0x00, 0x00, 0x01, 0x00, 
    0x04, 0x83, 0x01, 0x40, 0x00, 0x00, 0x00, 0x00, 0x00, 0x00, 0x00, 0x00, 
    0x00, 0x00, 0x00, 0x00, 0x9d, 0x31, 0x00, 0x00, 0x00, 0x00, 0x01, 0x00, 
    0x10, 0x83, 0x01, 0x40, 0x00, 0x00, 0x00, 0x00, 0x00, 0x00, 0x00, 0x00, 
    0x00, 0x00, 0x00, 0x00, 0xa0, 0x31, 0x00, 0x00, 0x00, 0x00, 0x01, 0x00, 
    0x24, 0x83, 0x01, 0x40, 0x00, 0x00, 0x00, 0x00, 0x00, 0x00, 0x00, 0x00, 
    0x00, 0x00, 0x00, 0x00, 0xa3, 0x31, 0x00, 0x00, 0x00, 0x00, 0x01, 0x00, 
    0x3c, 0x83, 0x01, 0x40, 0x00, 0x00, 0x00, 0x00, 0x00, 0x00, 0x00, 0x00, 
    0x00, 0x00, 0x00, 0x00, 0xa6, 0x31, 0x00, 0x00, 0x00, 0x00, 0x01, 0x00, 
    0x60, 0x83, 0x01, 0x40, 0x00, 0x00, 0x00, 0x00, 0x00, 0x00, 0x00, 0x00, 
    0x00, 0x00, 0x00, 0x00, 0xa9, 0x31, 0x00, 0x00, 0x00, 0x00, 0x01, 0x00, 
    0x7c, 0x83, 0x01, 0x40, 0x00, 0x00, 0x00, 0x00, 0x00, 0x00, 0x00, 0x00, 
    0x00, 0x00, 0x00, 0x00, 0xac, 0x31, 0x00, 0x00, 0x00, 0x00, 0x01, 0x00, 
    0x90, 0x83, 0x01, 0x40, 0x00, 0x00, 0x00, 0x00, 0x00, 0x00, 0x00, 0x00, 
    0x00, 0x00, 0x00, 0x00, 0xaf, 0x31, 0x00, 0x00, 0x00, 0x00, 0x02, 0x00, 
    0x78, 0x90, 0x01, 0x40, 0x00, 0x00, 0x00, 0x00, 0x00, 0x00, 0x00, 0x00, 
    0x00, 0x00, 0x00, 0x00, 0xb2, 0x31, 0x00, 0x00, 0x00, 0x00, 0x02, 0x00, 
    0x90, 0x90, 0x01, 0x40, 0x00, 0x00, 0x00, 0x00, 0x00, 0x00, 0x00, 0x00, 
    0x00, 0x00, 0x00, 0x00, 0xb5, 0x31, 0x00, 0x00, 0x00, 0x00, 0x02, 0x00, 
    0xa8, 0x90, 0x01, 0x40, 0x00, 0x00, 0x00, 0x00, 0x00, 0x00, 0x00, 0x00, 
    0x00, 0x00, 0x00, 0x00, 0xb8, 0x31, 0x00, 0x00, 0x00, 0x00, 0x02, 0x00, 
    0xc0, 0x90, 0x01, 0x40, 0x00, 0x00, 0x00, 0x00, 0x00, 0x00, 0x00, 0x00, 
    0x00, 0x00, 0x00, 0x00, 0xbb, 0x31, 0x00, 0x00, 0x00, 0x00, 0x02, 0x00, 
    0xd8, 0x90, 0x01, 0x40, 0x00, 0x00, 0x00, 0x00, 0x00, 0x00, 0x00, 0x00, 
    0x00, 0x00, 0x00, 0x00, 0xbe, 0x31, 0x00, 0x00, 0x00, 0x00, 0x02, 0x00, 
    0xf0, 0x90, 0x01, 0x40, 0x00, 0x00, 0x00, 0x00, 0x00, 0x00, 0x00, 0x00, 
    0x00, 0x00, 0x00, 0x00, 0xc1, 0x31, 0x00, 0x00, 0x00, 0x00, 0x02, 0x00, 
    0x09, 0x91, 0x01, 0x40, 0x00, 0x00, 0x00, 0x00, 0x00, 0x00, 0x00, 0x00, 
    0x00, 0x00, 0x00, 0x00, 0xc4, 0x31, 0x00, 0x00, 0x00, 0x00, 0x02, 0x00, 
    0x61, 0x91, 0x01, 0x40, 0x00, 0x00, 0x00, 0x00, 0x00, 0x00, 0x00, 0x00, 
    0x00, 0x00, 0x00, 0x00, 0xc7, 0x31, 0x00, 0x00, 0x00, 0x00, 0x02, 0x00, 
    0xe0, 0x94, 0x01, 0x40, 0x00, 0x00, 0x00, 0x00, 0x00, 0x00, 0x00, 0x00, 
    0x00, 0x00, 0x00, 0x00, 0xca, 0x31, 0x00, 0x00, 0x00, 0x00, 0x02, 0x00, 
    0xf8, 0x94, 0x01, 0x40, 0x00, 0x00, 0x00, 0x00, 0x00, 0x00, 0x00, 0x00, 
    0x00, 0x00, 0x00, 0x00, 0xcd, 0x31, 0x00, 0x00, 0x00, 0x00, 0x02, 0x00, 
    0x10, 0x95, 0x01, 0x40, 0x00, 0x00, 0x00, 0x00, 0x00, 0x00, 0x00, 0x00, 
    0x00, 0x00, 0x00, 0x00, 0xd0, 0x31, 0x00, 0x00, 0x00, 0x00, 0x02, 0x00, 
    0x18, 0x95, 0x01, 0x40, 0x00, 0x00, 0x00, 0x00, 0x00, 0x00, 0x00, 0x00, 
    0x00, 0x00, 0x00, 0x00, 0xd3, 0x31, 0x00, 0x00, 0x00, 0x00, 0x02, 0x00, 
    0x30, 0x95, 0x01, 0x40, 0x00, 0x00, 0x00, 0x00, 0x00, 0x00, 0x00, 0x00, 
    0x00, 0x00, 0x00, 0x00, 0xd6, 0x31, 0x00, 0x00, 0x00, 0x00, 0x02, 0x00, 
    0x48, 0x95, 0x01, 0x40, 0x00, 0x00, 0x00, 0x00, 0x00, 0x00, 0x00, 0x00, 
    0x00, 0x00, 0x00, 0x00, 0xd9, 0x31, 0x00, 0x00, 0x00, 0x00, 0x02, 0x00, 
    0x60, 0x95, 0x01, 0x40, 0x00, 0x00, 0x00, 0x00, 0x00, 0x00, 0x00, 0x00, 
    0x00, 0x00, 0x00, 0x00, 0xdc, 0x31, 0x00, 0x00, 0x00, 0x00, 0x02, 0x00, 
    0x78, 0x95, 0x01, 0x40, 0x00, 0x00, 0x00, 0x00, 0x00, 0x00, 0x00, 0x00, 
    0x00, 0x00, 0x00, 0x00, 0xdf, 0x31, 0x00, 0x00, 0x00, 0x00, 0x02, 0x00, 
    0x90, 0x95, 0x01, 0x40, 0x00, 0x00, 0x00, 0x00, 0x00, 0x00, 0x00, 0x00, 
    0x00, 0x00, 0x00, 0x00, 0xe2, 0x31, 0x00, 0x00, 0x00, 0x00, 0x03, 0x00, 
    0x00, 0xd0, 0x01, 0x40, 0x00, 0x00, 0x00, 0x00, 0x00, 0x00, 0x00, 0x00, 
    0x00, 0x00, 0x00, 0x00, 0xe5, 0x31, 0x00, 0x00, 0x00, 0x00, 0x02, 0x00, 
    0xa8, 0x95, 0x01, 0x40, 0x00, 0x00, 0x00, 0x00, 0x00, 0x00, 0x00, 0x00, 
    0x00, 0x00, 0x00, 0x00, 0xe8, 0x31, 0x00, 0x00, 0x00, 0x00, 0x02, 0x00, 
    0xc8, 0x95, 0x01, 0x40, 0x00, 0x00, 0x00, 0x00, 0x00, 0x00, 0x00, 0x00, 
    0x00, 0x00, 0x00, 0x00, 0xeb, 0x31, 0x00, 0x00, 0x00, 0x00, 0x02, 0x00, 
    0xd0, 0x95, 0x01, 0x40, 0x00, 0x00, 0x00, 0x00, 0x00, 0x00, 0x00, 0x00, 
    0x00, 0x00, 0x00, 0x00, 0xee, 0x31, 0x00, 0x00, 0x00, 0x00, 0x02, 0x00, 
    0xe8, 0x95, 0x01, 0x40, 0x00, 0x00, 0x00, 0x00, 0x00, 0x00, 0x00, 0x00, 
    0x00, 0x00, 0x00, 0x00, 0xf1, 0x31, 0x00, 0x00, 0x00, 0x00, 0x02, 0x00, 
    0x00, 0x96, 0x01, 0x40, 0x00, 0x00, 0x00, 0x00, 0x00, 0x00, 0x00, 0x00, 
    0x00, 0x00, 0x00, 0x00, 0xf4, 0x31, 0x00, 0x00, 0x00, 0x00, 0x02, 0x00, 
    0x08, 0x96, 0x01, 0x40, 0x00, 0x00, 0x00, 0x00, 0x00, 0x00, 0x00, 0x00, 
    0x00, 0x00, 0x00, 0x00, 0xf7, 0x31, 0x00, 0x00, 0x00, 0x00, 0x02, 0x00, 
    0x20, 0x96, 0x01, 0x40, 0x00, 0x00, 0x00, 0x00, 0x00, 0x00, 0x00, 0x00, 
    0x00, 0x00, 0x00, 0x00, 0xfa, 0x31, 0x00, 0x00, 0x00, 0x00, 0x02, 0x00, 
    0x38, 0x96, 0x01, 0x40, 0x00, 0x00, 0x00, 0x00, 0x00, 0x00, 0x00, 0x00, 
    0x00, 0x00, 0x00, 0x00, 0xfd, 0x31, 0x00, 0x00, 0x00, 0x00, 0x02, 0x00, 
    0x50, 0x96, 0x01, 0x40, 0x00, 0x00, 0x00, 0x00, 0x00, 0x00, 0x00, 0x00, 
    0x00, 0x00, 0x00, 0x00, 0x00, 0x32, 0x00, 0x00, 0x00, 0x00, 0x02, 0x00, 
    0x58, 0x96, 0x01, 0x40, 0x00, 0x00, 0x00, 0x00, 0x00, 0x00, 0x00, 0x00, 
    0x00, 0x00, 0x00, 0x00, 0x03, 0x32, 0x00, 0x00, 0x00, 0x00, 0x02, 0x00, 
    0x70, 0x96, 0x01, 0x40, 0x00, 0x00, 0x00, 0x00, 0x00, 0x00, 0x00, 0x00, 
    0x00, 0x00, 0x00, 0x00, 0x06, 0x32, 0x00, 0x00, 0x00, 0x00, 0x02, 0x00, 
    0x88, 0x96, 0x01, 0x40, 0x00, 0x00, 0x00, 0x00, 0x00, 0x00, 0x00, 0x00, 
    0x00, 0x00, 0x00, 0x00, 0x09, 0x32, 0x00, 0x00, 0x00, 0x00, 0x02, 0x00, 
    0xa0, 0x96, 0x01, 0x40, 0x00, 0x00, 0x00, 0x00, 0x00, 0x00, 0x00, 0x00, 
    0x00, 0x00, 0x00, 0x00, 0x0c, 0x32, 0x00, 0x00, 0x00, 0x00, 0x02, 0x00, 
    0xb8, 0x96, 0x01, 0x40, 0x00, 0x00, 0x00, 0x00, 0x00, 0x00, 0x00, 0x00, 
    0x00, 0x00, 0x00, 0x00, 0x0f, 0x32, 0x00, 0x00, 0x00, 0x00, 0x02, 0x00, 
    0xd0, 0x96, 0x01, 0x40, 0x00, 0x00, 0x00, 0x00, 0x00, 0x00, 0x00, 0x00, 
    0x00, 0x00, 0x00, 0x00, 0x12, 0x32, 0x00, 0x00, 0x00, 0x00, 0x02, 0x00, 
    0xe8, 0x96, 0x01, 0x40, 0x00, 0x00, 0x00, 0x00, 0x00, 0x00, 0x00, 0x00, 
    0x00, 0x00, 0x00, 0x00, 0x15, 0x32, 0x00, 0x00, 0x00, 0x00, 0x02, 0x00, 
    0x00, 0x97, 0x01, 0x40, 0x00, 0x00, 0x00, 0x00, 0x00, 0x00, 0x00, 0x00, 
    0x00, 0x00, 0x00, 0x00, 0x18, 0x32, 0x00, 0x00, 0x00, 0x00, 0x02, 0x00, 
    0x18, 0x97, 0x01, 0x40, 0x00, 0x00, 0x00, 0x00, 0x00, 0x00, 0x00, 0x00, 
    0x00, 0x00, 0x00, 0x00, 0x1b, 0x32, 0x00, 0x00, 0x00, 0x00, 0x02, 0x00, 
    0x30, 0x97, 0x01, 0x40, 0x00, 0x00, 0x00, 0x00, 0x00, 0x00, 0x00, 0x00, 
    0x00, 0x00, 0x00, 0x00, 0x1e, 0x32, 0x00, 0x00, 0x00, 0x00, 0x02, 0x00, 
    0x48, 0x97, 0x01, 0x40, 0x00, 0x00, 0x00, 0x00, 0x00, 0x00, 0x00, 0x00, 
    0x00, 0x00, 0x00, 0x00, 0x21, 0x32, 0x00, 0x00, 0x00, 0x00, 0x02, 0x00, 
    0x60, 0x97, 0x01, 0x40, 0x00, 0x00, 0x00, 0x00, 0x00, 0x00, 0x00, 0x00, 
    0x00, 0x00, 0x00, 0x00, 0x24, 0x32, 0x00, 0x00, 0x00, 0x00, 0x02, 0x00, 
    0x78, 0x97, 0x01, 0x40, 0x00, 0x00, 0x00, 0x00, 0x00, 0x00, 0x00, 0x00, 
    0x00, 0x00, 0x00, 0x00, 0x27, 0x32, 0x00, 0x00, 0x00, 0x00, 0x02, 0x00, 
    0x90, 0x97, 0x01, 0x40, 0x00, 0x00, 0x00, 0x00, 0x00, 0x00, 0x00, 0x00, 
    0x00, 0x00, 0x00, 0x00, 0x2a, 0x32, 0x00, 0x00, 0x00, 0x00, 0x02, 0x00, 
    0xa8, 0x97, 0x01, 0x40, 0x00, 0x00, 0x00, 0x00, 0x00, 0x00, 0x00, 0x00, 
    0x00, 0x00, 0x00, 0x00, 0x2d, 0x32, 0x00, 0x00, 0x00, 0x00, 0x02, 0x00, 
    0xc0, 0x97, 0x01, 0x40, 0x00, 0x00, 0x00, 0x00, 0x00, 0x00, 0x00, 0x00, 
    0x00, 0x00, 0x00, 0x00, 0x30, 0x32, 0x00, 0x00, 0x00, 0x00, 0x02, 0x00, 
    0xd8, 0x97, 0x01, 0x40, 0x00, 0x00, 0x00, 0x00, 0x00, 0x00, 0x00, 0x00, 
    0x00, 0x00, 0x00, 0x00, 0x33, 0x32, 0x00, 0x00, 0x00, 0x00, 0x02, 0x00, 
    0xf0, 0x97, 0x01, 0x40, 0x00, 0x00, 0x00, 0x00, 0x00, 0x00, 0x00, 0x00, 
    0x00, 0x00, 0x00, 0x00, 0x36, 0x32, 0x00, 0x00, 0x00, 0x00, 0x02, 0x00, 
    0x08, 0x98, 0x01, 0x40, 0x00, 0x00, 0x00, 0x00, 0x00, 0x00, 0x00, 0x00, 
    0x00, 0x00, 0x00, 0x00, 0x39, 0x32, 0x00, 0x00, 0x00, 0x00, 0x02, 0x00, 
    0x20, 0x98, 0x01, 0x40, 0x00, 0x00, 0x00, 0x00, 0x00, 0x00, 0x00, 0x00, 
    0x00, 0x00, 0x00, 0x00, 0x3c, 0x32, 0x00, 0x00, 0x00, 0x00, 0x02, 0x00, 
    0x38, 0x98, 0x01, 0x40, 0x00, 0x00, 0x00, 0x00, 0x00, 0x00, 0x00, 0x00, 
    0x00, 0x00, 0x00, 0x00, 0x3f, 0x32, 0x00, 0x00, 0x00, 0x00, 0x02, 0x00, 
    0x42, 0x98, 0x01, 0x40, 0x00, 0x00, 0x00, 0x00, 0x00, 0x00, 0x00, 0x00, 
    0x00, 0x00, 0x00, 0x00, 0x42, 0x32, 0x00, 0x00, 0x00, 0x00, 0x02, 0x00, 
    0x63, 0x98, 0x01, 0x40, 0x00, 0x00, 0x00, 0x00, 0x00, 0x00, 0x00, 0x00, 
    0x00, 0x00, 0x00, 0x00, 0x45, 0x32, 0x00, 0x00, 0x00, 0x00, 0x02, 0x00, 
    0x6b, 0x98, 0x01, 0x40, 0x00, 0x00, 0x00, 0x00, 0x00, 0x00, 0x00, 0x00, 
    0x00, 0x00, 0x00, 0x00, 0x48, 0x32, 0x00, 0x00, 0x00, 0x00, 0x02, 0x00, 
    0x79, 0x98, 0x01, 0x40, 0x00, 0x00, 0x00, 0x00, 0x00, 0x00, 0x00, 0x00, 
    0x00, 0x00, 0x00, 0x00, 0x4b, 0x32, 0x00, 0x00, 0x00, 0x00, 0x02, 0x00, 
    0x90, 0x98, 0x01, 0x40, 0x00, 0x00, 0x00, 0x00, 0x00, 0x00, 0x00, 0x00, 
    0x00, 0x00, 0x00, 0x00, 0x4e, 0x32, 0x00, 0x00, 0x00, 0x00, 0x02, 0x00, 
    0xa8, 0x98, 0x01, 0x40, 0x00, 0x00, 0x00, 0x00, 0x00, 0x00, 0x00, 0x00, 
    0x00, 0x00, 0x00, 0x00, 0x51, 0x32, 0x00, 0x00, 0x00, 0x00, 0x02, 0x00, 
    0xc0, 0x98, 0x01, 0x40, 0x00, 0x00, 0x00, 0x00, 0x00, 0x00, 0x00, 0x00, 
    0x00, 0x00, 0x00, 0x00, 0x54, 0x32, 0x00, 0x00, 0x00, 0x00, 0x02, 0x00, 
    0xd8, 0x98, 0x01, 0x40, 0x00, 0x00, 0x00, 0x00, 0x00, 0x00, 0x00, 0x00, 
    0x00, 0x00, 0x00, 0x00, 0x57, 0x32, 0x00, 0x00, 0x00, 0x00, 0x02, 0x00, 
    0xf0, 0x98, 0x01, 0x40, 0x00, 0x00, 0x00, 0x00, 0x00, 0x00, 0x00, 0x00, 
    0x00, 0x00, 0x00, 0x00, 0x5a, 0x32, 0x00, 0x00, 0x00, 0x00, 0x02, 0x00, 
    0x08, 0x99, 0x01, 0x40, 0x00, 0x00, 0x00, 0x00, 0x00, 0x00, 0x00, 0x00, 
    0x00, 0x00, 0x00, 0x00, 0x5d, 0x32, 0x00, 0x00, 0x00, 0x00, 0x02, 0x00, 
    0x20, 0x99, 0x01, 0x40, 0x00, 0x00, 0x00, 0x00, 0x00, 0x00, 0x00, 0x00, 
    0x00, 0x00, 0x00, 0x00, 0x60, 0x32, 0x00, 0x00, 0x00, 0x00, 0x02, 0x00, 
    0x38, 0x99, 0x01, 0x40, 0x00, 0x00, 0x00, 0x00, 0x00, 0x00, 0x00, 0x00, 
    0x00, 0x00, 0x00, 0x00, 0x63, 0x32, 0x00, 0x00, 0x00, 0x00, 0x02, 0x00, 
    0x50, 0x99, 0x01, 0x40, 0x00, 0x00, 0x00, 0x00, 0x00, 0x00, 0x00, 0x00, 
    0x00, 0x00, 0x00, 0x00, 0x66, 0x32, 0x00, 0x00, 0x00, 0x00, 0x02, 0x00, 
    0x5f, 0x99, 0x01, 0x40, 0x00, 0x00, 0x00, 0x00, 0x00, 0x00, 0x00, 0x00, 
    0x00, 0x00, 0x00, 0x00, 0x69, 0x32, 0x00, 0x00, 0x00, 0x00, 0x02, 0x00, 
    0x62, 0x99, 0x01, 0x40, 0x00, 0x00, 0x00, 0x00, 0x00, 0x00, 0x00, 0x00, 
    0x00, 0x00, 0x00, 0x00, 0x6c, 0x32, 0x00, 0x00, 0x00, 0x00, 0x02, 0x00, 
    0x77, 0x99, 0x01, 0x40, 0x00, 0x00, 0x00, 0x00, 0x00, 0x00, 0x00, 0x00, 
    0x00, 0x00, 0x00, 0x00, 0x6f, 0x32, 0x00, 0x00, 0x00, 0x00, 0x02, 0x00, 
    0x88, 0x99, 0x01, 0x40, 0x00, 0x00, 0x00, 0x00, 0x00, 0x00, 0x00, 0x00, 
    0x00, 0x00, 0x00, 0x00, 0x72, 0x32, 0x00, 0x00, 0x00, 0x00, 0x02, 0x00, 
    0xa0, 0x99, 0x01, 0x40, 0x00, 0x00, 0x00, 0x00, 0x00, 0x00, 0x00, 0x00, 
    0x00, 0x00, 0x00, 0x00, 0x75, 0x32, 0x00, 0x00, 0x00, 0x00, 0x02, 0x00, 
    0xb8, 0x99, 0x01, 0x40, 0x00, 0x00, 0x00, 0x00, 0x00, 0x00, 0x00, 0x00, 
    0x00, 0x00, 0x00, 0x00, 0x78, 0x32, 0x00, 0x00, 0x00, 0x00, 0x02, 0x00, 
    0xd0, 0x99, 0x01, 0x40, 0x00, 0x00, 0x00, 0x00, 0x00, 0x00, 0x00, 0x00, 
    0x00, 0x00, 0x00, 0x00, 0x7b, 0x32, 0x00, 0x00, 0x00, 0x00, 0x02, 0x00, 
    0xe8, 0x99, 0x01, 0x40, 0x00, 0x00, 0x00, 0x00, 0x00, 0x00, 0x00, 0x00, 
    0x00, 0x00, 0x00, 0x00, 0x7e, 0x32, 0x00, 0x00, 0x00, 0x00, 0x02, 0x00, 
    0x00, 0x9a, 0x01, 0x40, 0x00, 0x00, 0x00, 0x00, 0x00, 0x00, 0x00, 0x00, 
    0x00, 0x00, 0x00, 0x00, 0x81, 0x32, 0x00, 0x00, 0x00, 0x00, 0x02, 0x00, 
    0x18, 0x9a, 0x01, 0x40, 0x00, 0x00, 0x00, 0x00, 0x00, 0x00, 0x00, 0x00, 
    0x00, 0x00, 0x00, 0x00, 0x84, 0x32, 0x00, 0x00, 0x00, 0x00, 0x02, 0x00, 
    0x30, 0x9a, 0x01, 0x40, 0x00, 0x00, 0x00, 0x00, 0x00, 0x00, 0x00, 0x00, 
    0x00, 0x00, 0x00, 0x00, 0x87, 0x32, 0x00, 0x00, 0x00, 0x00, 0x02, 0x00, 
    0x38, 0x9a, 0x01, 0x40, 0x00, 0x00, 0x00, 0x00, 0x00, 0x00, 0x00, 0x00, 
    0x00, 0x00, 0x00, 0x00, 0x8a, 0x32, 0x00, 0x00, 0x00, 0x00, 0x02, 0x00, 
    0x50, 0x9a, 0x01, 0x40, 0x00, 0x00, 0x00, 0x00, 0x00, 0x00, 0x00, 0x00, 
    0x00, 0x00, 0x00, 0x00, 0x8d, 0x32, 0x00, 0x00, 0x00, 0x00, 0x02, 0x00, 
    0x58, 0x9a, 0x01, 0x40, 0x00, 0x00, 0x00, 0x00, 0x00, 0x00, 0x00, 0x00, 
    0x00, 0x00, 0x00, 0x00, 0x90, 0x32, 0x00, 0x00, 0x00, 0x00, 0x02, 0x00, 
    0x70, 0x9a, 0x01, 0x40, 0x00, 0x00, 0x00, 0x00, 0x00, 0x00, 0x00, 0x00, 
    0x00, 0x00, 0x00, 0x00, 0x93, 0x32, 0x00, 0x00, 0x00, 0x00, 0x02, 0x00, 
    0x88, 0x9a, 0x01, 0x40, 0x00, 0x00, 0x00, 0x00, 0x00, 0x00, 0x00, 0x00, 
    0x00, 0x00, 0x00, 0x00, 0x96, 0x32, 0x00, 0x00, 0x00, 0x00, 0x02, 0x00, 
    0xa0, 0x9a, 0x01, 0x40, 0x00, 0x00, 0x00, 0x00, 0x00, 0x00, 0x00, 0x00, 
    0x00, 0x00, 0x00, 0x00, 0x99, 0x32, 0x00, 0x00, 0x00, 0x00, 0x02, 0x00, 
    0xb8, 0x9a, 0x01, 0x40, 0x00, 0x00, 0x00, 0x00, 0x00, 0x00, 0x00, 0x00, 
    0x00, 0x00, 0x00, 0x00, 0x9c, 0x32, 0x00, 0x00, 0x00, 0x00, 0x02, 0x00, 
    0xd0, 0x9a, 0x01, 0x40, 0x00, 0x00, 0x00, 0x00, 0x00, 0x00, 0x00, 0x00, 
    0x00, 0x00, 0x00, 0x00, 0x9f, 0x32, 0x00, 0x00, 0x00, 0x00, 0x02, 0x00, 
    0xe8, 0x9a, 0x01, 0x40, 0x00, 0x00, 0x00, 0x00, 0x00, 0x00, 0x00, 0x00, 
    0x00, 0x00, 0x00, 0x00, 0xa2, 0x32, 0x00, 0x00, 0x00, 0x00, 0x02, 0x00, 
    0x00, 0x9b, 0x01, 0x40, 0x00, 0x00, 0x00, 0x00, 0x00, 0x00, 0x00, 0x00, 
    0x00, 0x00, 0x00, 0x00, 0xa5, 0x32, 0x00, 0x00, 0x00, 0x00, 0x02, 0x00, 
    0x18, 0x9b, 0x01, 0x40, 0x00, 0x00, 0x00, 0x00, 0x00, 0x00, 0x00, 0x00, 
    0x00, 0x00, 0x00, 0x00, 0xa8, 0x32, 0x00, 0x00, 0x00, 0x00, 0x02, 0x00, 
    0x30, 0x9b, 0x01, 0x40, 0x00, 0x00, 0x00, 0x00, 0x00, 0x00, 0x00, 0x00, 
    0x00, 0x00, 0x00, 0x00, 0xab, 0x32, 0x00, 0x00, 0x00, 0x00, 0x02, 0x00, 
    0x48, 0x9b, 0x01, 0x40, 0x00, 0x00, 0x00, 0x00, 0x00, 0x00, 0x00, 0x00, 
    0x00, 0x00, 0x00, 0x00, 0xae, 0x32, 0x00, 0x00, 0x00, 0x00, 0x02, 0x00, 
    0x60, 0x9b, 0x01, 0x40, 0x00, 0x00, 0x00, 0x00, 0x00, 0x00, 0x00, 0x00, 
    0x00, 0x00, 0x00, 0x00, 0xb1, 0x32, 0x00, 0x00, 0x00, 0x00, 0x02, 0x00, 
    0x78, 0x9b, 0x01, 0x40, 0x00, 0x00, 0x00, 0x00, 0x00, 0x00, 0x00, 0x00, 
    0x00, 0x00, 0x00, 0x00, 0xb4, 0x32, 0x00, 0x00, 0x00, 0x00, 0x02, 0x00, 
    0x90, 0x9b, 0x01, 0x40, 0x00, 0x00, 0x00, 0x00, 0x00, 0x00, 0x00, 0x00, 
    0x00, 0x00, 0x00, 0x00, 0xb7, 0x32, 0x00, 0x00, 0x00, 0x00, 0x02, 0x00, 
    0xa8, 0x9b, 0x01, 0x40, 0x00, 0x00, 0x00, 0x00, 0x00, 0x00, 0x00, 0x00, 
    0x00, 0x00, 0x00, 0x00, 0xba, 0x32, 0x00, 0x00, 0x00, 0x00, 0x02, 0x00, 
    0xc0, 0x9b, 0x01, 0x40, 0x00, 0x00, 0x00, 0x00, 0x00, 0x00, 0x00, 0x00, 
    0x00, 0x00, 0x00, 0x00, 0xbd, 0x32, 0x00, 0x00, 0x00, 0x00, 0x02, 0x00, 
    0xd8, 0x9b, 0x01, 0x40, 0x00, 0x00, 0x00, 0x00, 0x00, 0x00, 0x00, 0x00, 
    0x00, 0x00, 0x00, 0x00, 0xc0, 0x32, 0x00, 0x00, 0x00, 0x00, 0x02, 0x00, 
    0xf0, 0x9b, 0x01, 0x40, 0x00, 0x00, 0x00, 0x00, 0x00, 0x00, 0x00, 0x00, 
    0x00, 0x00, 0x00, 0x00, 0xc3, 0x32, 0x00, 0x00, 0x00, 0x00, 0x02, 0x00, 
    0x08, 0x9c, 0x01, 0x40, 0x00, 0x00, 0x00, 0x00, 0x00, 0x00, 0x00, 0x00, 
    0x00, 0x00, 0x00, 0x00, 0xc6, 0x32, 0x00, 0x00, 0x00, 0x00, 0x02, 0x00, 
    0x38, 0x9c, 0x01, 0x40, 0x00, 0x00, 0x00, 0x00, 0x00, 0x00, 0x00, 0x00, 
    0x00, 0x00, 0x00, 0x00, 0xc9, 0x32, 0x00, 0x00, 0x00, 0x00, 0x02, 0x00, 
    0x50, 0x9c, 0x01, 0x40, 0x00, 0x00, 0x00, 0x00, 0x00, 0x00, 0x00, 0x00, 
    0x00, 0x00, 0x00, 0x00, 0xcc, 0x32, 0x00, 0x00, 0x00, 0x00, 0x02, 0x00, 
    0x68, 0x9c, 0x01, 0x40, 0x00, 0x00, 0x00, 0x00, 0x00, 0x00, 0x00, 0x00, 
    0x00, 0x00, 0x00, 0x00, 0xcf, 0x32, 0x00, 0x00, 0x00, 0x00, 0x02, 0x00, 
    0x80, 0x9c, 0x01, 0x40, 0x00, 0x00, 0x00, 0x00, 0x00, 0x00, 0x00, 0x00, 
    0x00, 0x00, 0x00, 0x00, 0xd2, 0x32, 0x00, 0x00, 0x00, 0x00, 0x02, 0x00, 
    0x98, 0x9c, 0x01, 0x40, 0x00, 0x00, 0x00, 0x00, 0x00, 0x00, 0x00, 0x00, 
    0x00, 0x00, 0x00, 0x00, 0xd5, 0x32, 0x00, 0x00, 0x00, 0x00, 0x02, 0x00, 
    0xb0, 0x9c, 0x01, 0x40, 0x00, 0x00, 0x00, 0x00, 0x00, 0x00, 0x00, 0x00, 
    0x00, 0x00, 0x00, 0x00, 0xd8, 0x32, 0x00, 0x00, 0x00, 0x00, 0x02, 0x00, 
    0xc8, 0x9c, 0x01, 0x40, 0x00, 0x00, 0x00, 0x00, 0x00, 0x00, 0x00, 0x00, 
    0x00, 0x00, 0x00, 0x00, 0xdb, 0x32, 0x00, 0x00, 0x00, 0x00, 0x02, 0x00, 
    0xe0, 0x9c, 0x01, 0x40, 0x00, 0x00, 0x00, 0x00, 0x00, 0x00, 0x00, 0x00, 
    0x00, 0x00, 0x00, 0x00, 0xde, 0x32, 0x00, 0x00, 0x00, 0x00, 0x02, 0x00, 
    0xf8, 0x9c, 0x01, 0x40, 0x00, 0x00, 0x00, 0x00, 0x00, 0x00, 0x00, 0x00, 
    0x00, 0x00, 0x00, 0x00, 0xe1, 0x32, 0x00, 0x00, 0x00, 0x00, 0x02, 0x00, 
    0x10, 0x9d, 0x01, 0x40, 0x00, 0x00, 0x00, 0x00, 0x00, 0x00, 0x00, 0x00, 
    0x00, 0x00, 0x00, 0x00, 0xe4, 0x32, 0x00, 0x00, 0x00, 0x00, 0x02, 0x00, 
    0x28, 0x9d, 0x01, 0x40, 0x00, 0x00, 0x00, 0x00, 0x00, 0x00, 0x00, 0x00, 
    0x00, 0x00, 0x00, 0x00, 0xe7, 0x32, 0x00, 0x00, 0x00, 0x00, 0x02, 0x00, 
    0x40, 0x9d, 0x01, 0x40, 0x00, 0x00, 0x00, 0x00, 0x00, 0x00, 0x00, 0x00, 
    0x00, 0x00, 0x00, 0x00, 0xea, 0x32, 0x00, 0x00, 0x00, 0x00, 0x02, 0x00, 
    0x58, 0x9d, 0x01, 0x40, 0x00, 0x00, 0x00, 0x00, 0x00, 0x00, 0x00, 0x00, 
    0x00, 0x00, 0x00, 0x00, 0xed, 0x32, 0x00, 0x00, 0x00, 0x00, 0x02, 0x00, 
    0x70, 0x9d, 0x01, 0x40, 0x00, 0x00, 0x00, 0x00, 0x00, 0x00, 0x00, 0x00, 
    0x00, 0x00, 0x00, 0x00, 0xf0, 0x32, 0x00, 0x00, 0x00, 0x00, 0x02, 0x00, 
    0x88, 0x9d, 0x01, 0x40, 0x00, 0x00, 0x00, 0x00, 0x00, 0x00, 0x00, 0x00, 
    0x00, 0x00, 0x00, 0x00, 0xf3, 0x32, 0x00, 0x00, 0x00, 0x00, 0x02, 0x00, 
    0xa0, 0x9d, 0x01, 0x40, 0x00, 0x00, 0x00, 0x00, 0x00, 0x00, 0x00, 0x00, 
    0x00, 0x00, 0x00, 0x00, 0xf6, 0x32, 0x00, 0x00, 0x00, 0x00, 0x02, 0x00, 
    0xb8, 0x9d, 0x01, 0x40, 0x00, 0x00, 0x00, 0x00, 0x00, 0x00, 0x00, 0x00, 
    0x00, 0x00, 0x00, 0x00, 0xf9, 0x32, 0x00, 0x00, 0x00, 0x00, 0x02, 0x00, 
    0xd0, 0x9d, 0x01, 0x40, 0x00, 0x00, 0x00, 0x00, 0x00, 0x00, 0x00, 0x00, 
    0x00, 0x00, 0x00, 0x00, 0xfc, 0x32, 0x00, 0x00, 0x00, 0x00, 0x02, 0x00, 
    0xe8, 0x9d, 0x01, 0x40, 0x00, 0x00, 0x00, 0x00, 0x00, 0x00, 0x00, 0x00, 
    0x00, 0x00, 0x00, 0x00, 0xff, 0x32, 0x00, 0x00, 0x00, 0x00, 0x02, 0x00, 
    0x00, 0x9e, 0x01, 0x40, 0x00, 0x00, 0x00, 0x00, 0x00, 0x00, 0x00, 0x00, 
    0x00, 0x00, 0x00, 0x00, 0x02, 0x33, 0x00, 0x00, 0x00, 0x00, 0x02, 0x00, 
    0x20, 0x9e, 0x01, 0x40, 0x00, 0x00, 0x00, 0x00, 0x00, 0x00, 0x00, 0x00, 
    0x00, 0x00, 0x00, 0x00, 0x05, 0x33, 0x00, 0x00, 0x00, 0x00, 0x02, 0x00, 
    0x38, 0x9e, 0x01, 0x40, 0x00, 0x00, 0x00, 0x00, 0x00, 0x00, 0x00, 0x00, 
    0x00, 0x00, 0x00, 0x00, 0x08, 0x33, 0x00, 0x00, 0x00, 0x00, 0x02, 0x00, 
    0x50, 0x9e, 0x01, 0x40, 0x00, 0x00, 0x00, 0x00, 0x00, 0x00, 0x00, 0x00, 
    0x00, 0x00, 0x00, 0x00, 0x0b, 0x33, 0x00, 0x00, 0x00, 0x00, 0x02, 0x00, 
    0x68, 0x9e, 0x01, 0x40, 0x00, 0x00, 0x00, 0x00, 0x00, 0x00, 0x00, 0x00, 
    0x00, 0x00, 0x00, 0x00, 0x0e, 0x33, 0x00, 0x00, 0x00, 0x00, 0x02, 0x00, 
    0x80, 0x9e, 0x01, 0x40, 0x00, 0x00, 0x00, 0x00, 0x00, 0x00, 0x00, 0x00, 
    0x00, 0x00, 0x00, 0x00, 0x11, 0x33, 0x00, 0x00, 0x00, 0x00, 0x02, 0x00, 
    0x98, 0x9e, 0x01, 0x40, 0x00, 0x00, 0x00, 0x00, 0x00, 0x00, 0x00, 0x00, 
    0x00, 0x00, 0x00, 0x00, 0x14, 0x33, 0x00, 0x00, 0x00, 0x00, 0x02, 0x00, 
    0xb0, 0x9e, 0x01, 0x40, 0x00, 0x00, 0x00, 0x00, 0x00, 0x00, 0x00, 0x00, 
    0x00, 0x00, 0x00, 0x00, 0x17, 0x33, 0x00, 0x00, 0x00, 0x00, 0x02, 0x00, 
    0xc8, 0x9e, 0x01, 0x40, 0x00, 0x00, 0x00, 0x00, 0x00, 0x00, 0x00, 0x00, 
    0x00, 0x00, 0x00, 0x00, 0x1a, 0x33, 0x00, 0x00, 0x00, 0x00, 0x02, 0x00, 
    0xe0, 0x9e, 0x01, 0x40, 0x00, 0x00, 0x00, 0x00, 0x00, 0x00, 0x00, 0x00, 
    0x00, 0x00, 0x00, 0x00, 0x1d, 0x33, 0x00, 0x00, 0x00, 0x00, 0x02, 0x00, 
    0xf8, 0x9e, 0x01, 0x40, 0x00, 0x00, 0x00, 0x00, 0x00, 0x00, 0x00, 0x00, 
    0x00, 0x00, 0x00, 0x00, 0x20, 0x33, 0x00, 0x00, 0x00, 0x00, 0x02, 0x00, 
    0x10, 0x9f, 0x01, 0x40, 0x00, 0x00, 0x00, 0x00, 0x00, 0x00, 0x00, 0x00, 
    0x00, 0x00, 0x00, 0x00, 0x23, 0x33, 0x00, 0x00, 0x00, 0x00, 0x02, 0x00, 
    0x28, 0x9f, 0x01, 0x40, 0x00, 0x00, 0x00, 0x00, 0x00, 0x00, 0x00, 0x00, 
    0x00, 0x00, 0x00, 0x00, 0x26, 0x33, 0x00, 0x00, 0x00, 0x00, 0x02, 0x00, 
    0x40, 0x9f, 0x01, 0x40, 0x00, 0x00, 0x00, 0x00, 0x00, 0x00, 0x00, 0x00, 
    0x00, 0x00, 0x00, 0x00, 0x29, 0x33, 0x00, 0x00, 0x00, 0x00, 0x02, 0x00, 
    0x58, 0x9f, 0x01, 0x40, 0x00, 0x00, 0x00, 0x00, 0x00, 0x00, 0x00, 0x00, 
    0x00, 0x00, 0x00, 0x00, 0x2c, 0x33, 0x00, 0x00, 0x00, 0x00, 0x02, 0x00, 
    0x70, 0x9f, 0x01, 0x40, 0x00, 0x00, 0x00, 0x00, 0x00, 0x00, 0x00, 0x00, 
    0x00, 0x00, 0x00, 0x00, 0x2f, 0x33, 0x00, 0x00, 0x00, 0x00, 0x02, 0x00, 
    0x88, 0x9f, 0x01, 0x40, 0x00, 0x00, 0x00, 0x00, 0x00, 0x00, 0x00, 0x00, 
    0x00, 0x00, 0x00, 0x00, 0x32, 0x33, 0x00, 0x00, 0x00, 0x00, 0x02, 0x00, 
    0xa0, 0x9f, 0x01, 0x40, 0x00, 0x00, 0x00, 0x00, 0x00, 0x00, 0x00, 0x00, 
    0x00, 0x00, 0x00, 0x00, 0x35, 0x33, 0x00, 0x00, 0x00, 0x00, 0x02, 0x00, 
    0xb8, 0x9f, 0x01, 0x40, 0x00, 0x00, 0x00, 0x00, 0x00, 0x00, 0x00, 0x00, 
    0x00, 0x00, 0x00, 0x00, 0x38, 0x33, 0x00, 0x00, 0x00, 0x00, 0x02, 0x00, 
    0xd0, 0x9f, 0x01, 0x40, 0x00, 0x00, 0x00, 0x00, 0x00, 0x00, 0x00, 0x00, 
    0x00, 0x00, 0x00, 0x00, 0x3b, 0x33, 0x00, 0x00, 0x00, 0x00, 0x02, 0x00, 
    0xe8, 0x9f, 0x01, 0x40, 0x00, 0x00, 0x00, 0x00, 0x00, 0x00, 0x00, 0x00, 
    0x00, 0x00, 0x00, 0x00, 0x3e, 0x33, 0x00, 0x00, 0x00, 0x00, 0x02, 0x00, 
    0x00, 0xa0, 0x01, 0x40, 0x00, 0x00, 0x00, 0x00, 0x00, 0x00, 0x00, 0x00, 
    0x00, 0x00, 0x00, 0x00, 0x41, 0x33, 0x00, 0x00, 0x00, 0x00, 0x02, 0x00, 
    0x18, 0xa0, 0x01, 0x40, 0x00, 0x00, 0x00, 0x00, 0x00, 0x00, 0x00, 0x00, 
    0x00, 0x00, 0x00, 0x00, 0x44, 0x33, 0x00, 0x00, 0x00, 0x00, 0x02, 0x00, 
    0x30, 0xa0, 0x01, 0x40, 0x00, 0x00, 0x00, 0x00, 0x00, 0x00, 0x00, 0x00, 
    0x00, 0x00, 0x00, 0x00, 0x47, 0x33, 0x00, 0x00, 0x00, 0x00, 0x02, 0x00, 
    0x48, 0xa0, 0x01, 0x40, 0x00, 0x00, 0x00, 0x00, 0x00, 0x00, 0x00, 0x00, 
    0x00, 0x00, 0x00, 0x00, 0x4a, 0x33, 0x00, 0x00, 0x00, 0x00, 0x02, 0x00, 
    0x60, 0xa0, 0x01, 0x40, 0x00, 0x00, 0x00, 0x00, 0x00, 0x00, 0x00, 0x00, 
    0x00, 0x00, 0x00, 0x00, 0x4d, 0x33, 0x00, 0x00, 0x00, 0x00, 0x02, 0x00, 
    0x78, 0xa0, 0x01, 0x40, 0x00, 0x00, 0x00, 0x00, 0x00, 0x00, 0x00, 0x00, 
    0x00, 0x00, 0x00, 0x00, 0x50, 0x33, 0x00, 0x00, 0x00, 0x00, 0x02, 0x00, 
    0x90, 0xa0, 0x01, 0x40, 0x00, 0x00, 0x00, 0x00, 0x00, 0x00, 0x00, 0x00, 
    0x00, 0x00, 0x00, 0x00, 0x53, 0x33, 0x00, 0x00, 0x00, 0x00, 0x02, 0x00, 
    0xa8, 0xa0, 0x01, 0x40, 0x00, 0x00, 0x00, 0x00, 0x00, 0x00, 0x00, 0x00, 
    0x00, 0x00, 0x00, 0x00, 0x56, 0x33, 0x00, 0x00, 0x00, 0x00, 0x02, 0x00, 
    0xc0, 0xa0, 0x01, 0x40, 0x00, 0x00, 0x00, 0x00, 0x00, 0x00, 0x00, 0x00, 
    0x00, 0x00, 0x00, 0x00, 0x59, 0x33, 0x00, 0x00, 0x00, 0x00, 0x02, 0x00, 
    0xd8, 0xa0, 0x01, 0x40, 0x00, 0x00, 0x00, 0x00, 0x00, 0x00, 0x00, 0x00, 
    0x00, 0x00, 0x00, 0x00, 0x5c, 0x33, 0x00, 0x00, 0x00, 0x00, 0x02, 0x00, 
    0xf0, 0xa0, 0x01, 0x40, 0x00, 0x00, 0x00, 0x00, 0x00, 0x00, 0x00, 0x00, 
    0x00, 0x00, 0x00, 0x00, 0x5f, 0x33, 0x00, 0x00, 0x00, 0x00, 0x02, 0x00, 
    0x08, 0xa1, 0x01, 0x40, 0x00, 0x00, 0x00, 0x00, 0x00, 0x00, 0x00, 0x00, 
    0x00, 0x00, 0x00, 0x00, 0x62, 0x33, 0x00, 0x00, 0x00, 0x00, 0x02, 0x00, 
    0x20, 0xa1, 0x01, 0x40, 0x00, 0x00, 0x00, 0x00, 0x00, 0x00, 0x00, 0x00, 
    0x00, 0x00, 0x00, 0x00, 0x65, 0x33, 0x00, 0x00, 0x00, 0x00, 0x02, 0x00, 
    0x38, 0xa1, 0x01, 0x40, 0x00, 0x00, 0x00, 0x00, 0x00, 0x00, 0x00, 0x00, 
    0x00, 0x00, 0x00, 0x00, 0x68, 0x33, 0x00, 0x00, 0x00, 0x00, 0x02, 0x00, 
    0x50, 0xa1, 0x01, 0x40, 0x00, 0x00, 0x00, 0x00, 0x00, 0x00, 0x00, 0x00, 
    0x00, 0x00, 0x00, 0x00, 0x6b, 0x33, 0x00, 0x00, 0x00, 0x00, 0x02, 0x00, 
    0x68, 0xa1, 0x01, 0x40, 0x00, 0x00, 0x00, 0x00, 0x00, 0x00, 0x00, 0x00, 
    0x00, 0x00, 0x00, 0x00, 0x6e, 0x33, 0x00, 0x00, 0x00, 0x00, 0x02, 0x00, 
    0x80, 0xa1, 0x01, 0x40, 0x00, 0x00, 0x00, 0x00, 0x00, 0x00, 0x00, 0x00, 
    0x00, 0x00, 0x00, 0x00, 0x71, 0x33, 0x00, 0x00, 0x00, 0x00, 0x02, 0x00, 
    0x98, 0xa1, 0x01, 0x40, 0x00, 0x00, 0x00, 0x00, 0x00, 0x00, 0x00, 0x00, 
    0x00, 0x00, 0x00, 0x00, 0x74, 0x33, 0x00, 0x00, 0x00, 0x00, 0x02, 0x00, 
    0xb0, 0xa1, 0x01, 0x40, 0x00, 0x00, 0x00, 0x00, 0x00, 0x00, 0x00, 0x00, 
    0x00, 0x00, 0x00, 0x00, 0x77, 0x33, 0x00, 0x00, 0x00, 0x00, 0x02, 0x00, 
    0xc8, 0xa1, 0x01, 0x40, 0x00, 0x00, 0x00, 0x00, 0x00, 0x00, 0x00, 0x00, 
    0x00, 0x00, 0x00, 0x00, 0x7a, 0x33, 0x00, 0x00, 0x00, 0x00, 0x02, 0x00, 
    0xe0, 0xa1, 0x01, 0x40, 0x00, 0x00, 0x00, 0x00, 0x00, 0x00, 0x00, 0x00, 
    0x00, 0x00, 0x00, 0x00, 0x7d, 0x33, 0x00, 0x00, 0x00, 0x00, 0x02, 0x00, 
    0xf8, 0xa1, 0x01, 0x40, 0x00, 0x00, 0x00, 0x00, 0x00, 0x00, 0x00, 0x00, 
    0x00, 0x00, 0x00, 0x00, 0x80, 0x33, 0x00, 0x00, 0x00, 0x00, 0x02, 0x00, 
    0x10, 0xa2, 0x01, 0x40, 0x00, 0x00, 0x00, 0x00, 0x00, 0x00, 0x00, 0x00, 
    0x00, 0x00, 0x00, 0x00, 0x83, 0x33, 0x00, 0x00, 0x00, 0x00, 0x02, 0x00, 
    0x28, 0xa2, 0x01, 0x40, 0x00, 0x00, 0x00, 0x00, 0x00, 0x00, 0x00, 0x00, 
    0x00, 0x00, 0x00, 0x00, 0x86, 0x33, 0x00, 0x00, 0x00, 0x00, 0x02, 0x00, 
    0x40, 0xa2, 0x01, 0x40, 0x00, 0x00, 0x00, 0x00, 0x00, 0x00, 0x00, 0x00, 
    0x00, 0x00, 0x00, 0x00, 0x89, 0x33, 0x00, 0x00, 0x00, 0x00, 0x02, 0x00, 
    0x58, 0xa2, 0x01, 0x40, 0x00, 0x00, 0x00, 0x00, 0x00, 0x00, 0x00, 0x00, 
    0x00, 0x00, 0x00, 0x00, 0x8c, 0x33, 0x00, 0x00, 0x00, 0x00, 0x02, 0x00, 
    0x70, 0xa2, 0x01, 0x40, 0x00, 0x00, 0x00, 0x00, 0x00, 0x00, 0x00, 0x00, 
    0x00, 0x00, 0x00, 0x00, 0x8f, 0x33, 0x00, 0x00, 0x00, 0x00, 0x02, 0x00, 
    0x88, 0xa2, 0x01, 0x40, 0x00, 0x00, 0x00, 0x00, 0x00, 0x00, 0x00, 0x00, 
    0x00, 0x00, 0x00, 0x00, 0x92, 0x33, 0x00, 0x00, 0x00, 0x00, 0x02, 0x00, 
    0xa0, 0xa2, 0x01, 0x40, 0x00, 0x00, 0x00, 0x00, 0x00, 0x00, 0x00, 0x00, 
    0x00, 0x00, 0x00, 0x00, 0x95, 0x33, 0x00, 0x00, 0x00, 0x00, 0x02, 0x00, 
    0xb8, 0xa2, 0x01, 0x40, 0x00, 0x00, 0x00, 0x00, 0x00, 0x00, 0x00, 0x00, 
    0x00, 0x00, 0x00, 0x00, 0x98, 0x33, 0x00, 0x00, 0x00, 0x00, 0x02, 0x00, 
    0xd0, 0xa2, 0x01, 0x40, 0x00, 0x00, 0x00, 0x00, 0x00, 0x00, 0x00, 0x00, 
    0x00, 0x00, 0x00, 0x00, 0x9b, 0x33, 0x00, 0x00, 0x00, 0x00, 0x02, 0x00, 
    0xe8, 0xa2, 0x01, 0x40, 0x00, 0x00, 0x00, 0x00, 0x00, 0x00, 0x00, 0x00, 
    0x00, 0x00, 0x00, 0x00, 0x9e, 0x33, 0x00, 0x00, 0x00, 0x00, 0x02, 0x00, 
    0x00, 0xa3, 0x01, 0x40, 0x00, 0x00, 0x00, 0x00, 0x00, 0x00, 0x00, 0x00, 
    0x00, 0x00, 0x00, 0x00, 0xa1, 0x33, 0x00, 0x00, 0x00, 0x00, 0x02, 0x00, 
    0x18, 0xa3, 0x01, 0x40, 0x00, 0x00, 0x00, 0x00, 0x00, 0x00, 0x00, 0x00, 
    0x00, 0x00, 0x00, 0x00, 0xa4, 0x33, 0x00, 0x00, 0x00, 0x00, 0x02, 0x00, 
    0x30, 0xa3, 0x01, 0x40, 0x00, 0x00, 0x00, 0x00, 0x00, 0x00, 0x00, 0x00, 
    0x00, 0x00, 0x00, 0x00, 0xa7, 0x33, 0x00, 0x00, 0x00, 0x00, 0x02, 0x00, 
    0x48, 0xa3, 0x01, 0x40, 0x00, 0x00, 0x00, 0x00, 0x00, 0x00, 0x00, 0x00, 
    0x00, 0x00, 0x00, 0x00, 0xaa, 0x33, 0x00, 0x00, 0x00, 0x00, 0x02, 0x00, 
    0x60, 0xa3, 0x01, 0x40, 0x00, 0x00, 0x00, 0x00, 0x00, 0x00, 0x00, 0x00, 
    0x00, 0x00, 0x00, 0x00, 0xad, 0x33, 0x00, 0x00, 0x00, 0x00, 0x02, 0x00, 
    0x78, 0xa3, 0x01, 0x40, 0x00, 0x00, 0x00, 0x00, 0x00, 0x00, 0x00, 0x00, 
    0x00, 0x00, 0x00, 0x00, 0xb0, 0x33, 0x00, 0x00, 0x00, 0x00, 0x02, 0x00, 
    0x90, 0xa3, 0x01, 0x40, 0x00, 0x00, 0x00, 0x00, 0x00, 0x00, 0x00, 0x00, 
    0x00, 0x00, 0x00, 0x00, 0xb3, 0x33, 0x00, 0x00, 0x00, 0x00, 0x02, 0x00, 
    0xa8, 0xa3, 0x01, 0x40, 0x00, 0x00, 0x00, 0x00, 0x00, 0x00, 0x00, 0x00, 
    0x00, 0x00, 0x00, 0x00, 0xb6, 0x33, 0x00, 0x00, 0x00, 0x00, 0x02, 0x00, 
    0xc0, 0xa3, 0x01, 0x40, 0x00, 0x00, 0x00, 0x00, 0x00, 0x00, 0x00, 0x00, 
    0x00, 0x00, 0x00, 0x00, 0xb9, 0x33, 0x00, 0x00, 0x00, 0x00, 0x02, 0x00, 
    0xd8, 0xa3, 0x01, 0x40, 0x00, 0x00, 0x00, 0x00, 0x00, 0x00, 0x00, 0x00, 
    0x00, 0x00, 0x00, 0x00, 0xbc, 0x33, 0x00, 0x00, 0x00, 0x00, 0x02, 0x00, 
    0xf0, 0xa3, 0x01, 0x40, 0x00, 0x00, 0x00, 0x00, 0x00, 0x00, 0x00, 0x00, 
    0x00, 0x00, 0x00, 0x00, 0xbf, 0x33, 0x00, 0x00, 0x00, 0x00, 0x02, 0x00, 
    0x08, 0xa4, 0x01, 0x40, 0x00, 0x00, 0x00, 0x00, 0x00, 0x00, 0x00, 0x00, 
    0x00, 0x00, 0x00, 0x00, 0xc2, 0x33, 0x00, 0x00, 0x00, 0x00, 0x02, 0x00, 
    0x20, 0xa4, 0x01, 0x40, 0x00, 0x00, 0x00, 0x00, 0x00, 0x00, 0x00, 0x00, 
    0x00, 0x00, 0x00, 0x00, 0xc5, 0x33, 0x00, 0x00, 0x00, 0x00, 0x02, 0x00, 
    0x38, 0xa4, 0x01, 0x40, 0x00, 0x00, 0x00, 0x00, 0x00, 0x00, 0x00, 0x00, 
    0x00, 0x00, 0x00, 0x00, 0xc8, 0x33, 0x00, 0x00, 0x00, 0x00, 0x02, 0x00, 
    0x50, 0xa4, 0x01, 0x40, 0x00, 0x00, 0x00, 0x00, 0x00, 0x00, 0x00, 0x00, 
    0x00, 0x00, 0x00, 0x00, 0xcb, 0x33, 0x00, 0x00, 0x00, 0x00, 0x02, 0x00, 
    0x68, 0xa4, 0x01, 0x40, 0x00, 0x00, 0x00, 0x00, 0x00, 0x00, 0x00, 0x00, 
    0x00, 0x00, 0x00, 0x00, 0xce, 0x33, 0x00, 0x00, 0x00, 0x00, 0x02, 0x00, 
    0x80, 0xa4, 0x01, 0x40, 0x00, 0x00, 0x00, 0x00, 0x00, 0x00, 0x00, 0x00, 
    0x00, 0x00, 0x00, 0x00, 0xd1, 0x33, 0x00, 0x00, 0x00, 0x00, 0x02, 0x00, 
    0x98, 0xa4, 0x01, 0x40, 0x00, 0x00, 0x00, 0x00, 0x00, 0x00, 0x00, 0x00, 
    0x00, 0x00, 0x00, 0x00, 0xd4, 0x33, 0x00, 0x00, 0x00, 0x00, 0x02, 0x00, 
    0xb0, 0xa4, 0x01, 0x40, 0x00, 0x00, 0x00, 0x00, 0x00, 0x00, 0x00, 0x00, 
    0x00, 0x00, 0x00, 0x00, 0xd7, 0x33, 0x00, 0x00, 0x00, 0x00, 0x02, 0x00, 
    0xc8, 0xa4, 0x01, 0x40, 0x00, 0x00, 0x00, 0x00, 0x00, 0x00, 0x00, 0x00, 
    0x00, 0x00, 0x00, 0x00, 0xda, 0x33, 0x00, 0x00, 0x00, 0x00, 0x02, 0x00, 
    0xe0, 0xa4, 0x01, 0x40, 0x00, 0x00, 0x00, 0x00, 0x00, 0x00, 0x00, 0x00, 
    0x00, 0x00, 0x00, 0x00, 0xdd, 0x33, 0x00, 0x00, 0x00, 0x00, 0x02, 0x00, 
    0xf8, 0xa4, 0x01, 0x40, 0x00, 0x00, 0x00, 0x00, 0x00, 0x00, 0x00, 0x00, 
    0x00, 0x00, 0x00, 0x00, 0xe0, 0x33, 0x00, 0x00, 0x00, 0x00, 0x02, 0x00, 
    0x10, 0xa5, 0x01, 0x40, 0x00, 0x00, 0x00, 0x00, 0x00, 0x00, 0x00, 0x00, 
    0x00, 0x00, 0x00, 0x00, 0xe3, 0x33, 0x00, 0x00, 0x00, 0x00, 0x02, 0x00, 
    0x30, 0xa5, 0x01, 0x40, 0x00, 0x00, 0x00, 0x00, 0x00, 0x00, 0x00, 0x00, 
    0x00, 0x00, 0x00, 0x00, 0xe6, 0x33, 0x00, 0x00, 0x00, 0x00, 0x02, 0x00, 
    0x48, 0xa5, 0x01, 0x40, 0x00, 0x00, 0x00, 0x00, 0x00, 0x00, 0x00, 0x00, 
    0x00, 0x00, 0x00, 0x00, 0xe9, 0x33, 0x00, 0x00, 0x00, 0x00, 0x02, 0x00, 
    0x60, 0xa5, 0x01, 0x40, 0x00, 0x00, 0x00, 0x00, 0x00, 0x00, 0x00, 0x00, 
    0x00, 0x00, 0x00, 0x00, 0xec, 0x33, 0x00, 0x00, 0x00, 0x00, 0x02, 0x00, 
    0x78, 0xa5, 0x01, 0x40, 0x00, 0x00, 0x00, 0x00, 0x00, 0x00, 0x00, 0x00, 
    0x00, 0x00, 0x00, 0x00, 0xef, 0x33, 0x00, 0x00, 0x00, 0x00, 0x02, 0x00, 
    0x90, 0xa5, 0x01, 0x40, 0x00, 0x00, 0x00, 0x00, 0x00, 0x00, 0x00, 0x00, 
    0x00, 0x00, 0x00, 0x00, 0xf2, 0x33, 0x00, 0x00, 0x00, 0x00, 0x02, 0x00, 
    0xa8, 0xa5, 0x01, 0x40, 0x00, 0x00, 0x00, 0x00, 0x00, 0x00, 0x00, 0x00, 
    0x00, 0x00, 0x00, 0x00, 0xf5, 0x33, 0x00, 0x00, 0x00, 0x00, 0x02, 0x00, 
    0xc0, 0xa5, 0x01, 0x40, 0x00, 0x00, 0x00, 0x00, 0x00, 0x00, 0x00, 0x00, 
    0x00, 0x00, 0x00, 0x00, 0xf8, 0x33, 0x00, 0x00, 0x00, 0x00, 0x02, 0x00, 
    0xd8, 0xa5, 0x01, 0x40, 0x00, 0x00, 0x00, 0x00, 0x00, 0x00, 0x00, 0x00, 
    0x00, 0x00, 0x00, 0x00, 0xfb, 0x33, 0x00, 0x00, 0x00, 0x00, 0x02, 0x00, 
    0xf0, 0xa5, 0x01, 0x40, 0x00, 0x00, 0x00, 0x00, 0x00, 0x00, 0x00, 0x00, 
    0x00, 0x00, 0x00, 0x00, 0xfe, 0x33, 0x00, 0x00, 0x00, 0x00, 0x02, 0x00, 
    0x08, 0xa6, 0x01, 0x40, 0x00, 0x00, 0x00, 0x00, 0x00, 0x00, 0x00, 0x00, 
    0x00, 0x00, 0x00, 0x00, 0x01, 0x34, 0x00, 0x00, 0x00, 0x00, 0x02, 0x00, 
    0x20, 0xa6, 0x01, 0x40, 0x00, 0x00, 0x00, 0x00, 0x00, 0x00, 0x00, 0x00, 
    0x00, 0x00, 0x00, 0x00, 0x04, 0x34, 0x00, 0x00, 0x00, 0x00, 0x02, 0x00, 
    0x38, 0xa6, 0x01, 0x40, 0x00, 0x00, 0x00, 0x00, 0x00, 0x00, 0x00, 0x00, 
    0x00, 0x00, 0x00, 0x00, 0x07, 0x34, 0x00, 0x00, 0x00, 0x00, 0x02, 0x00, 
    0x50, 0xa6, 0x01, 0x40, 0x00, 0x00, 0x00, 0x00, 0x00, 0x00, 0x00, 0x00, 
    0x00, 0x00, 0x00, 0x00, 0x0a, 0x34, 0x00, 0x00, 0x00, 0x00, 0x02, 0x00, 
    0x68, 0xa6, 0x01, 0x40, 0x00, 0x00, 0x00, 0x00, 0x00, 0x00, 0x00, 0x00, 
    0x00, 0x00, 0x00, 0x00, 0x0d, 0x34, 0x00, 0x00, 0x00, 0x00, 0x02, 0x00, 
    0x80, 0xa6, 0x01, 0x40, 0x00, 0x00, 0x00, 0x00, 0x00, 0x00, 0x00, 0x00, 
    0x00, 0x00, 0x00, 0x00, 0x10, 0x34, 0x00, 0x00, 0x00, 0x00, 0x02, 0x00, 
    0x98, 0xa6, 0x01, 0x40, 0x00, 0x00, 0x00, 0x00, 0x00, 0x00, 0x00, 0x00, 
    0x00, 0x00, 0x00, 0x00, 0x13, 0x34, 0x00, 0x00, 0x00, 0x00, 0x02, 0x00, 
    0xb0, 0xa6, 0x01, 0x40, 0x00, 0x00, 0x00, 0x00, 0x00, 0x00, 0x00, 0x00, 
    0x00, 0x00, 0x00, 0x00, 0x16, 0x34, 0x00, 0x00, 0x00, 0x00, 0x02, 0x00, 
    0xc8, 0xa6, 0x01, 0x40, 0x00, 0x00, 0x00, 0x00, 0x00, 0x00, 0x00, 0x00, 
    0x00, 0x00, 0x00, 0x00, 0x19, 0x34, 0x00, 0x00, 0x00, 0x00, 0x02, 0x00, 
    0xd0, 0xa6, 0x01, 0x40, 0x00, 0x00, 0x00, 0x00, 0x00, 0x00, 0x00, 0x00, 
    0x00, 0x00, 0x00, 0x00, 0x1c, 0x34, 0x00, 0x00, 0x00, 0x00, 0x02, 0x00, 
    0xe8, 0xa6, 0x01, 0x40, 0x00, 0x00, 0x00, 0x00, 0x00, 0x00, 0x00, 0x00, 
    0x00, 0x00, 0x00, 0x00, 0x1f, 0x34, 0x00, 0x00, 0x00, 0x00, 0x02, 0x00, 
    0xfb, 0xa6, 0x01, 0x40, 0x00, 0x00, 0x00, 0x00, 0x00, 0x00, 0x00, 0x00, 
    0x00, 0x00, 0x00, 0x00, 0x22, 0x34, 0x00, 0x00, 0x00, 0x00, 0x02, 0x00, 
    0x11, 0xa7, 0x01, 0x40, 0x00, 0x00, 0x00, 0x00, 0x00, 0x00, 0x00, 0x00, 
    0x00, 0x00, 0x00, 0x00, 0x25, 0x34, 0x00, 0x00, 0x00, 0x00, 0x02, 0x00, 
    0x20, 0xa7, 0x01, 0x40, 0x00, 0x00, 0x00, 0x00, 0x00, 0x00, 0x00, 0x00, 
    0x00, 0x00, 0x00, 0x00, 0x28, 0x34, 0x00, 0x00, 0x00, 0x00, 0x02, 0x00, 
    0x38, 0xa7, 0x01, 0x40, 0x00, 0x00, 0x00, 0x00, 0x00, 0x00, 0x00, 0x00, 
    0x00, 0x00, 0x00, 0x00, 0x2b, 0x34, 0x00, 0x00, 0x00, 0x00, 0x02, 0x00, 
    0x50, 0xa7, 0x01, 0x40, 0x00, 0x00, 0x00, 0x00, 0x00, 0x00, 0x00, 0x00, 
    0x00, 0x00, 0x00, 0x00, 0x2e, 0x34, 0x00, 0x00, 0x00, 0x00, 0x02, 0x00, 
    0x68, 0xa7, 0x01, 0x40, 0x00, 0x00, 0x00, 0x00, 0x00, 0x00, 0x00, 0x00, 
    0x00, 0x00, 0x00, 0x00, 0x31, 0x34, 0x00, 0x00, 0x00, 0x00, 0x02, 0x00, 
    0x80, 0xa7, 0x01, 0x40, 0x00, 0x00, 0x00, 0x00, 0x00, 0x00, 0x00, 0x00, 
    0x00, 0x00, 0x00, 0x00, 0x34, 0x34, 0x00, 0x00, 0x00, 0x00, 0x02, 0x00, 
    0x98, 0xa7, 0x01, 0x40, 0x00, 0x00, 0x00, 0x00, 0x00, 0x00, 0x00, 0x00, 
    0x00, 0x00, 0x00, 0x00, 0x37, 0x34, 0x00, 0x00, 0x00, 0x00, 0x02, 0x00, 
    0xb0, 0xa7, 0x01, 0x40, 0x00, 0x00, 0x00, 0x00, 0x00, 0x00, 0x00, 0x00, 
    0x00, 0x00, 0x00, 0x00, 0x3a, 0x34, 0x00, 0x00, 0x00, 0x00, 0x02, 0x00, 
    0xc8, 0xa7, 0x01, 0x40, 0x00, 0x00, 0x00, 0x00, 0x00, 0x00, 0x00, 0x00, 
    0x00, 0x00, 0x00, 0x00, 0x3d, 0x34, 0x00, 0x00, 0x00, 0x00, 0x02, 0x00, 
    0xe0, 0xa7, 0x01, 0x40, 0x00, 0x00, 0x00, 0x00, 0x00, 0x00, 0x00, 0x00, 
    0x00, 0x00, 0x00, 0x00, 0x40, 0x34, 0x00, 0x00, 0x00, 0x00, 0x02, 0x00, 
    0xf8, 0xa7, 0x01, 0x40, 0x00, 0x00, 0x00, 0x00, 0x00, 0x00, 0x00, 0x00, 
    0x00, 0x00, 0x00, 0x00, 0x43, 0x34, 0x00, 0x00, 0x00, 0x00, 0x02, 0x00, 
    0x10, 0xa8, 0x01, 0x40, 0x00, 0x00, 0x00, 0x00, 0x00, 0x00, 0x00, 0x00, 
    0x00, 0x00, 0x00, 0x00, 0x46, 0x34, 0x00, 0x00, 0x00, 0x00, 0x02, 0x00, 
    0x28, 0xa8, 0x01, 0x40, 0x00, 0x00, 0x00, 0x00, 0x00, 0x00, 0x00, 0x00, 
    0x00, 0x00, 0x00, 0x00, 0x49, 0x34, 0x00, 0x00, 0x00, 0x00, 0x02, 0x00, 
    0x40, 0xa8, 0x01, 0x40, 0x00, 0x00, 0x00, 0x00, 0x00, 0x00, 0x00, 0x00, 
    0x00, 0x00, 0x00, 0x00, 0x4c, 0x34, 0x00, 0x00, 0x00, 0x00, 0x02, 0x00, 
    0x58, 0xa8, 0x01, 0x40, 0x00, 0x00, 0x00, 0x00, 0x00, 0x00, 0x00, 0x00, 
    0x00, 0x00, 0x00, 0x00, 0x4f, 0x34, 0x00, 0x00, 0x00, 0x00, 0x02, 0x00, 
    0x70, 0xa8, 0x01, 0x40, 0x00, 0x00, 0x00, 0x00, 0x00, 0x00, 0x00, 0x00, 
    0x00, 0x00, 0x00, 0x00, 0x52, 0x34, 0x00, 0x00, 0x00, 0x00, 0x02, 0x00, 
    0x88, 0xa8, 0x01, 0x40, 0x00, 0x00, 0x00, 0x00, 0x00, 0x00, 0x00, 0x00, 
    0x00, 0x00, 0x00, 0x00, 0x55, 0x34, 0x00, 0x00, 0x00, 0x00, 0x02, 0x00, 
    0xa0, 0xa8, 0x01, 0x40, 0x00, 0x00, 0x00, 0x00, 0x00, 0x00, 0x00, 0x00, 
    0x00, 0x00, 0x00, 0x00, 0x58, 0x34, 0x00, 0x00, 0x00, 0x00, 0x02, 0x00, 
    0xa8, 0xa8, 0x01, 0x40, 0x00, 0x00, 0x00, 0x00, 0x00, 0x00, 0x00, 0x00, 
    0x00, 0x00, 0x00, 0x00, 0x5b, 0x34, 0x00, 0x00, 0x00, 0x00, 0x02, 0x00, 
    0xc0, 0xa8, 0x01, 0x40, 0x00, 0x00, 0x00, 0x00, 0x00, 0x00, 0x00, 0x00, 
    0x00, 0x00, 0x00, 0x00, 0x5e, 0x34, 0x00, 0x00, 0x00, 0x00, 0x02, 0x00, 
    0xd8, 0xa8, 0x01, 0x40, 0x00, 0x00, 0x00, 0x00, 0x00, 0x00, 0x00, 0x00, 
    0x00, 0x00, 0x00, 0x00, 0x61, 0x34, 0x00, 0x00, 0x00, 0x00, 0x02, 0x00, 
    0xf0, 0xa8, 0x01, 0x40, 0x00, 0x00, 0x00, 0x00, 0x00, 0x00, 0x00, 0x00, 
    0x00, 0x00, 0x00, 0x00, 0x64, 0x34, 0x00, 0x00, 0x00, 0x00, 0x02, 0x00, 
    0x08, 0xa9, 0x01, 0x40, 0x00, 0x00, 0x00, 0x00, 0x00, 0x00, 0x00, 0x00, 
    0x00, 0x00, 0x00, 0x00, 0x67, 0x34, 0x00, 0x00, 0x00, 0x00, 0x02, 0x00, 
    0x20, 0xa9, 0x01, 0x40, 0x00, 0x00, 0x00, 0x00, 0x00, 0x00, 0x00, 0x00, 
    0x00, 0x00, 0x00, 0x00, 0x6a, 0x34, 0x00, 0x00, 0x00, 0x00, 0x02, 0x00, 
    0x38, 0xa9, 0x01, 0x40, 0x00, 0x00, 0x00, 0x00, 0x00, 0x00, 0x00, 0x00, 
    0x00, 0x00, 0x00, 0x00, 0x6d, 0x34, 0x00, 0x00, 0x00, 0x00, 0x02, 0x00, 
    0x50, 0xa9, 0x01, 0x40, 0x00, 0x00, 0x00, 0x00, 0x00, 0x00, 0x00, 0x00, 
    0x00, 0x00, 0x00, 0x00, 0x70, 0x34, 0x00, 0x00, 0x00, 0x00, 0x02, 0x00, 
    0x68, 0xa9, 0x01, 0x40, 0x00, 0x00, 0x00, 0x00, 0x00, 0x00, 0x00, 0x00, 
    0x00, 0x00, 0x00, 0x00, 0x73, 0x34, 0x00, 0x00, 0x00, 0x00, 0x02, 0x00, 
    0x80, 0xa9, 0x01, 0x40, 0x00, 0x00, 0x00, 0x00, 0x00, 0x00, 0x00, 0x00, 
    0x00, 0x00, 0x00, 0x00, 0x76, 0x34, 0x00, 0x00, 0x00, 0x00, 0x02, 0x00, 
    0x98, 0xa9, 0x01, 0x40, 0x00, 0x00, 0x00, 0x00, 0x00, 0x00, 0x00, 0x00, 
    0x00, 0x00, 0x00, 0x00, 0x79, 0x34, 0x00, 0x00, 0x00, 0x00, 0x02, 0x00, 
    0xb0, 0xa9, 0x01, 0x40, 0x00, 0x00, 0x00, 0x00, 0x00, 0x00, 0x00, 0x00, 
    0x00, 0x00, 0x00, 0x00, 0x7c, 0x34, 0x00, 0x00, 0x00, 0x00, 0x02, 0x00, 
    0xc8, 0xa9, 0x01, 0x40, 0x00, 0x00, 0x00, 0x00, 0x00, 0x00, 0x00, 0x00, 
    0x00, 0x00, 0x00, 0x00, 0x7f, 0x34, 0x00, 0x00, 0x00, 0x00, 0x02, 0x00, 
    0xe0, 0xa9, 0x01, 0x40, 0x00, 0x00, 0x00, 0x00, 0x00, 0x00, 0x00, 0x00, 
    0x00, 0x00, 0x00, 0x00, 0x82, 0x34, 0x00, 0x00, 0x00, 0x00, 0x02, 0x00, 
    0xf8, 0xa9, 0x01, 0x40, 0x00, 0x00, 0x00, 0x00, 0x00, 0x00, 0x00, 0x00, 
    0x00, 0x00, 0x00, 0x00, 0x85, 0x34, 0x00, 0x00, 0x00, 0x00, 0x02, 0x00, 
    0x10, 0xaa, 0x01, 0x40, 0x00, 0x00, 0x00, 0x00, 0x00, 0x00, 0x00, 0x00, 
    0x00, 0x00, 0x00, 0x00, 0x88, 0x34, 0x00, 0x00, 0x00, 0x00, 0x02, 0x00, 
    0x28, 0xaa, 0x01, 0x40, 0x00, 0x00, 0x00, 0x00, 0x00, 0x00, 0x00, 0x00, 
    0x00, 0x00, 0x00, 0x00, 0x8b, 0x34, 0x00, 0x00, 0x00, 0x00, 0x02, 0x00, 
    0x40, 0xaa, 0x01, 0x40, 0x00, 0x00, 0x00, 0x00, 0x00, 0x00, 0x00, 0x00, 
    0x00, 0x00, 0x00, 0x00, 0x8e, 0x34, 0x00, 0x00, 0x00, 0x00, 0x02, 0x00, 
    0x48, 0xaa, 0x01, 0x40, 0x00, 0x00, 0x00, 0x00, 0x00, 0x00, 0x00, 0x00, 
    0x00, 0x00, 0x00, 0x00, 0x91, 0x34, 0x00, 0x00, 0x00, 0x00, 0x02, 0x00, 
    0x60, 0xaa, 0x01, 0x40, 0x00, 0x00, 0x00, 0x00, 0x00, 0x00, 0x00, 0x00, 
    0x00, 0x00, 0x00, 0x00, 0x94, 0x34, 0x00, 0x00, 0x00, 0x00, 0x02, 0x00, 
    0x78, 0xaa, 0x01, 0x40, 0x00, 0x00, 0x00, 0x00, 0x00, 0x00, 0x00, 0x00, 
    0x00, 0x00, 0x00, 0x00, 0x97, 0x34, 0x00, 0x00, 0x00, 0x00, 0x02, 0x00, 
    0x90, 0xaa, 0x01, 0x40, 0x00, 0x00, 0x00, 0x00, 0x00, 0x00, 0x00, 0x00, 
    0x00, 0x00, 0x00, 0x00, 0x9a, 0x34, 0x00, 0x00, 0x00, 0x00, 0x02, 0x00, 
    0xa8, 0xaa, 0x01, 0x40, 0x00, 0x00, 0x00, 0x00, 0x00, 0x00, 0x00, 0x00, 
    0x00, 0x00, 0x00, 0x00, 0x9d, 0x34, 0x00, 0x00, 0x00, 0x00, 0x02, 0x00, 
    0xc0, 0xaa, 0x01, 0x40, 0x00, 0x00, 0x00, 0x00, 0x00, 0x00, 0x00, 0x00, 
    0x00, 0x00, 0x00, 0x00, 0xa0, 0x34, 0x00, 0x00, 0x00, 0x00, 0x02, 0x00, 
    0xd8, 0xaa, 0x01, 0x40, 0x00, 0x00, 0x00, 0x00, 0x00, 0x00, 0x00, 0x00, 
    0x00, 0x00, 0x00, 0x00, 0xa3, 0x34, 0x00, 0x00, 0x00, 0x00, 0x02, 0x00, 
    0xe2, 0xaa, 0x01, 0x40, 0x00, 0x00, 0x00, 0x00, 0x00, 0x00, 0x00, 0x00, 
    0x00, 0x00, 0x00, 0x00, 0xa6, 0x34, 0x00, 0x00, 0x00, 0x00, 0x02, 0x00, 
    0xf0, 0xaa, 0x01, 0x40, 0x00, 0x00, 0x00, 0x00, 0x00, 0x00, 0x00, 0x00, 
    0x00, 0x00, 0x00, 0x00, 0xa9, 0x34, 0x00, 0x00, 0x00, 0x00, 0x02, 0x00, 
    0xf7, 0xaa, 0x01, 0x40, 0x00, 0x00, 0x00, 0x00, 0x00, 0x00, 0x00, 0x00, 
    0x00, 0x00, 0x00, 0x00, 0xac, 0x34, 0x00, 0x00, 0x00, 0x00, 0x02, 0x00, 
    0xfe, 0xaa, 0x01, 0x40, 0x00, 0x00, 0x00, 0x00, 0x00, 0x00, 0x00, 0x00, 
    0x00, 0x00, 0x00, 0x00, 0xaf, 0x34, 0x00, 0x00, 0x00, 0x00, 0x02, 0x00, 
    0x09, 0xab, 0x01, 0x40, 0x00, 0x00, 0x00, 0x00, 0x00, 0x00, 0x00, 0x00, 
    0x00, 0x00, 0x00, 0x00, 0xb2, 0x34, 0x00, 0x00, 0x00, 0x00, 0x02, 0x00, 
    0x13, 0xab, 0x01, 0x40, 0x00, 0x00, 0x00, 0x00, 0x00, 0x00, 0x00, 0x00, 
    0x00, 0x00, 0x00, 0x00, 0xb5, 0x34, 0x00, 0x00, 0x00, 0x00, 0x02, 0x00, 
    0x20, 0xab, 0x01, 0x40, 0x00, 0x00, 0x00, 0x00, 0x00, 0x00, 0x00, 0x00, 
    0x00, 0x00, 0x00, 0x00, 0xb8, 0x34, 0x00, 0x00, 0x00, 0x00, 0x02, 0x00, 
    0x38, 0xab, 0x01, 0x40, 0x00, 0x00, 0x00, 0x00, 0x00, 0x00, 0x00, 0x00, 
    0x00, 0x00, 0x00, 0x00, 0xbb, 0x34, 0x00, 0x00, 0x00, 0x00, 0x02, 0x00, 
    0x50, 0xab, 0x01, 0x40, 0x00, 0x00, 0x00, 0x00, 0x00, 0x00, 0x00, 0x00, 
    0x00, 0x00, 0x00, 0x00, 0xbe, 0x34, 0x00, 0x00, 0x00, 0x00, 0x02, 0x00, 
    0x68, 0xab, 0x01, 0x40, 0x00, 0x00, 0x00, 0x00, 0x00, 0x00, 0x00, 0x00, 
    0x00, 0x00, 0x00, 0x00, 0xc1, 0x34, 0x00, 0x00, 0x00, 0x00, 0x02, 0x00, 
    0x80, 0xab, 0x01, 0x40, 0x00, 0x00, 0x00, 0x00, 0x00, 0x00, 0x00, 0x00, 
    0x00, 0x00, 0x00, 0x00, 0xc4, 0x34, 0x00, 0x00, 0x00, 0x00, 0x02, 0x00, 
    0x98, 0xab, 0x01, 0x40, 0x00, 0x00, 0x00, 0x00, 0x00, 0x00, 0x00, 0x00, 
    0x00, 0x00, 0x00, 0x00, 0xc7, 0x34, 0x00, 0x00, 0x00, 0x00, 0x02, 0x00, 
    0xb0, 0xab, 0x01, 0x40, 0x00, 0x00, 0x00, 0x00, 0x00, 0x00, 0x00, 0x00, 
    0x00, 0x00, 0x00, 0x00, 0xca, 0x34, 0x00, 0x00, 0x00, 0x00, 0x02, 0x00, 
    0xc8, 0xab, 0x01, 0x40, 0x00, 0x00, 0x00, 0x00, 0x00, 0x00, 0x00, 0x00, 
    0x00, 0x00, 0x00, 0x00, 0xcd, 0x34, 0x00, 0x00, 0x00, 0x00, 0x02, 0x00, 
    0xe0, 0xab, 0x01, 0x40, 0x00, 0x00, 0x00, 0x00, 0x00, 0x00, 0x00, 0x00, 
    0x00, 0x00, 0x00, 0x00, 0xd0, 0x34, 0x00, 0x00, 0x00, 0x00, 0x02, 0x00, 
    0xf8, 0xab, 0x01, 0x40, 0x00, 0x00, 0x00, 0x00, 0x00, 0x00, 0x00, 0x00, 
    0x00, 0x00, 0x00, 0x00, 0xd3, 0x34, 0x00, 0x00, 0x00, 0x00, 0x02, 0x00, 
    0x10, 0xac, 0x01, 0x40, 0x00, 0x00, 0x00, 0x00, 0x00, 0x00, 0x00, 0x00, 
    0x00, 0x00, 0x00, 0x00, 0xd6, 0x34, 0x00, 0x00, 0x00, 0x00, 0x02, 0x00, 
    0x28, 0xac, 0x01, 0x40, 0x00, 0x00, 0x00, 0x00, 0x00, 0x00, 0x00, 0x00, 
    0x00, 0x00, 0x00, 0x00, 0xd9, 0x34, 0x00, 0x00, 0x00, 0x00, 0x02, 0x00, 
    0x50, 0xac, 0x01, 0x40, 0x00, 0x00, 0x00, 0x00, 0x00, 0x00, 0x00, 0x00, 
    0x00, 0x00, 0x00, 0x00, 0xdc, 0x34, 0x00, 0x00, 0x00, 0x00, 0x02, 0x00, 
    0x68, 0xac, 0x01, 0x40, 0x00, 0x00, 0x00, 0x00, 0x00, 0x00, 0x00, 0x00, 
    0x00, 0x00, 0x00, 0x00, 0xdf, 0x34, 0x00, 0x00, 0x00, 0x00, 0x02, 0x00, 
    0x7b, 0xac, 0x01, 0x40, 0x00, 0x00, 0x00, 0x00, 0x00, 0x00, 0x00, 0x00, 
    0x00, 0x00, 0x00, 0x00, 0xe2, 0x34, 0x00, 0x00, 0x00, 0x00, 0x02, 0x00, 
    0x80, 0xac, 0x01, 0x40, 0x00, 0x00, 0x00, 0x00, 0x00, 0x00, 0x00, 0x00, 
    0x00, 0x00, 0x00, 0x00, 0xe5, 0x34, 0x00, 0x00, 0x00, 0x00, 0x02, 0x00, 
    0x98, 0xac, 0x01, 0x40, 0x00, 0x00, 0x00, 0x00, 0x00, 0x00, 0x00, 0x00, 
    0x00, 0x00, 0x00, 0x00, 0xe8, 0x34, 0x00, 0x00, 0x00, 0x00, 0x02, 0x00, 
    0xb0, 0xac, 0x01, 0x40, 0x00, 0x00, 0x00, 0x00, 0x00, 0x00, 0x00, 0x00, 
    0x00, 0x00, 0x00, 0x00, 0xeb, 0x34, 0x00, 0x00, 0x00, 0x00, 0x02, 0x00, 
    0xc8, 0xac, 0x01, 0x40, 0x00, 0x00, 0x00, 0x00, 0x00, 0x00, 0x00, 0x00, 
    0x00, 0x00, 0x00, 0x00, 0xee, 0x34, 0x00, 0x00, 0x00, 0x00, 0x02, 0x00, 
    0xe0, 0xac, 0x01, 0x40, 0x00, 0x00, 0x00, 0x00, 0x00, 0x00, 0x00, 0x00, 
    0x00, 0x00, 0x00, 0x00, 0xf1, 0x34, 0x00, 0x00, 0x00, 0x00, 0x02, 0x00, 
    0xe7, 0xac, 0x01, 0x40, 0x00, 0x00, 0x00, 0x00, 0x00, 0x00, 0x00, 0x00, 
    0x00, 0x00, 0x00, 0x00, 0xf4, 0x34, 0x00, 0x00, 0x00, 0x00, 0x02, 0x00, 
    0xf3, 0xac, 0x01, 0x40, 0x00, 0x00, 0x00, 0x00, 0x00, 0x00, 0x00, 0x00, 
    0x00, 0x00, 0x00, 0x00, 0xf7, 0x34, 0x00, 0x00, 0x00, 0x00, 0x02, 0x00, 
    0xf8, 0xac, 0x01, 0x40, 0x00, 0x00, 0x00, 0x00, 0x00, 0x00, 0x00, 0x00, 
    0x00, 0x00, 0x00, 0x00, 0xfa, 0x34, 0x00, 0x00, 0x00, 0x00, 0x02, 0x00, 
    0x09, 0xad, 0x01, 0x40, 0x00, 0x00, 0x00, 0x00, 0x00, 0x00, 0x00, 0x00, 
    0x00, 0x00, 0x00, 0x00, 0xfd, 0x34, 0x00, 0x00, 0x00, 0x00, 0x02, 0x00, 
    0x10, 0xad, 0x01, 0x40, 0x00, 0x00, 0x00, 0x00, 0x00, 0x00, 0x00, 0x00, 
    0x00, 0x00, 0x00, 0x00, 0x00, 0x35, 0x00, 0x00, 0x00, 0x00, 0x02, 0x00, 
    0x60, 0xad, 0x01, 0x40, 0x00, 0x00, 0x00, 0x00, 0x00, 0x00, 0x00, 0x00, 
    0x00, 0x00, 0x00, 0x00, 0x03, 0x35, 0x00, 0x00, 0x00, 0x00, 0x02, 0x00, 
    0xb0, 0xad, 0x01, 0x40, 0x00, 0x00, 0x00, 0x00, 0x00, 0x00, 0x00, 0x00, 
    0x00, 0x00, 0x00, 0x00, 0x06, 0x35, 0x00, 0x00, 0x00, 0x00, 0x02, 0x00, 
    0xc8, 0xad, 0x01, 0x40, 0x00, 0x00, 0x00, 0x00, 0x00, 0x00, 0x00, 0x00, 
    0x00, 0x00, 0x00, 0x00, 0x09, 0x35, 0x00, 0x00, 0x00, 0x00, 0x02, 0x00, 
    0x90, 0xae, 0x01, 0x40, 0x00, 0x00, 0x00, 0x00, 0x00, 0x00, 0x00, 0x00, 
    0x00, 0x00, 0x00, 0x00, 0x0c, 0x35, 0x00, 0x00, 0x00, 0x00, 0x02, 0x00, 
    0x90, 0xaf, 0x01, 0x40, 0x00, 0x00, 0x00, 0x00, 0x00, 0x00, 0x00, 0x00, 
    0x00, 0x00, 0x00, 0x00, 0x0f, 0x35, 0x00, 0x00, 0x00, 0x00, 0x02, 0x00, 
    0xa8, 0xaf, 0x01, 0x40, 0x00, 0x00, 0x00, 0x00, 0x00, 0x00, 0x00, 0x00, 
    0x00, 0x00, 0x00, 0x00, 0x12, 0x35, 0x00, 0x00, 0x00, 0x00, 0x02, 0x00, 
    0xb0, 0xaf, 0x01, 0x40, 0x00, 0x00, 0x00, 0x00, 0x00, 0x00, 0x00, 0x00, 
    0x00, 0x00, 0x00, 0x00, 0x15, 0x35, 0x00, 0x00, 0x00, 0x00, 0x02, 0x00, 
    0xc8, 0xaf, 0x01, 0x40, 0x00, 0x00, 0x00, 0x00, 0x00, 0x00, 0x00, 0x00, 
    0x00, 0x00, 0x00, 0x00, 0x18, 0x35, 0x00, 0x00, 0x00, 0x00, 0x02, 0x00, 
    0xe0, 0xaf, 0x01, 0x40, 0x00, 0x00, 0x00, 0x00, 0x00, 0x00, 0x00, 0x00, 
    0x00, 0x00, 0x00, 0x00, 0x1b, 0x35, 0x00, 0x00, 0x00, 0x00, 0x02, 0x00, 
    0xf8, 0xaf, 0x01, 0x40, 0x00, 0x00, 0x00, 0x00, 0x00, 0x00, 0x00, 0x00, 
    0x00, 0x00, 0x00, 0x00, 0x1e, 0x35, 0x00, 0x00, 0x00, 0x00, 0x02, 0x00, 
    0x10, 0xb0, 0x01, 0x40, 0x00, 0x00, 0x00, 0x00, 0x00, 0x00, 0x00, 0x00, 
    0x00, 0x00, 0x00, 0x00, 0x21, 0x35, 0x00, 0x00, 0x00, 0x00, 0x02, 0x00, 
    0x28, 0xb0, 0x01, 0x40, 0x00, 0x00, 0x00, 0x00, 0x00, 0x00, 0x00, 0x00, 
    0x00, 0x00, 0x00, 0x00, 0x24, 0x35, 0x00, 0x00, 0x00, 0x00, 0x02, 0x00, 
    0x40, 0xb0, 0x01, 0x40, 0x00, 0x00, 0x00, 0x00, 0x00, 0x00, 0x00, 0x00, 
    0x00, 0x00, 0x00, 0x00, 0x27, 0x35, 0x00, 0x00, 0x00, 0x00, 0x02, 0x00, 
    0x58, 0xb0, 0x01, 0x40, 0x00, 0x00, 0x00, 0x00, 0x00, 0x00, 0x00, 0x00, 
    0x00, 0x00, 0x00, 0x00, 0x2a, 0x35, 0x00, 0x00, 0x00, 0x00, 0x02, 0x00, 
    0x70, 0xb0, 0x01, 0x40, 0x00, 0x00, 0x00, 0x00, 0x00, 0x00, 0x00, 0x00, 
    0x00, 0x00, 0x00, 0x00, 0x2d, 0x35, 0x00, 0x00, 0x00, 0x00, 0x02, 0x00, 
    0x88, 0xb0, 0x01, 0x40, 0x00, 0x00, 0x00, 0x00, 0x00, 0x00, 0x00, 0x00, 
    0x00, 0x00, 0x00, 0x00, 0x30, 0x35, 0x00, 0x00, 0x00, 0x00, 0x02, 0x00, 
    0xa0, 0xb0, 0x01, 0x40, 0x00, 0x00, 0x00, 0x00, 0x00, 0x00, 0x00, 0x00, 
    0x00, 0x00, 0x00, 0x00, 0x33, 0x35, 0x00, 0x00, 0x00, 0x00, 0x02, 0x00, 
    0xb8, 0xb0, 0x01, 0x40, 0x00, 0x00, 0x00, 0x00, 0x00, 0x00, 0x00, 0x00, 
    0x00, 0x00, 0x00, 0x00, 0x36, 0x35, 0x00, 0x00, 0x00, 0x00, 0x02, 0x00, 
    0xd0, 0xb0, 0x01, 0x40, 0x00, 0x00, 0x00, 0x00, 0x00, 0x00, 0x00, 0x00, 
    0x00, 0x00, 0x00, 0x00, 0x39, 0x35, 0x00, 0x00, 0x00, 0x00, 0x02, 0x00, 
    0xe8, 0xb0, 0x01, 0x40, 0x00, 0x00, 0x00, 0x00, 0x00, 0x00, 0x00, 0x00, 
    0x00, 0x00, 0x00, 0x00, 0x3c, 0x35, 0x00, 0x00, 0x00, 0x00, 0x02, 0x00, 
    0x00, 0xb1, 0x01, 0x40, 0x00, 0x00, 0x00, 0x00, 0x00, 0x00, 0x00, 0x00, 
    0x00, 0x00, 0x00, 0x00, 0x3f, 0x35, 0x00, 0x00, 0x00, 0x00, 0x02, 0x00, 
    0x18, 0xb1, 0x01, 0x40, 0x00, 0x00, 0x00, 0x00, 0x00, 0x00, 0x00, 0x00, 
    0x00, 0x00, 0x00, 0x00, 0x42, 0x35, 0x00, 0x00, 0x00, 0x00, 0x02, 0x00, 
    0x30, 0xb1, 0x01, 0x40, 0x00, 0x00, 0x00, 0x00, 0x00, 0x00, 0x00, 0x00, 
    0x00, 0x00, 0x00, 0x00, 0x45, 0x35, 0x00, 0x00, 0x00, 0x00, 0x02, 0x00, 
    0x48, 0xb1, 0x01, 0x40, 0x00, 0x00, 0x00, 0x00, 0x00, 0x00, 0x00, 0x00, 
    0x00, 0x00, 0x00, 0x00, 0x48, 0x35, 0x00, 0x00, 0x00, 0x00, 0x02, 0x00, 
    0x70, 0xb1, 0x01, 0x40, 0x00, 0x00, 0x00, 0x00, 0x00, 0x00, 0x00, 0x00, 
    0x00, 0x00, 0x00, 0x00, 0x4b, 0x35, 0x00, 0x00, 0x00, 0x00, 0x02, 0x00, 
    0x88, 0xb1, 0x01, 0x40, 0x00, 0x00, 0x00, 0x00, 0x00, 0x00, 0x00, 0x00, 
    0x00, 0x00, 0x00, 0x00, 0x4e, 0x35, 0x00, 0x00, 0x00, 0x00, 0x02, 0x00, 
    0xa0, 0xb1, 0x01, 0x40, 0x00, 0x00, 0x00, 0x00, 0x00, 0x00, 0x00, 0x00, 
    0x00, 0x00, 0x00, 0x00, 0x51, 0x35, 0x00, 0x00, 0x00, 0x00, 0x02, 0x00, 
    0xb8, 0xb1, 0x01, 0x40, 0x00, 0x00, 0x00, 0x00, 0x00, 0x00, 0x00, 0x00, 
    0x00, 0x00, 0x00, 0x00, 0x54, 0x35, 0x00, 0x00, 0x00, 0x00, 0x02, 0x00, 
    0xd0, 0xb1, 0x01, 0x40, 0x00, 0x00, 0x00, 0x00, 0x00, 0x00, 0x00, 0x00, 
    0x00, 0x00, 0x00, 0x00, 0x57, 0x35, 0x00, 0x00, 0x00, 0x00, 0x02, 0x00, 
    0xe8, 0xb1, 0x01, 0x40, 0x00, 0x00, 0x00, 0x00, 0x00, 0x00, 0x00, 0x00, 
    0x00, 0x00, 0x00, 0x00, 0x5a, 0x35, 0x00, 0x00, 0x00, 0x00, 0x02, 0x00, 
    0x08, 0xb2, 0x01, 0x40, 0x00, 0x00, 0x00, 0x00, 0x00, 0x00, 0x00, 0x00, 
    0x00, 0x00, 0x00, 0x00, 0x5d, 0x35, 0x00, 0x00, 0x00, 0x00, 0x02, 0x00, 
    0x20, 0xb2, 0x01, 0x40, 0x00, 0x00, 0x00, 0x00, 0x00, 0x00, 0x00, 0x00, 
    0x00, 0x00, 0x00, 0x00, 0x60, 0x35, 0x00, 0x00, 0x00, 0x00, 0x02, 0x00, 
    0x38, 0xb2, 0x01, 0x40, 0x00, 0x00, 0x00, 0x00, 0x00, 0x00, 0x00, 0x00, 
    0x00, 0x00, 0x00, 0x00, 0x63, 0x35, 0x00, 0x00, 0x00, 0x00, 0x02, 0x00, 
    0x78, 0xb2, 0x01, 0x40, 0x00, 0x00, 0x00, 0x00, 0x00, 0x00, 0x00, 0x00, 
    0x00, 0x00, 0x00, 0x00, 0x66, 0x35, 0x00, 0x00, 0x00, 0x00, 0x02, 0x00, 
    0x98, 0xb6, 0x01, 0x40, 0x00, 0x00, 0x00, 0x00, 0x00, 0x00, 0x00, 0x00, 
    0x00, 0x00, 0x00, 0x00, 0x69, 0x35, 0x00, 0x00, 0x00, 0x00, 0x02, 0x00, 
    0xb0, 0xb6, 0x01, 0x40, 0x00, 0x00, 0x00, 0x00, 0x00, 0x00, 0x00, 0x00, 
    0x00, 0x00, 0x00, 0x00, 0x6c, 0x35, 0x00, 0x00, 0x00, 0x00, 0x02, 0x00, 
    0xc8, 0xb6, 0x01, 0x40, 0x00, 0x00, 0x00, 0x00, 0x00, 0x00, 0x00, 0x00, 
    0x00, 0x00, 0x00, 0x00, 0x6f, 0x35, 0x00, 0x00, 0x00, 0x00, 0x02, 0x00, 
    0xe0, 0xb6, 0x01, 0x40, 0x00, 0x00, 0x00, 0x00, 0x00, 0x00, 0x00, 0x00, 
    0x00, 0x00, 0x00, 0x00, 0x72, 0x35, 0x00, 0x00, 0x00, 0x00, 0x02, 0x00, 
    0xf8, 0xb6, 0x01, 0x40, 0x00, 0x00, 0x00, 0x00, 0x00, 0x00, 0x00, 0x00, 
    0x00, 0x00, 0x00, 0x00, 0x75, 0x35, 0x00, 0x00, 0x00, 0x00, 0x02, 0x00, 
    0x10, 0xb7, 0x01, 0x40, 0x00, 0x00, 0x00, 0x00, 0x00, 0x00, 0x00, 0x00, 
    0x00, 0x00, 0x00, 0x00, 0x78, 0x35, 0x00, 0x00, 0x00, 0x00, 0x02, 0x00, 
    0x28, 0xb7, 0x01, 0x40, 0x00, 0x00, 0x00, 0x00, 0x00, 0x00, 0x00, 0x00, 
    0x00, 0x00, 0x00, 0x00, 0x7b, 0x35, 0x00, 0x00, 0x00, 0x00, 0x02, 0x00, 
    0x40, 0xb7, 0x01, 0x40, 0x00, 0x00, 0x00, 0x00, 0x00, 0x00, 0x00, 0x00, 
    0x00, 0x00, 0x00, 0x00, 0x7e, 0x35, 0x00, 0x00, 0x00, 0x00, 0x02, 0x00, 
    0x58, 0xb7, 0x01, 0x40, 0x00, 0x00, 0x00, 0x00, 0x00, 0x00, 0x00, 0x00, 
    0x00, 0x00, 0x00, 0x00, 0x81, 0x35, 0x00, 0x00, 0x00, 0x00, 0x02, 0x00, 
    0x70, 0xb7, 0x01, 0x40, 0x00, 0x00, 0x00, 0x00, 0x00, 0x00, 0x00, 0x00, 
    0x00, 0x00, 0x00, 0x00, 0x84, 0x35, 0x00, 0x00, 0x00, 0x00, 0x02, 0x00, 
    0x88, 0xb7, 0x01, 0x40, 0x00, 0x00, 0x00, 0x00, 0x00, 0x00, 0x00, 0x00, 
    0x00, 0x00, 0x00, 0x00, 0x87, 0x35, 0x00, 0x00, 0x00, 0x00, 0x02, 0x00, 
    0xa0, 0xb7, 0x01, 0x40, 0x00, 0x00, 0x00, 0x00, 0x00, 0x00, 0x00, 0x00, 
    0x00, 0x00, 0x00, 0x00, 0x8a, 0x35, 0x00, 0x00, 0x00, 0x00, 0x02, 0x00, 
    0xb8, 0xb7, 0x01, 0x40, 0x00, 0x00, 0x00, 0x00, 0x00, 0x00, 0x00, 0x00, 
    0x00, 0x00, 0x00, 0x00, 0x8d, 0x35, 0x00, 0x00, 0x00, 0x00, 0x02, 0x00, 
    0xd0, 0xb7, 0x01, 0x40, 0x00, 0x00, 0x00, 0x00, 0x00, 0x00, 0x00, 0x00, 
    0x00, 0x00, 0x00, 0x00, 0x90, 0x35, 0x00, 0x00, 0x00, 0x00, 0x02, 0x00, 
    0xe8, 0xb7, 0x01, 0x40, 0x00, 0x00, 0x00, 0x00, 0x00, 0x00, 0x00, 0x00, 
    0x00, 0x00, 0x00, 0x00, 0x93, 0x35, 0x00, 0x00, 0x00, 0x00, 0x02, 0x00, 
    0x00, 0xb8, 0x01, 0x40, 0x00, 0x00, 0x00, 0x00, 0x00, 0x00, 0x00, 0x00, 
    0x00, 0x00, 0x00, 0x00, 0x96, 0x35, 0x00, 0x00, 0x00, 0x00, 0x02, 0x00, 
    0x18, 0xb8, 0x01, 0x40, 0x00, 0x00, 0x00, 0x00, 0x00, 0x00, 0x00, 0x00, 
    0x00, 0x00, 0x00, 0x00, 0x99, 0x35, 0x00, 0x00, 0x00, 0x00, 0x02, 0x00, 
    0x30, 0xb8, 0x01, 0x40, 0x00, 0x00, 0x00, 0x00, 0x00, 0x00, 0x00, 0x00, 
    0x00, 0x00, 0x00, 0x00, 0x9c, 0x35, 0x00, 0x00, 0x00, 0x00, 0x02, 0x00, 
    0x48, 0xb8, 0x01, 0x40, 0x00, 0x00, 0x00, 0x00, 0x00, 0x00, 0x00, 0x00, 
    0x00, 0x00, 0x00, 0x00, 0x9f, 0x35, 0x00, 0x00, 0x00, 0x00, 0x02, 0x00, 
    0x60, 0xb8, 0x01, 0x40, 0x00, 0x00, 0x00, 0x00, 0x00, 0x00, 0x00, 0x00, 
    0x00, 0x00, 0x00, 0x00, 0xa2, 0x35, 0x00, 0x00, 0x00, 0x00, 0x02, 0x00, 
    0x78, 0xb8, 0x01, 0x40, 0x00, 0x00, 0x00, 0x00, 0x00, 0x00, 0x00, 0x00, 
    0x00, 0x00, 0x00, 0x00, 0xa5, 0x35, 0x00, 0x00, 0x00, 0x00, 0x02, 0x00, 
    0x88, 0xb8, 0x01, 0x40, 0x00, 0x00, 0x00, 0x00, 0x00, 0x00, 0x00, 0x00, 
    0x00, 0x00, 0x00, 0x00, 0xa8, 0x35, 0x00, 0x00, 0x00, 0x00, 0x02, 0x00, 
    0xa0, 0xb8, 0x01, 0x40, 0x00, 0x00, 0x00, 0x00, 0x00, 0x00, 0x00, 0x00, 
    0x00, 0x00, 0x00, 0x00, 0xab, 0x35, 0x00, 0x00, 0x00, 0x00, 0x02, 0x00, 
    0xb8, 0xb8, 0x01, 0x40, 0x00, 0x00, 0x00, 0x00, 0x00, 0x00, 0x00, 0x00, 
    0x00, 0x00, 0x00, 0x00, 0xae, 0x35, 0x00, 0x00, 0x00, 0x00, 0x02, 0x00, 
    0xd0, 0xb8, 0x01, 0x40, 0x00, 0x00, 0x00, 0x00, 0x00, 0x00, 0x00, 0x00, 
    0x00, 0x00, 0x00, 0x00, 0xb1, 0x35, 0x00, 0x00, 0x00, 0x00, 0x02, 0x00, 
    0xe8, 0xb8, 0x01, 0x40, 0x00, 0x00, 0x00, 0x00, 0x00, 0x00, 0x00, 0x00, 
    0x00, 0x00, 0x00, 0x00, 0xb4, 0x35, 0x00, 0x00, 0x00, 0x00, 0x02, 0x00, 
    0x00, 0xb9, 0x01, 0x40, 0x00, 0x00, 0x00, 0x00, 0x00, 0x00, 0x00, 0x00, 
    0x00, 0x00, 0x00, 0x00, 0xb7, 0x35, 0x00, 0x00, 0x00, 0x00, 0x02, 0x00, 
    0x18, 0xb9, 0x01, 0x40, 0x00, 0x00, 0x00, 0x00, 0x00, 0x00, 0x00, 0x00, 
    0x00, 0x00, 0x00, 0x00, 0xba, 0x35, 0x00, 0x00, 0x00, 0x00, 0x02, 0x00, 
    0x30, 0xb9, 0x01, 0x40, 0x00, 0x00, 0x00, 0x00, 0x00, 0x00, 0x00, 0x00, 
    0x00, 0x00, 0x00, 0x00, 0xbd, 0x35, 0x00, 0x00, 0x00, 0x00, 0x02, 0x00, 
    0x48, 0xb9, 0x01, 0x40, 0x00, 0x00, 0x00, 0x00, 0x00, 0x00, 0x00, 0x00, 
    0x00, 0x00, 0x00, 0x00, 0xc0, 0x35, 0x00, 0x00, 0x00, 0x00, 0x02, 0x00, 
    0x60, 0xb9, 0x01, 0x40, 0x00, 0x00, 0x00, 0x00, 0x00, 0x00, 0x00, 0x00, 
    0x00, 0x00, 0x00, 0x00, 0xc3, 0x35, 0x00, 0x00, 0x00, 0x00, 0x02, 0x00, 
    0x78, 0xb9, 0x01, 0x40, 0x00, 0x00, 0x00, 0x00, 0x00, 0x00, 0x00, 0x00, 
    0x00, 0x00, 0x00, 0x00, 0xc6, 0x35, 0x00, 0x00, 0x00, 0x00, 0x02, 0x00, 
    0x90, 0xb9, 0x01, 0x40, 0x00, 0x00, 0x00, 0x00, 0x00, 0x00, 0x00, 0x00, 
    0x00, 0x00, 0x00, 0x00, 0xc9, 0x35, 0x00, 0x00, 0x00, 0x00, 0x02, 0x00, 
    0xa8, 0xb9, 0x01, 0x40, 0x00, 0x00, 0x00, 0x00, 0x00, 0x00, 0x00, 0x00, 
    0x00, 0x00, 0x00, 0x00, 0xcc, 0x35, 0x00, 0x00, 0x00, 0x00, 0x02, 0x00, 
    0xc0, 0xb9, 0x01, 0x40, 0x00, 0x00, 0x00, 0x00, 0x00, 0x00, 0x00, 0x00, 
    0x00, 0x00, 0x00, 0x00, 0xcf, 0x35, 0x00, 0x00, 0x00, 0x00, 0x02, 0x00, 
    0xd8, 0xb9, 0x01, 0x40, 0x00, 0x00, 0x00, 0x00, 0x00, 0x00, 0x00, 0x00, 
    0x00, 0x00, 0x00, 0x00, 0xd2, 0x35, 0x00, 0x00, 0x00, 0x00, 0x02, 0x00, 
    0xf0, 0xb9, 0x01, 0x40, 0x00, 0x00, 0x00, 0x00, 0x00, 0x00, 0x00, 0x00, 
    0x00, 0x00, 0x00, 0x00, 0xd5, 0x35, 0x00, 0x00, 0x00, 0x00, 0x02, 0x00, 
    0x08, 0xba, 0x01, 0x40, 0x00, 0x00, 0x00, 0x00, 0x00, 0x00, 0x00, 0x00, 
    0x00, 0x00, 0x00, 0x00, 0xd8, 0x35, 0x00, 0x00, 0x00, 0x00, 0x02, 0x00, 
    0x20, 0xba, 0x01, 0x40, 0x00, 0x00, 0x00, 0x00, 0x00, 0x00, 0x00, 0x00, 
    0x00, 0x00, 0x00, 0x00, 0xdb, 0x35, 0x00, 0x00, 0x00, 0x00, 0x02, 0x00, 
    0x38, 0xba, 0x01, 0x40, 0x00, 0x00, 0x00, 0x00, 0x00, 0x00, 0x00, 0x00, 
    0x00, 0x00, 0x00, 0x00, 0xde, 0x35, 0x00, 0x00, 0x00, 0x00, 0x02, 0x00, 
    0x50, 0xba, 0x01, 0x40, 0x00, 0x00, 0x00, 0x00, 0x00, 0x00, 0x00, 0x00, 
    0x00, 0x00, 0x00, 0x00, 0xe1, 0x35, 0x00, 0x00, 0x00, 0x00, 0x02, 0x00, 
    0x68, 0xba, 0x01, 0x40, 0x00, 0x00, 0x00, 0x00, 0x00, 0x00, 0x00, 0x00, 
    0x00, 0x00, 0x00, 0x00, 0xe4, 0x35, 0x00, 0x00, 0x00, 0x00, 0x02, 0x00, 
    0x80, 0xba, 0x01, 0x40, 0x00, 0x00, 0x00, 0x00, 0x00, 0x00, 0x00, 0x00, 
    0x00, 0x00, 0x00, 0x00, 0xe7, 0x35, 0x00, 0x00, 0x00, 0x00, 0x02, 0x00, 
    0x98, 0xba, 0x01, 0x40, 0x00, 0x00, 0x00, 0x00, 0x00, 0x00, 0x00, 0x00, 
    0x00, 0x00, 0x00, 0x00, 0xea, 0x35, 0x00, 0x00, 0x00, 0x00, 0x02, 0x00, 
    0xb0, 0xba, 0x01, 0x40, 0x00, 0x00, 0x00, 0x00, 0x00, 0x00, 0x00, 0x00, 
    0x00, 0x00, 0x00, 0x00, 0xed, 0x35, 0x00, 0x00, 0x00, 0x00, 0x02, 0x00, 
    0xc8, 0xba, 0x01, 0x40, 0x00, 0x00, 0x00, 0x00, 0x00, 0x00, 0x00, 0x00, 
    0x00, 0x00, 0x00, 0x00, 0xf0, 0x35, 0x00, 0x00, 0x00, 0x00, 0x02, 0x00, 
    0xe0, 0xba, 0x01, 0x40, 0x00, 0x00, 0x00, 0x00, 0x00, 0x00, 0x00, 0x00, 
    0x00, 0x00, 0x00, 0x00, 0xf3, 0x35, 0x00, 0x00, 0x00, 0x00, 0x02, 0x00, 
    0xf8, 0xba, 0x01, 0x40, 0x00, 0x00, 0x00, 0x00, 0x00, 0x00, 0x00, 0x00, 
    0x00, 0x00, 0x00, 0x00, 0xf6, 0x35, 0x00, 0x00, 0x00, 0x00, 0x02, 0x00, 
    0x10, 0xbb, 0x01, 0x40, 0x00, 0x00, 0x00, 0x00, 0x00, 0x00, 0x00, 0x00, 
    0x00, 0x00, 0x00, 0x00, 0xf9, 0x35, 0x00, 0x00, 0x00, 0x00, 0x02, 0x00, 
    0x28, 0xbb, 0x01, 0x40, 0x00, 0x00, 0x00, 0x00, 0x00, 0x00, 0x00, 0x00, 
    0x00, 0x00, 0x00, 0x00, 0xfc, 0x35, 0x00, 0x00, 0x00, 0x00, 0x02, 0x00, 
    0x40, 0xbb, 0x01, 0x40, 0x00, 0x00, 0x00, 0x00, 0x00, 0x00, 0x00, 0x00, 
    0x00, 0x00, 0x00, 0x00, 0xff, 0x35, 0x00, 0x00, 0x00, 0x00, 0x02, 0x00, 
    0x58, 0xbb, 0x01, 0x40, 0x00, 0x00, 0x00, 0x00, 0x00, 0x00, 0x00, 0x00, 
    0x00, 0x00, 0x00, 0x00, 0x02, 0x36, 0x00, 0x00, 0x00, 0x00, 0x02, 0x00, 
    0x70, 0xbb, 0x01, 0x40, 0x00, 0x00, 0x00, 0x00, 0x00, 0x00, 0x00, 0x00, 
    0x00, 0x00, 0x00, 0x00, 0x05, 0x36, 0x00, 0x00, 0x00, 0x00, 0x02, 0x00, 
    0x88, 0xbb, 0x01, 0x40, 0x00, 0x00, 0x00, 0x00, 0x00, 0x00, 0x00, 0x00, 
    0x00, 0x00, 0x00, 0x00, 0x08, 0x36, 0x00, 0x00, 0x00, 0x00, 0x02, 0x00, 
    0xa0, 0xbb, 0x01, 0x40, 0x00, 0x00, 0x00, 0x00, 0x00, 0x00, 0x00, 0x00, 
    0x00, 0x00, 0x00, 0x00, 0x0b, 0x36, 0x00, 0x00, 0x00, 0x00, 0x02, 0x00, 
    0xb8, 0xbb, 0x01, 0x40, 0x00, 0x00, 0x00, 0x00, 0x00, 0x00, 0x00, 0x00, 
    0x00, 0x00, 0x00, 0x00, 0x0e, 0x36, 0x00, 0x00, 0x00, 0x00, 0x02, 0x00, 
    0xd0, 0xbb, 0x01, 0x40, 0x00, 0x00, 0x00, 0x00, 0x00, 0x00, 0x00, 0x00, 
    0x00, 0x00, 0x00, 0x00, 0x11, 0x36, 0x00, 0x00, 0x00, 0x00, 0x02, 0x00, 
    0xe8, 0xbb, 0x01, 0x40, 0x00, 0x00, 0x00, 0x00, 0x00, 0x00, 0x00, 0x00, 
    0x00, 0x00, 0x00, 0x00, 0x14, 0x36, 0x00, 0x00, 0x00, 0x00, 0x02, 0x00, 
    0xf0, 0xbb, 0x01, 0x40, 0x00, 0x00, 0x00, 0x00, 0x00, 0x00, 0x00, 0x00, 
    0x00, 0x00, 0x00, 0x00, 0x17, 0x36, 0x00, 0x00, 0x00, 0x00, 0x02, 0x00, 
    0x08, 0xbc, 0x01, 0x40, 0x00, 0x00, 0x00, 0x00, 0x00, 0x00, 0x00, 0x00, 
    0x00, 0x00, 0x00, 0x00, 0x1a, 0x36, 0x00, 0x00, 0x00, 0x00, 0x02, 0x00, 
    0x20, 0xbc, 0x01, 0x40, 0x00, 0x00, 0x00, 0x00, 0x00, 0x00, 0x00, 0x00, 
    0x00, 0x00, 0x00, 0x00, 0x1d, 0x36, 0x00, 0x00, 0x00, 0x00, 0x02, 0x00, 
    0x38, 0xbc, 0x01, 0x40, 0x00, 0x00, 0x00, 0x00, 0x00, 0x00, 0x00, 0x00, 
    0x00, 0x00, 0x00, 0x00, 0x20, 0x36, 0x00, 0x00, 0x00, 0x00, 0x02, 0x00, 
    0x50, 0xbc, 0x01, 0x40, 0x00, 0x00, 0x00, 0x00, 0x00, 0x00, 0x00, 0x00, 
    0x00, 0x00, 0x00, 0x00, 0x23, 0x36, 0x00, 0x00, 0x00, 0x00, 0x02, 0x00, 
    0x68, 0xbc, 0x01, 0x40, 0x00, 0x00, 0x00, 0x00, 0x00, 0x00, 0x00, 0x00, 
    0x00, 0x00, 0x00, 0x00, 0x26, 0x36, 0x00, 0x00, 0x00, 0x00, 0x02, 0x00, 
    0x80, 0xbc, 0x01, 0x40, 0x00, 0x00, 0x00, 0x00, 0x00, 0x00, 0x00, 0x00, 
    0x00, 0x00, 0x00, 0x00, 0x29, 0x36, 0x00, 0x00, 0x00, 0x00, 0x02, 0x00, 
    0x98, 0xbc, 0x01, 0x40, 0x00, 0x00, 0x00, 0x00, 0x00, 0x00, 0x00, 0x00, 
    0x00, 0x00, 0x00, 0x00, 0x2c, 0x36, 0x00, 0x00, 0x00, 0x00, 0x02, 0x00, 
    0xb0, 0xbc, 0x01, 0x40, 0x00, 0x00, 0x00, 0x00, 0x00, 0x00, 0x00, 0x00, 
    0x00, 0x00, 0x00, 0x00, 0x2f, 0x36, 0x00, 0x00, 0x00, 0x00, 0x02, 0x00, 
    0xc8, 0xbc, 0x01, 0x40, 0x00, 0x00, 0x00, 0x00, 0x00, 0x00, 0x00, 0x00, 
    0x00, 0x00, 0x00, 0x00, 0x32, 0x36, 0x00, 0x00, 0x00, 0x00, 0x02, 0x00, 
    0xe0, 0xbc, 0x01, 0x40, 0x00, 0x00, 0x00, 0x00, 0x00, 0x00, 0x00, 0x00, 
    0x00, 0x00, 0x00, 0x00, 0x35, 0x36, 0x00, 0x00, 0x00, 0x00, 0x02, 0x00, 
    0xf8, 0xbc, 0x01, 0x40, 0x00, 0x00, 0x00, 0x00, 0x00, 0x00, 0x00, 0x00, 
    0x00, 0x00, 0x00, 0x00, 0x38, 0x36, 0x00, 0x00, 0x00, 0x00, 0x02, 0x00, 
    0x10, 0xbd, 0x01, 0x40, 0x00, 0x00, 0x00, 0x00, 0x00, 0x00, 0x00, 0x00, 
    0x00, 0x00, 0x00, 0x00, 0x3b, 0x36, 0x00, 0x00, 0x00, 0x00, 0x02, 0x00, 
    0x28, 0xbd, 0x01, 0x40, 0x00, 0x00, 0x00, 0x00, 0x00, 0x00, 0x00, 0x00, 
    0x00, 0x00, 0x00, 0x00, 0x3e, 0x36, 0x00, 0x00, 0x00, 0x00, 0x02, 0x00, 
    0x40, 0xbd, 0x01, 0x40, 0x00, 0x00, 0x00, 0x00, 0x00, 0x00, 0x00, 0x00, 
    0x00, 0x00, 0x00, 0x00, 0x41, 0x36, 0x00, 0x00, 0x00, 0x00, 0x02, 0x00, 
    0x58, 0xbd, 0x01, 0x40, 0x00, 0x00, 0x00, 0x00, 0x00, 0x00, 0x00, 0x00, 
    0x00, 0x00, 0x00, 0x00, 0x44, 0x36, 0x00, 0x00, 0x00, 0x00, 0x02, 0x00, 
    0x70, 0xbd, 0x01, 0x40, 0x00, 0x00, 0x00, 0x00, 0x00, 0x00, 0x00, 0x00, 
    0x00, 0x00, 0x00, 0x00, 0x47, 0x36, 0x00, 0x00, 0x00, 0x00, 0x02, 0x00, 
    0x88, 0xbd, 0x01, 0x40, 0x00, 0x00, 0x00, 0x00, 0x00, 0x00, 0x00, 0x00, 
    0x00, 0x00, 0x00, 0x00, 0x4a, 0x36, 0x00, 0x00, 0x00, 0x00, 0x02, 0x00, 
    0xa0, 0xbd, 0x01, 0x40, 0x00, 0x00, 0x00, 0x00, 0x00, 0x00, 0x00, 0x00, 
    0x00, 0x00, 0x00, 0x00, 0x4d, 0x36, 0x00, 0x00, 0x00, 0x00, 0x02, 0x00, 
    0xb8, 0xbd, 0x01, 0x40, 0x00, 0x00, 0x00, 0x00, 0x00, 0x00, 0x00, 0x00, 
    0x00, 0x00, 0x00, 0x00, 0x50, 0x36, 0x00, 0x00, 0x00, 0x00, 0x02, 0x00, 
    0xc0, 0xbd, 0x01, 0x40, 0x00, 0x00, 0x00, 0x00, 0x00, 0x00, 0x00, 0x00, 
    0x00, 0x00, 0x00, 0x00, 0x53, 0x36, 0x00, 0x00, 0x00, 0x00, 0x02, 0x00, 
    0xd8, 0xbd, 0x01, 0x40, 0x00, 0x00, 0x00, 0x00, 0x00, 0x00, 0x00, 0x00, 
    0x00, 0x00, 0x00, 0x00, 0x56, 0x36, 0x00, 0x00, 0x00, 0x00, 0x02, 0x00, 
    0xd9, 0xbd, 0x01, 0x40, 0x00, 0x00, 0x00, 0x00, 0x00, 0x00, 0x00, 0x00, 
    0x00, 0x00, 0x00, 0x00, 0x59, 0x36, 0x00, 0x00, 0x00, 0x00, 0x02, 0x00, 
    0xe0, 0xbd, 0x01, 0x40, 0x00, 0x00, 0x00, 0x00, 0x00, 0x00, 0x00, 0x00, 
    0x00, 0x00, 0x00, 0x00, 0x5c, 0x36, 0x00, 0x00, 0x00, 0x00, 0x02, 0x00, 
    0xf8, 0xbd, 0x01, 0x40, 0x00, 0x00, 0x00, 0x00, 0x00, 0x00, 0x00, 0x00, 
    0x00, 0x00, 0x00, 0x00, 0x5f, 0x36, 0x00, 0x00, 0x00, 0x00, 0x02, 0x00, 
    0x10, 0xbe, 0x01, 0x40, 0x00, 0x00, 0x00, 0x00, 0x00, 0x00, 0x00, 0x00, 
    0x00, 0x00, 0x00, 0x00, 0x62, 0x36, 0x00, 0x00, 0x00, 0x00, 0x02, 0x00, 
    0x28, 0xbe, 0x01, 0x40, 0x00, 0x00, 0x00, 0x00, 0x00, 0x00, 0x00, 0x00, 
    0x00, 0x00, 0x00, 0x00, 0x65, 0x36, 0x00, 0x00, 0x00, 0x00, 0x02, 0x00, 
    0x40, 0xbe, 0x01, 0x40, 0x00, 0x00, 0x00, 0x00, 0x00, 0x00, 0x00, 0x00, 
    0x00, 0x00, 0x00, 0x00, 0x68, 0x36, 0x00, 0x00, 0x00, 0x00, 0x02, 0x00, 
    0x58, 0xbe, 0x01, 0x40, 0x00, 0x00, 0x00, 0x00, 0x00, 0x00, 0x00, 0x00, 
    0x00, 0x00, 0x00, 0x00, 0x6b, 0x36, 0x00, 0x00, 0x00, 0x00, 0x02, 0x00, 
    0x70, 0xbe, 0x01, 0x40, 0x00, 0x00, 0x00, 0x00, 0x00, 0x00, 0x00, 0x00, 
    0x00, 0x00, 0x00, 0x00, 0x6e, 0x36, 0x00, 0x00, 0x00, 0x00, 0x02, 0x00, 
    0x88, 0xbe, 0x01, 0x40, 0x00, 0x00, 0x00, 0x00, 0x00, 0x00, 0x00, 0x00, 
    0x00, 0x00, 0x00, 0x00, 0x71, 0x36, 0x00, 0x00, 0x00, 0x00, 0x02, 0x00, 
    0xa0, 0xbe, 0x01, 0x40, 0x00, 0x00, 0x00, 0x00, 0x00, 0x00, 0x00, 0x00, 
    0x00, 0x00, 0x00, 0x00, 0x74, 0x36, 0x00, 0x00, 0x00, 0x00, 0x02, 0x00, 
    0xb8, 0xbe, 0x01, 0x40, 0x00, 0x00, 0x00, 0x00, 0x00, 0x00, 0x00, 0x00, 
    0x00, 0x00, 0x00, 0x00, 0x77, 0x36, 0x00, 0x00, 0x00, 0x00, 0x02, 0x00, 
    0xd0, 0xbe, 0x01, 0x40, 0x00, 0x00, 0x00, 0x00, 0x00, 0x00, 0x00, 0x00, 
    0x00, 0x00, 0x00, 0x00, 0x7a, 0x36, 0x00, 0x00, 0x00, 0x00, 0x02, 0x00, 
    0xe8, 0xbe, 0x01, 0x40, 0x00, 0x00, 0x00, 0x00, 0x00, 0x00, 0x00, 0x00, 
    0x00, 0x00, 0x00, 0x00, 0x7d, 0x36, 0x00, 0x00, 0x00, 0x00, 0x02, 0x00, 
    0x00, 0xbf, 0x01, 0x40, 0x00, 0x00, 0x00, 0x00, 0x00, 0x00, 0x00, 0x00, 
    0x00, 0x00, 0x00, 0x00, 0x80, 0x36, 0x00, 0x00, 0x00, 0x00, 0x02, 0x00, 
    0x18, 0xbf, 0x01, 0x40, 0x00, 0x00, 0x00, 0x00, 0x00, 0x00, 0x00, 0x00, 
    0x00, 0x00, 0x00, 0x00, 0x83, 0x36, 0x00, 0x00, 0x00, 0x00, 0x02, 0x00, 
    0x30, 0xbf, 0x01, 0x40, 0x00, 0x00, 0x00, 0x00, 0x00, 0x00, 0x00, 0x00, 
    0x00, 0x00, 0x00, 0x00, 0x86, 0x36, 0x00, 0x00, 0x00, 0x00, 0x02, 0x00, 
    0x48, 0xbf, 0x01, 0x40, 0x00, 0x00, 0x00, 0x00, 0x00, 0x00, 0x00, 0x00, 
    0x00, 0x00, 0x00, 0x00, 0x89, 0x36, 0x00, 0x00, 0x00, 0x00, 0x02, 0x00, 
    0x60, 0xbf, 0x01, 0x40, 0x00, 0x00, 0x00, 0x00, 0x00, 0x00, 0x00, 0x00, 
    0x00, 0x00, 0x00, 0x00, 0x8c, 0x36, 0x00, 0x00, 0x00, 0x00, 0x02, 0x00, 
    0x78, 0xbf, 0x01, 0x40, 0x00, 0x00, 0x00, 0x00, 0x00, 0x00, 0x00, 0x00, 
    0x00, 0x00, 0x00, 0x00, 0x8f, 0x36, 0x00, 0x00, 0x00, 0x00, 0x02, 0x00, 
    0x90, 0xbf, 0x01, 0x40, 0x00, 0x00, 0x00, 0x00, 0x00, 0x00, 0x00, 0x00, 
    0x00, 0x00, 0x00, 0x00, 0x92, 0x36, 0x00, 0x00, 0x00, 0x00, 0x02, 0x00, 
    0xa8, 0xbf, 0x01, 0x40, 0x00, 0x00, 0x00, 0x00, 0x00, 0x00, 0x00, 0x00, 
    0x00, 0x00, 0x00, 0x00, 0x95, 0x36, 0x00, 0x00, 0x00, 0x00, 0x02, 0x00, 
    0xc0, 0xbf, 0x01, 0x40, 0x00, 0x00, 0x00, 0x00, 0x00, 0x00, 0x00, 0x00, 
    0x00, 0x00, 0x00, 0x00, 0x98, 0x36, 0x00, 0x00, 0x00, 0x00, 0x02, 0x00, 
    0xd8, 0xbf, 0x01, 0x40, 0x00, 0x00, 0x00, 0x00, 0x00, 0x00, 0x00, 0x00, 
    0x00, 0x00, 0x00, 0x00, 0x9b, 0x36, 0x00, 0x00, 0x00, 0x00, 0x02, 0x00, 
    0xf0, 0xbf, 0x01, 0x40, 0x00, 0x00, 0x00, 0x00, 0x00, 0x00, 0x00, 0x00, 
    0x00, 0x00, 0x00, 0x00, 0x9e, 0x36, 0x00, 0x00, 0x00, 0x00, 0x04, 0x00, 
    0x00, 0xe0, 0x01, 0x40, 0x00, 0x00, 0x00, 0x00, 0x00, 0x00, 0x00, 0x00, 
    0x00, 0x00, 0x00, 0x00, 0xa1, 0x36, 0x00, 0x00, 0x00, 0x00, 0x04, 0x00, 
    0x18, 0x60, 0x02, 0x40, 0x00, 0x00, 0x00, 0x00, 0x00, 0x00, 0x00, 0x00, 
    0x00, 0x00, 0x00, 0x00, 0xa4, 0x36, 0x00, 0x00, 0x00, 0x00, 0x02, 0x00, 
    0x08, 0xc0, 0x01, 0x40, 0x00, 0x00, 0x00, 0x00, 0x00, 0x00, 0x00, 0x00, 
    0x00, 0x00, 0x00, 0x00, 0xa7, 0x36, 0x00, 0x00, 0x00, 0x00, 0x02, 0x00, 
    0x20, 0xc0, 0x01, 0x40, 0x00, 0x00, 0x00, 0x00, 0x00, 0x00, 0x00, 0x00, 
    0x00, 0x00, 0x00, 0x00, 0xaa, 0x36, 0x00, 0x00, 0x00, 0x00, 0x02, 0x00, 
    0x38, 0xc0, 0x01, 0x40, 0x00, 0x00, 0x00, 0x00, 0x00, 0x00, 0x00, 0x00, 
    0x00, 0x00, 0x00, 0x00, 0xad, 0x36, 0x00, 0x00, 0x00, 0x00, 0x02, 0x00, 
    0x50, 0xc0, 0x01, 0x40, 0x00, 0x00, 0x00, 0x00, 0x00, 0x00, 0x00, 0x00, 
    0x00, 0x00, 0x00, 0x00, 0xb0, 0x36, 0x00, 0x00, 0x00, 0x00, 0x02, 0x00, 
    0x68, 0xc0, 0x01, 0x40, 0x00, 0x00, 0x00, 0x00, 0x00, 0x00, 0x00, 0x00, 
    0x00, 0x00, 0x00, 0x00, 0xb3, 0x36, 0x00, 0x00, 0x00, 0x00, 0x02, 0x00, 
    0x80, 0xc0, 0x01, 0x40, 0x00, 0x00, 0x00, 0x00, 0x00, 0x00, 0x00, 0x00, 
    0x00, 0x00, 0x00, 0x00, 0xb6, 0x36, 0x00, 0x00, 0x00, 0x00, 0x02, 0x00, 
    0x98, 0xc0, 0x01, 0x40, 0x00, 0x00, 0x00, 0x00, 0x00, 0x00, 0x00, 0x00, 
    0x00, 0x00, 0x00, 0x00, 0xb9, 0x36, 0x00, 0x00, 0x00, 0x00, 0x02, 0x00, 
    0xb0, 0xc0, 0x01, 0x40, 0x00, 0x00, 0x00, 0x00, 0x00, 0x00, 0x00, 0x00, 
    0x00, 0x00, 0x00, 0x00, 0xbc, 0x36, 0x00, 0x00, 0x00, 0x00, 0x02, 0x00, 
    0xc8, 0xc0, 0x01, 0x40, 0x00, 0x00, 0x00, 0x00, 0x00, 0x00, 0x00, 0x00, 
    0x00, 0x00, 0x00, 0x00, 0xbf, 0x36, 0x00, 0x00, 0x00, 0x00, 0x02, 0x00, 
    0xe0, 0xc0, 0x01, 0x40, 0x00, 0x00, 0x00, 0x00, 0x00, 0x00, 0x00, 0x00, 
    0x00, 0x00, 0x00, 0x00, 0xc2, 0x36, 0x00, 0x00, 0x00, 0x00, 0x02, 0x00, 
    0xf8, 0xc0, 0x01, 0x40, 0x00, 0x00, 0x00, 0x00, 0x00, 0x00, 0x00, 0x00, 
    0x00, 0x00, 0x00, 0x00, 0xc5, 0x36, 0x00, 0x00, 0x00, 0x00, 0x02, 0x00, 
    0x10, 0xc1, 0x01, 0x40, 0x00, 0x00, 0x00, 0x00, 0x00, 0x00, 0x00, 0x00, 
    0x00, 0x00, 0x00, 0x00, 0xc8, 0x36, 0x00, 0x00, 0x00, 0x00, 0x02, 0x00, 
    0x28, 0xc1, 0x01, 0x40, 0x00, 0x00, 0x00, 0x00, 0x00, 0x00, 0x00, 0x00, 
    0x00, 0x00, 0x00, 0x00, 0xcb, 0x36, 0x00, 0x00, 0x00, 0x00, 0x02, 0x00, 
    0x40, 0xc1, 0x01, 0x40, 0x00, 0x00, 0x00, 0x00, 0x00, 0x00, 0x00, 0x00, 
    0x00, 0x00, 0x00, 0x00, 0xce, 0x36, 0x00, 0x00, 0x00, 0x00, 0x02, 0x00, 
    0x58, 0xc1, 0x01, 0x40, 0x00, 0x00, 0x00, 0x00, 0x00, 0x00, 0x00, 0x00, 
    0x00, 0x00, 0x00, 0x00, 0xd1, 0x36, 0x00, 0x00, 0x00, 0x00, 0xf1, 0xff, 
    0x00, 0x00, 0x00, 0x00, 0x00, 0x00, 0x00, 0x00, 0x00, 0x00, 0x00, 0x00, 
    0x00, 0x00, 0x00, 0x00, 0xd4, 0x36, 0x00, 0x00, 0x04, 0x00, 0xf1, 0xff, 
    0x00, 0x00, 0x00, 0x00, 0x00, 0x00, 0x00, 0x00, 0x00, 0x00, 0x00, 0x00, 
    0x00, 0x00, 0x00, 0x00, 0xfd, 0x36, 0x00, 0x00, 0x00, 0x00, 0x01, 0x00, 
    0x9c, 0x83, 0x01, 0x40, 0x00, 0x00, 0x00, 0x00, 0x00, 0x00, 0x00, 0x00, 
    0x00, 0x00, 0x00, 0x00, 0x00, 0x37, 0x00, 0x00, 0x00, 0x00, 0x01, 0x00, 
    0xc4, 0x83, 0x01, 0x40, 0x00, 0x00, 0x00, 0x00, 0x00, 0x00, 0x00, 0x00, 
    0x00, 0x00, 0x00, 0x00, 0x03, 0x37, 0x00, 0x00, 0x00, 0x00, 0x01, 0x00, 
    0xb0, 0x84, 0x01, 0x40, 0x00, 0x00, 0x00, 0x00, 0x00, 0x00, 0x00, 0x00, 
    0x00, 0x00, 0x00, 0x00, 0x06, 0x37, 0x00, 0x00, 0x00, 0x00, 0x01, 0x00, 
    0x38, 0x85, 0x01, 0x40, 0x00, 0x00, 0x00, 0x00, 0x00, 0x00, 0x00, 0x00, 
    0x00, 0x00, 0x00, 0x00, 0x09, 0x37, 0x00, 0x00, 0x00, 0x00, 0x01, 0x00, 
    0x3c, 0x85, 0x01, 0x40, 0x00, 0x00, 0x00, 0x00, 0x00, 0x00, 0x00, 0x00, 
    0x00, 0x00, 0x00, 0x00, 0x0c, 0x37, 0x00, 0x00, 0x00, 0x00, 0x01, 0x00, 
    0x40, 0x85, 0x01, 0x40, 0x00, 0x00, 0x00, 0x00, 0x00, 0x00, 0x00, 0x00, 
    0x00, 0x00, 0x00, 0x00, 0x0f, 0x37, 0x00, 0x00, 0x00, 0x00, 0xf1, 0xff, 
    0x00, 0x00, 0x00, 0x00, 0x00, 0x00, 0x00, 0x00, 0x00, 0x00, 0x00, 0x00, 
    0x00, 0x00, 0x00, 0x00, 0x1e, 0x37, 0x00, 0x00, 0x02, 0x02, 0x01, 0x00, 
    0x40, 0x85, 0x01, 0x40, 0x00, 0x00, 0x00, 0x00, 0x04, 0x00, 0x00, 0x00, 
    0x00, 0x00, 0x00, 0x00, 0x25, 0x37, 0x00, 0x00, 0x02, 0x02, 0x01, 0x00, 
    0x3c, 0x85, 0x01, 0x40, 0x00, 0x00, 0x00, 0x00, 0x04, 0x00, 0x00, 0x00, 
    0x00, 0x00, 0x00, 0x00, 0x2c, 0x37, 0x00, 0x00, 0x02, 0x02, 0x01, 0x00, 
    0x38, 0x85, 0x01, 0x40, 0x00, 0x00, 0x00, 0x00, 0x04, 0x00, 0x00, 0x00, 
    0x00, 0x00, 0x00, 0x00, 0x33, 0x37, 0x00, 0x00, 0x02, 0x02, 0x01, 0x00, 
    0x9c, 0x83, 0x01, 0x40, 0x00, 0x00, 0x00, 0x00, 0x28, 0x00, 0x00, 0x00, 
    0x00, 0x00, 0x00, 0x00, 0x66, 0x37, 0x00, 0x00, 0x02, 0x02, 0x01, 0x00, 
    0xc4, 0x83, 0x01, 0x40, 0x00, 0x00, 0x00, 0x00, 0xec, 0x00, 0x00, 0x00, 
    0x00, 0x00, 0x00, 0x00, 0x99, 0x37, 0x00, 0x00, 0x02, 0x02, 0x01, 0x00, 
    0xb0, 0x84, 0x01, 0x40, 0x00, 0x00, 0x00, 0x00, 0x88, 0x00, 0x00, 0x00, 
    0x00, 0x00, 0x00, 0x00, 0x12, 0x37, 0x00, 0x00, 0x12, 0x00, 0x01, 0x00, 
    0x00, 0x00, 0x01, 0x40, 0x00, 0x00, 0x00, 0x00, 0x10, 0x00, 0x00, 0x00, 
    0x00, 0x00, 0x00, 0x00, 0x19, 0x37, 0x00, 0x00, 0x12, 0x00, 0x01, 0x00, 
    0xc0, 0x5d, 0x01, 0x40, 0x00, 0x00, 0x00, 0x00, 0x08, 0x00, 0x00, 0x00, 
    0x00, 0x00, 0x00, 0x00, 0xcc, 0x37, 0x00, 0x00, 0x10, 0x00, 0xf1, 0xff, 
    0x00, 0x00, 0x01, 0x40, 0x00, 0x00, 0x00, 0x00, 0x00, 0x00, 0x00, 0x00, 
    0x00, 0x00, 0x00, 0x00, 0xd6, 0x37, 0x00, 0x00, 0x10, 0x00, 0x04, 0x00, 
    0x00, 0xe0, 0x01, 0x40, 0x00, 0x00, 0x00, 0x00, 0x00, 0x00, 0x00, 0x00, 
    0x00, 0x00, 0x00, 0x00, 0xe2, 0x37, 0x00, 0x00, 0x10, 0x00, 0x04, 0x00, 
    0x20, 0x60, 0x02, 0x40, 0x00, 0x00, 0x00, 0x00, 0x00, 0x00, 0x00, 0x00, 
    0x00, 0x00, 0x00, 0x00, 0x00, 0x2e, 0x74, 0x65, 0x78, 0x74, 0x00, 0x2e, 
    0x72, 0x6f, 0x64, 0x61, 0x74, 0x61, 0x00, 0x2e, 0x64, 0x61, 0x74, 0x61, 
    0x00, 0x2e, 0x62, 0x73, 0x73, 0x00, 0x2e, 0x73, 0x79, 0x6d, 0x74, 0x61, 
    0x62, 0x00, 0x2e, 0x73, 0x68, 0x73, 0x74, 0x72, 0x74, 0x61, 0x62, 0x00, 
    0x2e, 0x73, 0x74, 0x72, 0x74, 0x61, 0x62, 0x00, 0x00, 0x63, 0x6f, 0x6e, 
    0x73, 0x6f, 0x6c, 0x65, 0x64, 0x2e, 0x63, 0x31, 0x38, 0x61, 0x30, 0x62, 
    0x61, 0x66, 0x63, 0x36, 0x37, 0x65, 0x63, 0x61, 0x63, 0x38, 0x2d, 0x63, 
    0x67, 0x75, 0x2e, 0x30, 0x00, 0x24, 0x78, 0x00, 0x5f, 0x52, 0x49, 0x4e, 
    0x76, 0x4e, 0x74, 0x43, 0x73, 0x62, 0x5a, 0x34, 0x39, 0x39, 0x72, 0x32, 
    0x6e, 0x42, 0x51, 0x48, 0x5f, 0x34, 0x63, 0x6f, 0x72, 0x65, 0x33, 0x70, 
    0x74, 0x72, 0x31, 0x33, 0x64, 0x72, 0x6f, 0x70, 0x5f, 0x69, 0x6e, 0x5f, 
    0x70, 0x6c, 0x61, 0x63, 0x65, 0x49, 0x4e, 0x74, 0x4e, 0x74, 0x42, 0x34, 
    0x5f, 0x36, 0x6f, 0x70, 0x74, 0x69, 0x6f, 0x6e, 0x36, 0x4f, 0x70, 0x74, 
    0x69, 0x6f, 0x6e, 0x4e, 0x74, 0x4e, 0x74, 0x43, 0x73, 0x6c, 0x69, 0x50, 
    0x58, 0x55, 0x6c, 0x30, 0x6e, 0x45, 0x7a, 0x4f, 0x5f, 0x37, 0x75, 0x73, 
    0x65, 0x72, 0x6c, 0x69, 0x62, 0x31, 0x31, 0x62, 0x75, 0x73, 0x5f, 0x72, 
    0x75, 0x6e, 0x74, 0x69, 0x6d, 0x65, 0x31, 0x30, 0x43, 0x68, 0x69, 0x6c, 
    0x64, 0x45, 0x6e, 0x74, 0x72, 0x79, 0x45, 0x45, 0x43, 0x73, 0x67, 0x43, 
    0x63, 0x48, 0x6f, 0x76, 0x4e, 0x75, 0x39, 0x73, 0x71, 0x5f, 0x38, 0x63, 
    0x6f, 0x6e, 0x73, 0x6f, 0x6c, 0x65, 0x64, 0x00, 0x24, 0x78, 0x00, 0x5f, 
    0x52, 0x4e, 0x76, 0x58, 0x73, 0x5f, 0x4e, 0x74, 0x43, 0x73, 0x6c, 0x69, 
    0x50, 0x58, 0x55, 0x6c, 0x30, 0x6e, 0x45, 0x7a, 0x4f, 0x5f, 0x37, 0x75, 
    0x73, 0x65, 0x72, 0x6c, 0x69, 0x62, 0x33, 0x69, 0x70, 0x63, 0x4e, 0x74, 
    0x42, 0x34, 0x5f, 0x37, 0x43, 0x68, 0x61, 0x6e, 0x6e, 0x65, 0x6c, 0x4e, 
    0x74, 0x4e, 0x74, 0x4e, 0x74, 0x43, 0x73, 0x62, 0x5a, 0x34, 0x39, 0x39, 
    0x72, 0x32, 0x6e, 0x42, 0x51, 0x48, 0x5f, 0x34, 0x63, 0x6f, 0x72, 0x65, 
    0x33, 0x6f, 0x70, 0x73, 0x34, 0x64, 0x72, 0x6f, 0x70, 0x34, 0x44, 0x72, 
    0x6f, 0x70, 0x34, 0x64, 0x72, 0x6f, 0x70, 0x00, 0x5f, 0x52, 0x49, 0x4e, 
    0x76, 0x4e, 0x74, 0x43, 0x73, 0x62, 0x5a, 0x34, 0x39, 0x39, 0x72, 0x32, 
    0x6e, 0x42, 0x51, 0x48, 0x5f, 0x34, 0x63, 0x6f, 0x72, 0x65, 0x33, 0x70, 
    0x74, 0x72, 0x31, 0x33, 0x64, 0x72, 0x6f, 0x70, 0x5f, 0x69, 0x6e, 0x5f, 
    0x70, 0x6c, 0x61, 0x63, 0x65, 0x49, 0x4e, 0x74, 0x4e, 0x74, 0x42, 0x34, 
    0x5f, 0x36, 0x6f, 0x70, 0x74, 0x69, 0x6f, 0x6e, 0x36, 0x4f, 0x70, 0x74, 
    0x69, 0x6f, 0x6e, 0x4e, 0x74, 0x4e, 0x74, 0x43, 0x73, 0x6c, 0x69, 0x50, 
    0x58, 0x55, 0x6c, 0x30, 0x6e, 0x45, 0x7a, 0x4f, 0x5f, 0x37, 0x75, 0x73, 
    0x65, 0x72, 0x6c, 0x69, 0x62, 0x33, 0x69, 0x70, 0x63, 0x37, 0x43, 0x68, 
    0x61, 0x6e, 0x6e, 0x65, 0x6c, 0x45, 0x45, 0x43, 0x73, 0x67, 0x43, 0x63, 
    0x48, 0x6f, 0x76, 0x4e, 0x75, 0x39, 0x73, 0x71, 0x5f, 0x38, 0x63, 0x6f, 
    0x6e, 0x73, 0x6f, 0x6c, 0x65, 0x64, 0x00, 0x24, 0x78, 0x00, 0x5f, 0x52, 
    0x49, 0x4e, 0x76, 0x4e, 0x74, 0x43, 0x73, 0x6c, 0x69, 0x50, 0x58, 0x55, 
    0x6c, 0x30, 0x6e, 0x45, 0x7a, 0x4f, 0x5f, 0x37, 0x75, 0x73, 0x65, 0x72, 
    0x6c, 0x69, 0x62, 0x31, 0x31, 0x62, 0x75, 0x73, 0x5f, 0x72, 0x75, 0x6e, 
    0x74, 0x69, 0x6d, 0x65, 0x31, 0x31, 0x64, 0x72, 0x69, 0x76, 0x65, 0x72, 
    0x5f, 0x6d, 0x61, 0x69, 0x6e, 0x4e, 0x74, 0x43, 0x73, 0x67, 0x43, 0x63, 
    0x48, 0x6f, 0x76, 0x4e, 0x75, 0x39, 0x73, 0x71, 0x5f, 0x38, 0x63, 0x6f, 
    0x6e, 0x73, 0x6f, 0x6c, 0x65, 0x64, 0x31, 0x35, 0x43, 0x6f, 0x6e, 0x73, 
    0x6f, 0x6c, 0x65, 0x64, 0x57, 0x72, 0x61, 0x70, 0x70, 0x65, 0x72, 0x45, 
    0x42, 0x53, 0x5f, 0x00, 0x24, 0x78, 0x00, 0x4f, 0x55, 0x54, 0x4c, 0x49, 
    0x4e, 0x45, 0x44, 0x5f, 0x46, 0x55, 0x4e, 0x43, 0x54, 0x49, 0x4f, 0x4e, 
    0x5f, 0x37, 0x39, 0x00, 0x5f, 0x52, 0x4e, 0x76, 0x4e, 0x74, 0x43, 0x73, 
    0x6c, 0x69, 0x50, 0x58, 0x55, 0x6c, 0x30, 0x6e, 0x45, 0x7a, 0x4f, 0x5f, 
    0x37, 0x75, 0x73, 0x65, 0x72, 0x6c, 0x69, 0x62, 0x37, 0x73, 0x79, 0x73, 
    0x63, 0x61, 0x6c, 0x6c, 0x34, 0x72, 0x65, 0x61, 0x64, 0x00, 0x5f, 0x52, 
    0x4e, 0x76, 0x4d, 0x4e, 0x74, 0x43, 0x73, 0x6c, 0x69, 0x50, 0x58, 0x55, 
    0x6c, 0x30, 0x6e, 0x45, 0x7a, 0x4f, 0x5f, 0x37, 0x75, 0x73, 0x65, 0x72, 
    0x6c, 0x69, 0x62, 0x33, 0x69, 0x70, 0x63, 0x4e, 0x74, 0x42, 0x32, 0x5f, 
    0x37, 0x43, 0x68, 0x61, 0x6e, 0x6e, 0x65, 0x6c, 0x37, 0x63, 0x6f, 0x6e, 
    0x6e, 0x65, 0x63, 0x74, 0x00, 0x5f, 0x52, 0x4e, 0x76, 0x4d, 0x73, 0x34, 
    0x5f, 0x4e, 0x74, 0x43, 0x73, 0x6c, 0x69, 0x50, 0x58, 0x55, 0x6c, 0x30, 
    0x6e, 0x45, 0x7a, 0x4f, 0x5f, 0x37, 0x75, 0x73, 0x65, 0x72, 0x6c, 0x69, 
    0x62, 0x33, 0x69, 0x70, 0x63, 0x4e, 0x74, 0x42, 0x35, 0x5f, 0x33, 0x4d, 
    0x75, 0x78, 0x33, 0x6e, 0x65, 0x77, 0x00, 0x5f, 0x52, 0x4e, 0x76, 0x4d, 
    0x73, 0x33, 0x5f, 0x4e, 0x74, 0x43, 0x73, 0x6c, 0x69, 0x50, 0x58, 0x55, 
    0x6c, 0x30, 0x6e, 0x45, 0x7a, 0x4f, 0x5f, 0x37, 0x75, 0x73, 0x65, 0x72, 
    0x6c, 0x69, 0x62, 0x31, 0x31, 0x62, 0x75, 0x73, 0x5f, 0x72, 0x75, 0x6e, 
    0x74, 0x69, 0x6d, 0x65, 0x49, 0x4e, 0x74, 0x42, 0x35, 0x5f, 0x31, 0x33, 
    0x44, 0x72, 0x69, 0x76, 0x65, 0x72, 0x52, 0x75, 0x6e, 0x74, 0x69, 0x6d, 
    0x65, 0x4e, 0x74, 0x43, 0x73, 0x67, 0x43, 0x63, 0x48, 0x6f, 0x76, 0x4e, 
    0x75, 0x39, 0x73, 0x71, 0x5f, 0x38, 0x63, 0x6f, 0x6e, 0x73, 0x6f, 0x6c, 
    0x65, 0x64, 0x31, 0x35, 0x43, 0x6f, 0x6e, 0x73, 0x6f, 0x6c, 0x65, 0x64, 
    0x57, 0x72, 0x61, 0x70, 0x70, 0x65, 0x72, 0x45, 0x33, 0x6e, 0x65, 0x77, 
    0x42, 0x31, 0x33, 0x5f, 0x00, 0x5f, 0x52, 0x4e, 0x76, 0x4d, 0x73, 0x33, 
    0x5f, 0x4e, 0x74, 0x43, 0x73, 0x6c, 0x69, 0x50, 0x58, 0x55, 0x6c, 0x30, 
    0x6e, 0x45, 0x7a, 0x4f, 0x5f, 0x37, 0x75, 0x73, 0x65, 0x72, 0x6c, 0x69, 
    0x62, 0x31, 0x31, 0x62, 0x75, 0x73, 0x5f, 0x72, 0x75, 0x6e, 0x74, 0x69, 
    0x6d, 0x65, 0x49, 0x4e, 0x74, 0x42, 0x35, 0x5f, 0x31, 0x33, 0x44, 0x72, 
    0x69, 0x76, 0x65, 0x72, 0x52, 0x75, 0x6e, 0x74, 0x69, 0x6d, 0x65, 0x4e, 
    0x74, 0x43, 0x73, 0x67, 0x43, 0x63, 0x48, 0x6f, 0x76, 0x4e, 0x75, 0x39, 
    0x73, 0x71, 0x5f, 0x38, 0x63, 0x6f, 0x6e, 0x73, 0x6f, 0x6c, 0x65, 0x64, 
    0x31, 0x35, 0x43, 0x6f, 0x6e, 0x73, 0x6f, 0x6c, 0x65, 0x64, 0x57, 0x72, 
    0x61, 0x70, 0x70, 0x65, 0x72, 0x45, 0x33, 0x72, 0x75, 0x6e, 0x42, 0x31, 
    0x33, 0x5f, 0x00, 0x5f, 0x52, 0x4e, 0x76, 0x4e, 0x74, 0x43, 0x73, 0x6c, 
    0x69, 0x50, 0x58, 0x55, 0x6c, 0x30, 0x6e, 0x45, 0x7a, 0x4f, 0x5f, 0x37, 
    0x75, 0x73, 0x65, 0x72, 0x6c, 0x69, 0x62, 0x37, 0x73, 0x79, 0x73, 0x63, 
    0x61, 0x6c, 0x6c, 0x34, 0x65, 0x78, 0x69, 0x74, 0x00, 0x5f, 0x52, 0x4e, 
    0x76, 0x43, 0x73, 0x67, 0x43, 0x63, 0x48, 0x6f, 0x76, 0x4e, 0x75, 0x39, 
    0x73, 0x71, 0x5f, 0x38, 0x63, 0x6f, 0x6e, 0x73, 0x6f, 0x6c, 0x65, 0x64, 
    0x31, 0x30, 0x66, 0x6f, 0x72, 0x6d, 0x61, 0x74, 0x5f, 0x75, 0x31, 0x36, 
    0x00, 0x24, 0x78, 0x00, 0x4f, 0x55, 0x54, 0x4c, 0x49, 0x4e, 0x45, 0x44, 
    0x5f, 0x46, 0x55, 0x4e, 0x43, 0x54, 0x49, 0x4f, 0x4e, 0x5f, 0x35, 0x33, 
    0x00, 0x4f, 0x55, 0x54, 0x4c, 0x49, 0x4e, 0x45, 0x44, 0x5f, 0x46, 0x55, 
    0x4e, 0x43, 0x54, 0x49, 0x4f, 0x4e, 0x5f, 0x35, 0x32, 0x00, 0x4f, 0x55, 
    0x54, 0x4c, 0x49, 0x4e, 0x45, 0x44, 0x5f, 0x46, 0x55, 0x4e, 0x43, 0x54, 
    0x49, 0x4f, 0x4e, 0x5f, 0x37, 0x34, 0x00, 0x5f, 0x52, 0x4e, 0x76, 0x43, 
    0x73, 0x67, 0x43, 0x63, 0x48, 0x6f, 0x76, 0x4e, 0x75, 0x39, 0x73, 0x71, 
    0x5f, 0x38, 0x63, 0x6f, 0x6e, 0x73, 0x6f, 0x6c, 0x65, 0x64, 0x31, 0x36, 
    0x77, 0x72, 0x69, 0x74, 0x65, 0x5f, 0x75, 0x31, 0x36, 0x5f, 0x74, 0x6f, 
    0x5f, 0x62, 0x75, 0x66, 0x00, 0x24, 0x78, 0x00, 0x5f, 0x52, 0x4e, 0x76, 
    0x4e, 0x74, 0x43, 0x73, 0x62, 0x5a, 0x34, 0x39, 0x39, 0x72, 0x32, 0x6e, 
    0x42, 0x51, 0x48, 0x5f, 0x34, 0x63, 0x6f, 0x72, 0x65, 0x39, 0x70, 0x61, 
    0x6e, 0x69, 0x63, 0x6b, 0x69, 0x6e, 0x67, 0x31, 0x38, 0x70, 0x61, 0x6e, 
    0x69, 0x63, 0x5f, 0x62, 0x6f, 0x75, 0x6e, 0x64, 0x73, 0x5f, 0x63, 0x68, 
    0x65, 0x63, 0x6b, 0x00, 0x5f, 0x52, 0x4e, 0x76, 0x4d, 0x43, 0x73, 0x67, 
    0x43, 0x63, 0x48, 0x6f, 0x76, 0x4e, 0x75, 0x39, 0x73, 0x71, 0x5f, 0x38, 
    0x63, 0x6f, 0x6e, 0x73, 0x6f, 0x6c, 0x65, 0x64, 0x4e, 0x74, 0x42, 0x32, 
    0x5f, 0x31, 0x34, 0x43, 0x6f, 0x6e, 0x73, 0x6f, 0x6c, 0x65, 0x64, 0x44, 
    0x72, 0x69, 0x76, 0x65, 0x72, 0x31, 0x30, 0x77, 0x72, 0x69, 0x74, 0x65, 
    0x5f, 0x75, 0x61, 0x72, 0x74, 0x00, 0x24, 0x78, 0x00, 0x4f, 0x55, 0x54, 
    0x4c, 0x49, 0x4e, 0x45, 0x44, 0x5f, 0x46, 0x55, 0x4e, 0x43, 0x54, 0x49, 
    0x4f, 0x4e, 0x5f, 0x32, 0x35, 0x00, 0x4f, 0x55, 0x54, 0x4c, 0x49, 0x4e, 
    0x45, 0x44, 0x5f, 0x46, 0x55, 0x4e, 0x43, 0x54, 0x49, 0x4f, 0x4e, 0x5f, 
    0x36, 0x38, 0x00, 0x5f, 0x52, 0x4e, 0x76, 0x4d, 0x43, 0x73, 0x67, 0x43, 
    0x63, 0x48, 0x6f, 0x76, 0x4e, 0x75, 0x39, 0x73, 0x71, 0x5f, 0x38, 0x63, 
    0x6f, 0x6e, 0x73, 0x6f, 0x6c, 0x65, 0x64, 0x4e, 0x74, 0x42, 0x32, 0x5f, 
    0x31, 0x34, 0x43, 0x6f, 0x6e, 0x73, 0x6f, 0x6c, 0x65, 0x64, 0x44, 0x72, 
    0x69, 0x76, 0x65, 0x72, 0x31, 0x32, 0x65, 0x6e, 0x61, 0x62, 0x6c, 0x65, 
    0x5f, 0x73, 0x70, 0x6c, 0x69, 0x74, 0x00, 0x24, 0x78, 0x00, 0x4f, 0x55, 
    0x54, 0x4c, 0x49, 0x4e, 0x45, 0x44, 0x5f, 0x46, 0x55, 0x4e, 0x43, 0x54, 
    0x49, 0x4f, 0x4e, 0x5f, 0x32, 0x34, 0x00, 0x5f, 0x52, 0x4e, 0x76, 0x58, 
    0x73, 0x65, 0x5f, 0x4e, 0x74, 0x43, 0x73, 0x62, 0x5a, 0x34, 0x39, 0x39, 
    0x72, 0x32, 0x6e, 0x42, 0x51, 0x48, 0x5f, 0x34, 0x63, 0x6f, 0x72, 0x65, 
    0x35, 0x61, 0x72, 0x72, 0x61, 0x79, 0x41, 0x68, 0x6a, 0x32, 0x62, 0x63, 
    0x5f, 0x49, 0x4e, 0x74, 0x4e, 0x74, 0x4e, 0x74, 0x42, 0x37, 0x5f, 0x33, 
    0x6f, 0x70, 0x73, 0x35, 0x69, 0x6e, 0x64, 0x65, 0x78, 0x38, 0x49, 0x6e, 
    0x64, 0x65, 0x78, 0x4d, 0x75, 0x74, 0x49, 0x4e, 0x74, 0x4e, 0x74, 0x42, 
    0x49, 0x5f, 0x35, 0x72, 0x61, 0x6e, 0x67, 0x65, 0x35, 0x52, 0x61, 0x6e, 
    0x67, 0x65, 0x6a, 0x45, 0x45, 0x39, 0x69, 0x6e, 0x64, 0x65, 0x78, 0x5f, 
    0x6d, 0x75, 0x74, 0x43, 0x73, 0x67, 0x43, 0x63, 0x48, 0x6f, 0x76, 0x4e, 
    0x75, 0x39, 0x73, 0x71, 0x5f, 0x38, 0x63, 0x6f, 0x6e, 0x73, 0x6f, 0x6c, 
    0x65, 0x64, 0x00, 0x5f, 0x52, 0x49, 0x4e, 0x76, 0x4e, 0x74, 0x43, 0x73, 
    0x62, 0x5a, 0x34, 0x39, 0x39, 0x72, 0x32, 0x6e, 0x42, 0x51, 0x48, 0x5f, 
    0x34, 0x63, 0x6f, 0x72, 0x65, 0x35, 0x73, 0x6c, 0x69, 0x63, 0x65, 0x32, 
    0x30, 0x63, 0x6f, 0x70, 0x79, 0x5f, 0x66, 0x72, 0x6f, 0x6d, 0x5f, 0x73, 
    0x6c, 0x69, 0x63, 0x65, 0x5f, 0x69, 0x6d, 0x70, 0x6c, 0x68, 0x45, 0x42, 
    0x34, 0x5f, 0x00, 0x4f, 0x55, 0x54, 0x4c, 0x49, 0x4e, 0x45, 0x44, 0x5f, 
    0x46, 0x55, 0x4e, 0x43, 0x54, 0x49, 0x4f, 0x4e, 0x5f, 0x36, 0x33, 0x00, 
    0x4f, 0x55, 0x54, 0x4c, 0x49, 0x4e, 0x45, 0x44, 0x5f, 0x46, 0x55, 0x4e, 
    0x43, 0x54, 0x49, 0x4f, 0x4e, 0x5f, 0x33, 0x34, 0x00, 0x5f, 0x52, 0x4e, 
    0x76, 0x58, 0x73, 0x65, 0x5f, 0x4e, 0x74, 0x43, 0x73, 0x62, 0x5a, 0x34, 
    0x39, 0x39, 0x72, 0x32, 0x6e, 0x42, 0x51, 0x48, 0x5f, 0x34, 0x63, 0x6f, 
    0x72, 0x65, 0x35, 0x61, 0x72, 0x72, 0x61, 0x79, 0x41, 0x68, 0x6a, 0x32, 
    0x62, 0x63, 0x5f, 0x49, 0x4e, 0x74, 0x4e, 0x74, 0x4e, 0x74, 0x42, 0x37, 
    0x5f, 0x33, 0x6f, 0x70, 0x73, 0x35, 0x69, 0x6e, 0x64, 0x65, 0x78, 0x38, 
    0x49, 0x6e, 0x64, 0x65, 0x78, 0x4d, 0x75, 0x74, 0x49, 0x4e, 0x74, 0x4e, 
    0x74, 0x42, 0x49, 0x5f, 0x35, 0x72, 0x61, 0x6e, 0x67, 0x65, 0x39, 0x52, 
    0x61, 0x6e, 0x67, 0x65, 0x46, 0x72, 0x6f, 0x6d, 0x6a, 0x45, 0x45, 0x39, 
    0x69, 0x6e, 0x64, 0x65, 0x78, 0x5f, 0x6d, 0x75, 0x74, 0x43, 0x73, 0x67, 
    0x43, 0x63, 0x48, 0x6f, 0x76, 0x4e, 0x75, 0x39, 0x73, 0x71, 0x5f, 0x38, 
    0x63, 0x6f, 0x6e, 0x73, 0x6f, 0x6c, 0x65, 0x64, 0x00, 0x4f, 0x55, 0x54, 
    0x4c, 0x49, 0x4e, 0x45, 0x44, 0x5f, 0x46, 0x55, 0x4e, 0x43, 0x54, 0x49, 
    0x4f, 0x4e, 0x5f, 0x34, 0x31, 0x00, 0x4f, 0x55, 0x54, 0x4c, 0x49, 0x4e, 
    0x45, 0x44, 0x5f, 0x46, 0x55, 0x4e, 0x43, 0x54, 0x49, 0x4f, 0x4e, 0x5f, 
    0x32, 0x32, 0x00, 0x4f, 0x55, 0x54, 0x4c, 0x49, 0x4e, 0x45, 0x44, 0x5f, 
    0x46, 0x55, 0x4e, 0x43, 0x54, 0x49, 0x4f, 0x4e, 0x5f, 0x32, 0x39, 0x00, 
    0x5f, 0x52, 0x4e, 0x76, 0x4e, 0x74, 0x4e, 0x74, 0x43, 0x73, 0x62, 0x5a, 
    0x34, 0x39, 0x39, 0x72, 0x32, 0x6e, 0x42, 0x51, 0x48, 0x5f, 0x34, 0x63, 
    0x6f, 0x72, 0x65, 0x35, 0x73, 0x6c, 0x69, 0x63, 0x65, 0x35, 0x69, 0x6e, 
    0x64, 0x65, 0x78, 0x31, 0x36, 0x73, 0x6c, 0x69, 0x63, 0x65, 0x5f, 0x69, 
    0x6e, 0x64, 0x65, 0x78, 0x5f, 0x66, 0x61, 0x69, 0x6c, 0x00, 0x5f, 0x52, 
    0x4e, 0x76, 0x4d, 0x43, 0x73, 0x67, 0x43, 0x63, 0x48, 0x6f, 0x76, 0x4e, 
    0x75, 0x39, 0x73, 0x71, 0x5f, 0x38, 0x63, 0x6f, 0x6e, 0x73, 0x6f, 0x6c, 
    0x65, 0x64, 0x4e, 0x74, 0x42, 0x32, 0x5f, 0x31, 0x34, 0x43, 0x6f, 0x6e, 
    0x73, 0x6f, 0x6c, 0x65, 0x64, 0x44, 0x72, 0x69, 0x76, 0x65, 0x72, 0x31, 
    0x36, 0x64, 0x69, 0x73, 0x63, 0x6f, 0x6e, 0x6e, 0x65, 0x63, 0x74, 0x5f, 
    0x73, 0x68, 0x65, 0x6c, 0x6c, 0x00, 0x24, 0x78, 0x00, 0x4f, 0x55, 0x54, 
    0x4c, 0x49, 0x4e, 0x45, 0x44, 0x5f, 0x46, 0x55, 0x4e, 0x43, 0x54, 0x49, 
    0x4f, 0x4e, 0x5f, 0x32, 0x36, 0x00, 0x5f, 0x52, 0x4e, 0x76, 0x58, 0x73, 
    0x31, 0x5f, 0x4e, 0x74, 0x43, 0x73, 0x6c, 0x69, 0x50, 0x58, 0x55, 0x6c, 
    0x30, 0x6e, 0x45, 0x7a, 0x4f, 0x5f, 0x37, 0x75, 0x73, 0x65, 0x72, 0x6c, 
    0x69, 0x62, 0x31, 0x31, 0x62, 0x75, 0x73, 0x5f, 0x72, 0x75, 0x6e, 0x74, 
    0x69, 0x6d, 0x65, 0x4e, 0x74, 0x42, 0x35, 0x5f, 0x31, 0x30, 0x52, 0x75, 
    0x6e, 0x74, 0x69, 0x6d, 0x65, 0x43, 0x74, 0x78, 0x4e, 0x74, 0x4e, 0x74, 
    0x42, 0x37, 0x5f, 0x33, 0x62, 0x75, 0x73, 0x36, 0x42, 0x75, 0x73, 0x43, 
    0x74, 0x78, 0x31, 0x34, 0x75, 0x6e, 0x77, 0x61, 0x74, 0x63, 0x68, 0x5f, 
    0x68, 0x61, 0x6e, 0x64, 0x6c, 0x65, 0x00, 0x5f, 0x52, 0x4e, 0x76, 0x4d, 
    0x4e, 0x74, 0x43, 0x73, 0x6c, 0x69, 0x50, 0x58, 0x55, 0x6c, 0x30, 0x6e, 
    0x45, 0x7a, 0x4f, 0x5f, 0x37, 0x75, 0x73, 0x65, 0x72, 0x6c, 0x69, 0x62, 
    0x35, 0x71, 0x75, 0x65, 0x72, 0x79, 0x4e, 0x74, 0x42, 0x32, 0x5f, 0x31, 
    0x31, 0x51, 0x75, 0x65, 0x72, 0x79, 0x48, 0x65, 0x61, 0x64, 0x65, 0x72, 
    0x38, 0x74, 0x6f, 0x5f, 0x62, 0x79, 0x74, 0x65, 0x73, 0x00, 0x5f, 0x52, 
    0x4e, 0x76, 0x4d, 0x4e, 0x74, 0x43, 0x73, 0x6c, 0x69, 0x50, 0x58, 0x55, 
    0x6c, 0x30, 0x6e, 0x45, 0x7a, 0x4f, 0x5f, 0x37, 0x75, 0x73, 0x65, 0x72, 
    0x6c, 0x69, 0x62, 0x33, 0x69, 0x70, 0x63, 0x4e, 0x74, 0x42, 0x32, 0x5f, 
    0x37, 0x43, 0x68, 0x61, 0x6e, 0x6e, 0x65, 0x6c, 0x34, 0x73, 0x65, 0x6e, 
    0x64, 0x00, 0x5f, 0x52, 0x4e, 0x76, 0x4d, 0x4e, 0x74, 0x43, 0x73, 0x6c, 
    0x69, 0x50, 0x58, 0x55, 0x6c, 0x30, 0x6e, 0x45, 0x7a, 0x4f, 0x5f, 0x37, 
    0x75, 0x73, 0x65, 0x72, 0x6c, 0x69, 0x62, 0x33, 0x69, 0x70, 0x63, 0x4e, 
    0x74, 0x42, 0x32, 0x5f, 0x37, 0x43, 0x68, 0x61, 0x6e, 0x6e, 0x65, 0x6c, 
    0x34, 0x72, 0x65, 0x63, 0x76, 0x00, 0x5f, 0x52, 0x4e, 0x76, 0x58, 0x73, 
    0x64, 0x5f, 0x4e, 0x74, 0x43, 0x73, 0x62, 0x5a, 0x34, 0x39, 0x39, 0x72, 
    0x32, 0x6e, 0x42, 0x51, 0x48, 0x5f, 0x34, 0x63, 0x6f, 0x72, 0x65, 0x35, 
    0x61, 0x72, 0x72, 0x61, 0x79, 0x41, 0x68, 0x6a, 0x34, 0x30, 0x5f, 0x49, 
    0x4e, 0x74, 0x4e, 0x74, 0x4e, 0x74, 0x42, 0x37, 0x5f, 0x33, 0x6f, 0x70, 
    0x73, 0x35, 0x69, 0x6e, 0x64, 0x65, 0x78, 0x35, 0x49, 0x6e, 0x64, 0x65, 
    0x78, 0x49, 0x4e, 0x74, 0x4e, 0x74, 0x42, 0x48, 0x5f, 0x35, 0x72, 0x61, 
    0x6e, 0x67, 0x65, 0x37, 0x52, 0x61, 0x6e, 0x67, 0x65, 0x54, 0x6f, 0x6a, 
    0x45, 0x45, 0x35, 0x69, 0x6e, 0x64, 0x65, 0x78, 0x43, 0x73, 0x67, 0x43, 
    0x63, 0x48, 0x6f, 0x76, 0x4e, 0x75, 0x39, 0x73, 0x71, 0x5f, 0x38, 0x63, 
    0x6f, 0x6e, 0x73, 0x6f, 0x6c, 0x65, 0x64, 0x00, 0x4f, 0x55, 0x54, 0x4c, 
    0x49, 0x4e, 0x45, 0x44, 0x5f, 0x46, 0x55, 0x4e, 0x43, 0x54, 0x49, 0x4f, 
    0x4e, 0x5f, 0x38, 0x31, 0x00, 0x4f, 0x55, 0x54, 0x4c, 0x49, 0x4e, 0x45, 
    0x44, 0x5f, 0x46, 0x55, 0x4e, 0x43, 0x54, 0x49, 0x4f, 0x4e, 0x5f, 0x36, 
    0x37, 0x00, 0x4f, 0x55, 0x54, 0x4c, 0x49, 0x4e, 0x45, 0x44, 0x5f, 0x46, 
    0x55, 0x4e, 0x43, 0x54, 0x49, 0x4f, 0x4e, 0x5f, 0x32, 0x33, 0x00, 0x5f, 
    0x52, 0x4e, 0x76, 0x4d, 0x73, 0x31, 0x5f, 0x4e, 0x74, 0x43, 0x73, 0x6c, 
    0x69, 0x50, 0x58, 0x55, 0x6c, 0x30, 0x6e, 0x45, 0x7a, 0x4f, 0x5f, 0x37, 
    0x75, 0x73, 0x65, 0x72, 0x6c, 0x69, 0x62, 0x34, 0x75, 0x6c, 0x6f, 0x67, 
    0x4e, 0x74, 0x42, 0x35, 0x5f, 0x31, 0x33, 0x52, 0x65, 0x63, 0x6f, 0x72, 
    0x64, 0x42, 0x75, 0x69, 0x6c, 0x64, 0x65, 0x72, 0x36, 0x66, 0x69, 0x6e, 
    0x69, 0x73, 0x68, 0x00, 0x4f, 0x55, 0x54, 0x4c, 0x49, 0x4e, 0x45, 0x44, 
    0x5f, 0x46, 0x55, 0x4e, 0x43, 0x54, 0x49, 0x4f, 0x4e, 0x5f, 0x33, 0x31, 
    0x00, 0x4f, 0x55, 0x54, 0x4c, 0x49, 0x4e, 0x45, 0x44, 0x5f, 0x46, 0x55, 
    0x4e, 0x43, 0x54, 0x49, 0x4f, 0x4e, 0x5f, 0x34, 0x32, 0x00, 0x5f, 0x52, 
    0x4e, 0x76, 0x4d, 0x43, 0x73, 0x67, 0x43, 0x63, 0x48, 0x6f, 0x76, 0x4e, 
    0x75, 0x39, 0x73, 0x71, 0x5f, 0x38, 0x63, 0x6f, 0x6e, 0x73, 0x6f, 0x6c, 
    0x65, 0x64, 0x4e, 0x74, 0x42, 0x32, 0x5f, 0x31, 0x34, 0x43, 0x6f, 0x6e, 
    0x73, 0x6f, 0x6c, 0x65, 0x64, 0x44, 0x72, 0x69, 0x76, 0x65, 0x72, 0x32, 
    0x31, 0x68, 0x61, 0x6e, 0x64, 0x6c, 0x65, 0x5f, 0x73, 0x68, 0x6d, 0x65, 
    0x6d, 0x5f, 0x72, 0x65, 0x61, 0x64, 0x61, 0x62, 0x6c, 0x65, 0x00, 0x24, 
    0x78, 0x00, 0x4f, 0x55, 0x54, 0x4c, 0x49, 0x4e, 0x45, 0x44, 0x5f, 0x46, 
    0x55, 0x4e, 0x43, 0x54, 0x49, 0x4f, 0x4e, 0x5f, 0x37, 0x00, 0x5f, 0x52, 
    0x4e, 0x76, 0x58, 0x73, 0x65, 0x5f, 0x4e, 0x74, 0x43, 0x73, 0x62, 0x5a, 
    0x34, 0x39, 0x39, 0x72, 0x32, 0x6e, 0x42, 0x51, 0x48, 0x5f, 0x34, 0x63, 
    0x6f, 0x72, 0x65, 0x35, 0x61, 0x72, 0x72, 0x61, 0x79, 0x41, 0x68, 0x6a, 
    0x32, 0x30, 0x30, 0x5f, 0x49, 0x4e, 0x74, 0x4e, 0x74, 0x4e, 0x74, 0x42, 
    0x37, 0x5f, 0x33, 0x6f, 0x70, 0x73, 0x35, 0x69, 0x6e, 0x64, 0x65, 0x78, 
    0x38, 0x49, 0x6e, 0x64, 0x65, 0x78, 0x4d, 0x75, 0x74, 0x49, 0x4e, 0x74, 
    0x4e, 0x74, 0x42, 0x49, 0x5f, 0x35, 0x72, 0x61, 0x6e, 0x67, 0x65, 0x37, 
    0x52, 0x61, 0x6e, 0x67, 0x65, 0x54, 0x6f, 0x6a, 0x45, 0x45, 0x39, 0x69, 
    0x6e, 0x64, 0x65, 0x78, 0x5f, 0x6d, 0x75, 0x74, 0x43, 0x73, 0x67, 0x43, 
    0x63, 0x48, 0x6f, 0x76, 0x4e, 0x75, 0x39, 0x73, 0x71, 0x5f, 0x38, 0x63, 
    0x6f, 0x6e, 0x73, 0x6f, 0x6c, 0x65, 0x64, 0x00, 0x5f, 0x52, 0x4e, 0x76, 
    0x58, 0x73, 0x64, 0x5f, 0x4e, 0x74, 0x43, 0x73, 0x62, 0x5a, 0x34, 0x39, 
    0x39, 0x72, 0x32, 0x6e, 0x42, 0x51, 0x48, 0x5f, 0x34, 0x63, 0x6f, 0x72, 
    0x65, 0x35, 0x61, 0x72, 0x72, 0x61, 0x79, 0x41, 0x68, 0x6a, 0x32, 0x30, 
    0x30, 0x5f, 0x49, 0x4e, 0x74, 0x4e, 0x74, 0x4e, 0x74, 0x42, 0x37, 0x5f, 
    0x33, 0x6f, 0x70, 0x73, 0x35, 0x69, 0x6e, 0x64, 0x65, 0x78, 0x35, 0x49, 
    0x6e, 0x64, 0x65, 0x78, 0x49, 0x4e, 0x74, 0x4e, 0x74, 0x42, 0x49, 0x5f, 
    0x35, 0x72, 0x61, 0x6e, 0x67, 0x65, 0x35, 0x52, 0x61, 0x6e, 0x67, 0x65, 
    0x6a, 0x45, 0x45, 0x35, 0x69, 0x6e, 0x64, 0x65, 0x78, 0x43, 0x73, 0x67, 
    0x43, 0x63, 0x48, 0x6f, 0x76, 0x4e, 0x75, 0x39, 0x73, 0x71, 0x5f, 0x38, 
    0x63, 0x6f, 0x6e, 0x73, 0x6f, 0x6c, 0x65, 0x64, 0x00, 0x5f, 0x52, 0x4e, 
    0x76, 0x4d, 0x4e, 0x74, 0x43, 0x73, 0x6c, 0x69, 0x50, 0x58, 0x55, 0x6c, 
    0x30, 0x6e, 0x45, 0x7a, 0x4f, 0x5f, 0x37, 0x75, 0x73, 0x65, 0x72, 0x6c, 
    0x69, 0x62, 0x31, 0x32, 0x63, 0x6f, 0x6e, 0x73, 0x6f, 0x6c, 0x65, 0x5f, 
    0x72, 0x69, 0x6e, 0x67, 0x4e, 0x74, 0x42, 0x32, 0x5f, 0x31, 0x31, 0x43, 
    0x6f, 0x6e, 0x73, 0x6f, 0x6c, 0x65, 0x52, 0x69, 0x6e, 0x67, 0x38, 0x72, 
    0x78, 0x5f, 0x77, 0x72, 0x69, 0x74, 0x65, 0x00, 0x5f, 0x52, 0x4e, 0x76, 
    0x4d, 0x4e, 0x74, 0x43, 0x73, 0x6c, 0x69, 0x50, 0x58, 0x55, 0x6c, 0x30, 
    0x6e, 0x45, 0x7a, 0x4f, 0x5f, 0x37, 0x75, 0x73, 0x65, 0x72, 0x6c, 0x69, 
    0x62, 0x31, 0x32, 0x63, 0x6f, 0x6e, 0x73, 0x6f, 0x6c, 0x65, 0x5f, 0x72, 
    0x69, 0x6e, 0x67, 0x4e, 0x74, 0x42, 0x32, 0x5f, 0x31, 0x31, 0x43, 0x6f, 
    0x6e, 0x73, 0x6f, 0x6c, 0x65, 0x52, 0x69, 0x6e, 0x67, 0x36, 0x6e, 0x6f, 
    0x74, 0x69, 0x66, 0x79, 0x00, 0x5f, 0x52, 0x4e, 0x76, 0x4e, 0x74, 0x43, 
    0x73, 0x67, 0x43, 0x63, 0x48, 0x6f, 0x76, 0x4e, 0x75, 0x39, 0x73, 0x71, 
    0x5f, 0x38, 0x63, 0x6f, 0x6e, 0x73, 0x6f, 0x6c, 0x65, 0x64, 0x34, 0x61, 
    0x6e, 0x73, 0x69, 0x35, 0x77, 0x72, 0x69, 0x74, 0x65, 0x00, 0x5f, 0x52, 
    0x4e, 0x76, 0x58, 0x73, 0x35, 0x5f, 0x4e, 0x74, 0x4e, 0x74, 0x43, 0x73, 
    0x62, 0x5a, 0x34, 0x39, 0x39, 0x72, 0x32, 0x6e, 0x42, 0x51, 0x48, 0x5f, 
    0x34, 0x63, 0x6f, 0x72, 0x65, 0x35, 0x73, 0x6c, 0x69, 0x63, 0x65, 0x35, 
    0x69, 0x6e, 0x64, 0x65, 0x78, 0x49, 0x4e, 0x74, 0x4e, 0x74, 0x4e, 0x74, 
    0x42, 0x39, 0x5f, 0x33, 0x6f, 0x70, 0x73, 0x35, 0x72, 0x61, 0x6e, 0x67, 
    0x65, 0x39, 0x52, 0x61, 0x6e, 0x67, 0x65, 0x46, 0x72, 0x6f, 0x6d, 0x6a, 
    0x45, 0x49, 0x4e, 0x74, 0x42, 0x35, 0x5f, 0x31, 0x30, 0x53, 0x6c, 0x69, 
    0x63, 0x65, 0x49, 0x6e, 0x64, 0x65, 0x78, 0x53, 0x68, 0x45, 0x39, 0x69, 
    0x6e, 0x64, 0x65, 0x78, 0x5f, 0x6d, 0x75, 0x74, 0x43, 0x73, 0x67, 0x43, 
    0x63, 0x48, 0x6f, 0x76, 0x4e, 0x75, 0x39, 0x73, 0x71, 0x5f, 0x38, 0x63, 
    0x6f, 0x6e, 0x73, 0x6f, 0x6c, 0x65, 0x64, 0x00, 0x5f, 0x52, 0x4e, 0x76, 
    0x58, 0x73, 0x64, 0x5f, 0x4e, 0x74, 0x43, 0x73, 0x62, 0x5a, 0x34, 0x39, 
    0x39, 0x72, 0x32, 0x6e, 0x42, 0x51, 0x48, 0x5f, 0x34, 0x63, 0x6f, 0x72, 
    0x65, 0x35, 0x61, 0x72, 0x72, 0x61, 0x79, 0x41, 0x68, 0x6a, 0x32, 0x30, 
    0x5f, 0x49, 0x4e, 0x74, 0x4e, 0x74, 0x4e, 0x74, 0x42, 0x37, 0x5f, 0x33, 
    0x6f, 0x70, 0x73, 0x35, 0x69, 0x6e, 0x64, 0x65, 0x78, 0x35, 0x49, 0x6e, 
    0x64, 0x65, 0x78, 0x49, 0x4e, 0x74, 0x4e, 0x74, 0x42, 0x48, 0x5f, 0x35, 
    0x72, 0x61, 0x6e, 0x67, 0x65, 0x37, 0x52, 0x61, 0x6e, 0x67, 0x65, 0x54, 
    0x6f, 0x6a, 0x45, 0x45, 0x35, 0x69, 0x6e, 0x64, 0x65, 0x78, 0x43, 0x73, 
    0x67, 0x43, 0x63, 0x48, 0x6f, 0x76, 0x4e, 0x75, 0x39, 0x73, 0x71, 0x5f, 
    0x38, 0x63, 0x6f, 0x6e, 0x73, 0x6f, 0x6c, 0x65, 0x64, 0x00, 0x4f, 0x55, 
    0x54, 0x4c, 0x49, 0x4e, 0x45, 0x44, 0x5f, 0x46, 0x55, 0x4e, 0x43, 0x54, 
    0x49, 0x4f, 0x4e, 0x5f, 0x36, 0x32, 0x00, 0x4f, 0x55, 0x54, 0x4c, 0x49, 
    0x4e, 0x45, 0x44, 0x5f, 0x46, 0x55, 0x4e, 0x43, 0x54, 0x49, 0x4f, 0x4e, 
    0x5f, 0x36, 0x31, 0x00, 0x5f, 0x52, 0x4e, 0x76, 0x4d, 0x4e, 0x74, 0x43, 
    0x73, 0x62, 0x5a, 0x34, 0x39, 0x39, 0x72, 0x32, 0x6e, 0x42, 0x51, 0x48, 
    0x5f, 0x34, 0x63, 0x6f, 0x72, 0x65, 0x35, 0x73, 0x6c, 0x69, 0x63, 0x65, 
    0x53, 0x68, 0x31, 0x35, 0x63, 0x6f, 0x70, 0x79, 0x5f, 0x66, 0x72, 0x6f, 
    0x6d, 0x5f, 0x73, 0x6c, 0x69, 0x63, 0x65, 0x43, 0x73, 0x67, 0x43, 0x63, 
    0x48, 0x6f, 0x76, 0x4e, 0x75, 0x39, 0x73, 0x71, 0x5f, 0x38, 0x63, 0x6f, 
    0x6e, 0x73, 0x6f, 0x6c, 0x65, 0x64, 0x00, 0x24, 0x78, 0x00, 0x5f, 0x52, 
    0x4e, 0x76, 0x4d, 0x73, 0x33, 0x5f, 0x4e, 0x74, 0x43, 0x73, 0x6c, 0x69, 
    0x50, 0x58, 0x55, 0x6c, 0x30, 0x6e, 0x45, 0x7a, 0x4f, 0x5f, 0x37, 0x75, 
    0x73, 0x65, 0x72, 0x6c, 0x69, 0x62, 0x31, 0x31, 0x62, 0x75, 0x73, 0x5f, 
    0x72, 0x75, 0x6e, 0x74, 0x69, 0x6d, 0x65, 0x49, 0x4e, 0x74, 0x42, 0x35, 
    0x5f, 0x31, 0x33, 0x44, 0x72, 0x69, 0x76, 0x65, 0x72, 0x52, 0x75, 0x6e, 
    0x74, 0x69, 0x6d, 0x65, 0x4e, 0x74, 0x43, 0x73, 0x67, 0x43, 0x63, 0x48, 
    0x6f, 0x76, 0x4e, 0x75, 0x39, 0x73, 0x71, 0x5f, 0x38, 0x63, 0x6f, 0x6e, 
    0x73, 0x6f, 0x6c, 0x65, 0x64, 0x31, 0x35, 0x43, 0x6f, 0x6e, 0x73, 0x6f, 
    0x6c, 0x65, 0x64, 0x57, 0x72, 0x61, 0x70, 0x70, 0x65, 0x72, 0x45, 0x31, 
    0x35, 0x66, 0x6f, 0x72, 0x77, 0x61, 0x72, 0x64, 0x5f, 0x74, 0x6f, 0x5f, 
    0x64, 0x65, 0x76, 0x64, 0x42, 0x31, 0x33, 0x5f, 0x00, 0x24, 0x78, 0x00, 
    0x5f, 0x52, 0x4e, 0x76, 0x4d, 0x73, 0x33, 0x5f, 0x4e, 0x74, 0x43, 0x73, 
    0x6c, 0x69, 0x50, 0x58, 0x55, 0x6c, 0x30, 0x6e, 0x45, 0x7a, 0x4f, 0x5f, 
    0x37, 0x75, 0x73, 0x65, 0x72, 0x6c, 0x69, 0x62, 0x31, 0x31, 0x62, 0x75, 
    0x73, 0x5f, 0x72, 0x75, 0x6e, 0x74, 0x69, 0x6d, 0x65, 0x49, 0x4e, 0x74, 
    0x42, 0x35, 0x5f, 0x31, 0x33, 0x44, 0x72, 0x69, 0x76, 0x65, 0x72, 0x52, 
    0x75, 0x6e, 0x74, 0x69, 0x6d, 0x65, 0x4e, 0x74, 0x43, 0x73, 0x67, 0x43, 
    0x63, 0x48, 0x6f, 0x76, 0x4e, 0x75, 0x39, 0x73, 0x71, 0x5f, 0x38, 0x63, 
    0x6f, 0x6e, 0x73, 0x6f, 0x6c, 0x65, 0x64, 0x31, 0x35, 0x43, 0x6f, 0x6e, 
    0x73, 0x6f, 0x6c, 0x65, 0x64, 0x57, 0x72, 0x61, 0x70, 0x70, 0x65, 0x72, 
    0x45, 0x32, 0x30, 0x61, 0x6e, 0x6e, 0x6f, 0x74, 0x61, 0x74, 0x65, 0x5f, 
    0x70, 0x61, 0x74, 0x68, 0x5f, 0x75, 0x70, 0x77, 0x61, 0x72, 0x64, 0x42, 
    0x31, 0x33, 0x5f, 0x00, 0x4f, 0x55, 0x54, 0x4c, 0x49, 0x4e, 0x45, 0x44, 
    0x5f, 0x46, 0x55, 0x4e, 0x43, 0x54, 0x49, 0x4f, 0x4e, 0x5f, 0x31, 0x39, 
    0x00, 0x5f, 0x52, 0x4e, 0x76, 0x58, 0x73, 0x65, 0x5f, 0x4e, 0x74, 0x43, 
    0x73, 0x62, 0x5a, 0x34, 0x39, 0x39, 0x72, 0x32, 0x6e, 0x42, 0x51, 0x48, 
    0x5f, 0x34, 0x63, 0x6f, 0x72, 0x65, 0x35, 0x61, 0x72, 0x72, 0x61, 0x79, 
    0x41, 0x68, 0x6a, 0x32, 0x34, 0x30, 0x5f, 0x49, 0x4e, 0x74, 0x4e, 0x74, 
    0x4e, 0x74, 0x42, 0x37, 0x5f, 0x33, 0x6f, 0x70, 0x73, 0x35, 0x69, 0x6e, 
    0x64, 0x65, 0x78, 0x38, 0x49, 0x6e, 0x64, 0x65, 0x78, 0x4d, 0x75, 0x74, 
    0x49, 0x4e, 0x74, 0x4e, 0x74, 0x42, 0x49, 0x5f, 0x35, 0x72, 0x61, 0x6e, 
    0x67, 0x65, 0x37, 0x52, 0x61, 0x6e, 0x67, 0x65, 0x54, 0x6f, 0x6a, 0x45, 
    0x45, 0x39, 0x69, 0x6e, 0x64, 0x65, 0x78, 0x5f, 0x6d, 0x75, 0x74, 0x43, 
    0x73, 0x67, 0x43, 0x63, 0x48, 0x6f, 0x76, 0x4e, 0x75, 0x39, 0x73, 0x71, 
    0x5f, 0x38, 0x63, 0x6f, 0x6e, 0x73, 0x6f, 0x6c, 0x65, 0x64, 0x00, 0x5f, 
    0x52, 0x4e, 0x76, 0x58, 0x73, 0x64, 0x5f, 0x4e, 0x74, 0x43, 0x73, 0x62, 
    0x5a, 0x34, 0x39, 0x39, 0x72, 0x32, 0x6e, 0x42, 0x51, 0x48, 0x5f, 0x34, 
    0x63, 0x6f, 0x72, 0x65, 0x35, 0x61, 0x72, 0x72, 0x61, 0x79, 0x41, 0x68, 
    0x6a, 0x32, 0x34, 0x30, 0x5f, 0x49, 0x4e, 0x74, 0x4e, 0x74, 0x4e, 0x74, 
    0x42, 0x37, 0x5f, 0x33, 0x6f, 0x70, 0x73, 0x35, 0x69, 0x6e, 0x64, 0x65, 
    0x78, 0x35, 0x49, 0x6e, 0x64, 0x65, 0x78, 0x49, 0x4e, 0x74, 0x4e, 0x74, 
    0x42, 0x49, 0x5f, 0x35, 0x72, 0x61, 0x6e, 0x67, 0x65, 0x37, 0x52, 0x61, 
    0x6e, 0x67, 0x65, 0x54, 0x6f, 0x6a, 0x45, 0x45, 0x35, 0x69, 0x6e, 0x64, 
    0x65, 0x78, 0x43, 0x73, 0x67, 0x43, 0x63, 0x48, 0x6f, 0x76, 0x4e, 0x75, 
    0x39, 0x73, 0x71, 0x5f, 0x38, 0x63, 0x6f, 0x6e, 0x73, 0x6f, 0x6c, 0x65, 
    0x64, 0x00, 0x5f, 0x52, 0x4e, 0x76, 0x58, 0x73, 0x65, 0x5f, 0x4e, 0x74, 
    0x43, 0x73, 0x62, 0x5a, 0x34, 0x39, 0x39, 0x72, 0x32, 0x6e, 0x42, 0x51, 
    0x48, 0x5f, 0x34, 0x63, 0x6f, 0x72, 0x65, 0x35, 0x61, 0x72, 0x72, 0x61, 
    0x79, 0x41, 0x68, 0x6a, 0x32, 0x34, 0x30, 0x5f, 0x49, 0x4e, 0x74, 0x4e, 
    0x74, 0x4e, 0x74, 0x42, 0x37, 0x5f, 0x33, 0x6f, 0x70, 0x73, 0x35, 0x69, 
    0x6e, 0x64, 0x65, 0x78, 0x38, 0x49, 0x6e, 0x64, 0x65, 0x78, 0x4d, 0x75, 
    0x74, 0x49, 0x4e, 0x74, 0x4e, 0x74, 0x42, 0x49, 0x5f, 0x35, 0x72, 0x61, 
    0x6e, 0x67, 0x65, 0x35, 0x52, 0x61, 0x6e, 0x67, 0x65, 0x6a, 0x45, 0x45, 
    0x39, 0x69, 0x6e, 0x64, 0x65, 0x78, 0x5f, 0x6d, 0x75, 0x74, 0x43, 0x73, 
    0x67, 0x43, 0x63, 0x48, 0x6f, 0x76, 0x4e, 0x75, 0x39, 0x73, 0x71, 0x5f, 
    0x38, 0x63, 0x6f, 0x6e, 0x73, 0x6f, 0x6c, 0x65, 0x64, 0x00, 0x4f, 0x55, 
    0x54, 0x4c, 0x49, 0x4e, 0x45, 0x44, 0x5f, 0x46, 0x55, 0x4e, 0x43, 0x54, 
    0x49, 0x4f, 0x4e, 0x5f, 0x37, 0x30, 0x00, 0x24, 0x78, 0x00, 0x4f, 0x55, 
    0x54, 0x4c, 0x49, 0x4e, 0x45, 0x44, 0x5f, 0x46, 0x55, 0x4e, 0x43, 0x54, 
    0x49, 0x4f, 0x4e, 0x5f, 0x35, 0x00, 0x4f, 0x55, 0x54, 0x4c, 0x49, 0x4e, 
    0x45, 0x44, 0x5f, 0x46, 0x55, 0x4e, 0x43, 0x54, 0x49, 0x4f, 0x4e, 0x5f, 
    0x31, 0x32, 0x00, 0x5f, 0x52, 0x4e, 0x76, 0x58, 0x73, 0x65, 0x5f, 0x4e, 
    0x74, 0x43, 0x73, 0x62, 0x5a, 0x34, 0x39, 0x39, 0x72, 0x32, 0x6e, 0x42, 
    0x51, 0x48, 0x5f, 0x34, 0x63, 0x6f, 0x72, 0x65, 0x35, 0x61, 0x72, 0x72, 
    0x61, 0x79, 0x41, 0x68, 0x6a, 0x36, 0x30, 0x5f, 0x49, 0x4e, 0x74, 0x4e, 
    0x74, 0x4e, 0x74, 0x42, 0x37, 0x5f, 0x33, 0x6f, 0x70, 0x73, 0x35, 0x69, 
    0x6e, 0x64, 0x65, 0x78, 0x38, 0x49, 0x6e, 0x64, 0x65, 0x78, 0x4d, 0x75, 
    0x74, 0x49, 0x4e, 0x74, 0x4e, 0x74, 0x42, 0x48, 0x5f, 0x35, 0x72, 0x61, 
    0x6e, 0x67, 0x65, 0x35, 0x52, 0x61, 0x6e, 0x67, 0x65, 0x6a, 0x45, 0x45, 
    0x39, 0x69, 0x6e, 0x64, 0x65, 0x78, 0x5f, 0x6d, 0x75, 0x74, 0x43, 0x73, 
    0x67, 0x43, 0x63, 0x48, 0x6f, 0x76, 0x4e, 0x75, 0x39, 0x73, 0x71, 0x5f, 
    0x38, 0x63, 0x6f, 0x6e, 0x73, 0x6f, 0x6c, 0x65, 0x64, 0x00, 0x5f, 0x52, 
    0x4e, 0x76, 0x58, 0x73, 0x64, 0x5f, 0x4e, 0x74, 0x43, 0x73, 0x62, 0x5a, 
    0x34, 0x39, 0x39, 0x72, 0x32, 0x6e, 0x42, 0x51, 0x48, 0x5f, 0x34, 0x63, 
    0x6f, 0x72, 0x65, 0x35, 0x61, 0x72, 0x72, 0x61, 0x79, 0x41, 0x68, 0x6a, 
    0x31, 0x30, 0x5f, 0x49, 0x4e, 0x74, 0x4e, 0x74, 0x4e, 0x74, 0x42, 0x37, 
    0x5f, 0x33, 0x6f, 0x70, 0x73, 0x35, 0x69, 0x6e, 0x64, 0x65, 0x78, 0x35, 
    0x49, 0x6e, 0x64, 0x65, 0x78, 0x49, 0x4e, 0x74, 0x4e, 0x74, 0x42, 0x48, 
    0x5f, 0x35, 0x72, 0x61, 0x6e, 0x67, 0x65, 0x37, 0x52, 0x61, 0x6e, 0x67, 
    0x65, 0x54, 0x6f, 0x6a, 0x45, 0x45, 0x35, 0x69, 0x6e, 0x64, 0x65, 0x78, 
    0x43, 0x73, 0x67, 0x43, 0x63, 0x48, 0x6f, 0x76, 0x4e, 0x75, 0x39, 0x73, 
    0x71, 0x5f, 0x38, 0x63, 0x6f, 0x6e, 0x73, 0x6f, 0x6c, 0x65, 0x64, 0x00, 
    0x5f, 0x52, 0x4e, 0x76, 0x58, 0x73, 0x64, 0x5f, 0x4e, 0x74, 0x43, 0x73, 
    0x62, 0x5a, 0x34, 0x39, 0x39, 0x72, 0x32, 0x6e, 0x42, 0x51, 0x48, 0x5f, 
    0x34, 0x63, 0x6f, 0x72, 0x65, 0x35, 0x61, 0x72, 0x72, 0x61, 0x79, 0x41, 
    0x68, 0x6a, 0x36, 0x30, 0x5f, 0x49, 0x4e, 0x74, 0x4e, 0x74, 0x4e, 0x74, 
    0x42, 0x37, 0x5f, 0x33, 0x6f, 0x70, 0x73, 0x35, 0x69, 0x6e, 0x64, 0x65, 
    0x78, 0x35, 0x49, 0x6e, 0x64, 0x65, 0x78, 0x49, 0x4e, 0x74, 0x4e, 0x74, 
    0x42, 0x48, 0x5f, 0x35, 0x72, 0x61, 0x6e, 0x67, 0x65, 0x37, 0x52, 0x61, 
    0x6e, 0x67, 0x65, 0x54, 0x6f, 0x6a, 0x45, 0x45, 0x35, 0x69, 0x6e, 0x64, 
    0x65, 0x78, 0x43, 0x73, 0x67, 0x43, 0x63, 0x48, 0x6f, 0x76, 0x4e, 0x75, 
    0x39, 0x73, 0x71, 0x5f, 0x38, 0x63, 0x6f, 0x6e, 0x73, 0x6f, 0x6c, 0x65, 
    0x64, 0x00, 0x4f, 0x55, 0x54, 0x4c, 0x49, 0x4e, 0x45, 0x44, 0x5f, 0x46, 
    0x55, 0x4e, 0x43, 0x54, 0x49, 0x4f, 0x4e, 0x5f, 0x34, 0x00, 0x4f, 0x55, 
    0x54, 0x4c, 0x49, 0x4e, 0x45, 0x44, 0x5f, 0x46, 0x55, 0x4e, 0x43, 0x54, 
    0x49, 0x4f, 0x4e, 0x5f, 0x31, 0x34, 0x00, 0x4f, 0x55, 0x54, 0x4c, 0x49, 
    0x4e, 0x45, 0x44, 0x5f, 0x46, 0x55, 0x4e, 0x43, 0x54, 0x49, 0x4f, 0x4e, 
    0x5f, 0x36, 0x30, 0x00, 0x4f, 0x55, 0x54, 0x4c, 0x49, 0x4e, 0x45, 0x44, 
    0x5f, 0x46, 0x55, 0x4e, 0x43, 0x54, 0x49, 0x4f, 0x4e, 0x5f, 0x35, 0x36, 
    0x00, 0x4f, 0x55, 0x54, 0x4c, 0x49, 0x4e, 0x45, 0x44, 0x5f, 0x46, 0x55, 
    0x4e, 0x43, 0x54, 0x49, 0x4f, 0x4e, 0x5f, 0x34, 0x34, 0x00, 0x5f, 0x52, 
    0x4e, 0x76, 0x4d, 0x73, 0x33, 0x5f, 0x4e, 0x74, 0x43, 0x73, 0x6c, 0x69, 
    0x50, 0x58, 0x55, 0x6c, 0x30, 0x6e, 0x45, 0x7a, 0x4f, 0x5f, 0x37, 0x75, 
    0x73, 0x65, 0x72, 0x6c, 0x69, 0x62, 0x31, 0x31, 0x62, 0x75, 0x73, 0x5f, 
    0x72, 0x75, 0x6e, 0x74, 0x69, 0x6d, 0x65, 0x49, 0x4e, 0x74, 0x42, 0x35, 
    0x5f, 0x31, 0x33, 0x44, 0x72, 0x69, 0x76, 0x65, 0x72, 0x52, 0x75, 0x6e, 
    0x74, 0x69, 0x6d, 0x65, 0x4e, 0x74, 0x43, 0x73, 0x67, 0x43, 0x63, 0x48, 
    0x6f, 0x76, 0x4e, 0x75, 0x39, 0x73, 0x71, 0x5f, 0x38, 0x63, 0x6f, 0x6e, 
    0x73, 0x6f, 0x6c, 0x65, 0x64, 0x31, 0x35, 0x43, 0x6f, 0x6e, 0x73, 0x6f, 
    0x6c, 0x65, 0x64, 0x57, 0x72, 0x61, 0x70, 0x70, 0x65, 0x72, 0x45, 0x32, 
    0x30, 0x64, 0x69, 0x73, 0x70, 0x61, 0x74, 0x63, 0x68, 0x5f, 0x72, 0x61, 
    0x77, 0x5f, 0x63, 0x6f, 0x6d, 0x6d, 0x61, 0x6e, 0x64, 0x42, 0x31, 0x33, 
    0x5f, 0x00, 0x24, 0x78, 0x00, 0x4f, 0x55, 0x54, 0x4c, 0x49, 0x4e, 0x45, 
    0x44, 0x5f, 0x46, 0x55, 0x4e, 0x43, 0x54, 0x49, 0x4f, 0x4e, 0x5f, 0x31, 
    0x00, 0x4f, 0x55, 0x54, 0x4c, 0x49, 0x4e, 0x45, 0x44, 0x5f, 0x46, 0x55, 
    0x4e, 0x43, 0x54, 0x49, 0x4f, 0x4e, 0x5f, 0x35, 0x39, 0x00, 0x4f, 0x55, 
    0x54, 0x4c, 0x49, 0x4e, 0x45, 0x44, 0x5f, 0x46, 0x55, 0x4e, 0x43, 0x54, 
    0x49, 0x4f, 0x4e, 0x5f, 0x31, 0x37, 0x00, 0x5f, 0x52, 0x4e, 0x76, 0x4d, 
    0x4e, 0x74, 0x43, 0x73, 0x6c, 0x69, 0x50, 0x58, 0x55, 0x6c, 0x30, 0x6e, 
    0x45, 0x7a, 0x4f, 0x5f, 0x37, 0x75, 0x73, 0x65, 0x72, 0x6c, 0x69, 0x62, 
    0x35, 0x71, 0x75, 0x65, 0x72, 0x79, 0x4e, 0x74, 0x42, 0x32, 0x5f, 0x31, 
    0x31, 0x51, 0x75, 0x65, 0x72, 0x79, 0x48, 0x65, 0x61, 0x64, 0x65, 0x72, 
    0x31, 0x30, 0x66, 0x72, 0x6f, 0x6d, 0x5f, 0x62, 0x79, 0x74, 0x65, 0x73, 
    0x00, 0x5f, 0x52, 0x4e, 0x76, 0x58, 0x73, 0x65, 0x5f, 0x4e, 0x74, 0x43, 
    0x73, 0x62, 0x5a, 0x34, 0x39, 0x39, 0x72, 0x32, 0x6e, 0x42, 0x51, 0x48, 
    0x5f, 0x34, 0x63, 0x6f, 0x72, 0x65, 0x35, 0x61, 0x72, 0x72, 0x61, 0x79, 
    0x41, 0x68, 0x6a, 0x34, 0x30, 0x5f, 0x49, 0x4e, 0x74, 0x4e, 0x74, 0x4e, 
    0x74, 0x42, 0x37, 0x5f, 0x33, 0x6f, 0x70, 0x73, 0x35, 0x69, 0x6e, 0x64, 
    0x65, 0x78, 0x38, 0x49, 0x6e, 0x64, 0x65, 0x78, 0x4d, 0x75, 0x74, 0x49, 
    0x4e, 0x74, 0x4e, 0x74, 0x42, 0x48, 0x5f, 0x35, 0x72, 0x61, 0x6e, 0x67, 
    0x65, 0x37, 0x52, 0x61, 0x6e, 0x67, 0x65, 0x54, 0x6f, 0x6a, 0x45, 0x45, 
    0x39, 0x69, 0x6e, 0x64, 0x65, 0x78, 0x5f, 0x6d, 0x75, 0x74, 0x43, 0x73, 
    0x6c, 0x69, 0x50, 0x58, 0x55, 0x6c, 0x30, 0x6e, 0x45, 0x7a, 0x4f, 0x5f, 
    0x37, 0x75, 0x73, 0x65, 0x72, 0x6c, 0x69, 0x62, 0x00, 0x4f, 0x55, 0x54, 
    0x4c, 0x49, 0x4e, 0x45, 0x44, 0x5f, 0x46, 0x55, 0x4e, 0x43, 0x54, 0x49, 
    0x4f, 0x4e, 0x5f, 0x31, 0x36, 0x00, 0x5f, 0x52, 0x4e, 0x76, 0x58, 0x73, 
    0x35, 0x5f, 0x4e, 0x74, 0x4e, 0x74, 0x43, 0x73, 0x62, 0x5a, 0x34, 0x39, 
    0x39, 0x72, 0x32, 0x6e, 0x42, 0x51, 0x48, 0x5f, 0x34, 0x63, 0x6f, 0x72, 
    0x65, 0x35, 0x73, 0x6c, 0x69, 0x63, 0x65, 0x35, 0x69, 0x6e, 0x64, 0x65, 
    0x78, 0x49, 0x4e, 0x74, 0x4e, 0x74, 0x4e, 0x74, 0x42, 0x39, 0x5f, 0x33, 
    0x6f, 0x70, 0x73, 0x35, 0x72, 0x61, 0x6e, 0x67, 0x65, 0x39, 0x52, 0x61, 
    0x6e, 0x67, 0x65, 0x46, 0x72, 0x6f, 0x6d, 0x6a, 0x45, 0x49, 0x4e, 0x74, 
    0x42, 0x35, 0x5f, 0x31, 0x30, 0x53, 0x6c, 0x69, 0x63, 0x65, 0x49, 0x6e, 
    0x64, 0x65, 0x78, 0x53, 0x68, 0x45, 0x35, 0x69, 0x6e, 0x64, 0x65, 0x78, 
    0x43, 0x73, 0x67, 0x43, 0x63, 0x48, 0x6f, 0x76, 0x4e, 0x75, 0x39, 0x73, 
    0x71, 0x5f, 0x38, 0x63, 0x6f, 0x6e, 0x73, 0x6f, 0x6c, 0x65, 0x64, 0x00, 
    0x4f, 0x55, 0x54, 0x4c, 0x49, 0x4e, 0x45, 0x44, 0x5f, 0x46, 0x55, 0x4e, 
    0x43, 0x54, 0x49, 0x4f, 0x4e, 0x5f, 0x35, 0x31, 0x00, 0x5f, 0x52, 0x4e, 
    0x76, 0x4d, 0x73, 0x33, 0x5f, 0x4e, 0x74, 0x43, 0x73, 0x6c, 0x69, 0x50, 
    0x58, 0x55, 0x6c, 0x30, 0x6e, 0x45, 0x7a, 0x4f, 0x5f, 0x37, 0x75, 0x73, 
    0x65, 0x72, 0x6c, 0x69, 0x62, 0x31, 0x31, 0x62, 0x75, 0x73, 0x5f, 0x72, 
    0x75, 0x6e, 0x74, 0x69, 0x6d, 0x65, 0x49, 0x4e, 0x74, 0x42, 0x35, 0x5f, 
    0x31, 0x33, 0x44, 0x72, 0x69, 0x76, 0x65, 0x72, 0x52, 0x75, 0x6e, 0x74, 
    0x69, 0x6d, 0x65, 0x4e, 0x74, 0x43, 0x73, 0x67, 0x43, 0x63, 0x48, 0x6f, 
    0x76, 0x4e, 0x75, 0x39, 0x73, 0x71, 0x5f, 0x38, 0x63, 0x6f, 0x6e, 0x73, 
    0x6f, 0x6c, 0x65, 0x64, 0x31, 0x35, 0x43, 0x6f, 0x6e, 0x73, 0x6f, 0x6c, 
    0x65, 0x64, 0x57, 0x72, 0x61, 0x70, 0x70, 0x65, 0x72, 0x45, 0x32, 0x33, 
    0x66, 0x69, 0x6e, 0x64, 0x5f, 0x63, 0x68, 0x69, 0x6c, 0x64, 0x5f, 0x62, 
    0x79, 0x5f, 0x70, 0x6f, 0x72, 0x74, 0x5f, 0x6e, 0x61, 0x6d, 0x65, 0x42, 
    0x31, 0x33, 0x5f, 0x00, 0x5f, 0x52, 0x4e, 0x76, 0x4d, 0x73, 0x33, 0x5f, 
    0x4e, 0x74, 0x43, 0x73, 0x6c, 0x69, 0x50, 0x58, 0x55, 0x6c, 0x30, 0x6e, 
    0x45, 0x7a, 0x4f, 0x5f, 0x37, 0x75, 0x73, 0x65, 0x72, 0x6c, 0x69, 0x62, 
    0x31, 0x31, 0x62, 0x75, 0x73, 0x5f, 0x72, 0x75, 0x6e, 0x74, 0x69, 0x6d, 
    0x65, 0x49, 0x4e, 0x74, 0x42, 0x35, 0x5f, 0x31, 0x33, 0x44, 0x72, 0x69, 
    0x76, 0x65, 0x72, 0x52, 0x75, 0x6e, 0x74, 0x69, 0x6d, 0x65, 0x4e, 0x74, 
    0x43, 0x73, 0x67, 0x43, 0x63, 0x48, 0x6f, 0x76, 0x4e, 0x75, 0x39, 0x73, 
    0x71, 0x5f, 0x38, 0x63, 0x6f, 0x6e, 0x73, 0x6f, 0x6c, 0x65, 0x64, 0x31, 
    0x35, 0x43, 0x6f, 0x6e, 0x73, 0x6f, 0x6c, 0x65, 0x64, 0x57, 0x72, 0x61, 
    0x70, 0x70, 0x65, 0x72, 0x45, 0x32, 0x34, 0x6d, 0x61, 0x74, 0x63, 0x68, 
    0x65, 0x73, 0x5f, 0x6f, 0x77, 0x6e, 0x5f, 0x74, 0x72, 0x69, 0x67, 0x67, 
    0x65, 0x72, 0x5f, 0x70, 0x6f, 0x72, 0x74, 0x42, 0x31, 0x33, 0x5f, 0x00, 
    0x5f, 0x52, 0x4e, 0x76, 0x4d, 0x73, 0x33, 0x5f, 0x4e, 0x74, 0x43, 0x73, 
    0x6c, 0x69, 0x50, 0x58, 0x55, 0x6c, 0x30, 0x6e, 0x45, 0x7a, 0x4f, 0x5f, 
    0x37, 0x75, 0x73, 0x65, 0x72, 0x6c, 0x69, 0x62, 0x31, 0x31, 0x62, 0x75, 
    0x73, 0x5f, 0x72, 0x75, 0x6e, 0x74, 0x69, 0x6d, 0x65, 0x49, 0x4e, 0x74, 
    0x42, 0x35, 0x5f, 0x31, 0x33, 0x44, 0x72, 0x69, 0x76, 0x65, 0x72, 0x52, 
    0x75, 0x6e, 0x74, 0x69, 0x6d, 0x65, 0x4e, 0x74, 0x43, 0x73, 0x67, 0x43, 
    0x63, 0x48, 0x6f, 0x76, 0x4e, 0x75, 0x39, 0x73, 0x71, 0x5f, 0x38, 0x63, 
    0x6f, 0x6e, 0x73, 0x6f, 0x6c, 0x65, 0x64, 0x31, 0x35, 0x43, 0x6f, 0x6e, 
    0x73, 0x6f, 0x6c, 0x65, 0x64, 0x57, 0x72, 0x61, 0x70, 0x70, 0x65, 0x72, 
    0x45, 0x32, 0x33, 0x6d, 0x61, 0x74, 0x63, 0x68, 0x65, 0x73, 0x5f, 0x6f, 
    0x77, 0x6e, 0x5f, 0x64, 0x72, 0x69, 0x76, 0x65, 0x72, 0x5f, 0x6e, 0x61, 
    0x6d, 0x65, 0x42, 0x31, 0x33, 0x5f, 0x00, 0x4f, 0x55, 0x54, 0x4c, 0x49, 
    0x4e, 0x45, 0x44, 0x5f, 0x46, 0x55, 0x4e, 0x43, 0x54, 0x49, 0x4f, 0x4e, 
    0x5f, 0x33, 0x33, 0x00, 0x4f, 0x55, 0x54, 0x4c, 0x49, 0x4e, 0x45, 0x44, 
    0x5f, 0x46, 0x55, 0x4e, 0x43, 0x54, 0x49, 0x4f, 0x4e, 0x5f, 0x34, 0x36, 
    0x00, 0x4f, 0x55, 0x54, 0x4c, 0x49, 0x4e, 0x45, 0x44, 0x5f, 0x46, 0x55, 
    0x4e, 0x43, 0x54, 0x49, 0x4f, 0x4e, 0x5f, 0x35, 0x35, 0x00, 0x4f, 0x55, 
    0x54, 0x4c, 0x49, 0x4e, 0x45, 0x44, 0x5f, 0x46, 0x55, 0x4e, 0x43, 0x54, 
    0x49, 0x4f, 0x4e, 0x5f, 0x34, 0x33, 0x00, 0x5f, 0x52, 0x4e, 0x76, 0x58, 
    0x73, 0x34, 0x5f, 0x4e, 0x74, 0x4e, 0x74, 0x43, 0x73, 0x62, 0x5a, 0x34, 
    0x39, 0x39, 0x72, 0x32, 0x6e, 0x42, 0x51, 0x48, 0x5f, 0x34, 0x63, 0x6f, 
    0x72, 0x65, 0x35, 0x73, 0x6c, 0x69, 0x63, 0x65, 0x35, 0x69, 0x6e, 0x64, 
    0x65, 0x78, 0x49, 0x4e, 0x74, 0x4e, 0x74, 0x4e, 0x74, 0x42, 0x39, 0x5f, 
    0x33, 0x6f, 0x70, 0x73, 0x35, 0x72, 0x61, 0x6e, 0x67, 0x65, 0x37, 0x52, 
    0x61, 0x6e, 0x67, 0x65, 0x54, 0x6f, 0x6a, 0x45, 0x49, 0x4e, 0x74, 0x42, 
    0x35, 0x5f, 0x31, 0x30, 0x53, 0x6c, 0x69, 0x63, 0x65, 0x49, 0x6e, 0x64, 
    0x65, 0x78, 0x53, 0x68, 0x45, 0x39, 0x69, 0x6e, 0x64, 0x65, 0x78, 0x5f, 
    0x6d, 0x75, 0x74, 0x43, 0x73, 0x6c, 0x69, 0x50, 0x58, 0x55, 0x6c, 0x30, 
    0x6e, 0x45, 0x7a, 0x4f, 0x5f, 0x37, 0x75, 0x73, 0x65, 0x72, 0x6c, 0x69, 
    0x62, 0x00, 0x4f, 0x55, 0x54, 0x4c, 0x49, 0x4e, 0x45, 0x44, 0x5f, 0x46, 
    0x55, 0x4e, 0x43, 0x54, 0x49, 0x4f, 0x4e, 0x5f, 0x33, 0x35, 0x00, 0x5f, 
    0x52, 0x4e, 0x76, 0x58, 0x73, 0x64, 0x5f, 0x4e, 0x74, 0x43, 0x73, 0x62, 
    0x5a, 0x34, 0x39, 0x39, 0x72, 0x32, 0x6e, 0x42, 0x51, 0x48, 0x5f, 0x34, 
    0x63, 0x6f, 0x72, 0x65, 0x35, 0x61, 0x72, 0x72, 0x61, 0x79, 0x41, 0x68, 
    0x6a, 0x38, 0x30, 0x5f, 0x49, 0x4e, 0x74, 0x4e, 0x74, 0x4e, 0x74, 0x42, 
    0x37, 0x5f, 0x33, 0x6f, 0x70, 0x73, 0x35, 0x69, 0x6e, 0x64, 0x65, 0x78, 
    0x35, 0x49, 0x6e, 0x64, 0x65, 0x78, 0x49, 0x4e, 0x74, 0x4e, 0x74, 0x42, 
    0x48, 0x5f, 0x35, 0x72, 0x61, 0x6e, 0x67, 0x65, 0x37, 0x52, 0x61, 0x6e, 
    0x67, 0x65, 0x54, 0x6f, 0x6a, 0x45, 0x45, 0x35, 0x69, 0x6e, 0x64, 0x65, 
    0x78, 0x43, 0x73, 0x6c, 0x69, 0x50, 0x58, 0x55, 0x6c, 0x30, 0x6e, 0x45, 
    0x7a, 0x4f, 0x5f, 0x37, 0x75, 0x73, 0x65, 0x72, 0x6c, 0x69, 0x62, 0x00, 
    0x5f, 0x52, 0x4e, 0x76, 0x4d, 0x73, 0x31, 0x5f, 0x4e, 0x74, 0x43, 0x73, 
    0x6c, 0x69, 0x50, 0x58, 0x55, 0x6c, 0x30, 0x6e, 0x45, 0x7a, 0x4f, 0x5f, 
    0x37, 0x75, 0x73, 0x65, 0x72, 0x6c, 0x69, 0x62, 0x33, 0x62, 0x75, 0x73, 
    0x4e, 0x74, 0x42, 0x35, 0x5f, 0x36, 0x42, 0x75, 0x73, 0x4d, 0x73, 0x67, 
    0x31, 0x31, 0x77, 0x72, 0x69, 0x74, 0x65, 0x5f, 0x62, 0x79, 0x74, 0x65, 
    0x73, 0x00, 0x4f, 0x55, 0x54, 0x4c, 0x49, 0x4e, 0x45, 0x44, 0x5f, 0x46, 
    0x55, 0x4e, 0x43, 0x54, 0x49, 0x4f, 0x4e, 0x5f, 0x34, 0x38, 0x00, 0x4f, 
    0x55, 0x54, 0x4c, 0x49, 0x4e, 0x45, 0x44, 0x5f, 0x46, 0x55, 0x4e, 0x43, 
    0x54, 0x49, 0x4f, 0x4e, 0x5f, 0x37, 0x31, 0x00, 0x5f, 0x52, 0x4e, 0x76, 
    0x4d, 0x73, 0x31, 0x5f, 0x4e, 0x74, 0x43, 0x73, 0x6c, 0x69, 0x50, 0x58, 
    0x55, 0x6c, 0x30, 0x6e, 0x45, 0x7a, 0x4f, 0x5f, 0x37, 0x75, 0x73, 0x65, 
    0x72, 0x6c, 0x69, 0x62, 0x33, 0x62, 0x75, 0x73, 0x4e, 0x74, 0x42, 0x35, 
    0x5f, 0x36, 0x42, 0x75, 0x73, 0x4d, 0x73, 0x67, 0x32, 0x30, 0x72, 0x65, 
    0x61, 0x64, 0x5f, 0x6e, 0x75, 0x6c, 0x6c, 0x5f, 0x74, 0x65, 0x72, 0x6d, 
    0x69, 0x6e, 0x61, 0x74, 0x65, 0x64, 0x00, 0x5f, 0x52, 0x4e, 0x76, 0x58, 
    0x73, 0x65, 0x5f, 0x4e, 0x74, 0x43, 0x73, 0x62, 0x5a, 0x34, 0x39, 0x39, 
    0x72, 0x32, 0x6e, 0x42, 0x51, 0x48, 0x5f, 0x34, 0x63, 0x6f, 0x72, 0x65, 
    0x35, 0x61, 0x72, 0x72, 0x61, 0x79, 0x41, 0x68, 0x6a, 0x34, 0x30, 0x5f, 
    0x49, 0x4e, 0x74, 0x4e, 0x74, 0x4e, 0x74, 0x42, 0x37, 0x5f, 0x33, 0x6f, 
    0x70, 0x73, 0x35, 0x69, 0x6e, 0x64, 0x65, 0x78, 0x38, 0x49, 0x6e, 0x64, 
    0x65, 0x78, 0x4d, 0x75, 0x74, 0x49, 0x4e, 0x74, 0x4e, 0x74, 0x42, 0x48, 
    0x5f, 0x35, 0x72, 0x61, 0x6e, 0x67, 0x65, 0x37, 0x52, 0x61, 0x6e, 0x67, 
    0x65, 0x54, 0x6f, 0x6a, 0x45, 0x45, 0x39, 0x69, 0x6e, 0x64, 0x65, 0x78, 
    0x5f, 0x6d, 0x75, 0x74, 0x43, 0x73, 0x67, 0x43, 0x63, 0x48, 0x6f, 0x76, 
    0x4e, 0x75, 0x39, 0x73, 0x71, 0x5f, 0x38, 0x63, 0x6f, 0x6e, 0x73, 0x6f, 
    0x6c, 0x65, 0x64, 0x00, 0x5f, 0x52, 0x4e, 0x76, 0x58, 0x73, 0x34, 0x5f, 
    0x4e, 0x74, 0x4e, 0x74, 0x43, 0x73, 0x62, 0x5a, 0x34, 0x39, 0x39, 0x72, 
    0x32, 0x6e, 0x42, 0x51, 0x48, 0x5f, 0x34, 0x63, 0x6f, 0x72, 0x65, 0x35, 
    0x73, 0x6c, 0x69, 0x63, 0x65, 0x35, 0x69, 0x6e, 0x64, 0x65, 0x78, 0x49, 
    0x4e, 0x74, 0x4e, 0x74, 0x4e, 0x74, 0x42, 0x39, 0x5f, 0x33, 0x6f, 0x70, 
    0x73, 0x35, 0x72, 0x61, 0x6e, 0x67, 0x65, 0x37, 0x52, 0x61, 0x6e, 0x67, 
    0x65, 0x54, 0x6f, 0x6a, 0x45, 0x49, 0x4e, 0x74, 0x42, 0x35, 0x5f, 0x31, 
    0x30, 0x53, 0x6c, 0x69, 0x63, 0x65, 0x49, 0x6e, 0x64, 0x65, 0x78, 0x53, 
    0x68, 0x45, 0x39, 0x69, 0x6e, 0x64, 0x65, 0x78, 0x5f, 0x6d, 0x75, 0x74, 
    0x43, 0x73, 0x67, 0x43, 0x63, 0x48, 0x6f, 0x76, 0x4e, 0x75, 0x39, 0x73, 
    0x71, 0x5f, 0x38, 0x63, 0x6f, 0x6e, 0x73, 0x6f, 0x6c, 0x65, 0x64, 0x00, 
    0x5f, 0x52, 0x4e, 0x76, 0x4d, 0x73, 0x34, 0x5f, 0x4e, 0x74, 0x43, 0x73, 
    0x6c, 0x69, 0x50, 0x58, 0x55, 0x6c, 0x30, 0x6e, 0x45, 0x7a, 0x4f, 0x5f, 
    0x37, 0x75, 0x73, 0x65, 0x72, 0x6c, 0x69, 0x62, 0x33, 0x69, 0x70, 0x63, 
    0x4e, 0x74, 0x42, 0x35, 0x5f, 0x33, 0x4d, 0x75, 0x78, 0x33, 0x61, 0x64, 
    0x64, 0x00, 0x5f, 0x52, 0x4e, 0x76, 0x58, 0x73, 0x65, 0x5f, 0x4e, 0x74, 
    0x43, 0x73, 0x62, 0x5a, 0x34, 0x39, 0x39, 0x72, 0x32, 0x6e, 0x42, 0x51, 
    0x48, 0x5f, 0x34, 0x63, 0x6f, 0x72, 0x65, 0x35, 0x61, 0x72, 0x72, 0x61, 
    0x79, 0x41, 0x68, 0x6a, 0x31, 0x30, 0x5f, 0x49, 0x4e, 0x74, 0x4e, 0x74, 
    0x4e, 0x74, 0x42, 0x37, 0x5f, 0x33, 0x6f, 0x70, 0x73, 0x35, 0x69, 0x6e, 
    0x64, 0x65, 0x78, 0x38, 0x49, 0x6e, 0x64, 0x65, 0x78, 0x4d, 0x75, 0x74, 
    0x49, 0x4e, 0x74, 0x4e, 0x74, 0x42, 0x48, 0x5f, 0x35, 0x72, 0x61, 0x6e, 
    0x67, 0x65, 0x37, 0x52, 0x61, 0x6e, 0x67, 0x65, 0x54, 0x6f, 0x6a, 0x45, 
    0x45, 0x39, 0x69, 0x6e, 0x64, 0x65, 0x78, 0x5f, 0x6d, 0x75, 0x74, 0x43, 
    0x73, 0x67, 0x43, 0x63, 0x48, 0x6f, 0x76, 0x4e, 0x75, 0x39, 0x73, 0x71, 
    0x5f, 0x38, 0x63, 0x6f, 0x6e, 0x73, 0x6f, 0x6c, 0x65, 0x64, 0x00, 0x5f, 
    0x52, 0x4e, 0x76, 0x58, 0x73, 0x65, 0x5f, 0x4e, 0x74, 0x43, 0x73, 0x62, 
    0x5a, 0x34, 0x39, 0x39, 0x72, 0x32, 0x6e, 0x42, 0x51, 0x48, 0x5f, 0x34, 
    0x63, 0x6f, 0x72, 0x65, 0x35, 0x61, 0x72, 0x72, 0x61, 0x79, 0x41, 0x68, 
    0x6a, 0x32, 0x30, 0x30, 0x5f, 0x49, 0x4e, 0x74, 0x4e, 0x74, 0x4e, 0x74, 
    0x42, 0x37, 0x5f, 0x33, 0x6f, 0x70, 0x73, 0x35, 0x69, 0x6e, 0x64, 0x65, 
    0x78, 0x38, 0x49, 0x6e, 0x64, 0x65, 0x78, 0x4d, 0x75, 0x74, 0x49, 0x4e, 
    0x74, 0x4e, 0x74, 0x42, 0x49, 0x5f, 0x35, 0x72, 0x61, 0x6e, 0x67, 0x65, 
    0x35, 0x52, 0x61, 0x6e, 0x67, 0x65, 0x6a, 0x45, 0x45, 0x39, 0x69, 0x6e, 
    0x64, 0x65, 0x78, 0x5f, 0x6d, 0x75, 0x74, 0x43, 0x73, 0x6c, 0x69, 0x50, 
    0x58, 0x55, 0x6c, 0x30, 0x6e, 0x45, 0x7a, 0x4f, 0x5f, 0x37, 0x75, 0x73, 
    0x65, 0x72, 0x6c, 0x69, 0x62, 0x00, 0x5f, 0x52, 0x4e, 0x76, 0x58, 0x73, 
    0x64, 0x5f, 0x4e, 0x74, 0x43, 0x73, 0x62, 0x5a, 0x34, 0x39, 0x39, 0x72, 
    0x32, 0x6e, 0x42, 0x51, 0x48, 0x5f, 0x34, 0x63, 0x6f, 0x72, 0x65, 0x35, 
    0x61, 0x72, 0x72, 0x61, 0x79, 0x41, 0x68, 0x6a, 0x32, 0x30, 0x30, 0x5f, 
    0x49, 0x4e, 0x74, 0x4e, 0x74, 0x4e, 0x74, 0x42, 0x37, 0x5f, 0x33, 0x6f, 
    0x70, 0x73, 0x35, 0x69, 0x6e, 0x64, 0x65, 0x78, 0x35, 0x49, 0x6e, 0x64, 
    0x65, 0x78, 0x49, 0x4e, 0x74, 0x4e, 0x74, 0x42, 0x49, 0x5f, 0x35, 0x72, 
    0x61, 0x6e, 0x67, 0x65, 0x37, 0x52, 0x61, 0x6e, 0x67, 0x65, 0x54, 0x6f, 
    0x6a, 0x45, 0x45, 0x35, 0x69, 0x6e, 0x64, 0x65, 0x78, 0x43, 0x73, 0x67, 
    0x43, 0x63, 0x48, 0x6f, 0x76, 0x4e, 0x75, 0x39, 0x73, 0x71, 0x5f, 0x38, 
    0x63, 0x6f, 0x6e, 0x73, 0x6f, 0x6c, 0x65, 0x64, 0x00, 0x5f, 0x52, 0x4e, 
    0x76, 0x58, 0x73, 0x31, 0x5f, 0x4e, 0x74, 0x43, 0x73, 0x6c, 0x69, 0x50, 
    0x58, 0x55, 0x6c, 0x30, 0x6e, 0x45, 0x7a, 0x4f, 0x5f, 0x37, 0x75, 0x73, 
    0x65, 0x72, 0x6c, 0x69, 0x62, 0x31, 0x31, 0x62, 0x75, 0x73, 0x5f, 0x72, 
    0x75, 0x6e, 0x74, 0x69, 0x6d, 0x65, 0x4e, 0x74, 0x42, 0x35, 0x5f, 0x31, 
    0x30, 0x52, 0x75, 0x6e, 0x74, 0x69, 0x6d, 0x65, 0x43, 0x74, 0x78, 0x4e, 
    0x74, 0x4e, 0x74, 0x42, 0x37, 0x5f, 0x33, 0x62, 0x75, 0x73, 0x36, 0x42, 
    0x75, 0x73, 0x43, 0x74, 0x78, 0x31, 0x32, 0x72, 0x65, 0x73, 0x70, 0x6f, 
    0x6e, 0x64, 0x5f, 0x69, 0x6e, 0x66, 0x6f, 0x00, 0x4f, 0x55, 0x54, 0x4c, 
    0x49, 0x4e, 0x45, 0x44, 0x5f, 0x46, 0x55, 0x4e, 0x43, 0x54, 0x49, 0x4f, 
    0x4e, 0x5f, 0x32, 0x37, 0x00, 0x4f, 0x55, 0x54, 0x4c, 0x49, 0x4e, 0x45, 
    0x44, 0x5f, 0x46, 0x55, 0x4e, 0x43, 0x54, 0x49, 0x4f, 0x4e, 0x5f, 0x35, 
    0x38, 0x00, 0x4f, 0x55, 0x54, 0x4c, 0x49, 0x4e, 0x45, 0x44, 0x5f, 0x46, 
    0x55, 0x4e, 0x43, 0x54, 0x49, 0x4f, 0x4e, 0x5f, 0x31, 0x38, 0x00, 0x4f, 
    0x55, 0x54, 0x4c, 0x49, 0x4e, 0x45, 0x44, 0x5f, 0x46, 0x55, 0x4e, 0x43, 
    0x54, 0x49, 0x4f, 0x4e, 0x5f, 0x33, 0x37, 0x00, 0x5f, 0x52, 0x4e, 0x76, 
    0x4d, 0x73, 0x33, 0x5f, 0x4e, 0x74, 0x43, 0x73, 0x6c, 0x69, 0x50, 0x58, 
    0x55, 0x6c, 0x30, 0x6e, 0x45, 0x7a, 0x4f, 0x5f, 0x37, 0x75, 0x73, 0x65, 
    0x72, 0x6c, 0x69, 0x62, 0x31, 0x31, 0x62, 0x75, 0x73, 0x5f, 0x72, 0x75, 
    0x6e, 0x74, 0x69, 0x6d, 0x65, 0x49, 0x4e, 0x74, 0x42, 0x35, 0x5f, 0x31, 
    0x33, 0x44, 0x72, 0x69, 0x76, 0x65, 0x72, 0x52, 0x75, 0x6e, 0x74, 0x69, 
    0x6d, 0x65, 0x4e, 0x74, 0x43, 0x73, 0x67, 0x43, 0x63, 0x48, 0x6f, 0x76, 
    0x4e, 0x75, 0x39, 0x73, 0x71, 0x5f, 0x38, 0x63, 0x6f, 0x6e, 0x73, 0x6f, 
    0x6c, 0x65, 0x64, 0x31, 0x35, 0x43, 0x6f, 0x6e, 0x73, 0x6f, 0x6c, 0x65, 
    0x64, 0x57, 0x72, 0x61, 0x70, 0x70, 0x65, 0x72, 0x45, 0x32, 0x30, 0x73, 
    0x74, 0x61, 0x72, 0x74, 0x5f, 0x63, 0x6f, 0x6e, 0x66, 0x69, 0x67, 0x5f, 
    0x66, 0x6f, 0x72, 0x77, 0x61, 0x72, 0x64, 0x42, 0x31, 0x33, 0x5f, 0x00, 
    0x5f, 0x52, 0x4e, 0x76, 0x58, 0x73, 0x32, 0x5f, 0x4e, 0x74, 0x4e, 0x74, 
    0x43, 0x73, 0x62, 0x5a, 0x34, 0x39, 0x39, 0x72, 0x32, 0x6e, 0x42, 0x51, 
    0x48, 0x5f, 0x34, 0x63, 0x6f, 0x72, 0x65, 0x35, 0x73, 0x6c, 0x69, 0x63, 
    0x65, 0x35, 0x69, 0x6e, 0x64, 0x65, 0x78, 0x49, 0x4e, 0x74, 0x4e, 0x74, 
    0x4e, 0x74, 0x42, 0x39, 0x5f, 0x33, 0x6f, 0x70, 0x73, 0x35, 0x72, 0x61, 
    0x6e, 0x67, 0x65, 0x35, 0x52, 0x61, 0x6e, 0x67, 0x65, 0x6a, 0x45, 0x49, 
    0x4e, 0x74, 0x42, 0x35, 0x5f, 0x31, 0x30, 0x53, 0x6c, 0x69, 0x63, 0x65, 
    0x49, 0x6e, 0x64, 0x65, 0x78, 0x53, 0x68, 0x45, 0x39, 0x69, 0x6e, 0x64, 
    0x65, 0x78, 0x5f, 0x6d, 0x75, 0x74, 0x43, 0x73, 0x6c, 0x69, 0x50, 0x58, 
    0x55, 0x6c, 0x30, 0x6e, 0x45, 0x7a, 0x4f, 0x5f, 0x37, 0x75, 0x73, 0x65, 
    0x72, 0x6c, 0x69, 0x62, 0x00, 0x5f, 0x52, 0x4e, 0x76, 0x4d, 0x73, 0x30, 
    0x5f, 0x4e, 0x74, 0x43, 0x73, 0x6c, 0x69, 0x50, 0x58, 0x55, 0x6c, 0x30, 
    0x6e, 0x45, 0x7a, 0x4f, 0x5f, 0x37, 0x75, 0x73, 0x65, 0x72, 0x6c, 0x69, 
    0x62, 0x31, 0x31, 0x62, 0x75, 0x73, 0x5f, 0x72, 0x75, 0x6e, 0x74, 0x69, 
    0x6d, 0x65, 0x4e, 0x74, 0x42, 0x35, 0x5f, 0x31, 0x30, 0x52, 0x75, 0x6e, 
    0x74, 0x69, 0x6d, 0x65, 0x43, 0x74, 0x78, 0x32, 0x32, 0x73, 0x65, 0x74, 
    0x5f, 0x6c, 0x61, 0x73, 0x74, 0x5f, 0x70, 0x65, 0x6e, 0x64, 0x69, 0x6e, 
    0x67, 0x5f, 0x72, 0x65, 0x6c, 0x61, 0x79, 0x00, 0x5f, 0x52, 0x4e, 0x76, 
    0x4d, 0x73, 0x30, 0x5f, 0x4e, 0x74, 0x43, 0x73, 0x6c, 0x69, 0x50, 0x58, 
    0x55, 0x6c, 0x30, 0x6e, 0x45, 0x7a, 0x4f, 0x5f, 0x37, 0x75, 0x73, 0x65, 
    0x72, 0x6c, 0x69, 0x62, 0x31, 0x31, 0x62, 0x75, 0x73, 0x5f, 0x72, 0x75, 
    0x6e, 0x74, 0x69, 0x6d, 0x65, 0x4e, 0x74, 0x42, 0x35, 0x5f, 0x31, 0x30, 
    0x52, 0x75, 0x6e, 0x74, 0x69, 0x6d, 0x65, 0x43, 0x74, 0x78, 0x31, 0x36, 
    0x72, 0x65, 0x73, 0x70, 0x6f, 0x6e, 0x64, 0x5f, 0x69, 0x6e, 0x66, 0x6f, 
    0x5f, 0x65, 0x6f, 0x6c, 0x00, 0x5f, 0x52, 0x4e, 0x76, 0x58, 0x73, 0x65, 
    0x5f, 0x4e, 0x74, 0x43, 0x73, 0x62, 0x5a, 0x34, 0x39, 0x39, 0x72, 0x32, 
    0x6e, 0x42, 0x51, 0x48, 0x5f, 0x34, 0x63, 0x6f, 0x72, 0x65, 0x35, 0x61, 
    0x72, 0x72, 0x61, 0x79, 0x41, 0x68, 0x6a, 0x32, 0x30, 0x5f, 0x49, 0x4e, 
    0x74, 0x4e, 0x74, 0x4e, 0x74, 0x42, 0x37, 0x5f, 0x33, 0x6f, 0x70, 0x73, 
    0x35, 0x69, 0x6e, 0x64, 0x65, 0x78, 0x38, 0x49, 0x6e, 0x64, 0x65, 0x78, 
    0x4d, 0x75, 0x74, 0x49, 0x4e, 0x74, 0x4e, 0x74, 0x42, 0x48, 0x5f, 0x35, 
    0x72, 0x61, 0x6e, 0x67, 0x65, 0x37, 0x52, 0x61, 0x6e, 0x67, 0x65, 0x54, 
    0x6f, 0x6a, 0x45, 0x45, 0x39, 0x69, 0x6e, 0x64, 0x65, 0x78, 0x5f, 0x6d, 
    0x75, 0x74, 0x43, 0x73, 0x6c, 0x69, 0x50, 0x58, 0x55, 0x6c, 0x30, 0x6e, 
    0x45, 0x7a, 0x4f, 0x5f, 0x37, 0x75, 0x73, 0x65, 0x72, 0x6c, 0x69, 0x62, 
    0x00, 0x24, 0x64, 0x00, 0x24, 0x78, 0x00, 0x5f, 0x52, 0x4e, 0x76, 0x58, 
    0x73, 0x65, 0x5f, 0x4e, 0x74, 0x43, 0x73, 0x62, 0x5a, 0x34, 0x39, 0x39, 
    0x72, 0x32, 0x6e, 0x42, 0x51, 0x48, 0x5f, 0x34, 0x63, 0x6f, 0x72, 0x65, 
    0x35, 0x61, 0x72, 0x72, 0x61, 0x79, 0x41, 0x68, 0x6a, 0x31, 0x38, 0x30, 
    0x5f, 0x49, 0x4e, 0x74, 0x4e, 0x74, 0x4e, 0x74, 0x42, 0x37, 0x5f, 0x33, 
    0x6f, 0x70, 0x73, 0x35, 0x69, 0x6e, 0x64, 0x65, 0x78, 0x38, 0x49, 0x6e, 
    0x64, 0x65, 0x78, 0x4d, 0x75, 0x74, 0x49, 0x4e, 0x74, 0x4e, 0x74, 0x42, 
    0x49, 0x5f, 0x35, 0x72, 0x61, 0x6e, 0x67, 0x65, 0x37, 0x52, 0x61, 0x6e, 
    0x67, 0x65, 0x54, 0x6f, 0x6a, 0x45, 0x45, 0x39, 0x69, 0x6e, 0x64, 0x65, 
    0x78, 0x5f, 0x6d, 0x75, 0x74, 0x43, 0x73, 0x67, 0x43, 0x63, 0x48, 0x6f, 
    0x76, 0x4e, 0x75, 0x39, 0x73, 0x71, 0x5f, 0x38, 0x63, 0x6f, 0x6e, 0x73, 
    0x6f, 0x6c, 0x65, 0x64, 0x00, 0x5f, 0x52, 0x4e, 0x76, 0x58, 0x73, 0x65, 
    0x5f, 0x4e, 0x74, 0x43, 0x73, 0x62, 0x5a, 0x34, 0x39, 0x39, 0x72, 0x32, 
    0x6e, 0x42, 0x51, 0x48, 0x5f, 0x34, 0x63, 0x6f, 0x72, 0x65, 0x35, 0x61, 
    0x72, 0x72, 0x61, 0x79, 0x41, 0x68, 0x6a, 0x31, 0x38, 0x30, 0x5f, 0x49, 
    0x4e, 0x74, 0x4e, 0x74, 0x4e, 0x74, 0x42, 0x37, 0x5f, 0x33, 0x6f, 0x70, 
    0x73, 0x35, 0x69, 0x6e, 0x64, 0x65, 0x78, 0x38, 0x49, 0x6e, 0x64, 0x65, 
    0x78, 0x4d, 0x75, 0x74, 0x49, 0x4e, 0x74, 0x4e, 0x74, 0x42, 0x49, 0x5f, 
    0x35, 0x72, 0x61, 0x6e, 0x67, 0x65, 0x35, 0x52, 0x61, 0x6e, 0x67, 0x65, 
    0x6a, 0x45, 0x45, 0x39, 0x69, 0x6e, 0x64, 0x65, 0x78, 0x5f, 0x6d, 0x75, 
    0x74, 0x43, 0x73, 0x67, 0x43, 0x63, 0x48, 0x6f, 0x76, 0x4e, 0x75, 0x39, 
    0x73, 0x71, 0x5f, 0x38, 0x63, 0x6f, 0x6e, 0x73, 0x6f, 0x6c, 0x65, 0x64, 
    0x00, 0x5f, 0x52, 0x4e, 0x76, 0x58, 0x73, 0x64, 0x5f, 0x4e, 0x74, 0x43, 
    0x73, 0x62, 0x5a, 0x34, 0x39, 0x39, 0x72, 0x32, 0x6e, 0x42, 0x51, 0x48, 
    0x5f, 0x34, 0x63, 0x6f, 0x72, 0x65, 0x35, 0x61, 0x72, 0x72, 0x61, 0x79, 
    0x41, 0x68, 0x6a, 0x31, 0x38, 0x30, 0x5f, 0x49, 0x4e, 0x74, 0x4e, 0x74, 
    0x4e, 0x74, 0x42, 0x37, 0x5f, 0x33, 0x6f, 0x70, 0x73, 0x35, 0x69, 0x6e, 
    0x64, 0x65, 0x78, 0x35, 0x49, 0x6e, 0x64, 0x65, 0x78, 0x49, 0x4e, 0x74, 
    0x4e, 0x74, 0x42, 0x49, 0x5f, 0x35, 0x72, 0x61, 0x6e, 0x67, 0x65, 0x37, 
    0x52, 0x61, 0x6e, 0x67, 0x65, 0x54, 0x6f, 0x6a, 0x45, 0x45, 0x35, 0x69, 
    0x6e, 0x64, 0x65, 0x78, 0x43, 0x73, 0x67, 0x43, 0x63, 0x48, 0x6f, 0x76, 
    0x4e, 0x75, 0x39, 0x73, 0x71, 0x5f, 0x38, 0x63, 0x6f, 0x6e, 0x73, 0x6f, 
    0x6c, 0x65, 0x64, 0x00, 0x4f, 0x55, 0x54, 0x4c, 0x49, 0x4e, 0x45, 0x44, 
    0x5f, 0x46, 0x55, 0x4e, 0x43, 0x54, 0x49, 0x4f, 0x4e, 0x5f, 0x39, 0x00, 
    0x5f, 0x52, 0x4e, 0x76, 0x4d, 0x73, 0x33, 0x5f, 0x4e, 0x74, 0x43, 0x73, 
    0x6c, 0x69, 0x50, 0x58, 0x55, 0x6c, 0x30, 0x6e, 0x45, 0x7a, 0x4f, 0x5f, 
    0x37, 0x75, 0x73, 0x65, 0x72, 0x6c, 0x69, 0x62, 0x31, 0x31, 0x62, 0x75, 
    0x73, 0x5f, 0x72, 0x75, 0x6e, 0x74, 0x69, 0x6d, 0x65, 0x49, 0x4e, 0x74, 
    0x42, 0x35, 0x5f, 0x31, 0x33, 0x44, 0x72, 0x69, 0x76, 0x65, 0x72, 0x52, 
    0x75, 0x6e, 0x74, 0x69, 0x6d, 0x65, 0x4e, 0x74, 0x43, 0x73, 0x67, 0x43, 
    0x63, 0x48, 0x6f, 0x76, 0x4e, 0x75, 0x39, 0x73, 0x71, 0x5f, 0x38, 0x63, 
    0x6f, 0x6e, 0x73, 0x6f, 0x6c, 0x65, 0x64, 0x31, 0x35, 0x43, 0x6f, 0x6e, 
    0x73, 0x6f, 0x6c, 0x65, 0x64, 0x57, 0x72, 0x61, 0x70, 0x70, 0x65, 0x72, 
    0x45, 0x32, 0x31, 0x63, 0x6f, 0x6d, 0x70, 0x6c, 0x65, 0x74, 0x65, 0x5f, 
    0x63, 0x6f, 0x6e, 0x66, 0x69, 0x67, 0x5f, 0x71, 0x75, 0x65, 0x72, 0x79, 
    0x42, 0x31, 0x33, 0x5f, 0x00, 0x24, 0x78, 0x00, 0x4f, 0x55, 0x54, 0x4c, 
    0x49, 0x4e, 0x45, 0x44, 0x5f, 0x46, 0x55, 0x4e, 0x43, 0x54, 0x49, 0x4f, 
    0x4e, 0x5f, 0x31, 0x33, 0x00, 0x4f, 0x55, 0x54, 0x4c, 0x49, 0x4e, 0x45, 
    0x44, 0x5f, 0x46, 0x55, 0x4e, 0x43, 0x54, 0x49, 0x4f, 0x4e, 0x5f, 0x32, 
    0x31, 0x00, 0x24, 0x78, 0x00, 0x5f, 0x52, 0x4e, 0x76, 0x58, 0x73, 0x33, 
    0x5f, 0x4e, 0x74, 0x4e, 0x74, 0x43, 0x73, 0x62, 0x5a, 0x34, 0x39, 0x39, 
    0x72, 0x32, 0x6e, 0x42, 0x51, 0x48, 0x5f, 0x34, 0x63, 0x6f, 0x72, 0x65, 
    0x35, 0x73, 0x6c, 0x69, 0x63, 0x65, 0x33, 0x63, 0x6d, 0x70, 0x53, 0x68, 
    0x49, 0x4e, 0x74, 0x42, 0x35, 0x5f, 0x31, 0x34, 0x53, 0x6c, 0x69, 0x63, 
    0x65, 0x50, 0x61, 0x72, 0x74, 0x69, 0x61, 0x6c, 0x45, 0x71, 0x68, 0x45, 
    0x35, 0x65, 0x71, 0x75, 0x61, 0x6c, 0x42, 0x39, 0x5f, 0x00, 0x24, 0x78, 
    0x00, 0x24, 0x78, 0x00, 0x4f, 0x55, 0x54, 0x4c, 0x49, 0x4e, 0x45, 0x44, 
    0x5f, 0x46, 0x55, 0x4e, 0x43, 0x54, 0x49, 0x4f, 0x4e, 0x5f, 0x35, 0x34, 
    0x00, 0x5f, 0x52, 0x4e, 0x76, 0x4d, 0x4e, 0x74, 0x43, 0x73, 0x62, 0x5a, 
    0x34, 0x39, 0x39, 0x72, 0x32, 0x6e, 0x42, 0x51, 0x48, 0x5f, 0x34, 0x63, 
    0x6f, 0x72, 0x65, 0x35, 0x73, 0x6c, 0x69, 0x63, 0x65, 0x53, 0x68, 0x31, 
    0x31, 0x73, 0x74, 0x61, 0x72, 0x74, 0x73, 0x5f, 0x77, 0x69, 0x74, 0x68, 
    0x43, 0x73, 0x6c, 0x69, 0x50, 0x58, 0x55, 0x6c, 0x30, 0x6e, 0x45, 0x7a, 
    0x4f, 0x5f, 0x37, 0x75, 0x73, 0x65, 0x72, 0x6c, 0x69, 0x62, 0x00, 0x24, 
    0x78, 0x00, 0x5f, 0x52, 0x4e, 0x76, 0x43, 0x73, 0x67, 0x43, 0x63, 0x48, 
    0x6f, 0x76, 0x4e, 0x75, 0x39, 0x73, 0x71, 0x5f, 0x38, 0x63, 0x6f, 0x6e, 
    0x73, 0x6f, 0x6c, 0x65, 0x64, 0x36, 0x44, 0x52, 0x49, 0x56, 0x45, 0x52, 
    0x00, 0x24, 0x78, 0x00, 0x4f, 0x55, 0x54, 0x4c, 0x49, 0x4e, 0x45, 0x44, 
    0x5f, 0x46, 0x55, 0x4e, 0x43, 0x54, 0x49, 0x4f, 0x4e, 0x5f, 0x32, 0x30, 
    0x00, 0x5f, 0x52, 0x4e, 0x76, 0x4e, 0x74, 0x43, 0x73, 0x6c, 0x69, 0x50, 
    0x58, 0x55, 0x6c, 0x30, 0x6e, 0x45, 0x7a, 0x4f, 0x5f, 0x37, 0x75, 0x73, 
    0x65, 0x72, 0x6c, 0x69, 0x62, 0x31, 0x31, 0x62, 0x75, 0x73, 0x5f, 0x72, 
    0x75, 0x6e, 0x74, 0x69, 0x6d, 0x65, 0x32, 0x30, 0x70, 0x61, 0x72, 0x73, 
    0x65, 0x5f, 0x73, 0x74, 0x61, 0x74, 0x65, 0x5f, 0x73, 0x6e, 0x61, 0x70, 
    0x73, 0x68, 0x6f, 0x74, 0x00, 0x5f, 0x52, 0x4e, 0x76, 0x4e, 0x74, 0x43, 
    0x73, 0x6c, 0x69, 0x50, 0x58, 0x55, 0x6c, 0x30, 0x6e, 0x45, 0x7a, 0x4f, 
    0x5f, 0x37, 0x75, 0x73, 0x65, 0x72, 0x6c, 0x69, 0x62, 0x34, 0x75, 0x6c, 
    0x6f, 0x67, 0x31, 0x33, 0x5f, 0x5f, 0x73, 0x74, 0x61, 0x72, 0x74, 0x5f, 
    0x72, 0x65, 0x63, 0x6f, 0x72, 0x64, 0x00, 0x5f, 0x52, 0x4e, 0x76, 0x4e, 
    0x74, 0x43, 0x73, 0x6c, 0x69, 0x50, 0x58, 0x55, 0x6c, 0x30, 0x6e, 0x45, 
    0x7a, 0x4f, 0x5f, 0x37, 0x75, 0x73, 0x65, 0x72, 0x6c, 0x69, 0x62, 0x37, 
    0x73, 0x79, 0x73, 0x63, 0x61, 0x6c, 0x6c, 0x34, 0x6f, 0x70, 0x65, 0x6e, 
    0x00, 0x5f, 0x52, 0x4e, 0x76, 0x58, 0x73, 0x31, 0x5f, 0x4e, 0x74, 0x43, 
    0x73, 0x6c, 0x69, 0x50, 0x58, 0x55, 0x6c, 0x30, 0x6e, 0x45, 0x7a, 0x4f, 
    0x5f, 0x37, 0x75, 0x73, 0x65, 0x72, 0x6c, 0x69, 0x62, 0x31, 0x31, 0x62, 
    0x75, 0x73, 0x5f, 0x72, 0x75, 0x6e, 0x74, 0x69, 0x6d, 0x65, 0x4e, 0x74, 
    0x42, 0x35, 0x5f, 0x31, 0x30, 0x52, 0x75, 0x6e, 0x74, 0x69, 0x6d, 0x65, 
    0x43, 0x74, 0x78, 0x4e, 0x74, 0x4e, 0x74, 0x42, 0x37, 0x5f, 0x33, 0x62, 
    0x75, 0x73, 0x36, 0x42, 0x75, 0x73, 0x43, 0x74, 0x78, 0x31, 0x32, 0x77, 
    0x61, 0x74, 0x63, 0x68, 0x5f, 0x68, 0x61, 0x6e, 0x64, 0x6c, 0x65, 0x00, 
    0x5f, 0x52, 0x4e, 0x76, 0x58, 0x73, 0x31, 0x5f, 0x4e, 0x74, 0x43, 0x73, 
    0x6c, 0x69, 0x50, 0x58, 0x55, 0x6c, 0x30, 0x6e, 0x45, 0x7a, 0x4f, 0x5f, 
    0x37, 0x75, 0x73, 0x65, 0x72, 0x6c, 0x69, 0x62, 0x33, 0x69, 0x70, 0x63, 
    0x4e, 0x74, 0x42, 0x35, 0x5f, 0x34, 0x50, 0x6f, 0x72, 0x74, 0x4e, 0x74, 
    0x4e, 0x74, 0x4e, 0x74, 0x43, 0x73, 0x62, 0x5a, 0x34, 0x39, 0x39, 0x72, 
    0x32, 0x6e, 0x42, 0x51, 0x48, 0x5f, 0x34, 0x63, 0x6f, 0x72, 0x65, 0x33, 
    0x6f, 0x70, 0x73, 0x34, 0x64, 0x72, 0x6f, 0x70, 0x34, 0x44, 0x72, 0x6f, 
    0x70, 0x34, 0x64, 0x72, 0x6f, 0x70, 0x00, 0x5f, 0x52, 0x4e, 0x76, 0x4d, 
    0x73, 0x34, 0x5f, 0x4e, 0x74, 0x43, 0x73, 0x6c, 0x69, 0x50, 0x58, 0x55, 
    0x6c, 0x30, 0x6e, 0x45, 0x7a, 0x4f, 0x5f, 0x37, 0x75, 0x73, 0x65, 0x72, 
    0x6c, 0x69, 0x62, 0x33, 0x69, 0x70, 0x63, 0x4e, 0x74, 0x42, 0x35, 0x5f, 
    0x33, 0x4d, 0x75, 0x78, 0x36, 0x72, 0x65, 0x6d, 0x6f, 0x76, 0x65, 0x00, 
    0x4f, 0x55, 0x54, 0x4c, 0x49, 0x4e, 0x45, 0x44, 0x5f, 0x46, 0x55, 0x4e, 
    0x43, 0x54, 0x49, 0x4f, 0x4e, 0x5f, 0x34, 0x37, 0x00, 0x4f, 0x55, 0x54, 
    0x4c, 0x49, 0x4e, 0x45, 0x44, 0x5f, 0x46, 0x55, 0x4e, 0x43, 0x54, 0x49, 
    0x4f, 0x4e, 0x5f, 0x32, 0x38, 0x00, 0x5f, 0x52, 0x4e, 0x76, 0x4e, 0x74, 
    0x43, 0x73, 0x6c, 0x69, 0x50, 0x58, 0x55, 0x6c, 0x30, 0x6e, 0x45, 0x7a, 
    0x4f, 0x5f, 0x37, 0x75, 0x73, 0x65, 0x72, 0x6c, 0x69, 0x62, 0x34, 0x75, 
    0x6c, 0x6f, 0x67, 0x35, 0x66, 0x6c, 0x75, 0x73, 0x68, 0x00, 0x5f, 0x52, 
    0x4e, 0x76, 0x4d, 0x73, 0x34, 0x5f, 0x4e, 0x74, 0x43, 0x73, 0x6c, 0x69, 
    0x50, 0x58, 0x55, 0x6c, 0x30, 0x6e, 0x45, 0x7a, 0x4f, 0x5f, 0x37, 0x75, 
    0x73, 0x65, 0x72, 0x6c, 0x69, 0x62, 0x33, 0x69, 0x70, 0x63, 0x4e, 0x74, 
    0x42, 0x35, 0x5f, 0x33, 0x4d, 0x75, 0x78, 0x34, 0x77, 0x61, 0x69, 0x74, 
    0x00, 0x5f, 0x52, 0x4e, 0x76, 0x4d, 0x73, 0x34, 0x5f, 0x4e, 0x74, 0x43, 
    0x73, 0x6c, 0x69, 0x50, 0x58, 0x55, 0x6c, 0x30, 0x6e, 0x45, 0x7a, 0x4f, 
    0x5f, 0x37, 0x75, 0x73, 0x65, 0x72, 0x6c, 0x69, 0x62, 0x33, 0x69, 0x70, 
    0x63, 0x4e, 0x74, 0x42, 0x35, 0x5f, 0x33, 0x4d, 0x75, 0x78, 0x31, 0x31, 
    0x73, 0x65, 0x74, 0x5f, 0x74, 0x69, 0x6d, 0x65, 0x6f, 0x75, 0x74, 0x00, 
    0x4f, 0x55, 0x54, 0x4c, 0x49, 0x4e, 0x45, 0x44, 0x5f, 0x46, 0x55, 0x4e, 
    0x43, 0x54, 0x49, 0x4f, 0x4e, 0x5f, 0x36, 0x39, 0x00, 0x4f, 0x55, 0x54, 
    0x4c, 0x49, 0x4e, 0x45, 0x44, 0x5f, 0x46, 0x55, 0x4e, 0x43, 0x54, 0x49, 
    0x4f, 0x4e, 0x5f, 0x34, 0x35, 0x00, 0x5f, 0x52, 0x4e, 0x76, 0x4d, 0x4e, 
    0x74, 0x43, 0x73, 0x6c, 0x69, 0x50, 0x58, 0x55, 0x6c, 0x30, 0x6e, 0x45, 
    0x7a, 0x4f, 0x5f, 0x37, 0x75, 0x73, 0x65, 0x72, 0x6c, 0x69, 0x62, 0x33, 
    0x69, 0x70, 0x63, 0x4e, 0x74, 0x42, 0x32, 0x5f, 0x37, 0x43, 0x68, 0x61, 
    0x6e, 0x6e, 0x65, 0x6c, 0x38, 0x74, 0x72, 0x79, 0x5f, 0x72, 0x65, 0x63, 
    0x76, 0x00, 0x4f, 0x55, 0x54, 0x4c, 0x49, 0x4e, 0x45, 0x44, 0x5f, 0x46, 
    0x55, 0x4e, 0x43, 0x54, 0x49, 0x4f, 0x4e, 0x5f, 0x30, 0x00, 0x4f, 0x55, 
    0x54, 0x4c, 0x49, 0x4e, 0x45, 0x44, 0x5f, 0x46, 0x55, 0x4e, 0x43, 0x54, 
    0x49, 0x4f, 0x4e, 0x5f, 0x37, 0x35, 0x00, 0x5f, 0x52, 0x4e, 0x76, 0x58, 
    0x73, 0x65, 0x5f, 0x4e, 0x74, 0x43, 0x73, 0x62, 0x5a, 0x34, 0x39, 0x39, 
    0x72, 0x32, 0x6e, 0x42, 0x51, 0x48, 0x5f, 0x34, 0x63, 0x6f, 0x72, 0x65, 
    0x35, 0x61, 0x72, 0x72, 0x61, 0x79, 0x41, 0x68, 0x6a, 0x32, 0x30, 0x30, 
    0x5f, 0x49, 0x4e, 0x74, 0x4e, 0x74, 0x4e, 0x74, 0x42, 0x37, 0x5f, 0x33, 
    0x6f, 0x70, 0x73, 0x35, 0x69, 0x6e, 0x64, 0x65, 0x78, 0x38, 0x49, 0x6e, 
    0x64, 0x65, 0x78, 0x4d, 0x75, 0x74, 0x49, 0x4e, 0x74, 0x4e, 0x74, 0x42, 
    0x49, 0x5f, 0x35, 0x72, 0x61, 0x6e, 0x67, 0x65, 0x35, 0x52, 0x61, 0x6e, 
    0x67, 0x65, 0x6a, 0x45, 0x45, 0x39, 0x69, 0x6e, 0x64, 0x65, 0x78, 0x5f, 
    0x6d, 0x75, 0x74, 0x43, 0x73, 0x67, 0x43, 0x63, 0x48, 0x6f, 0x76, 0x4e, 
    0x75, 0x39, 0x73, 0x71, 0x5f, 0x38, 0x63, 0x6f, 0x6e, 0x73, 0x6f, 0x6c, 
    0x65, 0x64, 0x00, 0x4f, 0x55, 0x54, 0x4c, 0x49, 0x4e, 0x45, 0x44, 0x5f, 
    0x46, 0x55, 0x4e, 0x43, 0x54, 0x49, 0x4f, 0x4e, 0x5f, 0x33, 0x00, 0x4f, 
    0x55, 0x54, 0x4c, 0x49, 0x4e, 0x45, 0x44, 0x5f, 0x46, 0x55, 0x4e, 0x43, 
    0x54, 0x49, 0x4f, 0x4e, 0x5f, 0x31, 0x30, 0x00, 0x5f, 0x52, 0x4e, 0x76, 
    0x4d, 0x4e, 0x74, 0x43, 0x73, 0x6c, 0x69, 0x50, 0x58, 0x55, 0x6c, 0x30, 
    0x6e, 0x45, 0x7a, 0x4f, 0x5f, 0x37, 0x75, 0x73, 0x65, 0x72, 0x6c, 0x69, 
    0x62, 0x35, 0x65, 0x72, 0x72, 0x6f, 0x72, 0x4e, 0x74, 0x42, 0x32, 0x5f, 
    0x38, 0x53, 0x79, 0x73, 0x45, 0x72, 0x72, 0x6f, 0x72, 0x31, 0x30, 0x66, 
    0x72, 0x6f, 0x6d, 0x5f, 0x65, 0x72, 0x72, 0x6e, 0x6f, 0x00, 0x5f, 0x52, 
    0x4e, 0x76, 0x4e, 0x74, 0x43, 0x73, 0x6c, 0x69, 0x50, 0x58, 0x55, 0x6c, 
    0x30, 0x6e, 0x45, 0x7a, 0x4f, 0x5f, 0x37, 0x75, 0x73, 0x65, 0x72, 0x6c, 
    0x69, 0x62, 0x37, 0x73, 0x79, 0x73, 0x63, 0x61, 0x6c, 0x6c, 0x35, 0x77, 
    0x72, 0x69, 0x74, 0x65, 0x00, 0x5f, 0x52, 0x4e, 0x76, 0x58, 0x73, 0x65, 
    0x5f, 0x4e, 0x74, 0x43, 0x73, 0x62, 0x5a, 0x34, 0x39, 0x39, 0x72, 0x32, 
    0x6e, 0x42, 0x51, 0x48, 0x5f, 0x34, 0x63, 0x6f, 0x72, 0x65, 0x35, 0x61, 
    0x72, 0x72, 0x61, 0x79, 0x41, 0x68, 0x6a, 0x31, 0x30, 0x5f, 0x49, 0x4e, 
    0x74, 0x4e, 0x74, 0x4e, 0x74, 0x42, 0x37, 0x5f, 0x33, 0x6f, 0x70, 0x73, 
    0x35, 0x69, 0x6e, 0x64, 0x65, 0x78, 0x38, 0x49, 0x6e, 0x64, 0x65, 0x78, 
    0x4d, 0x75, 0x74, 0x49, 0x4e, 0x74, 0x4e, 0x74, 0x42, 0x48, 0x5f, 0x35, 
    0x72, 0x61, 0x6e, 0x67, 0x65, 0x35, 0x52, 0x61, 0x6e, 0x67, 0x65, 0x6a, 
    0x45, 0x45, 0x39, 0x69, 0x6e, 0x64, 0x65, 0x78, 0x5f, 0x6d, 0x75, 0x74, 
    0x43, 0x73, 0x67, 0x43, 0x63, 0x48, 0x6f, 0x76, 0x4e, 0x75, 0x39, 0x73, 
    0x71, 0x5f, 0x38, 0x63, 0x6f, 0x6e, 0x73, 0x6f, 0x6c, 0x65, 0x64, 0x00, 
    0x4f, 0x55, 0x54, 0x4c, 0x49, 0x4e, 0x45, 0x44, 0x5f, 0x46, 0x55, 0x4e, 
    0x43, 0x54, 0x49, 0x4f, 0x4e, 0x5f, 0x34, 0x39, 0x00, 0x5f, 0x52, 0x4e, 
    0x76, 0x58, 0x73, 0x65, 0x5f, 0x4e, 0x74, 0x43, 0x73, 0x62, 0x5a, 0x34, 
    0x39, 0x39, 0x72, 0x32, 0x6e, 0x42, 0x51, 0x48, 0x5f, 0x34, 0x63, 0x6f, 
    0x72, 0x65, 0x35, 0x61, 0x72, 0x72, 0x61, 0x79, 0x41, 0x68, 0x6a, 0x32, 
    0x30, 0x30, 0x5f, 0x49, 0x4e, 0x74, 0x4e, 0x74, 0x4e, 0x74, 0x42, 0x37, 
    0x5f, 0x33, 0x6f, 0x70, 0x73, 0x35, 0x69, 0x6e, 0x64, 0x65, 0x78, 0x38, 
    0x49, 0x6e, 0x64, 0x65, 0x78, 0x4d, 0x75, 0x74, 0x49, 0x4e, 0x74, 0x4e, 
    0x74, 0x42, 0x49, 0x5f, 0x35, 0x72, 0x61, 0x6e, 0x67, 0x65, 0x39, 0x52, 
    0x61, 0x6e, 0x67, 0x65, 0x46, 0x72, 0x6f, 0x6d, 0x6a, 0x45, 0x45, 0x39, 
    0x69, 0x6e, 0x64, 0x65, 0x78, 0x5f, 0x6d, 0x75, 0x74, 0x43, 0x73, 0x67, 
    0x43, 0x63, 0x48, 0x6f, 0x76, 0x4e, 0x75, 0x39, 0x73, 0x71, 0x5f, 0x38, 
    0x63, 0x6f, 0x6e, 0x73, 0x6f, 0x6c, 0x65, 0x64, 0x00, 0x4f, 0x55, 0x54, 
    0x4c, 0x49, 0x4e, 0x45, 0x44, 0x5f, 0x46, 0x55, 0x4e, 0x43, 0x54, 0x49, 
    0x4f, 0x4e, 0x5f, 0x37, 0x33, 0x00, 0x4f, 0x55, 0x54, 0x4c, 0x49, 0x4e, 
    0x45, 0x44, 0x5f, 0x46, 0x55, 0x4e, 0x43, 0x54, 0x49, 0x4f, 0x4e, 0x5f, 
    0x36, 0x34, 0x00, 0x5f, 0x52, 0x4e, 0x76, 0x58, 0x73, 0x32, 0x5f, 0x4e, 
    0x74, 0x4e, 0x74, 0x43, 0x73, 0x62, 0x5a, 0x34, 0x39, 0x39, 0x72, 0x32, 
    0x6e, 0x42, 0x51, 0x48, 0x5f, 0x34, 0x63, 0x6f, 0x72, 0x65, 0x35, 0x73, 
    0x6c, 0x69, 0x63, 0x65, 0x35, 0x69, 0x6e, 0x64, 0x65, 0x78, 0x49, 0x4e, 
    0x74, 0x4e, 0x74, 0x4e, 0x74, 0x42, 0x39, 0x5f, 0x33, 0x6f, 0x70, 0x73, 
    0x35, 0x72, 0x61, 0x6e, 0x67, 0x65, 0x35, 0x52, 0x61, 0x6e, 0x67, 0x65, 
    0x6a, 0x45, 0x49, 0x4e, 0x74, 0x42, 0x35, 0x5f, 0x31, 0x30, 0x53, 0x6c, 
    0x69, 0x63, 0x65, 0x49, 0x6e, 0x64, 0x65, 0x78, 0x53, 0x68, 0x45, 0x39, 
    0x69, 0x6e, 0x64, 0x65, 0x78, 0x5f, 0x6d, 0x75, 0x74, 0x43, 0x73, 0x67, 
    0x43, 0x63, 0x48, 0x6f, 0x76, 0x4e, 0x75, 0x39, 0x73, 0x71, 0x5f, 0x38, 
    0x63, 0x6f, 0x6e, 0x73, 0x6f, 0x6c, 0x65, 0x64, 0x00, 0x4f, 0x55, 0x54, 
    0x4c, 0x49, 0x4e, 0x45, 0x44, 0x5f, 0x46, 0x55, 0x4e, 0x43, 0x54, 0x49, 
    0x4f, 0x4e, 0x5f, 0x31, 0x35, 0x00, 0x24, 0x64, 0x00, 0x24, 0x78, 0x00, 
    0x24, 0x78, 0x00, 0x5f, 0x52, 0x4e, 0x76, 0x4e, 0x74, 0x43, 0x73, 0x6c, 
    0x69, 0x50, 0x58, 0x55, 0x6c, 0x30, 0x6e, 0x45, 0x7a, 0x4f, 0x5f, 0x37, 
    0x75, 0x73, 0x65, 0x72, 0x6c, 0x69, 0x62, 0x34, 0x75, 0x6c, 0x6f, 0x67, 
    0x39, 0x42, 0x4f, 0x4f, 0x54, 0x5f, 0x54, 0x49, 0x4d, 0x45, 0x00, 0x24, 
    0x78, 0x00, 0x4f, 0x55, 0x54, 0x4c, 0x49, 0x4e, 0x45, 0x44, 0x5f, 0x46, 
    0x55, 0x4e, 0x43, 0x54, 0x49, 0x4f, 0x4e, 0x5f, 0x33, 0x30, 0x00, 0x4f, 
    0x55, 0x54, 0x4c, 0x49, 0x4e, 0x45, 0x44, 0x5f, 0x46, 0x55, 0x4e, 0x43, 
    0x54, 0x49, 0x4f, 0x4e, 0x5f, 0x36, 0x36, 0x00, 0x24, 0x78, 0x00, 0x24, 
    0x78, 0x00, 0x24, 0x78, 0x00, 0x24, 0x78, 0x00, 0x4f, 0x55, 0x54, 0x4c, 
    0x49, 0x4e, 0x45, 0x44, 0x5f, 0x46, 0x55, 0x4e, 0x43, 0x54, 0x49, 0x4f, 
    0x4e, 0x5f, 0x33, 0x32, 0x00, 0x24, 0x78, 0x00, 0x24, 0x78, 0x00, 0x24, 
    0x78, 0x00, 0x24, 0x78, 0x00, 0x24, 0x78, 0x00, 0x24, 0x78, 0x00, 0x24, 
    0x78, 0x00, 0x24, 0x78, 0x00, 0x4f, 0x55, 0x54, 0x4c, 0x49, 0x4e, 0x45, 
    0x44, 0x5f, 0x46, 0x55, 0x4e, 0x43, 0x54, 0x49, 0x4f, 0x4e, 0x5f, 0x33, 
    0x38, 0x00, 0x24, 0x78, 0x00, 0x4f, 0x55, 0x54, 0x4c, 0x49, 0x4e, 0x45, 
    0x44, 0x5f, 0x46, 0x55, 0x4e, 0x43, 0x54, 0x49, 0x4f, 0x4e, 0x5f, 0x38, 
    0x30, 0x00, 0x24, 0x78, 0x00, 0x24, 0x78, 0x00, 0x24, 0x78, 0x00, 0x24, 
    0x78, 0x00, 0x24, 0x78, 0x00, 0x24, 0x78, 0x00, 0x24, 0x78, 0x00, 0x24, 
    0x78, 0x00, 0x24, 0x78, 0x00, 0x24, 0x78, 0x00, 0x24, 0x78, 0x00, 0x24, 
    0x78, 0x00, 0x5f, 0x52, 0x4e, 0x76, 0x4d, 0x4e, 0x74, 0x43, 0x73, 0x62, 
    0x5a, 0x34, 0x39, 0x39, 0x72, 0x32, 0x6e, 0x42, 0x51, 0x48, 0x5f, 0x34, 
    0x63, 0x6f, 0x72, 0x65, 0x35, 0x73, 0x6c, 0x69, 0x63, 0x65, 0x53, 0x68, 
    0x39, 0x65, 0x6e, 0x64, 0x73, 0x5f, 0x77, 0x69, 0x74, 0x68, 0x42, 0x34, 
    0x5f, 0x00, 0x24, 0x78, 0x00, 0x4f, 0x55, 0x54, 0x4c, 0x49, 0x4e, 0x45, 
    0x44, 0x5f, 0x46, 0x55, 0x4e, 0x43, 0x54, 0x49, 0x4f, 0x4e, 0x5f, 0x37, 
    0x32, 0x00, 0x24, 0x78, 0x00, 0x24, 0x78, 0x00, 0x5f, 0x52, 0x4e, 0x76, 
    0x4e, 0x76, 0x4e, 0x76, 0x4e, 0x74, 0x4e, 0x74, 0x43, 0x73, 0x62, 0x5a, 
    0x34, 0x39, 0x39, 0x72, 0x32, 0x6e, 0x42, 0x51, 0x48, 0x5f, 0x34, 0x63, 
    0x6f, 0x72, 0x65, 0x35, 0x73, 0x6c, 0x69, 0x63, 0x65, 0x35, 0x69, 0x6e, 
    0x64, 0x65, 0x78, 0x31, 0x36, 0x73, 0x6c, 0x69, 0x63, 0x65, 0x5f, 0x69, 
    0x6e, 0x64, 0x65, 0x78, 0x5f, 0x66, 0x61, 0x69, 0x6c, 0x38, 0x64, 0x6f, 
    0x5f, 0x70, 0x61, 0x6e, 0x69, 0x63, 0x37, 0x72, 0x75, 0x6e, 0x74, 0x69, 
    0x6d, 0x65, 0x00, 0x5f, 0x52, 0x4e, 0x76, 0x4e, 0x76, 0x4e, 0x76, 0x4e, 
    0x74, 0x4e, 0x74, 0x43, 0x73, 0x62, 0x5a, 0x34, 0x39, 0x39, 0x72, 0x32, 
    0x6e, 0x42, 0x51, 0x48, 0x5f, 0x34, 0x63, 0x6f, 0x72, 0x65, 0x35, 0x73, 
    0x6c, 0x69, 0x63, 0x65, 0x35, 0x69, 0x6e, 0x64, 0x65, 0x78, 0x31, 0x36, 
    0x73, 0x6c, 0x69, 0x63, 0x65, 0x5f, 0x69, 0x6e, 0x64, 0x65, 0x78, 0x5f, 
    0x66, 0x61, 0x69, 0x6c, 0x73, 0x30, 0x5f, 0x38, 0x64, 0x6f, 0x5f, 0x70, 
    0x61, 0x6e, 0x69, 0x63, 0x37, 0x72, 0x75, 0x6e, 0x74, 0x69, 0x6d, 0x65, 
    0x00, 0x5f, 0x52, 0x4e, 0x76, 0x4e, 0x76, 0x4e, 0x76, 0x4e, 0x74, 0x4e, 
    0x74, 0x43, 0x73, 0x62, 0x5a, 0x34, 0x39, 0x39, 0x72, 0x32, 0x6e, 0x42, 
    0x51, 0x48, 0x5f, 0x34, 0x63, 0x6f, 0x72, 0x65, 0x35, 0x73, 0x6c, 0x69, 
    0x63, 0x65, 0x35, 0x69, 0x6e, 0x64, 0x65, 0x78, 0x31, 0x36, 0x73, 0x6c, 
    0x69, 0x63, 0x65, 0x5f, 0x69, 0x6e, 0x64, 0x65, 0x78, 0x5f, 0x66, 0x61, 
    0x69, 0x6c, 0x73, 0x31, 0x5f, 0x38, 0x64, 0x6f, 0x5f, 0x70, 0x61, 0x6e, 
    0x69, 0x63, 0x37, 0x72, 0x75, 0x6e, 0x74, 0x69, 0x6d, 0x65, 0x00, 0x24, 
    0x78, 0x00, 0x4f, 0x55, 0x54, 0x4c, 0x49, 0x4e, 0x45, 0x44, 0x5f, 0x46, 
    0x55, 0x4e, 0x43, 0x54, 0x49, 0x4f, 0x4e, 0x5f, 0x37, 0x37, 0x00, 0x4f, 
    0x55, 0x54, 0x4c, 0x49, 0x4e, 0x45, 0x44, 0x5f, 0x46, 0x55, 0x4e, 0x43, 
    0x54, 0x49, 0x4f, 0x4e, 0x5f, 0x32, 0x00, 0x24, 0x78, 0x00, 0x24, 0x78, 
    0x00, 0x5f, 0x52, 0x4e, 0x76, 0x58, 0x73, 0x69, 0x5f, 0x4e, 0x74, 0x4e, 
    0x74, 0x4e, 0x74, 0x43, 0x73, 0x62, 0x5a, 0x34, 0x39, 0x39, 0x72, 0x32, 
    0x6e, 0x42, 0x51, 0x48, 0x5f, 0x34, 0x63, 0x6f, 0x72, 0x65, 0x33, 0x66, 
    0x6d, 0x74, 0x33, 0x6e, 0x75, 0x6d, 0x33, 0x69, 0x6d, 0x70, 0x6a, 0x4e, 
    0x74, 0x42, 0x39, 0x5f, 0x37, 0x44, 0x69, 0x73, 0x70, 0x6c, 0x61, 0x79, 
    0x33, 0x66, 0x6d, 0x74, 0x00, 0x24, 0x78, 0x00, 0x4f, 0x55, 0x54, 0x4c, 
    0x49, 0x4e, 0x45, 0x44, 0x5f, 0x46, 0x55, 0x4e, 0x43, 0x54, 0x49, 0x4f, 
    0x4e, 0x5f, 0x35, 0x37, 0x00, 0x5f, 0x52, 0x4e, 0x76, 0x4e, 0x76, 0x4d, 
    0x73, 0x61, 0x5f, 0x4e, 0x74, 0x43, 0x73, 0x62, 0x5a, 0x34, 0x39, 0x39, 
    0x72, 0x32, 0x6e, 0x42, 0x51, 0x48, 0x5f, 0x34, 0x63, 0x6f, 0x72, 0x65, 
    0x33, 0x66, 0x6d, 0x74, 0x4e, 0x74, 0x42, 0x37, 0x5f, 0x39, 0x46, 0x6f, 
    0x72, 0x6d, 0x61, 0x74, 0x74, 0x65, 0x72, 0x31, 0x32, 0x70, 0x61, 0x64, 
    0x5f, 0x69, 0x6e, 0x74, 0x65, 0x67, 0x72, 0x61, 0x6c, 0x31, 0x32, 0x77, 
    0x72, 0x69, 0x74, 0x65, 0x5f, 0x70, 0x72, 0x65, 0x66, 0x69, 0x78, 0x00, 
    0x5f, 0x52, 0x4e, 0x76, 0x4d, 0x73, 0x39, 0x5f, 0x4e, 0x74, 0x43, 0x73, 
    0x62, 0x5a, 0x34, 0x39, 0x39, 0x72, 0x32, 0x6e, 0x42, 0x51, 0x48, 0x5f, 
    0x34, 0x63, 0x6f, 0x72, 0x65, 0x33, 0x66, 0x6d, 0x74, 0x4e, 0x74, 0x42, 
    0x35, 0x5f, 0x31, 0x31, 0x50, 0x6f, 0x73, 0x74, 0x50, 0x61, 0x64, 0x64, 
    0x69, 0x6e, 0x67, 0x35, 0x77, 0x72, 0x69, 0x74, 0x65, 0x00, 0x4f, 0x55, 
    0x54, 0x4c, 0x49, 0x4e, 0x45, 0x44, 0x5f, 0x46, 0x55, 0x4e, 0x43, 0x54, 
    0x49, 0x4f, 0x4e, 0x5f, 0x33, 0x39, 0x00, 0x5f, 0x52, 0x4e, 0x76, 0x4e, 
    0x74, 0x43, 0x73, 0x62, 0x5a, 0x34, 0x39, 0x39, 0x72, 0x32, 0x6e, 0x42, 
    0x51, 0x48, 0x5f, 0x34, 0x63, 0x6f, 0x72, 0x65, 0x39, 0x70, 0x61, 0x6e, 
    0x69, 0x63, 0x6b, 0x69, 0x6e, 0x67, 0x39, 0x70, 0x61, 0x6e, 0x69, 0x63, 
    0x5f, 0x66, 0x6d, 0x74, 0x00, 0x24, 0x78, 0x00, 0x5f, 0x52, 0x4e, 0x76, 
    0x43, 0x73, 0x66, 0x62, 0x66, 0x4d, 0x69, 0x39, 0x66, 0x73, 0x36, 0x78, 
    0x4f, 0x5f, 0x37, 0x5f, 0x5f, 0x5f, 0x72, 0x75, 0x73, 0x74, 0x63, 0x31, 
    0x37, 0x72, 0x75, 0x73, 0x74, 0x5f, 0x62, 0x65, 0x67, 0x69, 0x6e, 0x5f, 
    0x75, 0x6e, 0x77, 0x69, 0x6e, 0x64, 0x00, 0x24, 0x78, 0x00, 0x5f, 0x52, 
    0x4e, 0x76, 0x4d, 0x73, 0x61, 0x5f, 0x4e, 0x74, 0x43, 0x73, 0x62, 0x5a, 
    0x34, 0x39, 0x39, 0x72, 0x32, 0x6e, 0x42, 0x51, 0x48, 0x5f, 0x34, 0x63, 
    0x6f, 0x72, 0x65, 0x33, 0x66, 0x6d, 0x74, 0x4e, 0x74, 0x42, 0x35, 0x5f, 
    0x39, 0x46, 0x6f, 0x72, 0x6d, 0x61, 0x74, 0x74, 0x65, 0x72, 0x37, 0x70, 
    0x61, 0x64, 0x64, 0x69, 0x6e, 0x67, 0x00, 0x24, 0x78, 0x00, 0x24, 0x64, 
    0x00, 0x24, 0x78, 0x00, 0x24, 0x78, 0x00, 0x5f, 0x52, 0x4e, 0x76, 0x4e, 
    0x74, 0x43, 0x73, 0x62, 0x5a, 0x34, 0x39, 0x39, 0x72, 0x32, 0x6e, 0x42, 
    0x51, 0x48, 0x5f, 0x34, 0x63, 0x6f, 0x72, 0x65, 0x33, 0x66, 0x6d, 0x74, 
    0x35, 0x77, 0x72, 0x69, 0x74, 0x65, 0x00, 0x24, 0x78, 0x00, 0x5f, 0x52, 
    0x4e, 0x76, 0x4e, 0x76, 0x4e, 0x74, 0x43, 0x73, 0x62, 0x5a, 0x34, 0x39, 
    0x39, 0x72, 0x32, 0x6e, 0x42, 0x51, 0x48, 0x5f, 0x34, 0x63, 0x6f, 0x72, 
    0x65, 0x35, 0x73, 0x6c, 0x69, 0x63, 0x65, 0x32, 0x30, 0x63, 0x6f, 0x70, 
    0x79, 0x5f, 0x66, 0x72, 0x6f, 0x6d, 0x5f, 0x73, 0x6c, 0x69, 0x63, 0x65, 
    0x5f, 0x69, 0x6d, 0x70, 0x6c, 0x31, 0x37, 0x6c, 0x65, 0x6e, 0x5f, 0x6d, 
    0x69, 0x73, 0x6d, 0x61, 0x74, 0x63, 0x68, 0x5f, 0x66, 0x61, 0x69, 0x6c, 
    0x00, 0x24, 0x78, 0x00, 0x5f, 0x52, 0x4e, 0x76, 0x4e, 0x76, 0x4e, 0x76, 
    0x4e, 0x76, 0x4e, 0x74, 0x43, 0x73, 0x62, 0x5a, 0x34, 0x39, 0x39, 0x72, 
    0x32, 0x6e, 0x42, 0x51, 0x48, 0x5f, 0x34, 0x63, 0x6f, 0x72, 0x65, 0x35, 
    0x73, 0x6c, 0x69, 0x63, 0x65, 0x32, 0x30, 0x63, 0x6f, 0x70, 0x79, 0x5f, 
    0x66, 0x72, 0x6f, 0x6d, 0x5f, 0x73, 0x6c, 0x69, 0x63, 0x65, 0x5f, 0x69, 
    0x6d, 0x70, 0x6c, 0x31, 0x37, 0x6c, 0x65, 0x6e, 0x5f, 0x6d, 0x69, 0x73, 
    0x6d, 0x61, 0x74, 0x63, 0x68, 0x5f, 0x66, 0x61, 0x69, 0x6c, 0x38, 0x64, 
    0x6f, 0x5f, 0x70, 0x61, 0x6e, 0x69, 0x63, 0x37, 0x72, 0x75, 0x6e, 0x74, 
    0x69, 0x6d, 0x65, 0x00, 0x24, 0x78, 0x00, 0x24, 0x78, 0x00, 0x24, 0x78, 
    0x00, 0x5f, 0x52, 0x4e, 0x76, 0x58, 0x73, 0x31, 0x5f, 0x4e, 0x74, 0x4e, 
    0x74, 0x43, 0x73, 0x62, 0x5a, 0x34, 0x39, 0x39, 0x72, 0x32, 0x6e, 0x42, 
    0x51, 0x48, 0x5f, 0x34, 0x63, 0x6f, 0x72, 0x65, 0x35, 0x70, 0x61, 0x6e, 
    0x69, 0x63, 0x31, 0x30, 0x70, 0x61, 0x6e, 0x69, 0x63, 0x5f, 0x69, 0x6e, 
    0x66, 0x6f, 0x4e, 0x74, 0x42, 0x35, 0x5f, 0x31, 0x32, 0x50, 0x61, 0x6e, 
    0x69, 0x63, 0x4d, 0x65, 0x73, 0x73, 0x61, 0x67, 0x65, 0x4e, 0x74, 0x4e, 
    0x74, 0x42, 0x39, 0x5f, 0x33, 0x66, 0x6d, 0x74, 0x37, 0x44, 0x69, 0x73, 
    0x70, 0x6c, 0x61, 0x79, 0x33, 0x66, 0x6d, 0x74, 0x00, 0x5f, 0x52, 0x4e, 
    0x76, 0x59, 0x4e, 0x74, 0x4e, 0x76, 0x43, 0x73, 0x6c, 0x69, 0x50, 0x58, 
    0x55, 0x6c, 0x30, 0x6e, 0x45, 0x7a, 0x4f, 0x5f, 0x37, 0x75, 0x73, 0x65, 
    0x72, 0x6c, 0x69, 0x62, 0x35, 0x70, 0x61, 0x6e, 0x69, 0x63, 0x39, 0x42, 
    0x75, 0x66, 0x57, 0x72, 0x69, 0x74, 0x65, 0x72, 0x4e, 0x74, 0x4e, 0x74, 
    0x43, 0x73, 0x62, 0x5a, 0x34, 0x39, 0x39, 0x72, 0x32, 0x6e, 0x42, 0x51, 
    0x48, 0x5f, 0x34, 0x63, 0x6f, 0x72, 0x65, 0x33, 0x66, 0x6d, 0x74, 0x35, 
    0x57, 0x72, 0x69, 0x74, 0x65, 0x39, 0x77, 0x72, 0x69, 0x74, 0x65, 0x5f, 
    0x66, 0x6d, 0x74, 0x42, 0x36, 0x5f, 0x00, 0x24, 0x78, 0x00, 0x5f, 0x52, 
    0x4e, 0x76, 0x4e, 0x74, 0x43, 0x73, 0x6c, 0x69, 0x50, 0x58, 0x55, 0x6c, 
    0x30, 0x6e, 0x45, 0x7a, 0x4f, 0x5f, 0x37, 0x75, 0x73, 0x65, 0x72, 0x6c, 
    0x69, 0x62, 0x34, 0x75, 0x6c, 0x6f, 0x67, 0x38, 0x4c, 0x4f, 0x47, 0x5f, 
    0x52, 0x49, 0x4e, 0x47, 0x00, 0x24, 0x78, 0x00, 0x24, 0x78, 0x00, 0x24, 
    0x78, 0x00, 0x24, 0x78, 0x00, 0x24, 0x78, 0x00, 0x24, 0x78, 0x00, 0x5f, 
    0x52, 0x4e, 0x76, 0x58, 0x4e, 0x76, 0x43, 0x73, 0x6c, 0x69, 0x50, 0x58, 
    0x55, 0x6c, 0x30, 0x6e, 0x45, 0x7a, 0x4f, 0x5f, 0x37, 0x75, 0x73, 0x65, 
    0x72, 0x6c, 0x69, 0x62, 0x35, 0x70, 0x61, 0x6e, 0x69, 0x63, 0x4e, 0x74, 
    0x42, 0x32, 0x5f, 0x39, 0x42, 0x75, 0x66, 0x57, 0x72, 0x69, 0x74, 0x65, 
    0x72, 0x4e, 0x74, 0x4e, 0x74, 0x43, 0x73, 0x62, 0x5a, 0x34, 0x39, 0x39, 
    0x72, 0x32, 0x6e, 0x42, 0x51, 0x48, 0x5f, 0x34, 0x63, 0x6f, 0x72, 0x65, 
    0x33, 0x66, 0x6d, 0x74, 0x35, 0x57, 0x72, 0x69, 0x74, 0x65, 0x39, 0x77, 
    0x72, 0x69, 0x74, 0x65, 0x5f, 0x73, 0x74, 0x72, 0x00, 0x24, 0x78, 0x00, 
    0x5f, 0x52, 0x4e, 0x76, 0x59, 0x4e, 0x74, 0x4e, 0x76, 0x43, 0x73, 0x6c, 
    0x69, 0x50, 0x58, 0x55, 0x6c, 0x30, 0x6e, 0x45, 0x7a, 0x4f, 0x5f, 0x37, 
    0x75, 0x73, 0x65, 0x72, 0x6c, 0x69, 0x62, 0x35, 0x70, 0x61, 0x6e, 0x69, 
    0x63, 0x39, 0x42, 0x75, 0x66, 0x57, 0x72, 0x69, 0x74, 0x65, 0x72, 0x4e, 
    0x74, 0x4e, 0x74, 0x43, 0x73, 0x62, 0x5a, 0x34, 0x39, 0x39, 0x72, 0x32, 
    0x6e, 0x42, 0x51, 0x48, 0x5f, 0x34, 0x63, 0x6f, 0x72, 0x65, 0x33, 0x66, 
    0x6d, 0x74, 0x35, 0x57, 0x72, 0x69, 0x74, 0x65, 0x31, 0x30, 0x77, 0x72, 
    0x69, 0x74, 0x65, 0x5f, 0x63, 0x68, 0x61, 0x72, 0x42, 0x36, 0x5f, 0x00, 
    0x24, 0x78, 0x00, 0x24, 0x78, 0x00, 0x5f, 0x52, 0x4e, 0x76, 0x4d, 0x4e, 
    0x74, 0x43, 0x73, 0x6c, 0x69, 0x50, 0x58, 0x55, 0x6c, 0x30, 0x6e, 0x45, 
    0x7a, 0x4f, 0x5f, 0x37, 0x75, 0x73, 0x65, 0x72, 0x6c, 0x69, 0x62, 0x31, 
    0x31, 0x62, 0x75, 0x73, 0x5f, 0x72, 0x75, 0x6e, 0x74, 0x69, 0x6d, 0x65, 
    0x4e, 0x74, 0x42, 0x32, 0x5f, 0x31, 0x34, 0x48, 0x61, 0x6e, 0x64, 0x6c, 
    0x65, 0x52, 0x65, 0x67, 0x69, 0x73, 0x74, 0x72, 0x79, 0x36, 0x72, 0x65, 
    0x6d, 0x6f, 0x76, 0x65, 0x00, 0x24, 0x78, 0x00, 0x24, 0x78, 0x00, 0x24, 
    0x78, 0x00, 0x24, 0x64, 0x00, 0x24, 0x78, 0x00, 0x24, 0x78, 0x00, 0x24, 
    0x78, 0x00, 0x24, 0x78, 0x00, 0x24, 0x78, 0x00, 0x24, 0x78, 0x00, 0x24, 
    0x78, 0x00, 0x5f, 0x52, 0x4e, 0x76, 0x58, 0x73, 0x65, 0x5f, 0x4e, 0x74, 
    0x43, 0x73, 0x62, 0x5a, 0x34, 0x39, 0x39, 0x72, 0x32, 0x6e, 0x42, 0x51, 
    0x48, 0x5f, 0x34, 0x63, 0x6f, 0x72, 0x65, 0x35, 0x61, 0x72, 0x72, 0x61, 
    0x79, 0x41, 0x68, 0x6a, 0x38, 0x5f, 0x49, 0x4e, 0x74, 0x4e, 0x74, 0x4e, 
    0x74, 0x42, 0x37, 0x5f, 0x33, 0x6f, 0x70, 0x73, 0x35, 0x69, 0x6e, 0x64, 
    0x65, 0x78, 0x38, 0x49, 0x6e, 0x64, 0x65, 0x78, 0x4d, 0x75, 0x74, 0x49, 
    0x4e, 0x74, 0x4e, 0x74, 0x42, 0x47, 0x5f, 0x35, 0x72, 0x61, 0x6e, 0x67, 
    0x65, 0x35, 0x52, 0x61, 0x6e, 0x67, 0x65, 0x6a, 0x45, 0x45, 0x39, 0x69, 
    0x6e, 0x64, 0x65, 0x78, 0x5f, 0x6d, 0x75, 0x74, 0x43, 0x73, 0x6c, 0x69, 
    0x50, 0x58, 0x55, 0x6c, 0x30, 0x6e, 0x45, 0x7a, 0x4f, 0x5f, 0x37, 0x75, 
    0x73, 0x65, 0x72, 0x6c, 0x69, 0x62, 0x00, 0x4f, 0x55, 0x54, 0x4c, 0x49, 
    0x4e, 0x45, 0x44, 0x5f, 0x46, 0x55, 0x4e, 0x43, 0x54, 0x49, 0x4f, 0x4e, 
    0x5f, 0x31, 0x31, 0x00, 0x4f, 0x55, 0x54, 0x4c, 0x49, 0x4e, 0x45, 0x44, 
    0x5f, 0x46, 0x55, 0x4e, 0x43, 0x54, 0x49, 0x4f, 0x4e, 0x5f, 0x38, 0x00, 
    0x24, 0x78, 0x00, 0x4f, 0x55, 0x54, 0x4c, 0x49, 0x4e, 0x45, 0x44, 0x5f, 
    0x46, 0x55, 0x4e, 0x43, 0x54, 0x49, 0x4f, 0x4e, 0x5f, 0x36, 0x35, 0x00, 
    0x24, 0x78, 0x00, 0x24, 0x78, 0x00, 0x24, 0x78, 0x00, 0x24, 0x78, 0x00, 
    0x24, 0x78, 0x00, 0x24, 0x78, 0x00, 0x4f, 0x55, 0x54, 0x4c, 0x49, 0x4e, 
    0x45, 0x44, 0x5f, 0x46, 0x55, 0x4e, 0x43, 0x54, 0x49, 0x4f, 0x4e, 0x5f, 
    0x34, 0x30, 0x00, 0x24, 0x78, 0x00, 0x4f, 0x55, 0x54, 0x4c, 0x49, 0x4e, 
    0x45, 0x44, 0x5f, 0x46, 0x55, 0x4e, 0x43, 0x54, 0x49, 0x4f, 0x4e, 0x5f, 
    0x37, 0x36, 0x00, 0x5f, 0x52, 0x4e, 0x76, 0x4d, 0x73, 0x6c, 0x5f, 0x4e, 
    0x74, 0x43, 0x73, 0x6c, 0x69, 0x50, 0x58, 0x55, 0x6c, 0x30, 0x6e, 0x45, 
    0x7a, 0x4f, 0x5f, 0x37, 0x75, 0x73, 0x65, 0x72, 0x6c, 0x69, 0x62, 0x35, 
    0x71, 0x75, 0x65, 0x72, 0x79, 0x4e, 0x74, 0x42, 0x35, 0x5f, 0x31, 0x37, 
    0x53, 0x65, 0x72, 0x76, 0x69, 0x63, 0x65, 0x49, 0x6e, 0x66, 0x6f, 0x52, 
    0x65, 0x73, 0x75, 0x6c, 0x74, 0x38, 0x77, 0x72, 0x69, 0x74, 0x65, 0x5f, 
    0x74, 0x6f, 0x00, 0x4f, 0x55, 0x54, 0x4c, 0x49, 0x4e, 0x45, 0x44, 0x5f, 
    0x46, 0x55, 0x4e, 0x43, 0x54, 0x49, 0x4f, 0x4e, 0x5f, 0x37, 0x38, 0x00, 
    0x4f, 0x55, 0x54, 0x4c, 0x49, 0x4e, 0x45, 0x44, 0x5f, 0x46, 0x55, 0x4e, 
    0x43, 0x54, 0x49, 0x4f, 0x4e, 0x5f, 0x35, 0x30, 0x00, 0x24, 0x78, 0x00, 
    0x5f, 0x52, 0x4e, 0x76, 0x58, 0x73, 0x65, 0x5f, 0x4e, 0x74, 0x43, 0x73, 
    0x62, 0x5a, 0x34, 0x39, 0x39, 0x72, 0x32, 0x6e, 0x42, 0x51, 0x48, 0x5f, 
    0x34, 0x63, 0x6f, 0x72, 0x65, 0x35, 0x61, 0x72, 0x72, 0x61, 0x79, 0x41, 
    0x68, 0x6a, 0x34, 0x30, 0x5f, 0x49, 0x4e, 0x74, 0x4e, 0x74, 0x4e, 0x74, 
    0x42, 0x37, 0x5f, 0x33, 0x6f, 0x70, 0x73, 0x35, 0x69, 0x6e, 0x64, 0x65, 
    0x78, 0x38, 0x49, 0x6e, 0x64, 0x65, 0x78, 0x4d, 0x75, 0x74, 0x49, 0x4e, 
    0x74, 0x4e, 0x74, 0x42, 0x48, 0x5f, 0x35, 0x72, 0x61, 0x6e, 0x67, 0x65, 
    0x35, 0x52, 0x61, 0x6e, 0x67, 0x65, 0x6a, 0x45, 0x45, 0x39, 0x69, 0x6e, 
    0x64, 0x65, 0x78, 0x5f, 0x6d, 0x75, 0x74, 0x43, 0x73, 0x6c, 0x69, 0x50, 
    0x58, 0x55, 0x6c, 0x30, 0x6e, 0x45, 0x7a, 0x4f, 0x5f, 0x37, 0x75, 0x73, 
    0x65, 0x72, 0x6c, 0x69, 0x62, 0x00, 0x24, 0x78, 0x00, 0x24, 0x78, 0x00, 
    0x4f, 0x55, 0x54, 0x4c, 0x49, 0x4e, 0x45, 0x44, 0x5f, 0x46, 0x55, 0x4e, 
    0x43, 0x54, 0x49, 0x4f, 0x4e, 0x5f, 0x36, 0x00, 0x24, 0x78, 0x00, 0x24, 
    0x78, 0x00, 0x24, 0x78, 0x00, 0x5f, 0x52, 0x4e, 0x76, 0x4d, 0x73, 0x30, 
    0x5f, 0x4e, 0x74, 0x43, 0x73, 0x6c, 0x69, 0x50, 0x58, 0x55, 0x6c, 0x30, 
    0x6e, 0x45, 0x7a, 0x4f, 0x5f, 0x37, 0x75, 0x73, 0x65, 0x72, 0x6c, 0x69, 
    0x62, 0x34, 0x64, 0x65, 0x76, 0x64, 0x4e, 0x74, 0x42, 0x35, 0x5f, 0x31, 
    0x30, 0x44, 0x65, 0x76, 0x64, 0x43, 0x6c, 0x69, 0x65, 0x6e, 0x74, 0x38, 
    0x72, 0x61, 0x77, 0x5f, 0x73, 0x65, 0x6e, 0x64, 0x00, 0x24, 0x78, 0x00, 
    0x5f, 0x52, 0x4e, 0x76, 0x58, 0x73, 0x64, 0x5f, 0x4e, 0x74, 0x43, 0x73, 
    0x62, 0x5a, 0x34, 0x39, 0x39, 0x72, 0x32, 0x6e, 0x42, 0x51, 0x48, 0x5f, 
    0x34, 0x63, 0x6f, 0x72, 0x65, 0x35, 0x61, 0x72, 0x72, 0x61, 0x79, 0x41, 
    0x68, 0x6a, 0x66, 0x30, 0x5f, 0x49, 0x4e, 0x74, 0x4e, 0x74, 0x4e, 0x74, 
    0x42, 0x37, 0x5f, 0x33, 0x6f, 0x70, 0x73, 0x35, 0x69, 0x6e, 0x64, 0x65, 
    0x78, 0x35, 0x49, 0x6e, 0x64, 0x65, 0x78, 0x49, 0x4e, 0x74, 0x4e, 0x74, 
    0x42, 0x48, 0x5f, 0x35, 0x72, 0x61, 0x6e, 0x67, 0x65, 0x35, 0x52, 0x61, 
    0x6e, 0x67, 0x65, 0x6a, 0x45, 0x45, 0x35, 0x69, 0x6e, 0x64, 0x65, 0x78, 
    0x43, 0x73, 0x6c, 0x69, 0x50, 0x58, 0x55, 0x6c, 0x30, 0x6e, 0x45, 0x7a, 
    0x4f, 0x5f, 0x37, 0x75, 0x73, 0x65, 0x72, 0x6c, 0x69, 0x62, 0x00, 0x24, 
    0x78, 0x00, 0x24, 0x78, 0x00, 0x24, 0x78, 0x00, 0x24, 0x78, 0x00, 0x24, 
    0x78, 0x00, 0x24, 0x78, 0x00, 0x24, 0x78, 0x00, 0x5f, 0x52, 0x4e, 0x76, 
    0x4e, 0x74, 0x43, 0x73, 0x6c, 0x69, 0x50, 0x58, 0x55, 0x6c, 0x30, 0x6e, 
    0x45, 0x7a, 0x4f, 0x5f, 0x37, 0x75, 0x73, 0x65, 0x72, 0x6c, 0x69, 0x62, 
    0x31, 0x31, 0x62, 0x75, 0x73, 0x5f, 0x72, 0x75, 0x6e, 0x74, 0x69, 0x6d, 
    0x65, 0x31, 0x38, 0x61, 0x70, 0x70, 0x65, 0x6e, 0x64, 0x5f, 0x77, 0x69, 
    0x74, 0x68, 0x5f, 0x73, 0x6f, 0x75, 0x72, 0x63, 0x65, 0x00, 0x24, 0x78, 
    0x00, 0x24, 0x78, 0x00, 0x24, 0x78, 0x00, 0x4f, 0x55, 0x54, 0x4c, 0x49, 
    0x4e, 0x45, 0x44, 0x5f, 0x46, 0x55, 0x4e, 0x43, 0x54, 0x49, 0x4f, 0x4e, 
    0x5f, 0x33, 0x36, 0x00, 0x24, 0x78, 0x00, 0x24, 0x78, 0x00, 0x24, 0x78, 
    0x00, 0x24, 0x78, 0x00, 0x24, 0x78, 0x00, 0x24, 0x78, 0x00, 0x24, 0x78, 
    0x00, 0x24, 0x78, 0x00, 0x24, 0x78, 0x00, 0x24, 0x78, 0x00, 0x24, 0x78, 
    0x00, 0x24, 0x78, 0x00, 0x24, 0x78, 0x00, 0x24, 0x78, 0x00, 0x24, 0x78, 
    0x00, 0x24, 0x78, 0x00, 0x24, 0x78, 0x00, 0x24, 0x78, 0x00, 0x24, 0x78, 
    0x00, 0x24, 0x78, 0x00, 0x24, 0x78, 0x00, 0x24, 0x78, 0x00, 0x24, 0x78, 
    0x00, 0x24, 0x78, 0x00, 0x24, 0x78, 0x00, 0x24, 0x78, 0x00, 0x24, 0x78, 
    0x00, 0x24, 0x78, 0x00, 0x24, 0x78, 0x00, 0x24, 0x78, 0x00, 0x24, 0x78, 
    0x00, 0x24, 0x78, 0x00, 0x24, 0x78, 0x00, 0x24, 0x78, 0x00, 0x24, 0x78, 
    0x00, 0x24, 0x78, 0x00, 0x24, 0x78, 0x00, 0x24, 0x78, 0x00, 0x24, 0x78, 
    0x00, 0x24, 0x78, 0x00, 0x24, 0x78, 0x00, 0x24, 0x78, 0x00, 0x24, 0x78, 
    0x00, 0x24, 0x78, 0x00, 0x24, 0x78, 0x00, 0x24, 0x78, 0x00, 0x24, 0x78, 
    0x00, 0x24, 0x78, 0x00, 0x24, 0x78, 0x00, 0x24, 0x78, 0x00, 0x24, 0x78, 
    0x00, 0x24, 0x78, 0x00, 0x24, 0x78, 0x00, 0x24, 0x78, 0x00, 0x24, 0x78, 
    0x00, 0x24, 0x78, 0x00, 0x24, 0x78, 0x00, 0x24, 0x78, 0x00, 0x24, 0x78, 
    0x00, 0x24, 0x78, 0x00, 0x24, 0x78, 0x00, 0x24, 0x78, 0x00, 0x24, 0x78, 
    0x00, 0x24, 0x78, 0x00, 0x24, 0x78, 0x00, 0x24, 0x78, 0x00, 0x24, 0x78, 
    0x00, 0x24, 0x78, 0x00, 0x24, 0x78, 0x00, 0x24, 0x78, 0x00, 0x24, 0x78, 
    0x00, 0x24, 0x78, 0x00, 0x24, 0x78, 0x00, 0x24, 0x78, 0x00, 0x24, 0x78, 
    0x00, 0x24, 0x78, 0x00, 0x24, 0x78, 0x00, 0x24, 0x78, 0x00, 0x24, 0x78, 
    0x00, 0x24, 0x78, 0x00, 0x24, 0x78, 0x00, 0x24, 0x78, 0x00, 0x24, 0x78, 
    0x00, 0x24, 0x78, 0x00, 0x24, 0x78, 0x00, 0x24, 0x64, 0x00, 0x24, 0x64, 
    0x00, 0x24, 0x64, 0x00, 0x24, 0x64, 0x00, 0x24, 0x64, 0x00, 0x24, 0x64, 
    0x00, 0x24, 0x64, 0x00, 0x24, 0x64, 0x00, 0x24, 0x64, 0x00, 0x24, 0x64, 
    0x00, 0x24, 0x64, 0x00, 0x24, 0x64, 0x00, 0x24, 0x64, 0x00, 0x24, 0x64, 
    0x00, 0x24, 0x64, 0x00, 0x24, 0x64, 0x00, 0x24, 0x64, 0x00, 0x24, 0x64, 
    0x00, 0x24, 0x64, 0x00, 0x24, 0x64, 0x00, 0x24, 0x64, 0x00, 0x24, 0x64, 
    0x00, 0x24, 0x64, 0x00, 0x24, 0x64, 0x00, 0x24, 0x64, 0x00, 0x24, 0x64, 
    0x00, 0x24, 0x64, 0x00, 0x24, 0x64, 0x00, 0x24, 0x64, 0x00, 0x24, 0x64, 
    0x00, 0x24, 0x64, 0x00, 0x24, 0x64, 0x00, 0x24, 0x64, 0x00, 0x24, 0x64, 
    0x00, 0x24, 0x64, 0x00, 0x24, 0x64, 0x00, 0x24, 0x64, 0x00, 0x24, 0x64, 
    0x00, 0x24, 0x64, 0x00, 0x24, 0x64, 0x00, 0x24, 0x64, 0x00, 0x24, 0x64, 
    0x00, 0x24, 0x64, 0x00, 0x24, 0x64, 0x00, 0x24, 0x64, 0x00, 0x24, 0x64, 
    0x00, 0x24, 0x64, 0x00, 0x24, 0x64, 0x00, 0x24, 0x64, 0x00, 0x24, 0x64, 
    0x00, 0x24, 0x64, 0x00, 0x24, 0x64, 0x00, 0x24, 0x64, 0x00, 0x24, 0x64, 
    0x00, 0x24, 0x64, 0x00, 0x24, 0x64, 0x00, 0x24, 0x64, 0x00, 0x24, 0x64, 
    0x00, 0x24, 0x64, 0x00, 0x24, 0x64, 0x00, 0x24, 0x64, 0x00, 0x24, 0x64, 
    0x00, 0x24, 0x64, 0x00, 0x24, 0x64, 0x00, 0x24, 0x64, 0x00, 0x24, 0x64, 
    0x00, 0x24, 0x64, 0x00, 0x24, 0x64, 0x00, 0x24, 0x64, 0x00, 0x24, 0x64, 
    0x00, 0x24, 0x64, 0x00, 0x24, 0x64, 0x00, 0x24, 0x64, 0x00, 0x24, 0x64, 
    0x00, 0x24, 0x64, 0x00, 0x24, 0x64, 0x00, 0x24, 0x64, 0x00, 0x24, 0x64, 
    0x00, 0x24, 0x64, 0x00, 0x24, 0x64, 0x00, 0x24, 0x64, 0x00, 0x24, 0x64, 
    0x00, 0x24, 0x64, 0x00, 0x24, 0x64, 0x00, 0x24, 0x64, 0x00, 0x24, 0x64, 
    0x00, 0x24, 0x64, 0x00, 0x24, 0x64, 0x00, 0x24, 0x64, 0x00, 0x24, 0x64, 
    0x00, 0x24, 0x64, 0x00, 0x24, 0x64, 0x00, 0x24, 0x64, 0x00, 0x24, 0x64, 
    0x00, 0x24, 0x64, 0x00, 0x24, 0x64, 0x00, 0x24, 0x64, 0x00, 0x24, 0x64, 
    0x00, 0x24, 0x64, 0x00, 0x24, 0x64, 0x00, 0x24, 0x64, 0x00, 0x24, 0x64, 
    0x00, 0x24, 0x64, 0x00, 0x24, 0x64, 0x00, 0x24, 0x64, 0x00, 0x24, 0x64, 
    0x00, 0x24, 0x64, 0x00, 0x24, 0x64, 0x00, 0x24, 0x64, 0x00, 0x24, 0x64, 
    0x00, 0x24, 0x64, 0x00, 0x24, 0x64, 0x00, 0x24, 0x64, 0x00, 0x24, 0x64, 
    0x00, 0x24, 0x64, 0x00, 0x24, 0x64, 0x00, 0x24, 0x64, 0x00, 0x24, 0x64, 
    0x00, 0x24, 0x64, 0x00, 0x24, 0x64, 0x00, 0x24, 0x64, 0x00, 0x24, 0x64, 
    0x00, 0x24, 0x64, 0x00, 0x24, 0x64, 0x00, 0x24, 0x64, 0x00, 0x24, 0x64, 
    0x00, 0x24, 0x64, 0x00, 0x24, 0x64, 0x00, 0x24, 0x64, 0x00, 0x24, 0x64, 
    0x00, 0x24, 0x64, 0x00, 0x24, 0x64, 0x00, 0x24, 0x64, 0x00, 0x24, 0x64, 
    0x00, 0x24, 0x64, 0x00, 0x24, 0x64, 0x00, 0x24, 0x64, 0x00, 0x24, 0x64, 
    0x00, 0x24, 0x64, 0x00, 0x24, 0x64, 0x00, 0x24, 0x64, 0x00, 0x24, 0x64, 
    0x00, 0x24, 0x64, 0x00, 0x24, 0x64, 0x00, 0x24, 0x64, 0x00, 0x24, 0x64, 
    0x00, 0x24, 0x64, 0x00, 0x24, 0x64, 0x00, 0x24, 0x64, 0x00, 0x24, 0x64, 
    0x00, 0x24, 0x64, 0x00, 0x24, 0x64, 0x00, 0x24, 0x64, 0x00, 0x24, 0x64, 
    0x00, 0x24, 0x64, 0x00, 0x24, 0x64, 0x00, 0x24, 0x64, 0x00, 0x24, 0x64, 
    0x00, 0x24, 0x64, 0x00, 0x24, 0x64, 0x00, 0x24, 0x64, 0x00, 0x24, 0x64, 
    0x00, 0x24, 0x64, 0x00, 0x24, 0x64, 0x00, 0x24, 0x64, 0x00, 0x24, 0x64, 
    0x00, 0x24, 0x64, 0x00, 0x24, 0x64, 0x00, 0x24, 0x64, 0x00, 0x24, 0x64, 
    0x00, 0x24, 0x64, 0x00, 0x24, 0x64, 0x00, 0x24, 0x64, 0x00, 0x24, 0x64, 
    0x00, 0x24, 0x64, 0x00, 0x24, 0x64, 0x00, 0x24, 0x64, 0x00, 0x24, 0x64, 
    0x00, 0x24, 0x64, 0x00, 0x24, 0x64, 0x00, 0x24, 0x64, 0x00, 0x24, 0x64, 
    0x00, 0x24, 0x64, 0x00, 0x24, 0x64, 0x00, 0x24, 0x64, 0x00, 0x24, 0x64, 
    0x00, 0x24, 0x64, 0x00, 0x24, 0x64, 0x00, 0x24, 0x64, 0x00, 0x24, 0x64, 
    0x00, 0x24, 0x64, 0x00, 0x24, 0x64, 0x00, 0x24, 0x64, 0x00, 0x24, 0x64, 
    0x00, 0x24, 0x64, 0x00, 0x24, 0x64, 0x00, 0x24, 0x64, 0x00, 0x24, 0x64, 
    0x00, 0x24, 0x64, 0x00, 0x24, 0x64, 0x00, 0x24, 0x64, 0x00, 0x24, 0x64, 
    0x00, 0x24, 0x64, 0x00, 0x24, 0x64, 0x00, 0x24, 0x64, 0x00, 0x24, 0x64, 
    0x00, 0x24, 0x64, 0x00, 0x24, 0x64, 0x00, 0x24, 0x64, 0x00, 0x24, 0x64, 
    0x00, 0x24, 0x64, 0x00, 0x24, 0x64, 0x00, 0x24, 0x64, 0x00, 0x24, 0x64, 
    0x00, 0x24, 0x64, 0x00, 0x24, 0x64, 0x00, 0x24, 0x64, 0x00, 0x24, 0x64, 
    0x00, 0x24, 0x64, 0x00, 0x24, 0x64, 0x00, 0x24, 0x64, 0x00, 0x24, 0x64, 
    0x00, 0x24, 0x64, 0x00, 0x24, 0x64, 0x00, 0x24, 0x64, 0x00, 0x24, 0x64, 
    0x00, 0x24, 0x64, 0x00, 0x24, 0x64, 0x00, 0x24, 0x64, 0x00, 0x24, 0x64, 
    0x00, 0x24, 0x64, 0x00, 0x24, 0x64, 0x00, 0x24, 0x64, 0x00, 0x24, 0x64, 
    0x00, 0x24, 0x64, 0x00, 0x24, 0x64, 0x00, 0x24, 0x64, 0x00, 0x24, 0x64, 
    0x00, 0x24, 0x64, 0x00, 0x24, 0x64, 0x00, 0x24, 0x64, 0x00, 0x24, 0x64, 
    0x00, 0x24, 0x64, 0x00, 0x24, 0x64, 0x00, 0x24, 0x64, 0x00, 0x24, 0x64, 
    0x00, 0x24, 0x64, 0x00, 0x24, 0x64, 0x00, 0x24, 0x64, 0x00, 0x24, 0x64, 
    0x00, 0x24, 0x64, 0x00, 0x24, 0x64, 0x00, 0x24, 0x64, 0x00, 0x24, 0x64, 
    0x00, 0x24, 0x64, 0x00, 0x24, 0x64, 0x00, 0x24, 0x64, 0x00, 0x24, 0x64, 
    0x00, 0x24, 0x64, 0x00, 0x24, 0x64, 0x00, 0x24, 0x64, 0x00, 0x24, 0x64, 
    0x00, 0x24, 0x64, 0x00, 0x24, 0x64, 0x00, 0x24, 0x64, 0x00, 0x24, 0x64, 
    0x00, 0x24, 0x64, 0x00, 0x24, 0x64, 0x00, 0x24, 0x64, 0x00, 0x24, 0x64, 
    0x00, 0x24, 0x64, 0x00, 0x24, 0x64, 0x00, 0x24, 0x64, 0x00, 0x24, 0x64, 
    0x00, 0x24, 0x64, 0x00, 0x24, 0x64, 0x00, 0x24, 0x64, 0x00, 0x24, 0x64, 
    0x00, 0x24, 0x64, 0x00, 0x24, 0x64, 0x00, 0x24, 0x64, 0x00, 0x24, 0x64, 
    0x00, 0x24, 0x64, 0x00, 0x24, 0x64, 0x00, 0x24, 0x64, 0x00, 0x24, 0x64, 
    0x00, 0x24, 0x64, 0x00, 0x24, 0x64, 0x00, 0x24, 0x64, 0x00, 0x24, 0x64, 
    0x00, 0x24, 0x64, 0x00, 0x24, 0x64, 0x00, 0x24, 0x64, 0x00, 0x24, 0x64, 
    0x00, 0x24, 0x64, 0x00, 0x24, 0x64, 0x00, 0x24, 0x64, 0x00, 0x24, 0x64, 
    0x00, 0x24, 0x64, 0x00, 0x24, 0x64, 0x00, 0x24, 0x64, 0x00, 0x24, 0x64, 
    0x00, 0x24, 0x64, 0x00, 0x24, 0x64, 0x00, 0x24, 0x64, 0x00, 0x24, 0x64, 
    0x00, 0x24, 0x64, 0x00, 0x24, 0x64, 0x00, 0x24, 0x64, 0x00, 0x24, 0x64, 
    0x00, 0x24, 0x64, 0x00, 0x24, 0x64, 0x00, 0x24, 0x64, 0x00, 0x24, 0x64, 
    0x00, 0x24, 0x64, 0x00, 0x24, 0x64, 0x00, 0x24, 0x64, 0x00, 0x24, 0x64, 
    0x00, 0x24, 0x64, 0x00, 0x24, 0x64, 0x00, 0x24, 0x64, 0x00, 0x24, 0x64, 
    0x00, 0x24, 0x64, 0x00, 0x24, 0x64, 0x00, 0x24, 0x64, 0x00, 0x24, 0x64, 
    0x00, 0x24, 0x64, 0x00, 0x24, 0x64, 0x00, 0x24, 0x64, 0x00, 0x24, 0x64, 
    0x00, 0x24, 0x64, 0x00, 0x24, 0x64, 0x00, 0x24, 0x64, 0x00, 0x24, 0x64, 
    0x00, 0x24, 0x64, 0x00, 0x24, 0x64, 0x00, 0x24, 0x64, 0x00, 0x24, 0x64, 
    0x00, 0x24, 0x64, 0x00, 0x24, 0x64, 0x00, 0x24, 0x64, 0x00, 0x24, 0x64, 
    0x00, 0x24, 0x64, 0x00, 0x24, 0x64, 0x00, 0x24, 0x64, 0x00, 0x24, 0x64, 
    0x00, 0x24, 0x64, 0x00, 0x24, 0x64, 0x00, 0x24, 0x64, 0x00, 0x24, 0x64, 
    0x00, 0x24, 0x64, 0x00, 0x24, 0x64, 0x00, 0x24, 0x64, 0x00, 0x24, 0x64, 
    0x00, 0x24, 0x64, 0x00, 0x24, 0x64, 0x00, 0x24, 0x64, 0x00, 0x24, 0x64, 
    0x00, 0x24, 0x64, 0x00, 0x24, 0x64, 0x00, 0x24, 0x64, 0x00, 0x24, 0x64, 
    0x00, 0x24, 0x64, 0x00, 0x24, 0x64, 0x00, 0x24, 0x64, 0x00, 0x24, 0x64, 
    0x00, 0x24, 0x64, 0x00, 0x24, 0x64, 0x00, 0x24, 0x64, 0x00, 0x24, 0x64, 
    0x00, 0x24, 0x64, 0x00, 0x24, 0x64, 0x00, 0x24, 0x64, 0x00, 0x24, 0x64, 
    0x00, 0x24, 0x64, 0x00, 0x24, 0x64, 0x00, 0x24, 0x64, 0x00, 0x24, 0x64, 
    0x00, 0x24, 0x64, 0x00, 0x24, 0x64, 0x00, 0x24, 0x64, 0x00, 0x24, 0x64, 
    0x00, 0x24, 0x64, 0x00, 0x24, 0x64, 0x00, 0x24, 0x64, 0x00, 0x24, 0x64, 
    0x00, 0x24, 0x64, 0x00, 0x24, 0x64, 0x00, 0x24, 0x64, 0x00, 0x24, 0x64, 
    0x00, 0x24, 0x64, 0x00, 0x24, 0x64, 0x00, 0x24, 0x64, 0x00, 0x24, 0x64, 
    0x00, 0x24, 0x64, 0x00, 0x24, 0x64, 0x00, 0x24, 0x64, 0x00, 0x24, 0x64, 
    0x00, 0x24, 0x64, 0x00, 0x24, 0x64, 0x00, 0x24, 0x64, 0x00, 0x24, 0x64, 
    0x00, 0x24, 0x64, 0x00, 0x24, 0x64, 0x00, 0x24, 0x64, 0x00, 0x24, 0x64, 
    0x00, 0x24, 0x64, 0x00, 0x24, 0x64, 0x00, 0x24, 0x64, 0x00, 0x24, 0x64, 
    0x00, 0x24, 0x64, 0x00, 0x24, 0x64, 0x00, 0x24, 0x64, 0x00, 0x24, 0x64, 
    0x00, 0x24, 0x64, 0x00, 0x24, 0x64, 0x00, 0x24, 0x64, 0x00, 0x24, 0x64, 
    0x00, 0x24, 0x64, 0x00, 0x24, 0x64, 0x00, 0x24, 0x64, 0x00, 0x24, 0x64, 
    0x00, 0x24, 0x64, 0x00, 0x24, 0x64, 0x00, 0x24, 0x64, 0x00, 0x24, 0x64, 
    0x00, 0x24, 0x64, 0x00, 0x24, 0x64, 0x00, 0x24, 0x64, 0x00, 0x24, 0x64, 
    0x00, 0x24, 0x64, 0x00, 0x24, 0x64, 0x00, 0x24, 0x64, 0x00, 0x24, 0x64, 
    0x00, 0x24, 0x64, 0x00, 0x24, 0x64, 0x00, 0x24, 0x64, 0x00, 0x24, 0x64, 
    0x00, 0x24, 0x64, 0x00, 0x63, 0x6f, 0x6d, 0x70, 0x69, 0x6c, 0x65, 0x72, 
    0x5f, 0x62, 0x75, 0x69, 0x6c, 0x74, 0x69, 0x6e, 0x73, 0x2e, 0x39, 0x62, 
    0x36, 0x33, 0x37, 0x66, 0x61, 0x65, 0x36, 0x62, 0x34, 0x65, 0x38, 0x63, 
    0x64, 0x66, 0x2d, 0x63, 0x67, 0x75, 0x2e, 0x30, 0x00, 0x24, 0x78, 0x00, 
    0x24, 0x78, 0x00, 0x24, 0x78, 0x00, 0x24, 0x78, 0x00, 0x24, 0x78, 0x00, 
    0x24, 0x78, 0x00, 0x24, 0x64, 0x00, 0x5f, 0x73, 0x74, 0x61, 0x72, 0x74, 
    0x00, 0x6d, 0x61, 0x69, 0x6e, 0x00, 0x6d, 0x65, 0x6d, 0x73, 0x65, 0x74, 
    0x00, 0x6d, 0x65, 0x6d, 0x63, 0x70, 0x79, 0x00, 0x6d, 0x65, 0x6d, 0x63, 
    0x6d, 0x70, 0x00, 0x5f, 0x52, 0x4e, 0x76, 0x4e, 0x74, 0x43, 0x73, 0x64, 
    0x6c, 0x38, 0x34, 0x42, 0x33, 0x68, 0x64, 0x66, 0x74, 0x6a, 0x5f, 0x31, 
    0x37, 0x63, 0x6f, 0x6d, 0x70, 0x69, 0x6c, 0x65, 0x72, 0x5f, 0x62, 0x75, 
    0x69, 0x6c, 0x74, 0x69, 0x6e, 0x73, 0x33, 0x6d, 0x65, 0x6d, 0x36, 0x6d, 
    0x65, 0x6d, 0x63, 0x6d, 0x70, 0x00, 0x5f, 0x52, 0x4e, 0x76, 0x4e, 0x74, 
    0x43, 0x73, 0x64, 0x6c, 0x38, 0x34, 0x42, 0x33, 0x68, 0x64, 0x66, 0x74, 
    0x6a, 0x5f, 0x31, 0x37, 0x63, 0x6f, 0x6d, 0x70, 0x69, 0x6c, 0x65, 0x72, 
    0x5f, 0x62, 0x75, 0x69, 0x6c, 0x74, 0x69, 0x6e, 0x73, 0x33, 0x6d, 0x65, 
    0x6d, 0x36, 0x6d, 0x65, 0x6d, 0x63, 0x70, 0x79, 0x00, 0x5f, 0x52, 0x4e, 
    0x76, 0x4e, 0x74, 0x43, 0x73, 0x64, 0x6c, 0x38, 0x34, 0x42, 0x33, 0x68, 
    0x64, 0x66, 0x74, 0x6a, 0x5f, 0x31, 0x37, 0x63, 0x6f, 0x6d, 0x70, 0x69, 
    0x6c, 0x65, 0x72, 0x5f, 0x62, 0x75, 0x69, 0x6c, 0x74, 0x69, 0x6e, 0x73, 
    0x33, 0x6d, 0x65, 0x6d, 0x36, 0x6d, 0x65, 0x6d, 0x73, 0x65, 0x74, 0x00, 
    0x55, 0x53, 0x45, 0x52, 0x5f, 0x42, 0x41, 0x53, 0x45, 0x00, 0x5f, 0x5f, 
    0x62, 0x73, 0x73, 0x5f, 0x73, 0x74, 0x61, 0x72, 0x74, 0x00, 0x5f, 0x5f, 
    0x62, 0x73, 0x73, 0x5f, 0x65, 0x6e, 0x64, 0x00, 0x00, 0x00, 0x00, 0x00, 
    0x00, 0x00, 0x00, 0x00, 0x00, 0x00, 0x00, 0x00, 0x00, 0x00, 0x00, 0x00, 
    0x00, 0x00, 0x00, 0x00, 0x00, 0x00, 0x00, 0x00, 0x00, 0x00, 0x00, 0x00, 
    0x00, 0x00, 0x00, 0x00, 0x00, 0x00, 0x00, 0x00, 0x00, 0x00, 0x00, 0x00, 
    0x00, 0x00, 0x00, 0x00, 0x00, 0x00, 0x00, 0x00, 0x00, 0x00, 0x00, 0x00, 
    0x00, 0x00, 0x00, 0x00, 0x00, 0x00, 0x00, 0x00, 0x00, 0x00, 0x00, 0x00, 
    0x01, 0x00, 0x00, 0x00, 0x01, 0x00, 0x00, 0x00, 0x06, 0x00, 0x00, 0x00, 
    0x00, 0x00, 0x00, 0x00, 0x00, 0x00, 0x01, 0x40, 0x00, 0x00, 0x00, 0x00, 
    0x20, 0x01, 0x00, 0x00, 0x00, 0x00, 0x00, 0x00, 0x44, 0x85, 0x00, 0x00, 
    0x00, 0x00, 0x00, 0x00, 0x00, 0x00, 0x00, 0x00, 0x00, 0x00, 0x00, 0x00, 
    0x04, 0x00, 0x00, 0x00, 0x00, 0x00, 0x00, 0x00, 0x00, 0x00, 0x00, 0x00, 
    0x00, 0x00, 0x00, 0x00, 0x07, 0x00, 0x00, 0x00, 0x01, 0x00, 0x00, 0x00, 
    0x32, 0x00, 0x00, 0x00, 0x00, 0x00, 0x00, 0x00, 0x00, 0x90, 0x01, 0x40, 
    0x00, 0x00, 0x00, 0x00, 0x00, 0x90, 0x00, 0x00, 0x00, 0x00, 0x00, 0x00, 
    0x88, 0x31, 0x00, 0x00, 0x00, 0x00, 0x00, 0x00, 0x00, 0x00, 0x00, 0x00, 
    0x00, 0x00, 0x00, 0x00, 0x00, 0x10, 0x00, 0x00, 0x00, 0x00, 0x00, 0x00, 
    0x00, 0x00, 0x00, 0x00, 0x00, 0x00, 0x00, 0x00, 0x0f, 0x00, 0x00, 0x00, 
    0x01, 0x00, 0x00, 0x00, 0x03, 0x00, 0x00, 0x00, 0x00, 0x00, 0x00, 0x00, 
    0x00, 0xd0, 0x01, 0x40, 0x00, 0x00, 0x00, 0x00, 0x00, 0xd0, 0x00, 0x00, 
    0x00, 0x00, 0x00, 0x00, 0x48, 0x00, 0x00, 0x00, 0x00, 0x00, 0x00, 0x00, 
    0x00, 0x00, 0x00, 0x00, 0x00, 0x00, 0x00, 0x00, 0x00, 0x10, 0x00, 0x00, 
    0x00, 0x00, 0x00, 0x00, 0x00, 0x00, 0x00, 0x00, 0x00, 0x00, 0x00, 0x00, 
    0x15, 0x00, 0x00, 0x00, 0x08, 0x00, 0x00, 0x00, 0x03, 0x00, 0x00, 0x00, 
    0x00, 0x00, 0x00, 0x00, 0x00, 0xe0, 0x01, 0x40, 0x00, 0x00, 0x00, 0x00, 
    0x48, 0xd0, 0x00, 0x00, 0x00, 0x00, 0x00, 0x00, 0x20, 0x80, 0x00, 0x00, 
    0x00, 0x00, 0x00, 0x00, 0x00, 0x00, 0x00, 0x00, 0x00, 0x00, 0x00, 0x00, 
    0x00, 0x10, 0x00, 0x00, 0x00, 0x00, 0x00, 0x00, 0x00, 0x00, 0x00, 0x00, 
    0x00, 0x00, 0x00, 0x00, 0x1a, 0x00, 0x00, 0x00, 0x02, 0x00, 0x00, 0x00, 
    0x00, 0x00, 0x00, 0x00, 0x00, 0x00, 0x00, 0x00, 0x00, 0x00, 0x00, 0x00, 
    0x00, 0x00, 0x00, 0x00, 0x48, 0xd0, 0x00, 0x00, 0x00, 0x00, 0x00, 0x00, 
    0x58, 0x50, 0x00, 0x00, 0x00, 0x00, 0x00, 0x00, 0x07, 0x00, 0x00, 0x00, 
    0x54, 0x03, 0x00, 0x00, 0x08, 0x00, 0x00, 0x00, 0x00, 0x00, 0x00, 0x00, 
    0x18, 0x00, 0x00, 0x00, 0x00, 0x00, 0x00, 0x00, 0x22, 0x00, 0x00, 0x00, 
    0x03, 0x00, 0x00, 0x00, 0x00, 0x00, 0x00, 0x00, 0x00, 0x00, 0x00, 0x00, 
    0x00, 0x00, 0x00, 0x00, 0x00, 0x00, 0x00, 0x00, 0xa0, 0x20, 0x01, 0x00, 
    0x00, 0x00, 0x00, 0x00, 0x34, 0x00, 0x00, 0x00, 0x00, 0x00, 0x00, 0x00, 
    0x00, 0x00, 0x00, 0x00, 0x00, 0x00, 0x00, 0x00, 0x01, 0x00, 0x00, 0x00, 
    0x00, 0x00, 0x00, 0x00, 0x00, 0x00, 0x00, 0x00, 0x00, 0x00, 0x00, 0x00, 
    0x2c, 0x00, 0x00, 0x00, 0x03, 0x00, 0x00, 0x00, 0x00, 0x00, 0x00, 0x00, 
    0x00, 0x00, 0x00, 0x00, 0x00, 0x00, 0x00, 0x00, 0x00, 0x00, 0x00, 0x00, 
    0xd4, 0x20, 0x01, 0x00, 0x00, 0x00, 0x00, 0x00, 0xec, 0x37, 0x00, 0x00, 
    0x00, 0x00, 0x00, 0x00, 0x00, 0x00, 0x00, 0x00, 0x00, 0x00, 0x00, 0x00, 
    0x01, 0x00, 0x00, 0x00, 0x00, 0x00, 0x00, 0x00, 0x00, 0x00, 0x00, 0x00, 
    0x00, 0x00, 0x00, 0x00, 
];
