//! Auto-generated ELF binary for partd
//! Generated by cargo xtask

#[rustfmt::skip]
pub static PARTD_ELF: &[u8] = &[
    0x7f, 0x45, 0x4c, 0x46, 0x02, 0x01, 0x01, 0x00, 0x00, 0x00, 0x00, 0x00, 
    0x00, 0x00, 0x00, 0x00, 0x02, 0x00, 0xb7, 0x00, 0x01, 0x00, 0x00, 0x00, 
    0x00, 0x00, 0x01, 0x40, 0x00, 0x00, 0x00, 0x00, 0x40, 0x00, 0x00, 0x00, 
    0x00, 0x00, 0x00, 0x00, 0x20, 0x56, 0x01, 0x00, 0x00, 0x00, 0x00, 0x00, 
    0x00, 0x00, 0x00, 0x00, 0x40, 0x00, 0x38, 0x00, 0x04, 0x00, 0x40, 0x00, 
    0x08, 0x00, 0x06, 0x00, 0x01, 0x00, 0x00, 0x00, 0x05, 0x00, 0x00, 0x00, 
    0x20, 0x01, 0x00, 0x00, 0x00, 0x00, 0x00, 0x00, 0x00, 0x00, 0x01, 0x40, 
    0x00, 0x00, 0x00, 0x00, 0x00, 0x00, 0x01, 0x40, 0x00, 0x00, 0x00, 0x00, 
    0xe4, 0x80, 0x00, 0x00, 0x00, 0x00, 0x00, 0x00, 0xe4, 0x80, 0x00, 0x00, 
    0x00, 0x00, 0x00, 0x00, 0x04, 0x00, 0x00, 0x00, 0x00, 0x00, 0x00, 0x00, 
    0x01, 0x00, 0x00, 0x00, 0x04, 0x00, 0x00, 0x00, 0x00, 0x90, 0x00, 0x00, 
    0x00, 0x00, 0x00, 0x00, 0x00, 0x90, 0x01, 0x40, 0x00, 0x00, 0x00, 0x00, 
    0x00, 0x90, 0x01, 0x40, 0x00, 0x00, 0x00, 0x00, 0x30, 0x2b, 0x00, 0x00, 
    0x00, 0x00, 0x00, 0x00, 0x30, 0x2b, 0x00, 0x00, 0x00, 0x00, 0x00, 0x00, 
    0x00, 0x10, 0x00, 0x00, 0x00, 0x00, 0x00, 0x00, 0x01, 0x00, 0x00, 0x00, 
    0x06, 0x00, 0x00, 0x00, 0x00, 0xc0, 0x00, 0x00, 0x00, 0x00, 0x00, 0x00, 
    0x00, 0xc0, 0x01, 0x40, 0x00, 0x00, 0x00, 0x00, 0x00, 0xc0, 0x01, 0x40, 
    0x00, 0x00, 0x00, 0x00, 0x00, 0x02, 0x00, 0x00, 0x00, 0x00, 0x00, 0x00, 
    0x28, 0x90, 0x00, 0x00, 0x00, 0x00, 0x00, 0x00, 0x00, 0x10, 0x00, 0x00, 
    0x00, 0x00, 0x00, 0x00, 0x51, 0xe5, 0x74, 0x64, 0x06, 0x00, 0x00, 0x00, 
    0x00, 0x00, 0x00, 0x00, 0x00, 0x00, 0x00, 0x00, 0x00, 0x00, 0x00, 0x00, 
    0x00, 0x00, 0x00, 0x00, 0x00, 0x00, 0x00, 0x00, 0x00, 0x00, 0x00, 0x00, 
    0x00, 0x00, 0x00, 0x00, 0x00, 0x00, 0x00, 0x00, 0x00, 0x00, 0x00, 0x00, 
    0x00, 0x00, 0x00, 0x00, 0x00, 0x00, 0x00, 0x00, 0x00, 0x00, 0x00, 0x00, 
    0x7c, 0x1e, 0x00, 0x94, 0x08, 0x00, 0x80, 0xd2, 0x01, 0x00, 0x00, 0xd4, 
    0x00, 0x00, 0x00, 0x14, 0xfe, 0x0f, 0x1d, 0xf8, 0xc7, 0x1e, 0x00, 0x94, 
    0x32, 0x1f, 0x00, 0x94, 0x68, 0x04, 0x00, 0x54, 0x1f, 0xfc, 0x07, 0xf1, 
    0x88, 0x04, 0x00, 0x54, 0xf5, 0x03, 0x02, 0xaa, 0x75, 0x6a, 0x20, 0x38, 
    0x1b, 0x1f, 0x00, 0x94, 0x60, 0x02, 0x01, 0xf9, 0x42, 0x04, 0x00, 0x54, 
    0x84, 0x1f, 0x00, 0x94, 0xf4, 0x03, 0x03, 0x2a, 0x01, 0x05, 0x00, 0x91, 
    0x22, 0x00, 0x15, 0x8b, 0x61, 0x02, 0x01, 0xf9, 0xc4, 0x0e, 0x00, 0x94, 
    0x1f, 0x20, 0x03, 0xd5, 0x04, 0x76, 0x05, 0x10, 0xe2, 0x03, 0x16, 0xaa, 
    0xce, 0x1e, 0x00, 0x94, 0xcf, 0x1e, 0x00, 0x94, 0xe2, 0x03, 0x00, 0xaa, 
    0xe4, 0x03, 0x01, 0xaa, 0x1f, 0x20, 0x03, 0xd5, 0x63, 0x71, 0x05, 0x10, 
    0x00, 0x01, 0x80, 0x52, 0xa1, 0x1e, 0x00, 0x94, 0xe8, 0x03, 0x14, 0x2a, 
    0x1f, 0x20, 0x03, 0xd5, 0x84, 0x71, 0x05, 0x10, 0xe2, 0x23, 0x00, 0x91, 
    0x03, 0x01, 0x80, 0x52, 0xe8, 0x07, 0x00, 0xf9, 0x95, 0x1f, 0x00, 0x94, 
    0x68, 0x02, 0x41, 0xf9, 0x08, 0x21, 0x00, 0x91, 0x68, 0x02, 0x01, 0xf9, 
    0xd3, 0x1e, 0x00, 0x94, 0xfe, 0x07, 0x43, 0xf8, 0xc0, 0x03, 0x5f, 0xd6, 
    0x1f, 0x20, 0x03, 0xd5, 0xc2, 0x70, 0x05, 0x10, 0x03, 0x00, 0x00, 0x14, 
    0x1f, 0x20, 0x03, 0xd5, 0x22, 0x71, 0x05, 0x10, 0x86, 0x1e, 0x00, 0x94, 
    0xfe, 0x0f, 0x1d, 0xf8, 0x98, 0x1e, 0x00, 0x94, 0x03, 0x1f, 0x00, 0x94, 
    0x48, 0x04, 0x00, 0x54, 0x1f, 0xfc, 0x07, 0xf1, 0x68, 0x04, 0x00, 0x54, 
    0xf5, 0x03, 0x02, 0xaa, 0x75, 0x6a, 0x20, 0x38, 0xec, 0x1e, 0x00, 0x94, 
    0x60, 0x02, 0x01, 0xf9, 0x22, 0x04, 0x00, 0x54, 0x55, 0x1f, 0x00, 0x94, 
    0xf4, 0x03, 0x03, 0xaa, 0x01, 0x05, 0x00, 0x91, 0x22, 0x00, 0x15, 0x8b, 
    0x61, 0x02, 0x01, 0xf9, 0x95, 0x0e, 0x00, 0x94, 0x1f, 0x20, 0x03, 0xd5, 
    0x24, 0x70, 0x05, 0x10, 0xe2, 0x03, 0x16, 0xaa, 0x9f, 0x1e, 0x00, 0x94, 
    0xa0, 0x1e, 0x00, 0x94, 0xe2, 0x03, 0x00, 0xaa, 0xe4, 0x03, 0x01, 0xaa, 
    0x1f, 0x20, 0x03, 0xd5, 0x43, 0x66, 0x05, 0x10, 0x00, 0x01, 0x80, 0x52, 
    0x72, 0x1e, 0x00, 0x94, 0x1f, 0x20, 0x03, 0xd5, 0x84, 0x66, 0x05, 0x10, 
    0xe2, 0x23, 0x00, 0x91, 0x03, 0x01, 0x80, 0x52, 0xf4, 0x07, 0x00, 0xf9, 
    0x67, 0x1f, 0x00, 0x94, 0x68, 0x02, 0x41, 0xf9, 0x08, 0x21, 0x00, 0x91, 
    0x68, 0x02, 0x01, 0xf9, 0xa5, 0x1e, 0x00, 0x94, 0xfe, 0x07, 0x43, 0xf8, 
    0xc0, 0x03, 0x5f, 0xd6, 0x1f, 0x20, 0x03, 0xd5, 0x02, 0x6b, 0x05, 0x10, 
    0x03, 0x00, 0x00, 0x14, 0x1f, 0x20, 0x03, 0xd5, 0x62, 0x6b, 0x05, 0x10, 
    0x58, 0x1e, 0x00, 0x94, 0xfd, 0x7b, 0xba, 0xa9, 0xe9, 0x23, 0x40, 0xd1, 
    0xe0, 0x03, 0x1e, 0xaa, 0x77, 0x1e, 0x00, 0x94, 0xfe, 0x03, 0x00, 0xaa, 
    0xff, 0x07, 0x40, 0xd1, 0xff, 0x63, 0x29, 0xeb, 0xff, 0x03, 0x00, 0xf9, 
    0xa1, 0xff, 0xff, 0x54, 0xff, 0x43, 0x31, 0xd1, 0xff, 0x03, 0x00, 0xf9, 
    0xa1, 0x00, 0x80, 0x52, 0x16, 0xeb, 0x89, 0x52, 0xa8, 0x00, 0x00, 0xb0, 
    0x1f, 0x20, 0x03, 0xd5, 0xc9, 0xc2, 0x02, 0x10, 0xe0, 0x43, 0x09, 0x91, 
    0x01, 0x20, 0xa0, 0x72, 0xf4, 0x43, 0x09, 0x91, 0x56, 0xa8, 0xa9, 0x72, 
    0x09, 0x11, 0x00, 0xf9, 0x4c, 0x1b, 0x00, 0x94, 0xe8, 0x53, 0x42, 0xb9, 
    0x1f, 0x05, 0x00, 0x71, 0x40, 0x01, 0x00, 0x54, 0x88, 0x06, 0x40, 0xf9, 
    0x08, 0x01, 0x00, 0xb4, 0xe8, 0x0f, 0x00, 0xf9, 0x08, 0x01, 0x40, 0xb9, 
    0xf7, 0x03, 0x1f, 0x2a, 0x33, 0x00, 0x80, 0x52, 0x1f, 0x01, 0x16, 0x6b, 
    0xf8, 0x17, 0x9f, 0x1a, 0x04, 0x00, 0x00, 0x14, 0xf3, 0x03, 0x1f, 0x2a, 
    0xf8, 0x03, 0x1f, 0x2a, 0x37, 0x00, 0x80, 0x52, 0xfc, 0x13, 0x40, 0x91, 
    0xf9, 0x13, 0x40, 0x91, 0x1f, 0x20, 0x03, 0xd5, 0x21, 0x9e, 0x05, 0x10, 
    0xe0, 0x43, 0x09, 0x91, 0xa2, 0x00, 0x80, 0x52, 0x9c, 0x43, 0x33, 0x91, 
    0x39, 0xb3, 0x22, 0x91, 0xd7, 0x0e, 0x00, 0x94, 0xe8, 0x53, 0x42, 0xb9, 
    0x8a, 0xa6, 0x40, 0xa9, 0xe0, 0x1b, 0x40, 0x91, 0x1f, 0x20, 0x03, 0xd5, 
    0x42, 0x70, 0x04, 0x50, 0x1f, 0x01, 0x00, 0x71, 0x1f, 0x20, 0x03, 0xd5, 
    0x68, 0xaa, 0x05, 0x50, 0x00, 0xc0, 0x23, 0x91, 0x61, 0x00, 0x80, 0x52, 
    0x63, 0x01, 0x80, 0x52, 0x64, 0x00, 0x80, 0x52, 0xfb, 0x43, 0x09, 0x91, 
    0x34, 0x05, 0x9f, 0x9a, 0x15, 0x11, 0x8a, 0x9a, 0xfd, 0x0d, 0x00, 0x94, 
    0xe0, 0x1b, 0x40, 0x91, 0x1f, 0x20, 0x03, 0xd5, 0xe1, 0x50, 0x05, 0x10, 
    0x00, 0xc0, 0x23, 0x91, 0xc2, 0x00, 0x80, 0x52, 0xe3, 0x03, 0x15, 0xaa, 
    0xe4, 0x03, 0x14, 0xaa, 0xcb, 0x14, 0x00, 0x94, 0xe0, 0x1b, 0x40, 0x91, 
    0x1f, 0x20, 0x03, 0xd5, 0xe1, 0x6d, 0x04, 0x30, 0x00, 0xc0, 0x23, 0x91, 
    0x22, 0x01, 0x80, 0x52, 0xe3, 0x03, 0x13, 0x2a, 0x57, 0xff, 0xff, 0x97, 
    0xe0, 0x1b, 0x40, 0x91, 0x1f, 0x20, 0x03, 0xd5, 0x01, 0x6f, 0x04, 0x50, 
    0x00, 0xc0, 0x23, 0x91, 0x02, 0x01, 0x80, 0x52, 0xe3, 0x03, 0x18, 0x2a, 
    0x50, 0xff, 0xff, 0x97, 0xd2, 0x1d, 0x00, 0x94, 0x59, 0x1e, 0x00, 0x94, 
    0xf8, 0x17, 0x00, 0xb9, 0xb8, 0x6f, 0x00, 0x36, 0xfd, 0x0f, 0x40, 0xf9, 
    0x57, 0x6f, 0x00, 0x35, 0xe0, 0x1b, 0x40, 0x91, 0x1f, 0x20, 0x03, 0xd5, 
    0xe2, 0x6f, 0x04, 0x10, 0x00, 0xc0, 0x23, 0x91, 0x61, 0x00, 0x80, 0x52, 
    0x63, 0x01, 0x80, 0x52, 0x64, 0x00, 0x80, 0x52, 0xd9, 0x0d, 0x00, 0x94, 
    0xa3, 0x33, 0x40, 0x39, 0xe0, 0x1b, 0x40, 0x91, 0x41, 0x00, 0x00, 0xb0, 
    0x21, 0xa8, 0x02, 0x91, 0x00, 0xc0, 0x23, 0x91, 0x97, 0x1e, 0x00, 0x94, 
    0xa3, 0x2b, 0x40, 0x39, 0xe0, 0x1b, 0x40, 0x91, 0x1f, 0x20, 0x03, 0xd5, 
    0x41, 0x6e, 0x04, 0x70, 0x00, 0xc0, 0x23, 0x91, 0x22, 0x01, 0x80, 0x52, 
    0x35, 0xff, 0xff, 0x97, 0xa3, 0x23, 0x40, 0x39, 0xe0, 0x1b, 0x40, 0x91, 
    0x41, 0x00, 0x00, 0xb0, 0x21, 0xa8, 0x01, 0x91, 0x00, 0xc0, 0x23, 0x91, 
    0x8a, 0x1e, 0x00, 0x94, 0xb1, 0x1d, 0x00, 0x94, 0x38, 0x1e, 0x00, 0x94, 
    0xa8, 0x03, 0x40, 0xb9, 0x37, 0x02, 0x80, 0x52, 0x1f, 0x01, 0x16, 0x6b, 
    0xa1, 0x3a, 0x00, 0x54, 0xa8, 0x0b, 0x40, 0x79, 0x68, 0x3a, 0x00, 0x34, 
    0xf4, 0x1b, 0x40, 0x91, 0xf3, 0x03, 0x1f, 0xaa, 0x94, 0xc2, 0x1d, 0x91, 
    0x7f, 0x02, 0x02, 0xf1, 0xa0, 0x00, 0x00, 0x54, 0x80, 0x02, 0x13, 0x8b, 
    0x73, 0x1e, 0x00, 0x94, 0x73, 0x82, 0x00, 0x91, 0xfb, 0xff, 0xff, 0x17, 
    0xf4, 0x17, 0x40, 0x91, 0xf3, 0x03, 0x1f, 0xaa, 0x3f, 0x1f, 0x04, 0xb9, 
    0x94, 0x42, 0x1c, 0x91, 0x7f, 0x02, 0x04, 0xf1, 0xa0, 0x00, 0x00, 0x54, 
    0x80, 0x02, 0x13, 0x8b, 0x60, 0x1e, 0x00, 0x94, 0x73, 0x02, 0x01, 0x91, 
    0xfb, 0xff, 0xff, 0x17, 0xa8, 0x33, 0x40, 0x39, 0x89, 0x00, 0x80, 0x52, 
    0x3f, 0x23, 0x04, 0xb9, 0x1f, 0x11, 0x00, 0x71, 0x19, 0x31, 0x89, 0x1a, 
    0xa8, 0x08, 0x00, 0x34, 0xa8, 0x2b, 0x40, 0x39, 0xfc, 0x13, 0x40, 0x91, 
    0xfa, 0x03, 0x1f, 0xaa, 0xf6, 0x03, 0x1f, 0xaa, 0x1f, 0x20, 0x03, 0xd5, 
    0xd4, 0x85, 0x05, 0x10, 0x08, 0xed, 0x7c, 0xd3, 0x1f, 0x20, 0x03, 0xd5, 
    0xf8, 0x86, 0x05, 0x10, 0x9c, 0x33, 0x33, 0x91, 0x13, 0x01, 0x01, 0x91, 
    0x5f, 0x03, 0x19, 0xeb, 0x5b, 0x27, 0x9a, 0x9a, 0x82, 0x06, 0x00, 0x54, 
    0x7f, 0xfe, 0x1f, 0xf1, 0x48, 0x06, 0x00, 0x54, 0xa8, 0x6b, 0x73, 0x38, 
    0x75, 0x06, 0x00, 0x91, 0xb3, 0x02, 0x08, 0x8b, 0x7f, 0x02, 0x20, 0xf1, 
    0xa8, 0x05, 0x00, 0x54, 0xe9, 0x1b, 0x40, 0x91, 0x1f, 0x81, 0x00, 0xf1, 
    0x02, 0x04, 0x80, 0x52, 0x29, 0xc1, 0x1d, 0x91, 0x1f, 0x20, 0x03, 0xd5, 
    0x63, 0x82, 0x05, 0x10, 0x21, 0x15, 0x1a, 0x8b, 0x09, 0x04, 0x80, 0x52, 
    0x17, 0x31, 0x89, 0x9a, 0xe0, 0x03, 0x17, 0xaa, 0x0e, 0x1b, 0x00, 0x94, 
    0xa2, 0x03, 0x15, 0x8b, 0xe3, 0x03, 0x17, 0xaa, 0xe4, 0x03, 0x14, 0xaa, 
    0xa1, 0x1e, 0x00, 0x94, 0xe8, 0x13, 0x40, 0x91, 0x7f, 0x02, 0x20, 0xf1, 
    0x08, 0x21, 0x33, 0x91, 0x17, 0x69, 0x3a, 0x38, 0x20, 0x03, 0x00, 0x54, 
    0xa8, 0x6b, 0x73, 0x38, 0x75, 0x06, 0x00, 0x91, 0xb3, 0x02, 0x08, 0x8b, 
    0x7f, 0x02, 0x20, 0xf1, 0x88, 0x02, 0x00, 0x54, 0xe9, 0x17, 0x40, 0x91, 
    0x1f, 0x01, 0x01, 0xf1, 0x02, 0x08, 0x80, 0x52, 0x29, 0x41, 0x1c, 0x91, 
    0x1f, 0x20, 0x03, 0xd5, 0xc3, 0x80, 0x05, 0x10, 0x21, 0x19, 0x1a, 0x8b, 
    0x09, 0x08, 0x80, 0x52, 0x17, 0x31, 0x89, 0x9a, 0xe0, 0x03, 0x17, 0xaa, 
    0xf5, 0x1a, 0x00, 0x94, 0xa2, 0x03, 0x15, 0x8b, 0xe3, 0x03, 0x17, 0xaa, 
    0xe4, 0x03, 0x18, 0xaa, 0x88, 0x1e, 0x00, 0x94, 0x97, 0x6b, 0x3a, 0x38, 
    0xd6, 0x06, 0x00, 0x91, 0xfa, 0x03, 0x1b, 0xaa, 0xcb, 0xff, 0xff, 0x17, 
    0xfc, 0x13, 0x40, 0x91, 0x9c, 0x43, 0x33, 0x91, 0x02, 0x00, 0x00, 0x14, 
    0xf6, 0x03, 0x1f, 0xaa, 0x00, 0xe4, 0x00, 0x6f, 0xf4, 0x1b, 0x40, 0x91, 
    0xf3, 0x03, 0x1f, 0xaa, 0x94, 0xc2, 0x23, 0x91, 0x80, 0x03, 0x00, 0xad, 
    0x80, 0x03, 0x01, 0xad, 0x80, 0x03, 0x02, 0xad, 0x80, 0x03, 0x03, 0xad, 
    0x7f, 0x22, 0x06, 0xf1, 0xe0, 0x00, 0x00, 0x54, 0x80, 0x02, 0x13, 0x8b, 
    0xe1, 0x03, 0x1f, 0x2a, 0x42, 0x0c, 0x80, 0x52, 0xef, 0x1e, 0x00, 0x94, 
    0x73, 0x8a, 0x01, 0x91, 0xf9, 0xff, 0xff, 0x17, 0xf5, 0x03, 0x1f, 0xaa, 
    0xff, 0xff, 0x02, 0xa9, 0xf7, 0x03, 0x1f, 0xaa, 0xff, 0x27, 0x00, 0xb9, 
    0xe8, 0x17, 0x40, 0x91, 0x08, 0x41, 0x1c, 0x91, 0x1a, 0x19, 0x17, 0x8b, 
    0xe8, 0x1b, 0x40, 0x91, 0x08, 0xc1, 0x1d, 0x91, 0x1c, 0x15, 0x17, 0x8b, 
    0xdf, 0x02, 0x17, 0xeb, 0x20, 0x17, 0x00, 0x54, 0xff, 0x12, 0x00, 0xf1, 
    0xc0, 0x1f, 0x00, 0x54, 0xe8, 0x13, 0x40, 0x91, 0xe0, 0x03, 0x1c, 0xaa, 
    0x1f, 0x20, 0x03, 0xd5, 0x22, 0x2e, 0x05, 0x10, 0x08, 0x21, 0x33, 0x91, 
    0x1b, 0x69, 0x77, 0x38, 0xe8, 0x13, 0x40, 0x91, 0x08, 0x31, 0x33, 0x91, 
    0x13, 0x69, 0x77, 0x38, 0xe1, 0x03, 0x1b, 0xaa, 0xf7, 0x06, 0x00, 0x91, 
    0x96, 0x11, 0x00, 0x94, 0xfd, 0x03, 0x00, 0xaa, 0xf4, 0x03, 0x01, 0xaa, 
    0xe0, 0x03, 0x1a, 0xaa, 0xe1, 0x03, 0x13, 0xaa, 0x1f, 0x20, 0x03, 0xd5, 
    0x22, 0x2d, 0x05, 0x10, 0x88, 0x11, 0x00, 0x94, 0xf9, 0x03, 0x00, 0xaa, 
    0x9f, 0x36, 0x00, 0xf1, 0xf8, 0x03, 0x01, 0xaa, 0xc0, 0x03, 0x00, 0x54, 
    0x9f, 0x26, 0x00, 0xf1, 0xe1, 0x09, 0x00, 0x54, 0xea, 0x03, 0x1d, 0xaa, 
    0xa9, 0x0b, 0x40, 0x39, 0xa8, 0x07, 0x40, 0x39, 0x4b, 0x4d, 0x40, 0x38, 
    0x4c, 0x09, 0x40, 0x39, 0xad, 0x03, 0x40, 0x39, 0xae, 0x0f, 0x40, 0x39, 
    0x29, 0xbd, 0x70, 0xd3, 0xaf, 0x17, 0x40, 0x39, 0x4a, 0x0d, 0x40, 0x39, 
    0x8c, 0x3d, 0x10, 0x53, 0xa8, 0x21, 0x08, 0xaa, 0x29, 0x61, 0x0e, 0xaa, 
    0x6b, 0x21, 0x0f, 0x2a, 0x8a, 0x61, 0x0a, 0x2a, 0x28, 0x01, 0x08, 0xaa, 
    0x49, 0x01, 0x0b, 0x2a, 0xaa, 0x23, 0x40, 0x39, 0x08, 0x81, 0x09, 0xaa, 
    0x09, 0xee, 0x8d, 0xd2, 0x49, 0x8e, 0xae, 0xf2, 0x5f, 0x95, 0x01, 0xf1, 
    0xc9, 0xc5, 0xcd, 0xf2, 0x29, 0xac, 0xed, 0xf2, 0x00, 0x01, 0x49, 0xfa, 
    0xa1, 0x06, 0x00, 0x54, 0x63, 0x00, 0x00, 0x14, 0xa8, 0x07, 0x40, 0x39, 
    0xa9, 0x03, 0x40, 0x39, 0xed, 0x03, 0x1d, 0xaa, 0xaa, 0x0b, 0x40, 0x39, 
    0xab, 0x0f, 0x40, 0x39, 0xec, 0x03, 0x1d, 0xaa, 0x28, 0x21, 0x08, 0xaa, 
    0xb1, 0x27, 0x40, 0x39, 0xa0, 0x17, 0x40, 0x39, 0x49, 0xbd, 0x70, 0xd3, 
    0xaa, 0x8d, 0x40, 0x38, 0xae, 0x09, 0x40, 0x39, 0xb2, 0x0d, 0x40, 0x39, 
    0xad, 0x11, 0x40, 0x39, 0x29, 0x61, 0x0b, 0xaa, 0x4a, 0x21, 0x11, 0xaa, 
    0xce, 0xbd, 0x70, 0xd3, 0x8f, 0x4d, 0x40, 0x38, 0x90, 0x09, 0x40, 0x39, 
    0x8c, 0x0d, 0x40, 0x39, 0x28, 0x01, 0x08, 0xaa, 0xcb, 0x61, 0x12, 0xaa, 
    0xee, 0x21, 0x00, 0x2a, 0x10, 0x3e, 0x10, 0x53, 0x6a, 0x01, 0x0a, 0xaa, 
    0x49, 0x81, 0x0d, 0xaa, 0x2a, 0x8c, 0x8c, 0xd2, 0x0c, 0x62, 0x0c, 0x2a, 
    0x2a, 0x8c, 0xae, 0xf2, 0x2a, 0x0c, 0xc0, 0xf2, 0x8b, 0x01, 0x0e, 0x2a, 
    0x3f, 0x01, 0x0a, 0xeb, 0x0a, 0xee, 0x8d, 0xd2, 0x08, 0x81, 0x0b, 0xaa, 
    0x4a, 0x8e, 0xae, 0xf2, 0xca, 0xa5, 0xcd, 0xf2, 0xaa, 0x8c, 0xee, 0xf2, 
    0x00, 0x01, 0x4a, 0xfa, 0xa0, 0x05, 0x00, 0x54, 0x7f, 0x12, 0x00, 0x71, 
    0x63, 0x01, 0x00, 0x54, 0xaa, 0xac, 0x8d, 0xd2, 0xea, 0x2b, 0xad, 0xf2, 
    0x8a, 0x0c, 0xc0, 0xf2, 0x3f, 0x01, 0x0a, 0xeb, 0x09, 0xee, 0x8d, 0xd2, 
    0x49, 0x8e, 0xae, 0xf2, 0xc9, 0x65, 0xce, 0xf2, 0x09, 0xad, 0xed, 0xf2, 
    0x00, 0x01, 0x49, 0xfa, 0x00, 0x08, 0x00, 0x54, 0xbf, 0x12, 0x00, 0xf1, 
    0x5a, 0x03, 0x01, 0x91, 0x9c, 0x83, 0x00, 0x91, 0x42, 0xf2, 0xff, 0x54, 
    0x48, 0x0c, 0x80, 0x52, 0xe9, 0x1b, 0x40, 0x91, 0xe1, 0x03, 0x1b, 0xaa, 
    0x29, 0xc1, 0x23, 0x91, 0xba, 0x26, 0x08, 0x9b, 0x1f, 0x20, 0x03, 0xd5, 
    0xe2, 0x21, 0x05, 0x10, 0x40, 0x03, 0x01, 0x91, 0x28, 0x10, 0x00, 0x94, 
    0xe2, 0x03, 0x1d, 0xaa, 0xe3, 0x03, 0x14, 0xaa, 0x1f, 0x20, 0x03, 0xd5, 
    0xe4, 0x21, 0x05, 0x10, 0xe9, 0x1d, 0x00, 0x94, 0xe0, 0x03, 0x1a, 0xaa, 
    0xe1, 0x03, 0x13, 0xaa, 0x1f, 0x20, 0x03, 0xd5, 0x02, 0x22, 0x05, 0x10, 
    0x5b, 0x83, 0x01, 0x39, 0x29, 0x11, 0x00, 0x94, 0xe2, 0x03, 0x19, 0xaa, 
    0xe3, 0x03, 0x18, 0xaa, 0x1f, 0x20, 0x03, 0xd5, 0x04, 0x22, 0x05, 0x10, 
    0xde, 0x1d, 0x00, 0x94, 0x53, 0x87, 0x01, 0x39, 0xb5, 0x06, 0x00, 0x91, 
    0x70, 0xff, 0xff, 0x17, 0x1f, 0x03, 0x01, 0xf1, 0x08, 0x08, 0x80, 0x52, 
    0xe0, 0x13, 0x40, 0x91, 0x13, 0x33, 0x88, 0x9a, 0x00, 0x40, 0x34, 0x91, 
    0x1f, 0x20, 0x03, 0xd5, 0x62, 0x24, 0x05, 0x10, 0xe1, 0x03, 0x13, 0xaa, 
    0x18, 0x11, 0x00, 0x94, 0xe2, 0x03, 0x19, 0xaa, 0xe3, 0x03, 0x13, 0xaa, 
    0x1f, 0x20, 0x03, 0xd5, 0x64, 0x24, 0x05, 0x10, 0xf3, 0x17, 0x00, 0xf9, 
    0x0f, 0x00, 0x00, 0x14, 0x1f, 0x03, 0x01, 0xf1, 0x08, 0x08, 0x80, 0x52, 
    0xe0, 0x13, 0x40, 0x91, 0x13, 0x33, 0x88, 0x9a, 0x00, 0x40, 0x33, 0x91, 
    0x1f, 0x20, 0x03, 0xd5, 0x02, 0x24, 0x05, 0x10, 0xe1, 0x03, 0x13, 0xaa, 
    0x09, 0x11, 0x00, 0x94, 0xe2, 0x03, 0x19, 0xaa, 0xf3, 0x1b, 0x00, 0xf9, 
    0xe3, 0x03, 0x13, 0xaa, 0x1f, 0x20, 0x03, 0xd5, 0xe4, 0x23, 0x05, 0x10, 
    0xbd, 0x1d, 0x00, 0x94, 0x51, 0xff, 0xff, 0x17, 0x98, 0x44, 0x00, 0xb4, 
    0x1f, 0x07, 0x00, 0xf1, 0xa0, 0x44, 0x00, 0x54, 0x1f, 0x0b, 0x00, 0xf1, 
    0x09, 0x45, 0x00, 0x54, 0x1f, 0x0f, 0x00, 0xf1, 0x20, 0x45, 0x00, 0x54, 
    0x28, 0x03, 0x40, 0x39, 0x29, 0x07, 0x40, 0x39, 0x2a, 0x0b, 0x40, 0x39, 
    0x08, 0x21, 0x09, 0x2a, 0x29, 0x0f, 0x40, 0x39, 0x08, 0x41, 0x0a, 0x2a, 
    0x08, 0x61, 0x09, 0x2a, 0xe8, 0x27, 0x00, 0xb9, 0x41, 0xff, 0xff, 0x17, 
    0xf6, 0x0f, 0x40, 0xf9, 0xe0, 0x13, 0x40, 0x91, 0xe1, 0x17, 0x40, 0xf9, 
    0x1f, 0x20, 0x03, 0xd5, 0xc2, 0x15, 0x05, 0x10, 0x00, 0x40, 0x34, 0x91, 
    0xc8, 0x22, 0x40, 0x39, 0x08, 0x05, 0x00, 0x51, 0x09, 0x1d, 0x00, 0x12, 
    0x1f, 0x0d, 0x1c, 0x72, 0xf7, 0x17, 0x89, 0x1a, 0xd9, 0x10, 0x00, 0x94, 
    0x00, 0xe4, 0x00, 0x6f, 0xfd, 0x1b, 0x40, 0xf9, 0xf4, 0x03, 0x00, 0xaa, 
    0xfa, 0x1b, 0x40, 0x91, 0xe0, 0x23, 0x40, 0x91, 0xf3, 0x03, 0x01, 0xaa, 
    0xd9, 0x26, 0x40, 0x39, 0x5a, 0xc3, 0x23, 0x91, 0x1f, 0x20, 0x03, 0xd5, 
    0xe2, 0x25, 0x05, 0x10, 0x00, 0xc0, 0x2e, 0x91, 0xe1, 0x03, 0x1d, 0xaa, 
    0x40, 0xbf, 0x88, 0x3d, 0x40, 0xbb, 0x88, 0x3d, 0x40, 0xb7, 0x88, 0x3d, 
    0x40, 0xb3, 0x88, 0x3d, 0x30, 0x13, 0x00, 0x94, 0xf8, 0x03, 0x00, 0xaa, 
    0xe0, 0x13, 0x40, 0x91, 0xf6, 0x03, 0x01, 0xaa, 0x1f, 0x20, 0x03, 0xd5, 
    0x22, 0x25, 0x05, 0x10, 0x00, 0x40, 0x33, 0x91, 0xe1, 0x03, 0x1d, 0xaa, 
    0xc0, 0x10, 0x00, 0x94, 0xe2, 0x03, 0x00, 0xaa, 0xe3, 0x03, 0x01, 0xaa, 
    0x1f, 0x20, 0x03, 0xd5, 0x04, 0x25, 0x05, 0x10, 0xe0, 0x03, 0x18, 0xaa, 
    0xe1, 0x03, 0x16, 0xaa, 0x80, 0x1d, 0x00, 0x94, 0x00, 0xe4, 0x00, 0x6f, 
    0xe0, 0x23, 0x40, 0x91, 0x1f, 0x20, 0x03, 0xd5, 0xe2, 0x24, 0x05, 0x10, 
    0x00, 0xc0, 0x2f, 0x91, 0xe1, 0x03, 0x13, 0xaa, 0x40, 0xcf, 0x88, 0x3d, 
    0x40, 0xcb, 0x88, 0x3d, 0x40, 0xc7, 0x88, 0x3d, 0x40, 0xc3, 0x88, 0x3d, 
    0x16, 0x13, 0x00, 0x94, 0x1f, 0x20, 0x03, 0xd5, 0x84, 0x24, 0x05, 0x10, 
    0xe2, 0x03, 0x14, 0xaa, 0xe3, 0x03, 0x13, 0xaa, 0x70, 0x1d, 0x00, 0x94, 
    0xf6, 0x13, 0x40, 0x91, 0xfc, 0x13, 0x40, 0x91, 0xf4, 0x03, 0x1f, 0xaa, 
    0xd6, 0x42, 0x35, 0x91, 0x9c, 0x43, 0x33, 0x91, 0x9f, 0x02, 0x02, 0xf1, 
    0x20, 0x01, 0x00, 0x54, 0xc0, 0x02, 0x14, 0x8b, 0x03, 0x1d, 0x00, 0x94, 
    0x94, 0x82, 0x00, 0x91, 0xfb, 0xff, 0xff, 0x17, 0x1f, 0x20, 0x03, 0xd5, 
    0x02, 0x0e, 0x05, 0x10, 0x80, 0x00, 0x80, 0x52, 0x00, 0x1d, 0x00, 0x94, 
    0xf6, 0x1f, 0x40, 0x91, 0xf4, 0x03, 0x1f, 0xaa, 0xd6, 0xc2, 0x2c, 0x91, 
    0x9f, 0x02, 0x04, 0xf1, 0xa0, 0x00, 0x00, 0x54, 0xc0, 0x02, 0x14, 0x8b, 
    0xed, 0x1c, 0x00, 0x94, 0x94, 0x02, 0x01, 0x91, 0xfb, 0xff, 0xff, 0x17, 
    0xe9, 0x1b, 0x40, 0x91, 0xe8, 0x43, 0x09, 0x91, 0xf6, 0x43, 0x09, 0x91, 
    0x29, 0xc1, 0x23, 0x91, 0xe1, 0x23, 0x40, 0x91, 0xc0, 0x12, 0x01, 0x91, 
    0x20, 0xb1, 0xc8, 0x3d, 0x21, 0xb5, 0xc8, 0x3d, 0x22, 0xb9, 0xc8, 0x3d, 
    0x21, 0xc0, 0x2f, 0x91, 0x02, 0x08, 0x80, 0x52, 0xfb, 0x43, 0x09, 0x91, 
    0x00, 0x05, 0x00, 0xad, 0x20, 0xbd, 0xc8, 0x3d, 0xfd, 0x7b, 0x11, 0x39, 
    0x02, 0x01, 0x01, 0xad, 0xf7, 0xbb, 0x08, 0x79, 0xf9, 0x7f, 0x11, 0x39, 
    0xc1, 0x1d, 0x00, 0x94, 0xf3, 0x83, 0x11, 0x39, 0xd3, 0x12, 0x02, 0x91, 
    0xe1, 0x13, 0x40, 0x91, 0x21, 0x40, 0x35, 0x91, 0xe0, 0x03, 0x13, 0xaa, 
    0xcb, 0x1c, 0x00, 0x94, 0xd4, 0x22, 0x04, 0x91, 0xe1, 0x1f, 0x40, 0x91, 
    0x02, 0x20, 0x80, 0x52, 0x21, 0xc0, 0x2c, 0x91, 0xe0, 0x03, 0x14, 0xaa, 
    0xff, 0x57, 0x03, 0xb9, 0xb4, 0x1d, 0x00, 0x94, 0xe8, 0x27, 0x40, 0xb9, 
    0xff, 0x87, 0x11, 0x39, 0xff, 0x5b, 0x04, 0xb9, 0xe8, 0x93, 0x02, 0xb9, 
    0xd5, 0x03, 0x00, 0xb4, 0xbf, 0x12, 0x00, 0xf1, 0x88, 0x00, 0x80, 0x52, 
    0xd7, 0x12, 0x04, 0x91, 0xb8, 0x32, 0x88, 0x9a, 0xe8, 0x1b, 0x40, 0x91, 
    0x08, 0xc1, 0x23, 0x91, 0xfa, 0x03, 0x18, 0xaa, 0x19, 0x85, 0x01, 0x91, 
    0x7a, 0x02, 0x00, 0xb4, 0x21, 0x87, 0x00, 0xd1, 0xe0, 0x03, 0x13, 0xaa, 
    0x02, 0x04, 0x80, 0x52, 0x35, 0x87, 0x01, 0xd1, 0xa1, 0x1d, 0x00, 0x94, 
    0x28, 0xf3, 0x5f, 0x38, 0xe0, 0x03, 0x14, 0xaa, 0xe1, 0x03, 0x15, 0xaa, 
    0x02, 0x08, 0x80, 0x52, 0xe8, 0x02, 0x00, 0x39, 0x9b, 0x1d, 0x00, 0x94, 
    0x28, 0x27, 0x46, 0x38, 0x5a, 0x07, 0x00, 0xd1, 0x94, 0x02, 0x01, 0x91, 
    0x73, 0x82, 0x00, 0x91, 0xe8, 0x12, 0x04, 0x39, 0xf7, 0x06, 0x00, 0x91, 
    0xfa, 0xfd, 0xff, 0xb5, 0xf7, 0xbb, 0x48, 0x79, 0xf8, 0x87, 0x11, 0x39, 
    0xe0, 0x13, 0x01, 0x91, 0xe1, 0x43, 0x09, 0x91, 0x82, 0x41, 0x80, 0x52, 
    0x8e, 0x1d, 0x00, 0x94, 0xc8, 0x22, 0x44, 0x79, 0xc9, 0x1e, 0x44, 0x79, 
    0xca, 0x26, 0x44, 0x79, 0x28, 0x41, 0x08, 0x2a, 0xea, 0x83, 0x00, 0x79, 
    0xe8, 0x3f, 0x00, 0xb9, 0xc0, 0x16, 0x00, 0x94, 0xf3, 0x03, 0x00, 0xaa, 
    0xf4, 0x03, 0x13, 0x2a, 0x9f, 0x72, 0x00, 0xf1, 0x61, 0x03, 0x00, 0x54, 
    0x00, 0xe4, 0x00, 0x6f, 0xe0, 0x13, 0x40, 0x91, 0x1f, 0x20, 0x03, 0xd5, 
    0x02, 0xb4, 0x04, 0x10, 0x00, 0x40, 0x34, 0x91, 0xa1, 0x00, 0x80, 0x52, 
    0x75, 0x13, 0x40, 0x91, 0x80, 0x03, 0x02, 0xad, 0x38, 0x0f, 0x00, 0x94, 
    0x1f, 0x20, 0x03, 0xd5, 0x62, 0x57, 0x05, 0x10, 0x1f, 0x20, 0x03, 0xd5, 
    0xa4, 0xb3, 0x04, 0x10, 0xc5, 0x1c, 0x00, 0x94, 0xf8, 0x13, 0x40, 0x91, 
    0xf6, 0x03, 0x1f, 0xaa, 0x1f, 0x20, 0x03, 0xd5, 0xd4, 0xb3, 0x04, 0x10, 
    0x18, 0x43, 0x35, 0x91, 0xdf, 0x02, 0x27, 0xf1, 0xa0, 0x03, 0x00, 0x54, 
    0x00, 0x03, 0x16, 0x8b, 0xe1, 0x03, 0x14, 0xaa, 0xb9, 0x1c, 0x00, 0x94, 
    0xd6, 0xe2, 0x04, 0x91, 0xfa, 0xff, 0xff, 0x17, 0xe0, 0x1b, 0x40, 0x91, 
    0x1f, 0x20, 0x03, 0xd5, 0x02, 0x30, 0x04, 0x10, 0x00, 0xc0, 0x23, 0x91, 
    0xe1, 0x03, 0x1f, 0x2a, 0x23, 0x02, 0x80, 0x52, 0x44, 0x1c, 0x00, 0x94, 
    0x1f, 0x20, 0x03, 0xd5, 0x68, 0x49, 0x04, 0x10, 0xe0, 0x1b, 0x40, 0x91, 
    0x04, 0x79, 0x74, 0xf8, 0x1f, 0x20, 0x03, 0xd5, 0xe8, 0x4f, 0x04, 0x10, 
    0x03, 0x79, 0x74, 0xf8, 0x1f, 0x20, 0x03, 0xd5, 0xe1, 0xae, 0x04, 0x50, 
    0x00, 0xc0, 0x23, 0x91, 0x62, 0x00, 0x80, 0x52, 0x90, 0x12, 0x00, 0x94, 
    0xa5, 0x1b, 0x00, 0x94, 0x2c, 0x1c, 0x00, 0x94, 0x20, 0x00, 0x80, 0x52, 
    0x67, 0x19, 0x00, 0x94, 0xf6, 0x17, 0x40, 0x91, 0xf4, 0x0b, 0x82, 0x92, 
    0x18, 0x0c, 0x82, 0x52, 0xd6, 0x42, 0x1c, 0x91, 0x14, 0x01, 0x00, 0xb4, 
    0xc8, 0x02, 0x14, 0x8b, 0x61, 0x00, 0x80, 0x52, 0x02, 0x83, 0x80, 0x52, 
    0x00, 0x01, 0x18, 0x8b, 0x49, 0x1d, 0x00, 0x94, 0x94, 0x62, 0x10, 0x91, 
    0x54, 0xff, 0xff, 0xb5, 0xe9, 0x1b, 0x40, 0x91, 0xe8, 0x03, 0x1f, 0xaa, 
    0x29, 0xc1, 0x1d, 0x91, 0x1f, 0x01, 0x06, 0xf1, 0xc0, 0x00, 0x00, 0x54, 
    0x2a, 0x01, 0x08, 0x8b, 0x08, 0x61, 0x00, 0x91, 0x5f, 0xfd, 0x00, 0xa9, 
    0x5f, 0x01, 0x00, 0xf9, 0xfa, 0xff, 0xff, 0x17, 0xf8, 0x1b, 0x40, 0x91, 
    0xf6, 0x47, 0x82, 0x92, 0x19, 0x48, 0x82, 0x52, 0x18, 0xc3, 0x23, 0x91, 
    0x1f, 0x20, 0x03, 0xd5, 0x34, 0xb6, 0x04, 0x10, 0x16, 0x01, 0x00, 0xb4, 
    0x08, 0x03, 0x16, 0x8b, 0xe1, 0x03, 0x14, 0xaa, 0x02, 0x49, 0x80, 0x52, 
    0x00, 0x01, 0x19, 0x8b, 0x30, 0x1d, 0x00, 0x94, 0xd6, 0x22, 0x09, 0x91, 
    0x56, 0xff, 0xff, 0xb5, 0xf8, 0x1f, 0x40, 0x91, 0xf6, 0x0f, 0x82, 0x92, 
    0x19, 0x10, 0x82, 0x52, 0x18, 0xc3, 0x2c, 0x91, 0x1f, 0x20, 0x03, 0xd5, 
    0xb4, 0xc6, 0x04, 0x10, 0x16, 0x01, 0x00, 0xb4, 0x08, 0x03, 0x16, 0x8b, 
    0xe1, 0x03, 0x14, 0xaa, 0x02, 0x84, 0x80, 0x52, 0x00, 0x01, 0x19, 0x8b, 
    0x22, 0x1d, 0x00, 0x94, 0xd6, 0x82, 0x10, 0x91, 0x56, 0xff, 0xff, 0xb5, 
    0xe9, 0x23, 0x40, 0x91, 0xe8, 0x03, 0x1f, 0xaa, 0xea, 0xc3, 0x07, 0x32, 
    0x29, 0xc1, 0x2e, 0x91, 0xf4, 0x43, 0x09, 0x91, 0x1f, 0x01, 0x01, 0xf1, 
    0xc0, 0x00, 0x00, 0x54, 0x2b, 0x01, 0x08, 0x8b, 0x08, 0x41, 0x00, 0x91, 
    0x6a, 0x29, 0x01, 0x29, 0x6a, 0x29, 0x00, 0x29, 0xfa, 0xff, 0xff, 0x17, 
    0xe9, 0x23, 0x40, 0x91, 0xe8, 0x03, 0x1f, 0xaa, 0x29, 0xc1, 0x2f, 0x91, 
    0x1f, 0x81, 0x01, 0xf1, 0xc0, 0x00, 0x00, 0x54, 0x2a, 0x01, 0x08, 0x8b, 
    0x08, 0x61, 0x00, 0x91, 0x5f, 0xfd, 0x00, 0xa9, 0x5f, 0x01, 0x00, 0xf9, 
    0xfa, 0xff, 0xff, 0x17, 0x68, 0xfe, 0x60, 0xd3, 0xf3, 0x43, 0x09, 0x91, 
    0xe1, 0x13, 0x40, 0x91, 0x89, 0x00, 0x80, 0x52, 0x60, 0x82, 0x07, 0x91, 
    0x21, 0x40, 0x35, 0x91, 0x02, 0x38, 0x81, 0x52, 0x9f, 0xd2, 0x05, 0xf9, 
    0x89, 0xd6, 0x05, 0xf9, 0xa8, 0x92, 0x01, 0xb9, 0x9f, 0xda, 0x05, 0xf9, 
    0x9f, 0xde, 0x05, 0xf9, 0x9f, 0xe2, 0x05, 0xf9, 0xfc, 0x1c, 0x00, 0x94, 
    0x08, 0xd9, 0x85, 0x52, 0xe1, 0x17, 0x40, 0x91, 0x02, 0x0c, 0x82, 0x52, 
    0x60, 0x02, 0x08, 0x8b, 0x21, 0x40, 0x1c, 0x91, 0x9f, 0x96, 0x1f, 0xf9, 
    0xf5, 0x1c, 0x00, 0x94, 0x28, 0x00, 0x80, 0x52, 0xe1, 0x13, 0x40, 0x91, 
    0x02, 0x04, 0x80, 0x52, 0xa8, 0x96, 0x01, 0xb9, 0x08, 0xe7, 0x87, 0x52, 
    0x21, 0x40, 0x34, 0x91, 0x60, 0x02, 0x08, 0x8b, 0x9f, 0x9a, 0x1f, 0xf9, 
    0xbf, 0xce, 0x00, 0xf9, 0xeb, 0x1c, 0x00, 0x94, 0xe1, 0x1b, 0x40, 0x91, 
    0xa8, 0x00, 0x80, 0x52, 0x29, 0x02, 0x80, 0x52, 0xe0, 0x43, 0x09, 0x91, 
    0x21, 0xc0, 0x1d, 0x91, 0x02, 0x30, 0x80, 0x52, 0x88, 0xae, 0x1f, 0xf9, 
    0xa9, 0xfa, 0x02, 0x79, 0xe2, 0x1c, 0x00, 0x94, 0xe1, 0x1b, 0x40, 0x91, 
    0x60, 0x22, 0x2f, 0x91, 0x02, 0x48, 0x82, 0x52, 0x21, 0xc0, 0x23, 0x91, 
    0x9f, 0xb2, 0x1f, 0xf9, 0xdc, 0x1c, 0x00, 0x94, 0x08, 0xc1, 0x83, 0x52, 
    0xe1, 0x1f, 0x40, 0x91, 0x02, 0x10, 0x82, 0x52, 0x60, 0x02, 0x08, 0x8b, 
    0x21, 0xc0, 0x2c, 0x91, 0x9f, 0xb6, 0x1f, 0xf9, 0xd5, 0x1c, 0x00, 0x94, 
    0xe8, 0x0b, 0x02, 0x32, 0xe1, 0x23, 0x40, 0x91, 0x02, 0x08, 0x80, 0x52, 
    0xa8, 0xa2, 0x01, 0xb9, 0x08, 0xd1, 0x85, 0x52, 0x21, 0xc0, 0x2e, 0x91, 
    0x60, 0x02, 0x08, 0x8b, 0xcd, 0x1c, 0x00, 0x94, 0xe1, 0x23, 0x40, 0x91, 
    0x60, 0x02, 0x06, 0x91, 0x02, 0x0c, 0x80, 0x52, 0x21, 0xc0, 0x2f, 0x91, 
    0xc8, 0x1c, 0x00, 0x94, 0x08, 0x00, 0x80, 0x12, 0xe0, 0x1b, 0x40, 0x91, 
    0x69, 0x00, 0x80, 0x52, 0xa8, 0xa6, 0x01, 0xb9, 0x1f, 0x20, 0x03, 0xd5, 
    0x28, 0x92, 0x05, 0x10, 0x41, 0x00, 0x00, 0xd0, 0x21, 0x84, 0x25, 0x91, 
    0x00, 0xc0, 0x23, 0x91, 0x82, 0x00, 0x80, 0x52, 0xf6, 0x1b, 0x40, 0x91, 
    0xa9, 0x22, 0x06, 0x39, 0x88, 0x22, 0x21, 0xf9, 0xd6, 0xc2, 0x23, 0x91, 
    0x9f, 0xd6, 0x20, 0xf9, 0x5d, 0x16, 0x00, 0x94, 0x88, 0x23, 0x5c, 0xb9, 
    0x1f, 0x05, 0x00, 0x71, 0x81, 0x01, 0x00, 0x54, 0xe0, 0x13, 0x40, 0x91, 
    0x1f, 0x20, 0x03, 0xd5, 0xe2, 0x17, 0x04, 0x50, 0x00, 0x80, 0x1a, 0x91, 
    0x61, 0x00, 0x80, 0x52, 0x43, 0x02, 0x80, 0x52, 0xdd, 0x1b, 0x00, 0x94, 
    0xe0, 0x13, 0x40, 0x91, 0x00, 0x80, 0x1a, 0x91, 0x4d, 0x12, 0x00, 0x94, 
    0x4e, 0x00, 0x00, 0x14, 0xfa, 0x1b, 0x40, 0x91, 0xe0, 0x1b, 0x40, 0x91, 
    0x93, 0x27, 0x5c, 0xb9, 0x5a, 0xc3, 0x23, 0x91, 0x00, 0xc0, 0x23, 0x91, 
    0xe1, 0x03, 0x1f, 0x2a, 0x54, 0x23, 0x40, 0x39, 0x02, 0x48, 0x80, 0x52, 
    0x18, 0x48, 0x80, 0x52, 0xa1, 0x1c, 0x00, 0x94, 0xe2, 0x1b, 0x40, 0x91, 
    0x1f, 0x20, 0x03, 0xd5, 0xc4, 0x70, 0x04, 0x10, 0x42, 0xc0, 0x23, 0x91, 
    0x00, 0x01, 0x80, 0x52, 0xa1, 0x01, 0x80, 0x52, 0x03, 0x48, 0x80, 0x52, 
    0x9f, 0x03, 0x01, 0x79, 0xb9, 0x01, 0x80, 0x52, 0xef, 0x16, 0x00, 0x94, 
    0x1f, 0x20, 0x03, 0xd5, 0xe2, 0x3a, 0x05, 0x10, 0x1f, 0x20, 0x03, 0xd5, 
    0x24, 0x70, 0x04, 0x10, 0xe1, 0x1b, 0x00, 0x94, 0xc8, 0x00, 0x80, 0xd2, 
    0xe0, 0x17, 0x40, 0x91, 0xe1, 0x1f, 0x40, 0x91, 0x28, 0x00, 0xa0, 0xf2, 
    0x00, 0x40, 0x1c, 0x91, 0x21, 0xc0, 0x2c, 0x91, 0xa8, 0x00, 0xc0, 0xf2, 
    0x22, 0x00, 0x80, 0x52, 0xe3, 0x03, 0x1f, 0xaa, 0x56, 0x23, 0x09, 0xf9, 
    0x58, 0x27, 0x09, 0xf9, 0x48, 0x2b, 0x09, 0xf9, 0x59, 0x2f, 0x09, 0xf9, 
    0x3c, 0x0b, 0x00, 0x94, 0xe0, 0x1f, 0x40, 0x91, 0xe1, 0x17, 0x40, 0x91, 
    0xe2, 0x13, 0x40, 0x91, 0x00, 0xc0, 0x2c, 0x91, 0x21, 0x40, 0x1c, 0x91, 
    0x42, 0x40, 0x35, 0x91, 0x43, 0x00, 0x80, 0x52, 0x56, 0x00, 0x80, 0x52, 
    0x49, 0x0b, 0x00, 0x94, 0xe0, 0x1f, 0x40, 0x91, 0x00, 0xc0, 0x2c, 0x91, 
    0x5c, 0x0b, 0x00, 0x94, 0xe1, 0x03, 0x00, 0xaa, 0xe0, 0x1b, 0x40, 0x91, 
    0x1f, 0x20, 0x03, 0xd5, 0x82, 0x0e, 0x05, 0x10, 0x00, 0xc0, 0x23, 0x91, 
    0x3d, 0x13, 0x00, 0x94, 0xe2, 0x03, 0x00, 0xaa, 0xe3, 0x03, 0x01, 0xaa, 
    0xe0, 0x03, 0x13, 0x2a, 0xe1, 0x03, 0x14, 0x2a, 0xfe, 0x15, 0x00, 0x94, 
    0xe0, 0x13, 0x40, 0x91, 0x1f, 0x20, 0x03, 0xd5, 0x62, 0x0e, 0x04, 0x10, 
    0x00, 0x60, 0x12, 0x91, 0x61, 0x00, 0x80, 0x52, 0xc3, 0x01, 0x80, 0x52, 
    0x94, 0x1b, 0x00, 0x94, 0xe0, 0x13, 0x40, 0x91, 0x00, 0x60, 0x12, 0x91, 
    0x04, 0x12, 0x00, 0x94, 0xa0, 0x12, 0x06, 0x91, 0xb6, 0x00, 0x00, 0x94, 
    0xb3, 0x86, 0x01, 0xb9, 0xb4, 0x8a, 0x01, 0xb9, 0xb6, 0x1a, 0x03, 0x79, 
    0xe8, 0x17, 0x40, 0xb9, 0xf3, 0x13, 0x40, 0x91, 0xff, 0x46, 0x00, 0x71, 
    0x73, 0xb2, 0x22, 0x91, 0xa1, 0x01, 0x00, 0x54, 0x28, 0x08, 0x00, 0x36, 
    0xe0, 0x13, 0x40, 0x91, 0x1f, 0x20, 0x03, 0xd5, 0x42, 0x0d, 0x04, 0x30, 
    0x00, 0x00, 0x2b, 0x91, 0x61, 0x00, 0x80, 0x52, 0xe3, 0x01, 0x80, 0x52, 
    0x7f, 0x1b, 0x00, 0x94, 0xe0, 0x13, 0x40, 0x91, 0x00, 0x00, 0x2b, 0x91, 
    0xef, 0x11, 0x00, 0x94, 0x36, 0x00, 0x00, 0x14, 0xe0, 0x13, 0x40, 0x91, 
    0xe1, 0x13, 0x01, 0x91, 0x82, 0x41, 0x80, 0x52, 0x00, 0xb0, 0x22, 0x91, 
    0x47, 0x1c, 0x00, 0x94, 0xe8, 0x7b, 0x40, 0x79, 0xe9, 0x7f, 0x40, 0x79, 
    0xe0, 0x1f, 0x40, 0x91, 0xea, 0x83, 0x40, 0x79, 0x1f, 0x20, 0x03, 0xd5, 
    0x62, 0x0a, 0x04, 0x10, 0x00, 0xc0, 0x2c, 0x91, 0x61, 0x00, 0x80, 0x52, 
    0x23, 0x02, 0x80, 0x52, 0x24, 0x00, 0x80, 0x52, 0x77, 0x1a, 0x04, 0x79, 
    0x68, 0x1e, 0x04, 0x79, 0x69, 0x22, 0x04, 0x79, 0x6a, 0x26, 0x04, 0x79, 
    0x9c, 0x0a, 0x00, 0x94, 0xe0, 0x13, 0x40, 0x91, 0x00, 0xb0, 0x22, 0x91, 
    0x6a, 0x11, 0x00, 0x94, 0xe0, 0x1f, 0x40, 0x91, 0xe3, 0x03, 0x01, 0xaa, 
    0x41, 0x00, 0x00, 0x90, 0x21, 0xc8, 0x02, 0x91, 0x00, 0xc0, 0x2c, 0x91, 
    0x57, 0x1b, 0x00, 0x94, 0xe0, 0x1b, 0x40, 0x91, 0xe1, 0x1f, 0x40, 0x91, 
    0x02, 0x41, 0x80, 0x52, 0x00, 0xc0, 0x23, 0x91, 0x21, 0xc0, 0x2c, 0x91, 
    0x29, 0x1c, 0x00, 0x94, 0xe0, 0x1b, 0x40, 0x91, 0x00, 0xc0, 0x23, 0x91, 
    0xc8, 0x11, 0x00, 0x94, 0x08, 0xee, 0x87, 0x52, 0xf3, 0x43, 0x09, 0x91, 
    0xe1, 0x13, 0x01, 0x91, 0x60, 0x02, 0x08, 0x8b, 0x82, 0x41, 0x80, 0x52, 
    0x20, 0x1c, 0x00, 0x94, 0xc8, 0x2f, 0x88, 0x52, 0xe9, 0x7b, 0x40, 0x79, 
    0xea, 0x7f, 0x40, 0x79, 0xeb, 0x83, 0x40, 0x79, 0x68, 0x02, 0x08, 0x8b, 
    0xb7, 0xfa, 0x02, 0x79, 0x09, 0x01, 0x00, 0x79, 0x0a, 0x05, 0x00, 0x79, 
    0x0b, 0x09, 0x00, 0x79, 0x65, 0x12, 0x00, 0x94, 0xe0, 0x43, 0x09, 0x91, 
    0xce, 0x00, 0x00, 0x94, 0x1f, 0x20, 0x03, 0xd5, 0xa2, 0xd9, 0x04, 0x10, 
    0x1b, 0x1b, 0x00, 0x94, 0x1f, 0x20, 0x03, 0xd5, 0x02, 0xda, 0x04, 0x10, 
    0x20, 0x00, 0x80, 0x52, 0x21, 0x00, 0x80, 0x52, 0x89, 0x0c, 0x00, 0x94, 
    0x1f, 0x20, 0x03, 0xd5, 0x22, 0xda, 0x04, 0x10, 0x10, 0x1b, 0x00, 0x94, 
    0x1f, 0x20, 0x03, 0xd5, 0x82, 0xda, 0x04, 0x10, 0x60, 0x00, 0x80, 0x52, 
    0x61, 0x00, 0x80, 0x52, 0x81, 0x0c, 0x00, 0x94, 0x67, 0x0c, 0x00, 0x94, 
    0xf3, 0x13, 0x40, 0x91, 0x73, 0x42, 0x33, 0x91, 0xf7, 0x02, 0x00, 0x37, 
    0xe0, 0x1b, 0x40, 0x91, 0x1f, 0x20, 0x03, 0xd5, 0x82, 0xfe, 0x03, 0x50, 
    0x00, 0xc0, 0x23, 0x91, 0x61, 0x00, 0x80, 0x52, 0xe3, 0x01, 0x80, 0x52, 
    0x44, 0x00, 0x80, 0x52, 0x5c, 0x0a, 0x00, 0x94, 0x60, 0x12, 0x4f, 0xf9, 
    0x08, 0xd8, 0x07, 0xd1, 0x1f, 0x05, 0x08, 0xb1, 0xe2, 0x01, 0x00, 0x54, 
    0xe8, 0x0f, 0x40, 0xf9, 0xe0, 0x1b, 0x40, 0x91, 0x1f, 0x20, 0x03, 0xd5, 
    0x81, 0xfd, 0x03, 0x50, 0x00, 0xc0, 0x23, 0x91, 0xe2, 0x00, 0x80, 0x52, 
    0x03, 0x09, 0x40, 0x79, 0xb9, 0xfb, 0xff, 0x97, 0x3b, 0x1a, 0x00, 0x94, 
    0xc2, 0x1a, 0x00, 0x94, 0xfc, 0x13, 0x40, 0x91, 0x37, 0x02, 0x80, 0x52, 
    0x9c, 0x43, 0x33, 0x91, 0x5f, 0xfe, 0xff, 0x17, 0x1f, 0xfc, 0x07, 0xf1, 
    0x88, 0x06, 0x00, 0x54, 0xe8, 0x1b, 0x40, 0x91, 0xe9, 0x0f, 0x40, 0xf9, 
    0xea, 0x13, 0x40, 0x91, 0x08, 0xc1, 0x23, 0x91, 0x4a, 0x41, 0x33, 0x91, 
    0x33, 0x01, 0x40, 0xb9, 0xa9, 0x00, 0x80, 0x52, 0x09, 0x69, 0x20, 0x38, 
    0x49, 0x11, 0x4f, 0xf9, 0x20, 0x05, 0x00, 0x91, 0x1f, 0x00, 0x08, 0xf1, 
    0x40, 0x11, 0x0f, 0xf9, 0x42, 0x05, 0x00, 0x54, 0xf4, 0x13, 0x40, 0x91, 
    0x49, 0x00, 0x80, 0x52, 0x09, 0x69, 0x20, 0x38, 0x94, 0x42, 0x33, 0x91, 
    0xe0, 0x1b, 0x40, 0x91, 0x88, 0x12, 0x4f, 0xf9, 0x00, 0xc0, 0x23, 0x91, 
    0x01, 0x05, 0x00, 0x91, 0x02, 0x19, 0x00, 0x91, 0x81, 0x12, 0x0f, 0xf9, 
    0x6d, 0x0a, 0x00, 0x94, 0x1f, 0x20, 0x03, 0xd5, 0xa2, 0xf8, 0x03, 0x30, 
    0x1f, 0x20, 0x03, 0xd5, 0xe4, 0xea, 0x04, 0x10, 0x17, 0x1b, 0x00, 0x94, 
    0x88, 0x12, 0x4f, 0xf9, 0xe0, 0x1b, 0x40, 0x91, 0x00, 0xc0, 0x23, 0x91, 
    0x01, 0x15, 0x00, 0x91, 0x81, 0x12, 0x0f, 0xf9, 0x6a, 0x0a, 0x00, 0x94, 
    0xe2, 0x03, 0x00, 0xaa, 0xe4, 0x03, 0x01, 0xaa, 0x1f, 0x20, 0x03, 0xd5, 
    0x43, 0xe4, 0x04, 0x10, 0x80, 0x00, 0x80, 0x52, 0x44, 0x1a, 0x00, 0x94, 
    0x1f, 0x20, 0x03, 0xd5, 0x84, 0xe4, 0x04, 0x10, 0xe2, 0x43, 0x09, 0x91, 
    0x83, 0x00, 0x80, 0x52, 0xf3, 0x53, 0x02, 0xb9, 0x39, 0x1b, 0x00, 0x94, 
    0x88, 0x12, 0x4f, 0xf9, 0x08, 0x11, 0x00, 0x91, 0x88, 0x12, 0x0f, 0xf9, 
    0xbe, 0xff, 0xff, 0x17, 0x1f, 0x20, 0x03, 0xd5, 0x82, 0xe5, 0x04, 0x10, 
    0x03, 0x00, 0x00, 0x14, 0x1f, 0x20, 0x03, 0xd5, 0xe2, 0xe5, 0x04, 0x10, 
    0x2c, 0x1a, 0x00, 0x94, 0x08, 0x10, 0x40, 0x39, 0x1f, 0x0d, 0x00, 0x71, 
    0x41, 0x00, 0x00, 0x54, 0xc0, 0x03, 0x5f, 0xd6, 0x71, 0x15, 0x00, 0x14, 
    0xfd, 0x7b, 0xbd, 0xa9, 0x39, 0x1a, 0x00, 0x94, 0xff, 0x43, 0x10, 0xd1, 
    0xff, 0x03, 0x00, 0xf9, 0xf5, 0x03, 0x01, 0x2a, 0xf3, 0x03, 0x00, 0xaa, 
    0xf4, 0x03, 0x1f, 0xaa, 0x08, 0xc0, 0x2f, 0x91, 0x9f, 0x22, 0x00, 0xf1, 
    0x00, 0x07, 0x00, 0x54, 0x09, 0x81, 0x5d, 0xb8, 0x3f, 0x09, 0x00, 0x71, 
    0x80, 0x00, 0x00, 0x54, 0x09, 0x01, 0x40, 0xb9, 0x3f, 0x01, 0x15, 0x6b, 
    0x80, 0x00, 0x00, 0x54, 0x08, 0x21, 0x09, 0x91, 0x94, 0x06, 0x00, 0x91, 
    0xf6, 0xff, 0xff, 0x17, 0x1f, 0x20, 0x03, 0xd5, 0xe2, 0xf5, 0x03, 0x30, 
    0xe0, 0x03, 0x00, 0x91, 0x41, 0x00, 0x80, 0x52, 0x83, 0x01, 0x80, 0x52, 
    0x24, 0x00, 0x80, 0x52, 0x36, 0x00, 0x80, 0x52, 0xef, 0x09, 0x00, 0x94, 
    0xe3, 0x03, 0x15, 0x2a, 0x1f, 0x20, 0x03, 0xd5, 0x21, 0xf5, 0x03, 0x30, 
    0xe0, 0x03, 0x00, 0x91, 0x62, 0x00, 0x80, 0x52, 0x81, 0xfb, 0xff, 0x97, 
    0xe0, 0x23, 0x08, 0x91, 0xe1, 0x03, 0x00, 0x91, 0xff, 0x19, 0x00, 0x94, 
    0xe0, 0x23, 0x08, 0x91, 0x22, 0x11, 0x00, 0x94, 0xe0, 0x03, 0x13, 0xaa, 
    0xe1, 0x03, 0x14, 0xaa, 0xff, 0x0c, 0x00, 0x94, 0x88, 0x0a, 0x00, 0x12, 
    0xf5, 0x03, 0x1f, 0xaa, 0xd4, 0x22, 0xc8, 0x1a, 0x08, 0xc1, 0x83, 0x52, 
    0x76, 0x02, 0x08, 0x8b, 0xbf, 0x12, 0x00, 0xf1, 0x40, 0x02, 0x00, 0x54, 
    0xc8, 0x02, 0x40, 0xb9, 0x1f, 0x09, 0x00, 0x71, 0x80, 0x01, 0x00, 0x54, 
    0xc8, 0x6e, 0x50, 0x39, 0xc9, 0x72, 0x50, 0x39, 0x1f, 0x01, 0x14, 0x6a, 
    0x60, 0x00, 0x00, 0x54, 0x29, 0x01, 0x14, 0x2a, 0xc9, 0x72, 0x10, 0x39, 
    0x1f, 0x01, 0x29, 0x6a, 0x81, 0x00, 0x00, 0x54, 0xe0, 0x03, 0x13, 0xaa, 
    0xe1, 0x03, 0x15, 0xaa, 0x08, 0x00, 0x00, 0x94, 0xd6, 0x82, 0x10, 0x91, 
    0xb5, 0x06, 0x00, 0x91, 0xee, 0xff, 0xff, 0x17, 0xff, 0x43, 0x10, 0x91, 
    0x29, 0x1a, 0x00, 0x94, 0xfd, 0x7b, 0xc3, 0xa8, 0xc0, 0x03, 0x5f, 0xd6, 
    0xfe, 0x0f, 0x1f, 0xf8, 0x3f, 0x0c, 0x00, 0xf1, 0x88, 0x02, 0x00, 0x54, 
    0x08, 0x84, 0x80, 0x52, 0x09, 0xc1, 0x83, 0x52, 0x28, 0x00, 0x08, 0x9b, 
    0x0a, 0x09, 0x5e, 0xb9, 0x09, 0x01, 0x09, 0x8b, 0x21, 0x2d, 0x48, 0x79, 
    0x49, 0x00, 0x80, 0x52, 0x5f, 0x09, 0x00, 0x71, 0x09, 0x09, 0x1e, 0xb9, 
    0x60, 0x00, 0x00, 0x54, 0x3f, 0x00, 0x10, 0x71, 0x68, 0x00, 0x00, 0x54, 
    0xfe, 0x07, 0x41, 0xf8, 0xc0, 0x03, 0x5f, 0xd6, 0x1f, 0x20, 0x03, 0xd5, 
    0x63, 0xf3, 0x03, 0x10, 0xe0, 0x03, 0x1f, 0xaa, 0x02, 0x80, 0x80, 0x52, 
    0xd2, 0x0b, 0x00, 0x94, 0x1f, 0x20, 0x03, 0xd5, 0x02, 0xf2, 0x03, 0x10, 
    0xe0, 0x03, 0x01, 0xaa, 0x6a, 0x1a, 0x00, 0x94, 0xfd, 0x7b, 0xba, 0xa9, 
    0xe1, 0x03, 0x1e, 0xaa, 0xe8, 0x19, 0x00, 0x94, 0xfe, 0x03, 0x01, 0xaa, 
    0xff, 0x07, 0x40, 0xd1, 0xff, 0x07, 0x1e, 0xf8, 0x14, 0x10, 0x40, 0x91, 
    0xf3, 0x03, 0x00, 0xaa, 0xf9, 0xc3, 0x13, 0x91, 0x88, 0x22, 0x46, 0x39, 
    0x1f, 0x0d, 0x00, 0x71, 0xc0, 0x03, 0x00, 0x54, 0x95, 0x86, 0x41, 0xb9, 
    0x80, 0x92, 0x41, 0xb9, 0xe1, 0x03, 0x15, 0x2a, 0x74, 0x14, 0x00, 0x94, 
    0x1f, 0x70, 0x00, 0x71, 0xc1, 0x00, 0x00, 0x54, 0x60, 0x82, 0x2e, 0x91, 
    0xe1, 0x03, 0x15, 0x2a, 0xe2, 0xbf, 0x80, 0x12, 0x41, 0x13, 0x00, 0x94, 
    0x13, 0x00, 0x00, 0x14, 0xf6, 0x03, 0x00, 0x2a, 0x1f, 0x20, 0x03, 0xd5, 
    0x42, 0xfe, 0x03, 0x10, 0xe0, 0xc3, 0x0a, 0x91, 0xe1, 0x03, 0x1f, 0x2a, 
    0x63, 0x02, 0x80, 0x52, 0x0b, 0x1a, 0x00, 0x94, 0x1f, 0x20, 0x03, 0xd5, 
    0x48, 0x02, 0x04, 0x10, 0x1f, 0x20, 0x03, 0xd5, 0x61, 0x68, 0x04, 0x50, 
    0x04, 0x59, 0x76, 0xf8, 0x1f, 0x20, 0x03, 0xd5, 0xa8, 0x08, 0x04, 0x10, 
    0xe0, 0xc3, 0x0a, 0x91, 0x6b, 0x1a, 0x00, 0x94, 0x7d, 0x19, 0x00, 0x94, 
    0xe9, 0x19, 0x00, 0x94, 0x00, 0xe4, 0x00, 0x6f, 0x78, 0x22, 0x61, 0xf9, 
    0xe0, 0x83, 0x37, 0x91, 0xe1, 0x03, 0x13, 0xaa, 0x20, 0x03, 0x00, 0xad, 
    0x20, 0x03, 0x01, 0xad, 0xf1, 0x0d, 0x00, 0x94, 0xe8, 0x83, 0x77, 0x39, 
    0x1f, 0x05, 0x00, 0x71, 0x61, 0x00, 0x00, 0x54, 0xf5, 0x87, 0x77, 0x39, 
    0xc6, 0x00, 0x00, 0x14, 0xe0, 0xf7, 0x46, 0xf9, 0x1f, 0x20, 0x03, 0xd5, 
    0x02, 0xca, 0x04, 0x10, 0x01, 0x38, 0x48, 0x39, 0xca, 0x0d, 0x00, 0x94, 
    0x08, 0x08, 0x80, 0x52, 0x3f, 0x00, 0x01, 0xf1, 0xf5, 0x03, 0x00, 0xaa, 
    0x37, 0x30, 0x88, 0x9a, 0xf6, 0x03, 0x01, 0xaa, 0x1f, 0x20, 0x03, 0xd5, 
    0xe3, 0x13, 0x05, 0x10, 0xe1, 0xc3, 0x13, 0x91, 0xe0, 0x03, 0x17, 0xaa, 
    0x02, 0x08, 0x80, 0x52, 0x2a, 0x19, 0x00, 0x94, 0x1f, 0x20, 0x03, 0xd5, 
    0xe4, 0x13, 0x05, 0x10, 0xe2, 0x03, 0x15, 0xaa, 0xe3, 0x03, 0x17, 0xaa, 
    0x81, 0x1a, 0x00, 0x94, 0x00, 0xe4, 0x00, 0x6f, 0xdf, 0x82, 0x00, 0xf1, 
    0x08, 0x04, 0x80, 0x52, 0xd6, 0x32, 0x88, 0x9a, 0x1f, 0x20, 0x03, 0xd5, 
    0x82, 0x13, 0x05, 0x10, 0xe0, 0xc3, 0x14, 0x91, 0xe1, 0x03, 0x16, 0xaa, 
    0x20, 0x03, 0x02, 0xad, 0x1f, 0x19, 0x00, 0x94, 0x1f, 0x20, 0x03, 0xd5, 
    0x84, 0x13, 0x05, 0x10, 0xe2, 0xc3, 0x13, 0x91, 0x8f, 0x19, 0x00, 0x94, 
    0x1f, 0x20, 0x03, 0xd5, 0xc2, 0x13, 0x05, 0x10, 0xe0, 0xc3, 0x0a, 0x91, 
    0x41, 0x00, 0x80, 0x52, 0xc3, 0x00, 0x80, 0x52, 0x24, 0x00, 0x80, 0x52, 
    0x1a, 0x19, 0x00, 0x94, 0xe0, 0x83, 0x37, 0x91, 0xe1, 0xc3, 0x13, 0x91, 
    0xe2, 0x03, 0x17, 0xaa, 0x12, 0x0a, 0x00, 0x94, 0xe8, 0xe3, 0x4d, 0xb9, 
    0xe9, 0xfb, 0x46, 0xf9, 0x41, 0x00, 0x00, 0xb0, 0x21, 0x54, 0x25, 0x91, 
    0xea, 0xf7, 0x46, 0xf9, 0xe0, 0xc3, 0x0a, 0x91, 0x1f, 0x01, 0x00, 0x71, 
    0x1f, 0x20, 0x03, 0xd5, 0xa8, 0x11, 0x05, 0x50, 0x24, 0x05, 0x9f, 0x9a, 
    0x03, 0x11, 0x8a, 0x9a, 0x82, 0x00, 0x80, 0x52, 0x11, 0x10, 0x00, 0x94, 
    0x34, 0x19, 0x00, 0x94, 0xa0, 0x19, 0x00, 0x94, 0x60, 0xb2, 0x7f, 0xb9, 
    0x81, 0xfa, 0x42, 0x79, 0x45, 0x09, 0x00, 0x94, 0x60, 0x00, 0x00, 0x36, 
    0x15, 0xfc, 0x48, 0xd3, 0x83, 0x00, 0x00, 0x14, 0x01, 0xfc, 0x60, 0xd3, 
    0xe0, 0x03, 0x13, 0xaa, 0xb8, 0x0e, 0x00, 0x94, 0xf5, 0x03, 0x01, 0x2a, 
    0xc0, 0x0f, 0x00, 0x37, 0xa8, 0x1e, 0x00, 0x12, 0x1f, 0x1d, 0x00, 0x71, 
    0x48, 0x02, 0x00, 0x54, 0xa8, 0x1e, 0x40, 0x92, 0x09, 0x27, 0x80, 0x52, 
    0x09, 0x4d, 0xa9, 0x9b, 0x28, 0xf1, 0x40, 0xf9, 0x1f, 0x09, 0x00, 0xf1, 
    0x08, 0x40, 0x80, 0x52, 0xe8, 0x9b, 0x00, 0xb9, 0x80, 0x01, 0x00, 0x54, 
    0xe8, 0x83, 0x37, 0x91, 0x20, 0x81, 0x07, 0x91, 0x4c, 0x13, 0x00, 0x94, 
    0xe8, 0xe3, 0x4d, 0xb9, 0xe9, 0xeb, 0x4d, 0xb9, 0x1f, 0x01, 0x00, 0x71, 
    0x08, 0x40, 0x80, 0x52, 0x28, 0x11, 0x88, 0x1a, 0x02, 0x00, 0x00, 0x14, 
    0x08, 0x40, 0x80, 0x52, 0xe8, 0x9b, 0x00, 0xb9, 0xe8, 0x03, 0x1f, 0xaa, 
    0xe9, 0xc3, 0x0a, 0x91, 0x1f, 0x81, 0x01, 0xf1, 0xc0, 0x00, 0x00, 0x54, 
    0x2a, 0x01, 0x08, 0x8b, 0x08, 0x61, 0x00, 0x91, 0x5f, 0x21, 0x00, 0x79, 
    0x5f, 0x7d, 0x00, 0xa9, 0xfa, 0xff, 0xff, 0x17, 0xe8, 0x83, 0x37, 0x91, 
    0xe1, 0xc3, 0x14, 0x91, 0x02, 0x04, 0x80, 0x52, 0x00, 0x81, 0x01, 0x91, 
    0xb7, 0x1e, 0x00, 0x12, 0xa5, 0x1a, 0x00, 0x94, 0xe0, 0x83, 0x37, 0x91, 
    0xe1, 0xc3, 0x0a, 0x91, 0x02, 0x0c, 0x80, 0x52, 0xa1, 0x1a, 0x00, 0x94, 
    0xe0, 0xc3, 0x0a, 0x91, 0xe1, 0x83, 0x37, 0x91, 0xae, 0x19, 0x00, 0x94, 
    0x1b, 0x03, 0x05, 0x91, 0xe1, 0xc3, 0x0a, 0x91, 0x02, 0x10, 0x80, 0x52, 
    0xe0, 0x03, 0x1b, 0xaa, 0x99, 0x1a, 0x00, 0x94, 0xe8, 0x9b, 0x40, 0xb9, 
    0xe0, 0xc3, 0x2d, 0x91, 0xe1, 0x03, 0x1f, 0x2a, 0x02, 0x40, 0x80, 0x52, 
    0x1f, 0x5b, 0x1c, 0xa9, 0x08, 0xd3, 0x01, 0xb9, 0x28, 0x00, 0x80, 0x52, 
    0x15, 0x53, 0x07, 0x39, 0x1f, 0x57, 0x07, 0x39, 0x08, 0xef, 0x00, 0xf9, 
    0x8f, 0x1a, 0x00, 0x94, 0xff, 0x1e, 0x00, 0x71, 0xe8, 0x05, 0x00, 0x54, 
    0xa8, 0x1e, 0x40, 0x92, 0x09, 0x27, 0x80, 0x52, 0x77, 0x82, 0x07, 0x91, 
    0x15, 0x5d, 0xa9, 0x9b, 0xa8, 0x02, 0x40, 0xf9, 0x1f, 0x09, 0x00, 0xf1, 
    0x00, 0x05, 0x00, 0x54, 0xe0, 0x03, 0x15, 0xaa, 0x01, 0x40, 0x80, 0x52, 
    0x7c, 0x17, 0x00, 0x94, 0x80, 0x04, 0x00, 0x36, 0xf6, 0x03, 0x01, 0x2a, 
    0xe0, 0x03, 0x15, 0xaa, 0xe1, 0x03, 0x1f, 0xaa, 0xe2, 0x03, 0x16, 0x2a, 
    0x03, 0x40, 0x80, 0x52, 0xea, 0x12, 0x00, 0x94, 0xa0, 0x03, 0x00, 0x37, 
    0x19, 0xfc, 0x60, 0xd3, 0xe0, 0x03, 0x15, 0xaa, 0xed, 0x16, 0x00, 0x94, 
    0x1a, 0x7d, 0x80, 0x52, 0xfa, 0x02, 0x00, 0x34, 0xe8, 0xc3, 0x35, 0x91, 
    0xe0, 0x03, 0x15, 0xaa, 0x61, 0x13, 0x00, 0x94, 0xe8, 0x73, 0x4d, 0xb9, 
    0xe9, 0x77, 0x4d, 0xb9, 0x1f, 0x05, 0x00, 0x71, 0x20, 0x01, 0x59, 0x7a, 
    0x00, 0x01, 0x00, 0x54, 0x00, 0x48, 0x88, 0x52, 0x68, 0x01, 0x80, 0x52, 
    0x5a, 0x07, 0x00, 0x51, 0xe0, 0x01, 0xa0, 0x72, 0x01, 0x00, 0x00, 0xd4, 
    0x3a, 0x01, 0x00, 0x34, 0xf2, 0xff, 0xff, 0x17, 0xe8, 0x03, 0x5b, 0x79, 
    0xc8, 0x00, 0x00, 0x35, 0xe0, 0x03, 0x15, 0xaa, 0xe1, 0x03, 0x16, 0x2a, 
    0x02, 0x40, 0x80, 0x52, 0xe9, 0x16, 0x00, 0x94, 0x20, 0x0a, 0x00, 0xb5, 
    0x6b, 0x19, 0x00, 0x94, 0x1f, 0x20, 0x03, 0xd5, 0x02, 0xf4, 0x04, 0x30, 
    0xe0, 0xc3, 0x0a, 0x91, 0xe1, 0x03, 0x1f, 0x2a, 0xe3, 0x01, 0x80, 0x52, 
    0xfa, 0x18, 0x00, 0x94, 0xe0, 0xc3, 0x0a, 0x91, 0xf8, 0x0f, 0x00, 0x94, 
    0x1f, 0x20, 0x03, 0xd5, 0xc2, 0x00, 0x05, 0x70, 0xe0, 0x43, 0x15, 0x91, 
    0xe1, 0x03, 0x1f, 0x2a, 0xa3, 0x01, 0x80, 0x52, 0xf2, 0x18, 0x00, 0x94, 
    0xe0, 0x43, 0x15, 0x91, 0xf0, 0x0f, 0x00, 0x94, 0x55, 0x01, 0x80, 0x52, 
    0xe8, 0x03, 0x15, 0x2a, 0x1f, 0x20, 0x03, 0xd5, 0x69, 0xc2, 0x03, 0x10, 
    0x08, 0x1d, 0x40, 0x92, 0x57, 0x00, 0x00, 0x90, 0xf7, 0x6a, 0x02, 0x91, 
    0x0a, 0x00, 0x00, 0x10, 0x2b, 0x79, 0xa8, 0xb8, 0x4a, 0x01, 0x0b, 0x8b, 
    0x16, 0x01, 0x80, 0x52, 0x40, 0x01, 0x1f, 0xd6, 0x1f, 0x20, 0x03, 0xd5, 
    0x37, 0xe1, 0x03, 0x70, 0x10, 0x00, 0x00, 0x14, 0x57, 0x00, 0x00, 0x90, 
    0xf7, 0xca, 0x01, 0x91, 0x19, 0x00, 0x00, 0x14, 0x1f, 0x20, 0x03, 0xd5, 
    0x57, 0xe2, 0x03, 0x50, 0x0a, 0x00, 0x00, 0x14, 0x1f, 0x20, 0x03, 0xd5, 
    0x77, 0xe0, 0x03, 0x30, 0xd6, 0x01, 0x80, 0x52, 0x13, 0x00, 0x00, 0x14, 
    0x1f, 0x20, 0x03, 0xd5, 0x57, 0xe0, 0x03, 0x70, 0x07, 0x00, 0x00, 0x14, 
    0x1f, 0x20, 0x03, 0xd5, 0xd7, 0xe0, 0x03, 0x10, 0x56, 0x01, 0x80, 0x52, 
    0x0c, 0x00, 0x00, 0x14, 0x1f, 0x20, 0x03, 0xd5, 0xb7, 0xdf, 0x03, 0x50, 
    0xf6, 0x00, 0x80, 0x52, 0x08, 0x00, 0x00, 0x14, 0x1f, 0x20, 0x03, 0xd5, 
    0x77, 0xdf, 0x03, 0x30, 0x76, 0x01, 0x80, 0x52, 0x04, 0x00, 0x00, 0x14, 
    0x57, 0x00, 0x00, 0x90, 0xf7, 0x4a, 0x02, 0x91, 0x16, 0x01, 0x80, 0x52, 
    0x71, 0x10, 0x00, 0x94, 0x1f, 0x20, 0x03, 0xd5, 0x62, 0xdf, 0x03, 0x10, 
    0xe0, 0xc3, 0x0a, 0x91, 0xe1, 0x03, 0x1f, 0x2a, 0x83, 0x01, 0x80, 0x52, 
    0xfe, 0x18, 0x00, 0x94, 0x1f, 0x20, 0x03, 0xd5, 0x01, 0x47, 0x04, 0x50, 
    0xe0, 0xc3, 0x0a, 0x91, 0x62, 0x00, 0x80, 0x52, 0xe3, 0x03, 0x17, 0xaa, 
    0xe4, 0x03, 0x16, 0xaa, 0x4f, 0x0f, 0x00, 0x94, 0x72, 0x18, 0x00, 0x94, 
    0xde, 0x18, 0x00, 0x94, 0xa8, 0x1e, 0x00, 0x12, 0x1f, 0x25, 0x00, 0x71, 
    0xe0, 0x07, 0x9f, 0x1a, 0x24, 0x16, 0x00, 0x94, 0xe2, 0x03, 0x00, 0xaa, 
    0xe3, 0x03, 0x01, 0xaa, 0x1f, 0x20, 0x03, 0xd5, 0x04, 0xe9, 0x04, 0x10, 
    0xe0, 0xc3, 0x2d, 0x91, 0x01, 0x40, 0x80, 0x52, 0x8c, 0x19, 0x00, 0x94, 
    0x14, 0x19, 0x00, 0x94, 0xe8, 0xbb, 0x75, 0x39, 0x1f, 0x55, 0x01, 0x71, 
    0x61, 0x01, 0x00, 0x54, 0xe9, 0xbf, 0x75, 0x39, 0xe8, 0x03, 0x1f, 0xaa, 
    0xea, 0xc3, 0x36, 0x91, 0x1f, 0xc1, 0x00, 0xf1, 0xe0, 0x01, 0x00, 0x54, 
    0x4b, 0x01, 0x08, 0x8b, 0x08, 0x31, 0x00, 0x91, 0x7f, 0x11, 0x00, 0x79, 
    0x7f, 0x7d, 0x00, 0x29, 0xfa, 0xff, 0xff, 0x17, 0xe8, 0x03, 0x1f, 0xaa, 
    0xe9, 0xc3, 0x36, 0x91, 0x1f, 0xc1, 0x00, 0xf1, 0xa0, 0x04, 0x00, 0x54, 
    0x2a, 0x01, 0x08, 0x8b, 0x08, 0x31, 0x00, 0x91, 0x5f, 0x11, 0x00, 0x79, 
    0x5f, 0x7d, 0x00, 0x29, 0xfa, 0xff, 0xff, 0x17, 0x3f, 0xa9, 0x02, 0x71, 
    0xc1, 0x03, 0x00, 0x54, 0xe9, 0xc3, 0x2d, 0x91, 0xe8, 0x03, 0x1f, 0xaa, 
    0xea, 0xc3, 0x36, 0x91, 0x29, 0x35, 0x07, 0x91, 0x1f, 0xc1, 0x00, 0xf1, 
    0x00, 0x04, 0x00, 0x54, 0x2b, 0x91, 0x5f, 0x38, 0x2c, 0xa1, 0x5f, 0x38, 
    0x2d, 0xd1, 0x5f, 0x38, 0x2e, 0xe1, 0x5f, 0x38, 0x2f, 0xb1, 0x5f, 0x38, 
    0x30, 0x01, 0x40, 0x39, 0x6b, 0x21, 0x0c, 0x2a, 0x2c, 0xf1, 0x5f, 0x38, 
    0xad, 0x21, 0x0e, 0x2a, 0x2e, 0xc1, 0x5f, 0x38, 0x6b, 0x41, 0x0f, 0x2a, 
    0x2f, 0x11, 0x5f, 0x38, 0xac, 0x41, 0x0c, 0x2a, 0x4d, 0x01, 0x08, 0x8b, 
    0x08, 0x31, 0x00, 0x91, 0x6b, 0x61, 0x0e, 0x2a, 0x2e, 0x51, 0x5f, 0x38, 
    0xaf, 0x21, 0x00, 0x39, 0x8c, 0x61, 0x10, 0x2a, 0x29, 0x41, 0x00, 0x91, 
    0xae, 0x25, 0x00, 0x39, 0xab, 0x31, 0x00, 0x29, 0xe8, 0xff, 0xff, 0x17, 
    0x1f, 0x20, 0x03, 0xd5, 0x02, 0xe3, 0x04, 0x10, 0xe0, 0x83, 0x37, 0x91, 
    0xe1, 0x03, 0x1f, 0x2a, 0x63, 0x01, 0x80, 0x52, 0x6e, 0x18, 0x00, 0x94, 
    0xe0, 0x83, 0x37, 0x91, 0x74, 0xff, 0xff, 0x17, 0xe0, 0xc3, 0x35, 0x91, 
    0xe1, 0xc3, 0x36, 0x91, 0x02, 0x06, 0x80, 0x52, 0xf5, 0xc3, 0x35, 0x91, 
    0xc5, 0x19, 0x00, 0x94, 0x29, 0x00, 0x80, 0x52, 0xfc, 0x03, 0x1f, 0xaa, 
    0xe8, 0x03, 0x1f, 0xaa, 0xea, 0x03, 0x1f, 0xaa, 0xe9, 0x83, 0x36, 0x39, 
    0x09, 0x03, 0x80, 0x52, 0x1c, 0xe3, 0x00, 0xf9, 0x1f, 0xc1, 0x00, 0xf1, 
    0x80, 0x02, 0x00, 0x54, 0xad, 0x02, 0x08, 0x8b, 0xeb, 0x03, 0x0a, 0xaa, 
    0x08, 0x31, 0x00, 0x91, 0xac, 0x25, 0x40, 0x39, 0x4a, 0x05, 0x00, 0x91, 
    0x2c, 0xff, 0xff, 0x34, 0xad, 0x05, 0x40, 0xb9, 0xed, 0xfe, 0xff, 0xb4, 
    0x9f, 0x0f, 0x00, 0xf1, 0xa8, 0xfe, 0xff, 0x54, 0x8e, 0x6f, 0x09, 0x9b, 
    0xaf, 0x02, 0x08, 0x8b, 0xef, 0x41, 0x5f, 0xb8, 0xcf, 0x35, 0x00, 0xa9, 
    0x0d, 0xe3, 0x40, 0xf9, 0xcb, 0x41, 0x00, 0x39, 0xcc, 0x45, 0x00, 0x39, 
    0xbc, 0x05, 0x00, 0x91, 0xeb, 0xff, 0xff, 0x17, 0x7c, 0xea, 0xff, 0xb4, 
    0x81, 0x00, 0xa0, 0xd2, 0xe0, 0x03, 0x13, 0xaa, 0x01, 0x08, 0xc0, 0xf2, 
    0x01, 0x01, 0xe0, 0xf2, 0xa7, 0x0c, 0x00, 0x94, 0x20, 0xde, 0x00, 0x36, 
    0x1f, 0x20, 0x03, 0xd5, 0x62, 0xef, 0x04, 0x50, 0xe0, 0x83, 0x25, 0x91, 
    0xe1, 0x03, 0x1f, 0x2a, 0xc3, 0x02, 0x80, 0x52, 0x3e, 0x18, 0x00, 0x94, 
    0xe0, 0x83, 0x25, 0x91, 0x3c, 0x0f, 0x00, 0x94, 0x88, 0x22, 0x46, 0x39, 
    0x1f, 0x0d, 0x00, 0x71, 0x40, 0x01, 0x00, 0x54, 0x88, 0x30, 0x88, 0x52, 
    0x1f, 0x20, 0x03, 0xd5, 0xc1, 0x90, 0x04, 0x50, 0x1f, 0x20, 0x03, 0xd5, 
    0x03, 0xce, 0x03, 0x10, 0x60, 0x02, 0x08, 0x8b, 0xa2, 0x00, 0x80, 0x52, 
    0xa4, 0x00, 0x80, 0x52, 0x60, 0x10, 0x00, 0x94, 0xdc, 0x0f, 0x00, 0x94, 
    0x08, 0xd9, 0x85, 0x52, 0x69, 0x22, 0x2f, 0x91, 0x1d, 0xd1, 0x85, 0x52, 
    0x68, 0x02, 0x08, 0x8b, 0xfb, 0xc3, 0x0a, 0x91, 0x59, 0x00, 0x80, 0x52, 
    0xe8, 0x43, 0x00, 0xf9, 0x08, 0xc1, 0x83, 0x52, 0x37, 0x00, 0x80, 0x52, 
    0x68, 0x02, 0x08, 0x8b, 0x1f, 0x20, 0x03, 0xd5, 0x9c, 0xc0, 0x04, 0x10, 
    0xe8, 0x27, 0x07, 0xa9, 0x69, 0x82, 0x07, 0x91, 0x68, 0x02, 0x1d, 0x8b, 
    0xe9, 0xa3, 0x05, 0xa9, 0xfa, 0xc3, 0x13, 0x91, 0x1f, 0x20, 0x03, 0xd5, 
    0x38, 0xcb, 0x03, 0x30, 0x68, 0xb2, 0x5f, 0xf9, 0x68, 0x03, 0x00, 0xb4, 
    0x48, 0x01, 0x80, 0x52, 0x01, 0x00, 0x00, 0xd4, 0xf1, 0x03, 0x1f, 0xaa, 
    0xf0, 0x03, 0x1f, 0xaa, 0x3f, 0x02, 0x06, 0xf1, 0x60, 0x02, 0x00, 0x54, 
    0x68, 0x6a, 0x71, 0xb8, 0x1f, 0x05, 0x00, 0x71, 0x28, 0x62, 0x00, 0x91, 
    0xc1, 0x00, 0x00, 0x54, 0x69, 0x02, 0x11, 0x8b, 0x29, 0x05, 0x40, 0xf9, 
    0x29, 0x05, 0x00, 0xd1, 0x3f, 0x01, 0x00, 0xeb, 0x63, 0x00, 0x00, 0x54, 
    0xf1, 0x03, 0x08, 0xaa, 0xf4, 0xff, 0xff, 0x17, 0x7f, 0x6a, 0x31, 0xf8, 
    0x1f, 0x42, 0x00, 0xf1, 0x69, 0xb2, 0x5f, 0xf9, 0x10, 0x26, 0x90, 0x9a, 
    0x29, 0x05, 0x00, 0xd1, 0x69, 0xb2, 0x1f, 0xf9, 0xf8, 0xff, 0xff, 0x17, 
    0x1f, 0x42, 0x00, 0xf1, 0x48, 0xd5, 0x00, 0x54, 0xe8, 0x03, 0x1f, 0xaa, 
    0x1f, 0x01, 0x01, 0xf1, 0x80, 0x00, 0x00, 0x54, 0x5f, 0x6b, 0x28, 0xf8, 
    0x08, 0x41, 0x00, 0x91, 0xfc, 0xff, 0xff, 0x17, 0x48, 0x01, 0x80, 0x52, 
    0x01, 0x00, 0x00, 0xd4, 0xf1, 0x03, 0x1f, 0xaa, 0xf0, 0x03, 0x1f, 0xaa, 
    0x08, 0xc1, 0x83, 0x52, 0x1f, 0x01, 0x1d, 0xeb, 0x60, 0x02, 0x00, 0x54, 
    0x69, 0x6a, 0x68, 0xb8, 0x0a, 0x81, 0x10, 0x91, 0x3f, 0x09, 0x00, 0x71, 
    0x29, 0x06, 0x00, 0x91, 0xe0, 0x00, 0x00, 0x54, 0x68, 0x02, 0x08, 0x8b, 
    0x08, 0x05, 0x42, 0xf9, 0x08, 0x05, 0x00, 0xd1, 0x1f, 0x01, 0x00, 0xeb, 
    0x02, 0x3a, 0x44, 0xfa, 0x83, 0x00, 0x00, 0x54, 0xe8, 0x03, 0x0a, 0xaa, 
    0xf1, 0x03, 0x09, 0xaa, 0xf1, 0xff, 0xff, 0x17, 0x48, 0x13, 0x10, 0x8b, 
    0x10, 0x06, 0x00, 0x91, 0x17, 0x45, 0x00, 0xa9, 0xfa, 0xff, 0xff, 0x17, 
    0xf5, 0x03, 0x1f, 0xaa, 0xbf, 0x02, 0x01, 0xf1, 0x20, 0x02, 0x00, 0x54, 
    0x48, 0x6b, 0x75, 0xb8, 0xa8, 0x01, 0x00, 0x36, 0xe0, 0xa3, 0x02, 0x91, 
    0xe1, 0x03, 0x1f, 0x2a, 0xe2, 0x03, 0x18, 0xaa, 0x83, 0x02, 0x80, 0x52, 
    0xe4, 0x03, 0x1f, 0x2a, 0x56, 0x03, 0x15, 0x8b, 0x97, 0x07, 0x00, 0x94, 
    0xe0, 0xa3, 0x02, 0x91, 0xd3, 0x0e, 0x00, 0x94, 0xc1, 0x06, 0x40, 0xf9, 
    0xe0, 0x03, 0x13, 0xaa, 0xce, 0xfd, 0xff, 0x97, 0xb5, 0x42, 0x00, 0x91, 
    0xef, 0xff, 0xff, 0x17, 0x48, 0x01, 0x80, 0x52, 0x01, 0x00, 0x00, 0xd4, 
    0xf0, 0x03, 0x1f, 0xaa, 0x08, 0x00, 0x80, 0x92, 0xe9, 0x03, 0x10, 0xaa, 
    0x3f, 0x01, 0x06, 0xf1, 0x80, 0x01, 0x00, 0x54, 0x6a, 0x6a, 0x69, 0xb8, 
    0x30, 0x61, 0x00, 0x91, 0xe9, 0x03, 0x10, 0xaa, 0x6a, 0xff, 0x07, 0x36, 
    0x69, 0x02, 0x10, 0x8b, 0x29, 0x01, 0x5f, 0xf8, 0x3f, 0x01, 0x08, 0xeb, 
    0x2a, 0x31, 0x88, 0x9a, 0x3f, 0x01, 0x00, 0xf1, 0x08, 0x01, 0x8a, 0x9a, 
    0xf3, 0xff, 0xff, 0x17, 0x0a, 0xc1, 0x83, 0x52, 0x5f, 0x01, 0x1d, 0xeb, 
    0xc0, 0x01, 0x00, 0x54, 0x6b, 0x6a, 0x6a, 0xb8, 0x49, 0x81, 0x10, 0x91, 
    0xea, 0x03, 0x09, 0xaa, 0x7f, 0x09, 0x00, 0x71, 0x6b, 0x02, 0x09, 0x8b, 
    0x20, 0xff, 0xff, 0x54, 0x6a, 0x81, 0x5e, 0xf8, 0x5f, 0x01, 0x08, 0xeb, 
    0x4b, 0x31, 0x88, 0x9a, 0x5f, 0x01, 0x00, 0xf1, 0xea, 0x03, 0x09, 0xaa, 
    0x08, 0x01, 0x8b, 0x9a, 0xf2, 0xff, 0xff, 0x17, 0x1f, 0x05, 0x00, 0xb1, 
    0x80, 0x01, 0x00, 0x54, 0x08, 0x01, 0x00, 0xeb, 0x89, 0x01, 0x00, 0x54, 
    0xe9, 0x47, 0x88, 0x52, 0xe9, 0x01, 0xa0, 0x72, 0x08, 0x01, 0x09, 0x8b, 
    0x29, 0x05, 0x00, 0x91, 0x08, 0x09, 0xc9, 0x9a, 0x09, 0x00, 0x80, 0x12, 
    0x1f, 0x01, 0x09, 0xeb, 0x15, 0x31, 0x89, 0x9a, 0x04, 0x00, 0x00, 0x14, 
    0xf5, 0x03, 0x1f, 0x2a, 0x02, 0x00, 0x00, 0x14, 0x35, 0x00, 0x80, 0x52, 
    0x88, 0xa6, 0x41, 0xb9, 0xbf, 0x02, 0x08, 0x6b, 0x00, 0x02, 0x00, 0x54, 
    0x96, 0x92, 0x41, 0xb9, 0x60, 0x03, 0x7e, 0xb2, 0xe2, 0x83, 0x37, 0x91, 
    0x81, 0x00, 0x80, 0x52, 0x83, 0x00, 0x80, 0x52, 0xe4, 0x03, 0x1c, 0xaa, 
    0xf9, 0x5b, 0x01, 0xf9, 0xf5, 0xe3, 0x0d, 0xb9, 0x72, 0x18, 0x00, 0x94, 
    0xe0, 0x83, 0x37, 0x91, 0xe2, 0xc3, 0x0a, 0x91, 0xe1, 0x03, 0x16, 0x2a, 
    0x03, 0x01, 0x80, 0x52, 0x03, 0x15, 0x00, 0x94, 0x95, 0xa6, 0x01, 0xb9, 
    0x81, 0x92, 0x41, 0xb9, 0xe0, 0x83, 0x37, 0x91, 0x33, 0x12, 0x00, 0x94, 
    0xe8, 0xe3, 0x4d, 0xb9, 0x1f, 0x05, 0x00, 0x71, 0x20, 0xed, 0xff, 0x54, 
    0xe8, 0xb3, 0x77, 0x39, 0xa8, 0x00, 0x20, 0x37, 0x1f, 0x81, 0x00, 0x71, 
    0x41, 0x01, 0x00, 0x54, 0x2c, 0x0f, 0x00, 0x94, 0x63, 0xff, 0xff, 0x17, 
    0xe8, 0xdf, 0x5b, 0x79, 0x28, 0xec, 0x07, 0x36, 0xe8, 0xfb, 0x46, 0xf9, 
    0xe0, 0x03, 0x13, 0xaa, 0x01, 0xfd, 0x60, 0xd3, 0x31, 0xfd, 0xff, 0x97, 
    0x5c, 0xff, 0xff, 0x17, 0x76, 0xd6, 0x45, 0xf9, 0x77, 0xda, 0x45, 0xf9, 
    0xe2, 0xeb, 0x4d, 0xb9, 0xe0, 0x03, 0x16, 0xaa, 0xe1, 0x03, 0x17, 0xaa, 
    0xb9, 0x10, 0x00, 0x94, 0x80, 0x04, 0x00, 0x36, 0xe2, 0x03, 0x01, 0xaa, 
    0xe0, 0x03, 0x16, 0xaa, 0xe1, 0x03, 0x17, 0xaa, 0x1f, 0x20, 0x03, 0xd5, 
    0x43, 0xa2, 0x04, 0x10, 0xa9, 0x10, 0x00, 0x94, 0x08, 0x00, 0x40, 0xb9, 
    0x1f, 0x05, 0x00, 0x71, 0x61, 0x03, 0x00, 0x54, 0x15, 0x08, 0x40, 0xb9, 
    0x37, 0x00, 0x80, 0x52, 0xbf, 0x02, 0x18, 0x31, 0x21, 0x03, 0x00, 0x54, 
    0xe0, 0xc3, 0x0a, 0x91, 0xd9, 0x17, 0x00, 0x94, 0x88, 0x22, 0x46, 0x39, 
    0x1f, 0x0d, 0x00, 0x71, 0xe0, 0xfb, 0xff, 0x54, 0x88, 0x30, 0x88, 0x52, 
    0xe0, 0x83, 0x37, 0x91, 0xe2, 0xc3, 0x0a, 0x91, 0x61, 0x6a, 0x68, 0xb8, 
    0x03, 0x48, 0x80, 0x52, 0xac, 0x14, 0x00, 0x94, 0xe8, 0xe3, 0x4d, 0xb9, 
    0x1f, 0x05, 0x00, 0x71, 0xc1, 0x49, 0x00, 0x54, 0xe8, 0xe7, 0x4d, 0xb9, 
    0xe9, 0xeb, 0x4d, 0xb9, 0x09, 0x81, 0x09, 0xaa, 0x1f, 0x25, 0x00, 0x71, 
    0xe8, 0x4b, 0x40, 0xf9, 0x08, 0x01, 0x89, 0x9a, 0xe8, 0x4b, 0x00, 0xf9, 
    0xce, 0xff, 0xff, 0x17, 0x37, 0x00, 0x80, 0x52, 0x30, 0xff, 0xff, 0x17, 
    0xa8, 0x5e, 0x18, 0x12, 0x1f, 0x01, 0x10, 0x31, 0xc0, 0x05, 0x00, 0x54, 
    0x1f, 0x01, 0x0c, 0x31, 0xe1, 0x40, 0x00, 0x54, 0x00, 0xe4, 0x00, 0x6f, 
    0xa0, 0x02, 0x0c, 0x11, 0xe8, 0xc3, 0x13, 0x91, 0x1f, 0x0c, 0x00, 0x71, 
    0x00, 0x41, 0x82, 0x3d, 0x00, 0x3d, 0x82, 0x3d, 0x28, 0xc0, 0x00, 0x54, 
    0xe8, 0x5b, 0x48, 0xa9, 0x09, 0x83, 0x80, 0x52, 0x15, 0x20, 0xa9, 0x9b, 
    0xa8, 0x12, 0x40, 0x39, 0x1f, 0x0d, 0x00, 0x71, 0x60, 0x4f, 0x00, 0x54, 
    0x1f, 0x09, 0x00, 0x71, 0x40, 0x4c, 0x00, 0x54, 0xa1, 0x02, 0x40, 0xb9, 
    0xe0, 0xc3, 0x0a, 0x91, 0xe2, 0x83, 0x37, 0x91, 0x03, 0x04, 0x80, 0x52, 
    0x86, 0x14, 0x00, 0x94, 0xe8, 0xb3, 0x42, 0xb9, 0xe8, 0x4b, 0x00, 0x37, 
    0xf6, 0x5f, 0x41, 0xf9, 0x76, 0xfe, 0xff, 0xb4, 0xe8, 0x83, 0x77, 0x39, 
    0xc8, 0x00, 0x00, 0x34, 0x1f, 0x0d, 0x00, 0x71, 0xe0, 0xfd, 0xff, 0x54, 
    0xdf, 0x86, 0x00, 0xf1, 0xa3, 0xfd, 0xff, 0x54, 0xc8, 0x05, 0x00, 0x14, 
    0xdf, 0x86, 0x00, 0xf1, 0x42, 0xb9, 0x00, 0x54, 0xe0, 0x83, 0x37, 0x91, 
    0xe1, 0x03, 0x16, 0xaa, 0x2c, 0x0b, 0x00, 0x94, 0xc0, 0xfc, 0x07, 0x36, 
    0xa9, 0x12, 0x40, 0x39, 0x08, 0xfc, 0x48, 0xd3, 0x3f, 0x0d, 0x00, 0x71, 
    0x40, 0xfc, 0xff, 0x54, 0xa8, 0x12, 0x04, 0xb9, 0xe0, 0xff, 0xff, 0x17, 
    0xa0, 0x02, 0x10, 0x11, 0x1f, 0x1c, 0x00, 0x71, 0xe8, 0xba, 0x00, 0x54, 
    0x09, 0x49, 0x80, 0x52, 0xe8, 0x3f, 0x40, 0xf9, 0x09, 0x20, 0xa9, 0x9b, 
    0xe8, 0x22, 0xd5, 0x1a, 0xe8, 0x9b, 0x00, 0xb9, 0xe9, 0x53, 0x00, 0xf9, 
    0x28, 0x01, 0x40, 0x39, 0x28, 0xf2, 0x07, 0x36, 0x21, 0x05, 0x40, 0xb9, 
    0xe0, 0x83, 0x37, 0x91, 0x73, 0x0f, 0x00, 0x94, 0xe8, 0xc3, 0x5b, 0x79, 
    0x08, 0x46, 0x00, 0x37, 0xe8, 0xc7, 0x5b, 0x79, 0x1f, 0x05, 0x00, 0x71, 
    0x21, 0xf1, 0xff, 0x54, 0xfc, 0x43, 0x15, 0x91, 0xe8, 0x83, 0x37, 0x91, 
    0xf7, 0x93, 0x77, 0x39, 0xf5, 0x97, 0x77, 0x39, 0xfb, 0xcf, 0x5b, 0x79, 
    0xf6, 0xd3, 0x5b, 0x79, 0x80, 0x1b, 0x00, 0x91, 0x01, 0x29, 0x00, 0x91, 
    0x42, 0x0f, 0x80, 0x52, 0x5c, 0x18, 0x00, 0x94, 0xff, 0x1a, 0x00, 0x71, 
    0xf7, 0x43, 0x15, 0x39, 0xf5, 0x47, 0x15, 0x39, 0xfb, 0xa7, 0x0a, 0x79, 
    0xf6, 0xab, 0x0a, 0x79, 0x00, 0x01, 0x00, 0x54, 0xff, 0x82, 0x00, 0x71, 
    0xfb, 0xc3, 0x0a, 0x91, 0x37, 0x00, 0x80, 0x52, 0x1f, 0x20, 0x03, 0xd5, 
    0x9c, 0x9a, 0x04, 0x10, 0xe1, 0x1f, 0x00, 0x54, 0x16, 0x02, 0x00, 0x14, 
    0xe0, 0x83, 0x37, 0x91, 0x67, 0x17, 0x00, 0x94, 0xdf, 0xe2, 0x01, 0x71, 
    0x08, 0x0f, 0x80, 0x52, 0xe1, 0x83, 0x37, 0x91, 0xd6, 0x32, 0x88, 0x1a, 
    0x02, 0x48, 0x80, 0x52, 0x1f, 0x20, 0x03, 0xd5, 0x23, 0x9c, 0x03, 0x10, 
    0xe0, 0x03, 0x16, 0xaa, 0xc5, 0x06, 0x00, 0x94, 0x82, 0x23, 0x00, 0x91, 
    0xe3, 0x03, 0x16, 0xaa, 0x1f, 0x20, 0x03, 0xd5, 0x24, 0x9c, 0x03, 0x10, 
    0xc3, 0x17, 0x00, 0x94, 0xfb, 0xc3, 0x0a, 0x91, 0x1f, 0x20, 0x03, 0xd5, 
    0xfc, 0x97, 0x04, 0x10, 0x55, 0x0d, 0x00, 0x36, 0xe8, 0x53, 0x40, 0xf9, 
    0xf9, 0xc3, 0x0a, 0x91, 0x17, 0x05, 0x40, 0xb9, 0xe0, 0xc3, 0x0a, 0x91, 
    0xe1, 0x03, 0x17, 0x2a, 0x3d, 0x0f, 0x00, 0x94, 0xe8, 0x63, 0x45, 0x79, 
    0x1f, 0x05, 0x00, 0x71, 0xc0, 0x08, 0x00, 0x54, 0xfc, 0x67, 0x45, 0x79, 
    0xf5, 0xb7, 0x42, 0xb9, 0xe0, 0x83, 0x25, 0x91, 0xfb, 0xbb, 0x42, 0xb9, 
    0x21, 0x33, 0x00, 0x91, 0x02, 0x0f, 0x80, 0x52, 0x2b, 0x18, 0x00, 0x94, 
    0x1c, 0x01, 0x00, 0x37, 0xe0, 0x03, 0x17, 0x2a, 0x98, 0x11, 0x00, 0x94, 
    0x1f, 0x70, 0x00, 0x71, 0x1f, 0x20, 0x03, 0xd5, 0x1c, 0x95, 0x04, 0x10, 
    0xa0, 0xfd, 0xff, 0x54, 0x39, 0x00, 0x00, 0x14, 0xe8, 0xc3, 0x52, 0x79, 
    0xe0, 0xc3, 0x2d, 0x91, 0xc2, 0x0e, 0x80, 0x52, 0xe8, 0xe3, 0x1a, 0x79, 
    0xe8, 0x83, 0x25, 0x91, 0x01, 0x01, 0x7f, 0xb2, 0x1c, 0x18, 0x00, 0x94, 
    0x68, 0x7f, 0x10, 0x53, 0xe9, 0xe3, 0x5a, 0x79, 0xe1, 0xc3, 0x2d, 0x91, 
    0xc2, 0x0e, 0x80, 0x52, 0xb7, 0x7e, 0x08, 0x53, 0xbc, 0x7e, 0x10, 0x53, 
    0xe8, 0xbf, 0x0e, 0x79, 0xe8, 0x63, 0x1d, 0x91, 0x79, 0x3f, 0x00, 0x12, 
    0x00, 0x29, 0x00, 0x91, 0xe9, 0xc3, 0x0e, 0x79, 0x10, 0x18, 0x00, 0x94, 
    0x3f, 0xe3, 0x01, 0x71, 0x08, 0x0f, 0x80, 0x52, 0x09, 0x48, 0x80, 0x52, 
    0x28, 0x33, 0x88, 0x1a, 0x29, 0x01, 0x16, 0xeb, 0xf7, 0x67, 0x1d, 0x39, 
    0xe9, 0x33, 0x89, 0x9a, 0xf5, 0x63, 0x1d, 0x39, 0x3f, 0x01, 0x08, 0xeb, 
    0xfc, 0xb7, 0x0e, 0x79, 0x37, 0x31, 0x88, 0x9a, 0xfb, 0xbb, 0x0e, 0x79, 
    0x17, 0x02, 0x00, 0xb4, 0xfb, 0x02, 0x16, 0x8b, 0xe2, 0x83, 0x37, 0x91, 
    0xe0, 0x03, 0x16, 0xaa, 0xe1, 0x03, 0x1b, 0xaa, 0x03, 0x48, 0x80, 0x52, 
    0x1f, 0x20, 0x03, 0xd5, 0x64, 0x94, 0x03, 0x10, 0x76, 0x06, 0x00, 0x94, 
    0xe8, 0x63, 0x1d, 0x91, 0xe3, 0x03, 0x17, 0xaa, 0x1f, 0x20, 0x03, 0xd5, 
    0x84, 0x94, 0x03, 0x10, 0x02, 0x21, 0x00, 0x91, 0x79, 0x17, 0x00, 0x94, 
    0xf6, 0x03, 0x1b, 0xaa, 0xa8, 0x3e, 0x08, 0x53, 0xfb, 0xc3, 0x0a, 0x91, 
    0x59, 0x00, 0x80, 0x52, 0x1f, 0x20, 0x03, 0xd5, 0x5c, 0x8e, 0x04, 0x10, 
    0xa8, 0x03, 0x00, 0x36, 0xb3, 0xff, 0xff, 0x17, 0xfb, 0xb7, 0x42, 0xb9, 
    0x02, 0x00, 0x00, 0x14, 0xfb, 0x03, 0x00, 0x2a, 0xe0, 0x83, 0x25, 0x91, 
    0x21, 0x00, 0x80, 0x52, 0x1f, 0x20, 0x03, 0xd5, 0x22, 0x93, 0x03, 0x10, 
    0x83, 0x02, 0x80, 0x52, 0xc6, 0x16, 0x00, 0x94, 0x1f, 0x20, 0x03, 0xd5, 
    0xa8, 0x99, 0x03, 0x10, 0xe0, 0x83, 0x25, 0x91, 0x04, 0x59, 0x7b, 0xf8, 
    0x1f, 0x20, 0x03, 0xd5, 0x28, 0xa0, 0x03, 0x10, 0x03, 0x59, 0x7b, 0xf8, 
    0x1f, 0x20, 0x03, 0xd5, 0x21, 0xff, 0x03, 0x50, 0x62, 0x00, 0x80, 0x52, 
    0x13, 0x0d, 0x00, 0x94, 0xe0, 0xc3, 0x0a, 0x91, 0xe1, 0x83, 0x25, 0x91, 
    0x53, 0x16, 0x00, 0x94, 0xe0, 0xc3, 0x0a, 0x91, 0x76, 0x0d, 0x00, 0x94, 
    0xfb, 0xc3, 0x0a, 0x91, 0x59, 0x00, 0x80, 0x52, 0xdf, 0x22, 0x00, 0xf1, 
    0x37, 0x00, 0x80, 0x52, 0xc3, 0x0f, 0x00, 0x54, 0xe9, 0x53, 0x40, 0xf9, 
    0x28, 0x01, 0x40, 0xb9, 0x1f, 0x09, 0x00, 0x71, 0x40, 0x00, 0x00, 0x54, 
    0x37, 0x01, 0x09, 0x39, 0xe0, 0x83, 0x37, 0x91, 0xe1, 0x03, 0x16, 0xaa, 
    0x1f, 0x20, 0x03, 0xd5, 0xe2, 0x8f, 0x03, 0x10, 0x60, 0x06, 0x00, 0x94, 
    0x08, 0x00, 0x40, 0x39, 0x09, 0x04, 0x40, 0x39, 0x08, 0x21, 0x09, 0x2a, 
    0x1f, 0x1d, 0x0c, 0x71, 0xe1, 0x0d, 0x00, 0x54, 0x08, 0x08, 0x40, 0x39, 
    0x48, 0x09, 0x00, 0x37, 0x08, 0x1c, 0x40, 0x39, 0x15, 0x10, 0x40, 0x39, 
    0xe1, 0x03, 0x16, 0xaa, 0x1b, 0x14, 0x40, 0x39, 0x17, 0x18, 0x40, 0x39, 
    0xe0, 0x83, 0x37, 0x91, 0x1f, 0x20, 0x03, 0xd5, 0xa2, 0x8e, 0x03, 0x10, 
    0xe8, 0x6b, 0x00, 0xb9, 0x4f, 0x06, 0x00, 0x94, 0xe0, 0x5b, 0x01, 0xf9, 
    0xe0, 0xc3, 0x0a, 0x91, 0xff, 0x63, 0x01, 0xf9, 0xe1, 0x5f, 0x01, 0xf9, 
    0xd5, 0x0e, 0x00, 0x94, 0x60, 0x0b, 0x00, 0x36, 0xe0, 0xc3, 0x0a, 0x91, 
    0xd2, 0x0e, 0x00, 0x94, 0x00, 0x0b, 0x00, 0x36, 0xf6, 0x03, 0x01, 0x2a, 
    0xe6, 0x16, 0x00, 0x94, 0xa0, 0x0a, 0x00, 0xb4, 0x3f, 0x04, 0x00, 0xf1, 
    0xa0, 0xba, 0x00, 0x54, 0xe1, 0xba, 0x00, 0xb4, 0x3f, 0x08, 0x00, 0xf1, 
    0x09, 0xbb, 0x00, 0x54, 0x3f, 0x0c, 0x00, 0xf1, 0x20, 0xbb, 0x00, 0x54, 
    0xdd, 0x16, 0x00, 0x94, 0x80, 0x09, 0x00, 0xb4, 0x3f, 0x04, 0x00, 0xf1, 
    0xe0, 0xbb, 0x00, 0x54, 0x41, 0xbc, 0x00, 0xb4, 0x3f, 0x08, 0x00, 0xf1, 
    0x89, 0xbc, 0x00, 0x54, 0x3f, 0x0c, 0x00, 0xf1, 0xa0, 0xbc, 0x00, 0x54, 
    0xe0, 0xc3, 0x0a, 0x91, 0xbc, 0x0e, 0x00, 0x94, 0x40, 0x08, 0x00, 0x36, 
    0xe8, 0x63, 0x41, 0xf9, 0xe9, 0x5f, 0x41, 0xf9, 0x08, 0x09, 0x00, 0x91, 
    0x1f, 0x01, 0x09, 0xeb, 0xa8, 0x07, 0x00, 0x54, 0xe0, 0xc3, 0x0a, 0x91, 
    0x21, 0x3c, 0x40, 0x92, 0xe8, 0x63, 0x01, 0xf9, 0x19, 0x0e, 0x00, 0x94, 
    0x00, 0x07, 0x00, 0xb4, 0xe8, 0x03, 0x15, 0x2a, 0xe9, 0x6b, 0x40, 0xb9, 
    0xf5, 0x03, 0x1f, 0xaa, 0x08, 0x21, 0x1b, 0x2a, 0xfb, 0xc3, 0x0a, 0x91, 
    0x08, 0x41, 0x17, 0x2a, 0x37, 0x00, 0x80, 0x52, 0x08, 0x61, 0x09, 0x2a, 
    0xe9, 0x0f, 0x82, 0x92, 0x09, 0x06, 0x00, 0xb4, 0x6a, 0x02, 0x09, 0x8b, 
    0x4a, 0x89, 0x6e, 0xb9, 0x5f, 0x09, 0x00, 0x71, 0xa0, 0x00, 0x00, 0x54, 
    0x6a, 0x02, 0x09, 0x8b, 0x4a, 0x99, 0x72, 0xb9, 0x5f, 0x01, 0x08, 0x6b, 
    0x40, 0x05, 0x00, 0x54, 0x29, 0x81, 0x10, 0x91, 0xb5, 0x06, 0x00, 0x91, 
    0xa9, 0x04, 0x00, 0xb4, 0xf5, 0xff, 0xff, 0x17, 0xe9, 0x03, 0x1f, 0xaa, 
    0xe8, 0x03, 0x1f, 0x2a, 0xea, 0x3b, 0x40, 0xf9, 0x0b, 0x84, 0x80, 0x52, 
    0x2a, 0x29, 0x0b, 0x9b, 0x3f, 0x11, 0x00, 0xf1, 0xe2, 0x02, 0x00, 0x54, 
    0x4b, 0x01, 0x40, 0xb9, 0x7f, 0x09, 0x00, 0x71, 0x2b, 0x05, 0x00, 0x91, 
    0xa0, 0x00, 0x00, 0x54, 0x4c, 0x6d, 0x50, 0x39, 0xed, 0x9b, 0x40, 0xb9, 
    0x9f, 0x01, 0x0d, 0x6a, 0x81, 0x00, 0x00, 0x54, 0x4a, 0x81, 0x10, 0x91, 
    0xe9, 0x03, 0x0b, 0xaa, 0xf4, 0xff, 0xff, 0x17, 0x4d, 0x71, 0x50, 0x39, 
    0xee, 0x9b, 0x40, 0xb9, 0xad, 0x01, 0x0e, 0x2a, 0xae, 0x01, 0x0c, 0x0a, 
    0x4d, 0x71, 0x10, 0x39, 0xdf, 0x01, 0x0c, 0x6b, 0xea, 0x17, 0x9f, 0x1a, 
    0x21, 0x01, 0x81, 0x9a, 0xe9, 0x03, 0x0b, 0xaa, 0x48, 0x01, 0x08, 0x2a, 
    0xe6, 0xff, 0xff, 0x17, 0xc8, 0x00, 0x00, 0x36, 0xe0, 0x03, 0x13, 0xaa, 
    0xf5, 0xfb, 0xff, 0x97, 0x03, 0x00, 0x00, 0x14, 0xfb, 0xc3, 0x0a, 0x91, 
    0x37, 0x00, 0x80, 0x52, 0xe9, 0x53, 0x40, 0xf9, 0xe1, 0xfe, 0xff, 0x17, 
    0xbf, 0x0e, 0x00, 0xf1, 0xc8, 0xb5, 0x00, 0x54, 0x09, 0x84, 0x80, 0x52, 
    0xe8, 0x3b, 0x40, 0xf9, 0xa5, 0x22, 0x09, 0x9b, 0xa8, 0x00, 0x40, 0xb9, 
    0x1f, 0x09, 0x00, 0x71, 0xe0, 0xfe, 0xff, 0x54, 0xb6, 0x06, 0x00, 0x37, 
    0x3f, 0x40, 0x00, 0xf1, 0xc1, 0x07, 0x00, 0x54, 0xa8, 0x28, 0x48, 0x79, 
    0x1f, 0x85, 0x10, 0x71, 0x61, 0x07, 0x00, 0x54, 0x08, 0x04, 0x40, 0x39, 
    0x09, 0x00, 0x40, 0x39, 0xed, 0x03, 0x00, 0xaa, 0x0b, 0x08, 0x40, 0x39, 
    0xec, 0x03, 0x00, 0xaa, 0x0a, 0x0c, 0x40, 0x39, 0x28, 0x21, 0x08, 0xaa, 
    0x8e, 0x4d, 0x40, 0x38, 0x69, 0xbd, 0x70, 0xd3, 0xab, 0x8d, 0x40, 0x38, 
    0xb0, 0x0d, 0x40, 0x39, 0xb1, 0x09, 0x40, 0x39, 0x83, 0x09, 0x40, 0x39, 
    0xb2, 0x4d, 0x40, 0x38, 0xa2, 0x09, 0x40, 0x39, 0x0f, 0x24, 0x40, 0x39, 
    0x8c, 0x0d, 0x40, 0x39, 0x63, 0x3c, 0x10, 0x53, 0x44, 0x3c, 0x10, 0x53, 
    0x02, 0x14, 0x40, 0x39, 0xad, 0x0d, 0x40, 0x39, 0x6b, 0x21, 0x0f, 0xaa, 
    0x2f, 0xbe, 0x70, 0xd3, 0x11, 0x34, 0x40, 0x39, 0x29, 0x61, 0x0a, 0xaa, 
    0xca, 0x21, 0x02, 0x2a, 0x6c, 0x60, 0x0c, 0x2a, 0xef, 0x61, 0x10, 0xaa, 
    0x50, 0x22, 0x11, 0x2a, 0x8d, 0x60, 0x0d, 0x2a, 0x28, 0x01, 0x08, 0xaa, 
    0x89, 0x01, 0x0a, 0x2a, 0x08, 0x81, 0x09, 0xaa, 0xe9, 0xed, 0x8e, 0xd2, 
    0xeb, 0x01, 0x0b, 0xaa, 0xad, 0x01, 0x10, 0x2a, 0xc9, 0x0d, 0xa4, 0xf2, 
    0x6a, 0x81, 0x0d, 0xaa, 0x69, 0xad, 0xcc, 0xf2, 0x29, 0x4f, 0xe1, 0xf2, 
    0x5f, 0x01, 0x09, 0xeb, 0xa9, 0x48, 0x8a, 0xd2, 0x49, 0x0a, 0xa4, 0xf2, 
    0xa9, 0xce, 0xcd, 0xf2, 0x69, 0xcd, 0xed, 0xf2, 0x00, 0x01, 0x49, 0xfa, 
    0xa1, 0x01, 0x00, 0x54, 0xa8, 0x70, 0x50, 0x39, 0xe9, 0x9b, 0x40, 0xb9, 
    0x08, 0x01, 0x09, 0x2a, 0xa8, 0x70, 0x10, 0x39, 0xa8, 0x70, 0x50, 0x39, 
    0xa9, 0x6c, 0x50, 0x39, 0x3f, 0x01, 0x28, 0x6a, 0x41, 0xf7, 0xff, 0x54, 
    0xe0, 0x03, 0x13, 0xaa, 0xe1, 0x03, 0x15, 0xaa, 0xb3, 0xff, 0xff, 0x17, 
    0x21, 0xff, 0xff, 0xb4, 0xf5, 0x37, 0x00, 0xf9, 0xf5, 0x53, 0x40, 0xf9, 
    0x00, 0xe4, 0x00, 0x6f, 0xaa, 0x68, 0x50, 0x39, 0xe9, 0xc3, 0x13, 0x91, 
    0xe0, 0x87, 0x04, 0xa9, 0xa8, 0x02, 0x40, 0xb9, 0x1f, 0x09, 0x00, 0x71, 
    0x20, 0x31, 0x81, 0x3d, 0x20, 0x2d, 0x81, 0x3d, 0x20, 0x29, 0x81, 0x3d, 
    0x20, 0x25, 0x81, 0x3d, 0x20, 0x21, 0x81, 0x3d, 0x20, 0x1d, 0x81, 0x3d, 
    0x81, 0x00, 0x00, 0x54, 0xf5, 0x37, 0x40, 0xf9, 0xfb, 0x03, 0x1f, 0xaa, 
    0x2c, 0x00, 0x00, 0x14, 0xbb, 0xea, 0x48, 0x39, 0xb6, 0x06, 0x49, 0x39, 
    0xe1, 0x83, 0x25, 0x91, 0x02, 0x0c, 0x80, 0x52, 0x1f, 0x20, 0x03, 0xd5, 
    0x03, 0x69, 0x03, 0x10, 0xe0, 0x03, 0x1b, 0xaa, 0xea, 0x47, 0x00, 0xb9, 
    0xe5, 0x1f, 0x00, 0xf9, 0x6c, 0x05, 0x00, 0x94, 0x7f, 0x07, 0x01, 0xf1, 
    0x22, 0xa0, 0x00, 0x54, 0xa2, 0xb2, 0x00, 0x91, 0xe3, 0x03, 0x1b, 0xaa, 
    0x1f, 0x20, 0x03, 0xd5, 0x44, 0x69, 0x03, 0x10, 0x68, 0x16, 0x00, 0x94, 
    0xea, 0x03, 0x16, 0xaa, 0xca, 0x02, 0x00, 0x34, 0x60, 0x07, 0x00, 0x91, 
    0xe8, 0x83, 0x25, 0x91, 0xe9, 0x05, 0x80, 0x52, 0x09, 0x69, 0x3b, 0x38, 
    0x1b, 0x00, 0x0a, 0x8b, 0xe2, 0x83, 0x25, 0x91, 0xe1, 0x03, 0x1b, 0xaa, 
    0x03, 0x0c, 0x80, 0x52, 0x1f, 0x20, 0x03, 0xd5, 0x64, 0x68, 0x03, 0x10, 
    0x52, 0x05, 0x00, 0x94, 0xf5, 0x37, 0x40, 0xf9, 0xdf, 0x46, 0x00, 0x71, 
    0x62, 0x9f, 0x00, 0x54, 0xe8, 0x53, 0x40, 0xf9, 0xe3, 0x03, 0x16, 0xaa, 
    0x1f, 0x20, 0x03, 0xd5, 0xe4, 0x68, 0x03, 0x10, 0x02, 0x61, 0x00, 0x91, 
    0x52, 0x16, 0x00, 0x94, 0x02, 0x00, 0x00, 0x14, 0xf5, 0x37, 0x40, 0xf9, 
    0xe5, 0x1f, 0x40, 0xf9, 0xea, 0x47, 0x40, 0xb9, 0xca, 0x02, 0x00, 0x36, 
    0xe0, 0xc3, 0x0a, 0x91, 0xe1, 0x03, 0x1f, 0x2a, 0x02, 0x40, 0x80, 0x52, 
    0xf6, 0x03, 0x05, 0xaa, 0xc5, 0x16, 0x00, 0x94, 0xe5, 0x9b, 0x44, 0xa9, 
    0xe0, 0xc3, 0x0a, 0x91, 0xe3, 0x83, 0x25, 0x91, 0x01, 0x40, 0x80, 0x52, 
    0xe2, 0x03, 0x1f, 0xaa, 0xe4, 0x03, 0x1b, 0xaa, 0x8b, 0x08, 0x00, 0x94, 
    0xc0, 0x00, 0x00, 0xb4, 0xe1, 0x03, 0x00, 0xaa, 0xe0, 0xc3, 0x0a, 0x91, 
    0x1f, 0x20, 0x03, 0xd5, 0xa2, 0x66, 0x03, 0x10, 0x43, 0x05, 0x00, 0x94, 
    0xfb, 0xc3, 0x0a, 0x91, 0xe5, 0x03, 0x16, 0xaa, 0x13, 0x00, 0x00, 0x14, 
    0xa8, 0x00, 0x40, 0xb9, 0x1f, 0x09, 0x00, 0x71, 0x61, 0x00, 0x00, 0x54, 
    0xfb, 0xc3, 0x0a, 0x91, 0x5e, 0xff, 0xff, 0x17, 0xa2, 0x2c, 0x48, 0x79, 
    0xa0, 0x20, 0x00, 0x91, 0xf6, 0x03, 0x05, 0xaa, 0xe5, 0x9b, 0x44, 0xa9, 
    0xe3, 0x83, 0x25, 0x91, 0x01, 0x80, 0x80, 0x52, 0xe4, 0x03, 0x1b, 0xaa, 
    0x75, 0x08, 0x00, 0x94, 0xc8, 0x2e, 0x48, 0x79, 0xe5, 0x03, 0x16, 0xaa, 
    0xfb, 0xc3, 0x0a, 0x91, 0x08, 0x01, 0x00, 0x0b, 0xc8, 0x2e, 0x08, 0x79, 
    0xa8, 0x00, 0x40, 0xb9, 0x1f, 0x09, 0x00, 0x71, 0xc0, 0xe9, 0xff, 0x54, 
    0x90, 0xff, 0xff, 0x17, 0xbf, 0x06, 0x08, 0x31, 0xc9, 0x0a, 0x00, 0x54, 
    0xa8, 0x02, 0x08, 0x11, 0x1f, 0x21, 0x00, 0x71, 0x82, 0xb7, 0xff, 0x54, 
    0x0a, 0x27, 0x80, 0x52, 0xe9, 0x2f, 0x40, 0xf9, 0x08, 0x25, 0xaa, 0x9b, 
    0x09, 0x01, 0x40, 0xf9, 0x3f, 0x09, 0x00, 0xf1, 0xe0, 0x01, 0x00, 0x54, 
    0x09, 0x99, 0x40, 0xb9, 0x3f, 0x05, 0x00, 0x71, 0x81, 0x01, 0x00, 0x54, 
    0x00, 0xe4, 0x00, 0x6f, 0x01, 0x9d, 0x40, 0xb9, 0xe9, 0xc3, 0x13, 0x91, 
    0xe0, 0xc3, 0x0a, 0x91, 0xe2, 0x83, 0x37, 0x91, 0x03, 0x08, 0x80, 0x52, 
    0x20, 0x49, 0x82, 0x3d, 0x20, 0x45, 0x82, 0x3d, 0x20, 0x41, 0x82, 0x3d, 
    0x20, 0x3d, 0x82, 0x3d, 0xb0, 0x12, 0x00, 0x94, 0x63, 0x22, 0x61, 0xf9, 
    0xe0, 0x03, 0x1f, 0xaa, 0xa8, 0x1e, 0x00, 0x12, 0x0a, 0x13, 0x80, 0x52, 
    0x69, 0x58, 0x07, 0x91, 0xe3, 0x53, 0x00, 0xf9, 0x4a, 0x01, 0x00, 0xb4, 
    0x2b, 0xf1, 0x5f, 0x38, 0x8b, 0x00, 0x00, 0x36, 0x2b, 0x01, 0x40, 0x39, 
    0x7f, 0x01, 0x08, 0x6b, 0x00, 0x11, 0x00, 0x54, 0x29, 0x61, 0x02, 0x91, 
    0x4a, 0x61, 0x02, 0xd1, 0x00, 0x04, 0x00, 0x91, 0x0a, 0xff, 0xff, 0xb5, 
    0xe0, 0x03, 0x1f, 0xaa, 0x69, 0x54, 0x07, 0x91, 0x0a, 0x13, 0x80, 0x52, 
    0x8a, 0xb2, 0xff, 0xb4, 0x2b, 0x01, 0x40, 0x39, 0x7f, 0x09, 0x00, 0x71, 
    0x80, 0x00, 0x00, 0x54, 0x2b, 0xf1, 0x5f, 0x38, 0x7f, 0x01, 0x08, 0x6b, 
    0xa0, 0x10, 0x00, 0x54, 0x4a, 0x61, 0x02, 0xd1, 0x29, 0x61, 0x02, 0x91, 
    0x00, 0x04, 0x00, 0x91, 0x4a, 0xb1, 0xff, 0xb4, 0xf6, 0xff, 0xff, 0x17, 
    0xe1, 0xf7, 0x46, 0xf9, 0xe1, 0x4b, 0x00, 0xf9, 0xc8, 0xb0, 0x07, 0x37, 
    0x3f, 0x20, 0x00, 0xf1, 0x83, 0xb0, 0xff, 0x54, 0xe0, 0xc3, 0x0a, 0x91, 
    0x1f, 0x20, 0x03, 0xd5, 0x22, 0x50, 0x03, 0x10, 0xf8, 0x04, 0x00, 0x94, 
    0x09, 0x08, 0x40, 0x39, 0x0a, 0x0c, 0x40, 0x39, 0x08, 0x00, 0x40, 0x39, 
    0x15, 0x10, 0x40, 0x39, 0x19, 0x14, 0x40, 0x39, 0x36, 0x21, 0x0a, 0x2a, 
    0x1f, 0x15, 0x00, 0x71, 0x00, 0x0a, 0x00, 0x54, 0x1f, 0x09, 0x00, 0x71, 
    0x20, 0x07, 0x00, 0x54, 0x1f, 0x05, 0x00, 0x71, 0xc1, 0x0b, 0x00, 0x54, 
    0xe1, 0x4b, 0x40, 0xf9, 0xe0, 0xc3, 0x0a, 0x91, 0x1f, 0x20, 0x03, 0xd5, 
    0xc2, 0x4e, 0x03, 0x10, 0xde, 0x04, 0x00, 0x94, 0x28, 0x03, 0x15, 0x8b, 
    0x3f, 0x00, 0x08, 0xeb, 0xa2, 0x1c, 0x00, 0x54, 0x59, 0x00, 0x80, 0x52, 
    0x6b, 0x03, 0x00, 0x14, 0xe8, 0x33, 0x40, 0xf9, 0x09, 0x08, 0x80, 0x52, 
    0xe9, 0xac, 0xff, 0xb4, 0x0a, 0x31, 0x40, 0x39, 0x5f, 0x09, 0x00, 0x71, 
    0x80, 0x00, 0x00, 0x54, 0x0b, 0x09, 0x40, 0xb9, 0x7f, 0x01, 0x15, 0x6b, 
    0x80, 0x03, 0x00, 0x54, 0x29, 0x41, 0x00, 0xd1, 0x08, 0x41, 0x00, 0x91, 
    0xc9, 0xab, 0xff, 0xb4, 0xf7, 0xff, 0xff, 0x17, 0xe9, 0x53, 0x40, 0xf9, 
    0x28, 0x01, 0x40, 0xb9, 0x1f, 0x09, 0x00, 0x71, 0x01, 0x02, 0x00, 0x54, 
    0xe1, 0x03, 0x1f, 0x2a, 0x0f, 0x00, 0x00, 0x14, 0xc8, 0x7e, 0x60, 0x92, 
    0x08, 0x05, 0x7d, 0xb2, 0xe8, 0x47, 0x00, 0xf9, 0x53, 0xfd, 0xff, 0x17, 
    0xe8, 0xb7, 0x42, 0xb9, 0x1f, 0x25, 0x00, 0x71, 0x20, 0x02, 0x00, 0x54, 
    0x1f, 0x61, 0x00, 0x71, 0xa1, 0x01, 0x00, 0x54, 0xc8, 0x7e, 0x60, 0x92, 
    0xb7, 0x12, 0x00, 0x39, 0x16, 0x05, 0x7d, 0xb2, 0x0b, 0x00, 0x00, 0x14, 
    0x21, 0x29, 0x40, 0xb9, 0xe0, 0x03, 0x13, 0xaa, 0x7f, 0xfa, 0xff, 0x97, 
    0x46, 0xfd, 0xff, 0x17, 0xaa, 0xa8, 0xff, 0x35, 0x00, 0x01, 0x40, 0xb9, 
    0xe1, 0x0f, 0x00, 0x94, 0x42, 0xfd, 0xff, 0x17, 0xe9, 0xbb, 0x42, 0xb9, 
    0x16, 0x81, 0x09, 0xaa, 0xf6, 0x47, 0x00, 0xf9, 0x3e, 0xfd, 0xff, 0x17, 
    0xe1, 0x4b, 0x40, 0xf9, 0xe0, 0xc3, 0x0a, 0x91, 0x1f, 0x20, 0x03, 0xd5, 
    0x02, 0x4a, 0x03, 0x10, 0xa8, 0x04, 0x00, 0x94, 0x28, 0x03, 0x15, 0x8b, 
    0x3f, 0x00, 0x08, 0xeb, 0x03, 0x04, 0x00, 0x54, 0xe0, 0x83, 0x37, 0x91, 
    0x2e, 0x15, 0x00, 0x94, 0x81, 0x22, 0x46, 0x39, 0x59, 0x00, 0x80, 0x52, 
    0x3f, 0x0c, 0x00, 0x71, 0x00, 0xa6, 0xff, 0x54, 0x88, 0x30, 0x88, 0x52, 
    0xe3, 0x83, 0x37, 0x91, 0xe2, 0x03, 0x16, 0x2a, 0x60, 0x6a, 0x68, 0xb8, 
    0xe4, 0x03, 0x1f, 0xaa, 0xa7, 0x0c, 0x00, 0x94, 0x29, 0xfd, 0xff, 0x17, 
    0xe1, 0x4b, 0x40, 0xf9, 0xe0, 0xc3, 0x0a, 0x91, 0x1f, 0x20, 0x03, 0xd5, 
    0x22, 0x48, 0x03, 0x10, 0x93, 0x04, 0x00, 0x94, 0xe8, 0x03, 0x01, 0xaa, 
    0x29, 0x03, 0x15, 0x8b, 0x81, 0x22, 0x46, 0x39, 0x1f, 0x01, 0x09, 0xeb, 
    0x24, 0x28, 0x43, 0x7a, 0x00, 0x01, 0x00, 0x54, 0x88, 0x30, 0x88, 0x52, 
    0xe2, 0x03, 0x16, 0x2a, 0x1f, 0x20, 0x03, 0xd5, 0x83, 0x47, 0x03, 0x10, 
    0x60, 0x6a, 0x68, 0xb8, 0x44, 0x00, 0x80, 0x52, 0x94, 0x0c, 0x00, 0x94, 
    0x59, 0x00, 0x80, 0x52, 0x15, 0xfd, 0xff, 0x17, 0x80, 0x85, 0x00, 0xb5, 
    0x68, 0x54, 0x47, 0x39, 0x48, 0xa2, 0x07, 0x36, 0x79, 0x58, 0x47, 0x39, 
    0xe8, 0x03, 0x1f, 0xaa, 0x1f, 0x01, 0x05, 0xf1, 0x20, 0x16, 0x00, 0x54, 
    0xe9, 0x83, 0x37, 0x91, 0x3f, 0x69, 0x28, 0xf8, 0x08, 0xa1, 0x00, 0x91, 
    0xfb, 0xff, 0xff, 0x17, 0x80, 0x84, 0x00, 0xb5, 0x68, 0x54, 0x47, 0x39, 
    0x1f, 0x09, 0x00, 0x71, 0xc0, 0xa0, 0xff, 0x54, 0x79, 0x50, 0x47, 0x39, 
    0x09, 0x27, 0x80, 0x52, 0xe8, 0x2f, 0x40, 0xf9, 0x5c, 0x00, 0x80, 0x52, 
    0x36, 0x23, 0xa9, 0x9b, 0x3f, 0x23, 0x00, 0x71, 0xe2, 0x4b, 0x00, 0x54, 
    0xc8, 0x02, 0x40, 0xf9, 0x37, 0x00, 0x80, 0x52, 0x1f, 0x09, 0x00, 0xf1, 
    0x00, 0x45, 0x00, 0x54, 0xe8, 0x83, 0x37, 0x91, 0xe0, 0x03, 0x16, 0xaa, 
    0xc4, 0x0e, 0x00, 0x94, 0xe8, 0xe3, 0x4d, 0xb9, 0xe3, 0x53, 0x40, 0xf9, 
    0x1f, 0x05, 0x00, 0x71, 0x21, 0x44, 0x00, 0x54, 0xeb, 0xe7, 0x4d, 0xb9, 
    0xe2, 0xeb, 0x4d, 0xb9, 0xea, 0x03, 0x03, 0xaa, 0xe8, 0xe3, 0x5b, 0x79, 
    0x0c, 0x28, 0x80, 0x52, 0xcc, 0xfd, 0xff, 0xb4, 0x49, 0x45, 0x40, 0x39, 
    0x3f, 0x09, 0x00, 0x71, 0x80, 0x00, 0x00, 0x54, 0x4d, 0x05, 0x40, 0xb9, 
    0xbf, 0x01, 0x0b, 0x6b, 0xa0, 0x00, 0x00, 0x54, 0x8c, 0x51, 0x00, 0xd1, 
    0x4a, 0x51, 0x00, 0x91, 0xac, 0xfc, 0xff, 0xb4, 0xf7, 0xff, 0xff, 0x17, 
    0x5c, 0x45, 0x00, 0x39, 0x5b, 0x01, 0x40, 0xb9, 0x40, 0x41, 0x40, 0x39, 
    0x6b, 0xf0, 0x40, 0xf9, 0x41, 0x5d, 0x41, 0x29, 0x6a, 0x05, 0x00, 0xd1, 
    0x6a, 0xf0, 0x00, 0xf9, 0xa0, 0x7c, 0x00, 0xb5, 0x6a, 0x54, 0x47, 0x39, 
    0x4a, 0xfb, 0x07, 0x36, 0x75, 0x58, 0x47, 0x39, 0xc8, 0x01, 0x00, 0x34, 
    0xbf, 0x1e, 0x00, 0x71, 0xc8, 0xfa, 0xff, 0x54, 0x09, 0x27, 0x80, 0x52, 
    0xe8, 0x2f, 0x40, 0xf9, 0xa0, 0x22, 0xa9, 0x9b, 0x08, 0x00, 0x40, 0xf9, 
    0x1f, 0x09, 0x00, 0xf1, 0x00, 0xfa, 0xff, 0x54, 0xe1, 0x03, 0x1b, 0x2a, 
    0x22, 0x00, 0x80, 0x52, 0xf7, 0x03, 0x00, 0xaa, 0x48, 0x12, 0x00, 0x94, 
    0x0d, 0x00, 0x00, 0x14, 0x09, 0x02, 0x00, 0x36, 0xbf, 0x1e, 0x00, 0x71, 
    0x08, 0xf9, 0xff, 0x54, 0x09, 0x27, 0x80, 0x52, 0xe8, 0x2f, 0x40, 0xf9, 
    0xa0, 0x22, 0xa9, 0x9b, 0x08, 0x00, 0x40, 0xf9, 0x1f, 0x09, 0x00, 0xf1, 
    0x40, 0xf8, 0xff, 0x54, 0xf7, 0x03, 0x00, 0xaa, 0xe1, 0x03, 0x1b, 0x2a, 
    0x32, 0x12, 0x00, 0x94, 0xe0, 0x03, 0x17, 0xaa, 0xd2, 0x0e, 0x00, 0x94, 
    0xe3, 0x53, 0x40, 0xf9, 0xbb, 0xff, 0xff, 0x17, 0xc8, 0x02, 0x40, 0xf9, 
    0x1f, 0x09, 0x00, 0xf1, 0xa0, 0x04, 0x00, 0x54, 0xe0, 0x03, 0x16, 0xaa, 
    0xe2, 0x9b, 0x00, 0xb9, 0x1b, 0x12, 0x00, 0x94, 0xe2, 0x9b, 0x40, 0xb9, 
    0xe3, 0x53, 0x40, 0xf9, 0xe0, 0x03, 0x00, 0xb4, 0xbf, 0x1e, 0x00, 0x71, 
    0x08, 0xf6, 0xff, 0x54, 0x09, 0x27, 0x80, 0x52, 0xe8, 0x2f, 0x40, 0xf9, 
    0xa9, 0x22, 0xa9, 0x9b, 0x28, 0x01, 0x40, 0xf9, 0x1f, 0x09, 0x00, 0xf1, 
    0x40, 0xf5, 0xff, 0x54, 0xea, 0x03, 0x00, 0xaa, 0xeb, 0x03, 0x01, 0xaa, 
    0x20, 0x81, 0x02, 0x91, 0xe1, 0x03, 0x17, 0x2a, 0xf7, 0x03, 0x09, 0xaa, 
    0xea, 0x37, 0x00, 0xf9, 0xeb, 0x2b, 0x00, 0xf9, 0x43, 0x10, 0x00, 0x94, 
    0xe9, 0x2b, 0x40, 0xf9, 0xe8, 0x37, 0x40, 0xf9, 0x80, 0x02, 0x00, 0xb4, 
    0x3f, 0x00, 0x09, 0xeb, 0x22, 0x30, 0x89, 0x9a, 0xe1, 0x03, 0x08, 0xaa, 
    0x78, 0x15, 0x00, 0x94, 0xe8, 0x02, 0x40, 0xf9, 0xe2, 0x9b, 0x40, 0xb9, 
    0xe3, 0x53, 0x40, 0xf9, 0x1f, 0x09, 0x00, 0xf1, 0xc0, 0xf2, 0xff, 0x54, 
    0xe0, 0x03, 0x17, 0xaa, 0xd4, 0xff, 0xff, 0x17, 0xbf, 0x1e, 0x00, 0x71, 
    0x48, 0xf2, 0xff, 0x54, 0x08, 0x27, 0x80, 0x52, 0xe9, 0x2f, 0x40, 0xf9, 
    0xa8, 0x7e, 0xa8, 0x9b, 0x28, 0x69, 0x68, 0xf8, 0x1f, 0x09, 0x00, 0xf1, 
    0x80, 0xf1, 0xff, 0x54, 0x09, 0x27, 0x80, 0x52, 0xe8, 0x2f, 0x40, 0xf9, 
    0xa0, 0x22, 0xa9, 0x9b, 0xb9, 0xff, 0xff, 0x17, 0xf7, 0x03, 0x00, 0xaa, 
    0xe0, 0x83, 0x25, 0x91, 0x7f, 0x14, 0x00, 0x94, 0x3f, 0x17, 0x00, 0x71, 
    0xa1, 0x35, 0x00, 0x54, 0xe8, 0x02, 0x15, 0x8b, 0x6c, 0x22, 0x61, 0xf9, 
    0x09, 0x01, 0x40, 0x39, 0x3f, 0xd1, 0x01, 0x71, 0x40, 0x3c, 0x00, 0x54, 
    0x3f, 0x8d, 0x01, 0x71, 0x59, 0x00, 0x80, 0x52, 0x01, 0x49, 0x00, 0x54, 
    0x09, 0x05, 0x40, 0x39, 0x3f, 0xbd, 0x01, 0x71, 0xa1, 0x48, 0x00, 0x54, 
    0x09, 0x09, 0x40, 0x39, 0x3f, 0xd5, 0x01, 0x71, 0x41, 0x48, 0x00, 0x54, 
    0x09, 0x0d, 0x40, 0x39, 0x3f, 0xb9, 0x01, 0x71, 0xe1, 0x47, 0x00, 0x54, 
    0x08, 0x11, 0x40, 0x39, 0x1f, 0xd1, 0x01, 0x71, 0x81, 0x47, 0x00, 0x54, 
    0xe2, 0x03, 0x1f, 0x2a, 0x88, 0x61, 0x02, 0xd1, 0x09, 0x28, 0x80, 0x52, 
    0x2b, 0x55, 0x02, 0x91, 0x09, 0x01, 0x09, 0x8b, 0x7f, 0xb5, 0x09, 0xf1, 
    0xe0, 0x4e, 0x00, 0x54, 0xea, 0x03, 0x0b, 0xaa, 0x2b, 0xb5, 0x44, 0x39, 
    0x29, 0x61, 0x02, 0x91, 0x7f, 0x09, 0x00, 0x71, 0x4b, 0x61, 0x02, 0x91, 
    0x20, 0xff, 0xff, 0x54, 0x2b, 0x81, 0x40, 0xb9, 0x49, 0x0d, 0x00, 0x91, 
    0x42, 0x00, 0x0b, 0x0b, 0xf3, 0xff, 0xff, 0x17, 0x3f, 0x1f, 0x00, 0x71, 
    0xe8, 0x00, 0x00, 0x54, 0x09, 0x27, 0x80, 0x52, 0xe8, 0x2f, 0x40, 0xf9, 
    0x36, 0x23, 0xa9, 0x9b, 0xc8, 0x02, 0x40, 0xf9, 0x1f, 0x09, 0x00, 0xf1, 
    0x21, 0x32, 0x00, 0x54, 0xec, 0x03, 0x1f, 0xaa, 0xe9, 0x2f, 0x40, 0xf9, 
    0x0a, 0x27, 0x80, 0x52, 0xe8, 0x03, 0x1f, 0xaa, 0x29, 0x27, 0xaa, 0x9b, 
    0xf5, 0x03, 0x19, 0xaa, 0x6b, 0x00, 0x05, 0x91, 0xec, 0x37, 0x00, 0xf9, 
    0xe9, 0x4f, 0x00, 0xf9, 0x69, 0x50, 0x00, 0xd1, 0xe9, 0xaf, 0x04, 0xa9, 
    0x1f, 0x01, 0x0c, 0xeb, 0x80, 0x22, 0x00, 0x54, 0x0a, 0x05, 0x80, 0x52, 
    0xe9, 0x83, 0x37, 0x91, 0x19, 0x05, 0x00, 0x91, 0x0a, 0x25, 0x0a, 0x9b, 
    0xe8, 0x03, 0x19, 0xaa, 0x57, 0x6d, 0x43, 0x29, 0x4b, 0x01, 0x40, 0xb9, 
    0x49, 0x21, 0x40, 0x39, 0x41, 0x0d, 0x40, 0xb9, 0x56, 0x09, 0x40, 0xf9, 
    0x40, 0x11, 0x40, 0xf9, 0x5f, 0x01, 0x00, 0xf9, 0x4b, 0xfe, 0x07, 0x36, 
    0x3f, 0x05, 0x00, 0x71, 0x20, 0x0c, 0x00, 0x54, 0x3f, 0x09, 0x00, 0x71, 
    0x61, 0x0e, 0x00, 0x54, 0x69, 0x54, 0x47, 0x39, 0xe8, 0x03, 0x19, 0xaa, 
    0x69, 0xfd, 0x07, 0x36, 0x68, 0xf0, 0x40, 0xf9, 0x6d, 0x58, 0x47, 0x39, 
    0x1f, 0x3d, 0x00, 0xf1, 0xe8, 0x0b, 0x00, 0x54, 0x68, 0xe0, 0x40, 0xf9, 
    0x1f, 0x00, 0x08, 0xeb, 0x42, 0x18, 0x00, 0x54, 0x1f, 0x0c, 0x00, 0xf1, 
    0x48, 0x6b, 0x00, 0x54, 0x68, 0xd0, 0x41, 0xb9, 0x68, 0x6b, 0x00, 0x34, 
    0x69, 0x0b, 0xc8, 0x1a, 0x08, 0x03, 0x80, 0x52, 0xea, 0x2b, 0x40, 0xf9, 
    0x08, 0x28, 0x08, 0x9b, 0x0a, 0x05, 0x40, 0xf9, 0xc9, 0x02, 0x09, 0x8b, 
    0x3f, 0x01, 0x0a, 0xeb, 0x08, 0x0a, 0x00, 0x54, 0x69, 0x50, 0x47, 0x39, 
    0x3f, 0x1d, 0x00, 0x71, 0xa8, 0x09, 0x00, 0x54, 0x0b, 0x27, 0x80, 0x52, 
    0xea, 0x2f, 0x40, 0xf9, 0x20, 0x29, 0xab, 0x9b, 0x09, 0x00, 0x40, 0xf9, 
    0x3f, 0x09, 0x00, 0xf1, 0xe0, 0x08, 0x00, 0x54, 0x78, 0x13, 0x00, 0x94, 
    0xed, 0x1f, 0x40, 0xf9, 0xec, 0x37, 0x40, 0xf9, 0xea, 0x03, 0x01, 0x2a, 
    0xe3, 0x53, 0x40, 0xf9, 0xe1, 0x47, 0x40, 0xb9, 0x00, 0x08, 0x00, 0x36, 
    0xbf, 0x1d, 0x00, 0x71, 0xe8, 0x03, 0x19, 0xaa, 0xa8, 0xf8, 0xff, 0x54, 
    0x09, 0x27, 0x80, 0x52, 0xe8, 0x2f, 0x40, 0xf9, 0xa0, 0x21, 0xa9, 0x9b, 
    0x08, 0x00, 0x40, 0xf9, 0x1f, 0x09, 0x00, 0xf1, 0xe8, 0x03, 0x19, 0xaa, 
    0xc0, 0xf7, 0xff, 0x54, 0xe1, 0x03, 0x17, 0x2a, 0xe2, 0x03, 0x1b, 0x2a, 
    0xea, 0x27, 0x00, 0xb9, 0xe0, 0x1f, 0x00, 0xf9, 0x69, 0x11, 0x00, 0x94, 
    0xe9, 0x1b, 0x40, 0xf9, 0x00, 0x15, 0x00, 0xb4, 0x28, 0x01, 0x40, 0xf9, 
    0x1f, 0x09, 0x00, 0xf1, 0xa0, 0x14, 0x00, 0x54, 0xeb, 0x03, 0x01, 0xaa, 
    0xe1, 0x27, 0x40, 0xb9, 0xea, 0x03, 0x00, 0xaa, 0x20, 0x81, 0x02, 0x91, 
    0xe2, 0x03, 0x1b, 0x2a, 0xeb, 0x2b, 0x01, 0xa9, 0x98, 0x0f, 0x00, 0x94, 
    0xe9, 0x23, 0x41, 0xa9, 0x80, 0x13, 0x00, 0xb4, 0x3f, 0x00, 0x09, 0xeb, 
    0x22, 0x30, 0x89, 0x9a, 0xe1, 0x03, 0x08, 0xaa, 0xce, 0x14, 0x00, 0x94, 
    0xe0, 0x1b, 0x40, 0xf9, 0x08, 0x00, 0x40, 0xf9, 0x1f, 0x09, 0x00, 0xf1, 
    0x20, 0x01, 0x00, 0x54, 0xe8, 0x17, 0x40, 0xf9, 0xe2, 0x27, 0x40, 0xb9, 
    0xe3, 0x03, 0x1b, 0x2a, 0x01, 0x01, 0x16, 0x8b, 0x44, 0x0d, 0x00, 0x94, 
    0xe9, 0x1b, 0x40, 0xf9, 0xfb, 0x03, 0x00, 0xaa, 0xfb, 0x12, 0x00, 0x36, 
    0xf6, 0x1f, 0x40, 0xf9, 0xe3, 0x53, 0x40, 0xf9, 0xec, 0x37, 0x40, 0xf9, 
    0xe1, 0x47, 0x40, 0xb9, 0xc8, 0x02, 0x40, 0xf9, 0x1f, 0x09, 0x00, 0xf1, 
    0xe8, 0x03, 0x19, 0xaa, 0x60, 0xf2, 0xff, 0x54, 0xe0, 0x03, 0x16, 0xaa, 
    0x22, 0x00, 0x80, 0x52, 0x20, 0x00, 0x00, 0x14, 0x69, 0x54, 0x47, 0x39, 
    0xe8, 0x03, 0x19, 0xaa, 0xa9, 0xf1, 0x07, 0x36, 0x68, 0xf0, 0x40, 0xf9, 
    0x6d, 0x58, 0x47, 0x39, 0x1f, 0x3d, 0x00, 0xf1, 0x89, 0x03, 0x00, 0x54, 
    0xbf, 0x1d, 0x00, 0x71, 0xe8, 0x03, 0x19, 0xaa, 0xc8, 0xf0, 0xff, 0x54, 
    0x09, 0x27, 0x80, 0x52, 0xe8, 0x2f, 0x40, 0xf9, 0xbb, 0x21, 0xa9, 0x9b, 
    0x68, 0x03, 0x40, 0xf9, 0x1f, 0x09, 0x00, 0xf1, 0xe8, 0x03, 0x19, 0xaa, 
    0xe0, 0xef, 0xff, 0x54, 0xe0, 0x03, 0x1b, 0xaa, 0x22, 0x00, 0x80, 0x52, 
    0x66, 0x00, 0x00, 0x14, 0xbf, 0x1e, 0x00, 0x71, 0xe8, 0x03, 0x19, 0xaa, 
    0x28, 0xef, 0xff, 0x54, 0xe8, 0x4f, 0x40, 0xf9, 0x08, 0x01, 0x40, 0xf9, 
    0x1f, 0x09, 0x00, 0xf1, 0xe8, 0x03, 0x19, 0xaa, 0x80, 0xee, 0xff, 0x54, 
    0xf6, 0x4f, 0x40, 0xf9, 0x42, 0x00, 0x80, 0x52, 0xe0, 0x03, 0x16, 0xaa, 
    0x36, 0x11, 0x00, 0x94, 0xe0, 0x03, 0x16, 0xaa, 0x5a, 0x00, 0x00, 0x14, 
    0x68, 0xe0, 0x40, 0xf9, 0x1f, 0x00, 0x08, 0xeb, 0x22, 0x09, 0x00, 0x54, 
    0x1f, 0x0c, 0x00, 0xf1, 0xe8, 0x5c, 0x00, 0x54, 0x68, 0xd0, 0x41, 0xb9, 
    0x08, 0x5d, 0x00, 0x34, 0x69, 0x0b, 0xc8, 0x1a, 0x08, 0x03, 0x80, 0x52, 
    0xea, 0x2b, 0x40, 0xf9, 0x08, 0x28, 0x08, 0x9b, 0x0a, 0x05, 0x40, 0xf9, 
    0xc9, 0x02, 0x09, 0x8b, 0x3f, 0x01, 0x0a, 0xeb, 0xe8, 0xfa, 0xff, 0x54, 
    0x69, 0x50, 0x47, 0x39, 0x3f, 0x1d, 0x00, 0x71, 0x88, 0xfa, 0xff, 0x54, 
    0x0b, 0x27, 0x80, 0x52, 0xea, 0x2f, 0x40, 0xf9, 0x20, 0x29, 0xab, 0x9b, 
    0x09, 0x00, 0x40, 0xf9, 0x3f, 0x09, 0x00, 0xf1, 0xc0, 0xf9, 0xff, 0x54, 
    0xff, 0x12, 0x00, 0x94, 0xea, 0x37, 0x43, 0xa9, 0xe9, 0x03, 0x01, 0x2a, 
    0xec, 0x37, 0x40, 0xf9, 0xe3, 0x53, 0x40, 0xf9, 0xe1, 0x47, 0x40, 0xb9, 
    0xe0, 0xf8, 0x07, 0x36, 0x48, 0x01, 0x40, 0xf9, 0x1f, 0x09, 0x00, 0xf1, 
    0x80, 0xf8, 0xff, 0x54, 0xe8, 0x17, 0x40, 0xf9, 0xe0, 0x03, 0x0a, 0xaa, 
    0xe2, 0x03, 0x09, 0x2a, 0xe3, 0x03, 0x1b, 0x2a, 0x01, 0x01, 0x16, 0x8b, 
    0xf6, 0x03, 0x09, 0x2a, 0xdb, 0x0c, 0x00, 0x94, 0xe9, 0x37, 0x43, 0xa9, 
    0xfb, 0x03, 0x00, 0xaa, 0xe1, 0x47, 0x40, 0xb9, 0xec, 0x37, 0x40, 0xf9, 
    0xe3, 0x53, 0x40, 0xf9, 0xfb, 0xf6, 0x07, 0x37, 0x28, 0x01, 0x40, 0xf9, 
    0xee, 0x03, 0x16, 0x2a, 0x1f, 0x09, 0x00, 0xf1, 0x00, 0x01, 0x00, 0x54, 
    0xe0, 0x03, 0x09, 0xaa, 0xd6, 0x10, 0x00, 0x94, 0xed, 0x1f, 0x40, 0xf9, 
    0xe1, 0x47, 0x40, 0xb9, 0xee, 0x03, 0x16, 0x2a, 0xec, 0x37, 0x40, 0xf9, 
    0xe3, 0x53, 0x40, 0xf9, 0x69, 0xff, 0x60, 0xd3, 0xe8, 0x27, 0x40, 0xf9, 
    0x0a, 0x28, 0x80, 0x52, 0x0a, 0xf5, 0xff, 0xb4, 0x0b, 0x95, 0x40, 0x39, 
    0x4a, 0x51, 0x00, 0xd1, 0x08, 0x51, 0x00, 0x91, 0x7f, 0x09, 0x00, 0x71, 
    0x61, 0xff, 0xff, 0x54, 0x01, 0x25, 0x00, 0x29, 0x0e, 0x5d, 0x01, 0x29, 
    0x1f, 0x21, 0x00, 0x79, 0x68, 0xf0, 0x40, 0xf9, 0x09, 0x05, 0x00, 0x91, 
    0xe8, 0x03, 0x19, 0xaa, 0x69, 0xf0, 0x00, 0xf9, 0x23, 0xff, 0xff, 0x17, 
    0xbf, 0x1d, 0x00, 0x71, 0xe8, 0x03, 0x19, 0xaa, 0x08, 0xe4, 0xff, 0x54, 
    0x09, 0x27, 0x80, 0x52, 0xe8, 0x2f, 0x40, 0xf9, 0xbb, 0x21, 0xa9, 0x9b, 
    0x68, 0x03, 0x40, 0xf9, 0x1f, 0x09, 0x00, 0xf1, 0xe8, 0x03, 0x19, 0xaa, 
    0x20, 0xe3, 0xff, 0x54, 0xe0, 0x03, 0x1b, 0xaa, 0x42, 0x00, 0x80, 0x52, 
    0xdc, 0x10, 0x00, 0x94, 0xe0, 0x03, 0x1b, 0xaa, 0xb1, 0x10, 0x00, 0x94, 
    0xec, 0x37, 0x40, 0xf9, 0xe3, 0x53, 0x40, 0xf9, 0xe8, 0x03, 0x19, 0xaa, 
    0x10, 0xff, 0xff, 0x17, 0xf6, 0x1f, 0x40, 0xf9, 0xe1, 0x47, 0x40, 0xb9, 
    0x22, 0x00, 0x80, 0x52, 0xe0, 0x03, 0x16, 0xaa, 0xd1, 0x10, 0x00, 0x94, 
    0xe0, 0x03, 0x16, 0xaa, 0xa6, 0x10, 0x00, 0x94, 0xe3, 0x53, 0x40, 0xf9, 
    0xec, 0x37, 0x40, 0xf9, 0xe8, 0x03, 0x19, 0xaa, 0x05, 0xff, 0xff, 0x17, 
    0x28, 0x01, 0x40, 0xf9, 0x1f, 0x09, 0x00, 0xf1, 0x60, 0x00, 0x00, 0x54, 
    0xe0, 0x03, 0x09, 0xaa, 0x9d, 0x10, 0x00, 0x94, 0x68, 0xff, 0x60, 0xd3, 
    0xe9, 0x27, 0x40, 0xf9, 0xe3, 0x53, 0x40, 0xf9, 0xec, 0x37, 0x40, 0xf9, 
    0xe1, 0x47, 0x40, 0xb9, 0x0a, 0x28, 0x80, 0x52, 0x8a, 0x01, 0x00, 0xb4, 
    0x2b, 0x95, 0x40, 0x39, 0x4a, 0x51, 0x00, 0xd1, 0x29, 0x51, 0x00, 0x91, 
    0x7f, 0x09, 0x00, 0x71, 0x61, 0xff, 0xff, 0x54, 0x21, 0x21, 0x00, 0x29, 
    0xe8, 0x27, 0x40, 0xb9, 0x28, 0x5d, 0x01, 0x29, 0x08, 0x20, 0x80, 0x52, 
    0x28, 0x21, 0x00, 0x79, 0xc7, 0xff, 0xff, 0x17, 0xf6, 0x1f, 0x40, 0xf9, 
    0x56, 0xff, 0xff, 0x17, 0xe8, 0x03, 0x1f, 0xaa, 0xfb, 0xc3, 0x0a, 0x91, 
    0x59, 0x00, 0x80, 0x52, 0x1f, 0x21, 0x02, 0xf1, 0x80, 0x00, 0x00, 0x54, 
    0x7f, 0x6b, 0x28, 0x78, 0x08, 0x89, 0x00, 0x91, 0xfc, 0xff, 0xff, 0x17, 
    0xbf, 0x1e, 0x00, 0x71, 0xa8, 0x00, 0x00, 0x54, 0xe8, 0x4f, 0x40, 0xf9, 
    0x08, 0x01, 0x40, 0xf9, 0x1f, 0x09, 0x00, 0xf1, 0xc1, 0x0e, 0x00, 0x54, 
    0xf7, 0x03, 0x1f, 0xaa, 0xf6, 0xc3, 0x0a, 0x91, 0xd7, 0x24, 0x00, 0xb4, 
    0xc8, 0x02, 0x40, 0x79, 0xdf, 0x02, 0x00, 0x79, 0x08, 0x09, 0x00, 0x36, 
    0xe8, 0x03, 0x16, 0xaa, 0x09, 0x2d, 0x40, 0x78, 0x0a, 0x8d, 0x41, 0x78, 
    0x0b, 0x8d, 0x5f, 0x78, 0x3f, 0x09, 0x00, 0x71, 0x0c, 0x8d, 0x5f, 0x78, 
    0x0d, 0xe1, 0x5f, 0x78, 0x0e, 0xc1, 0x5f, 0x78, 0x10, 0x0d, 0x40, 0x79, 
    0x11, 0x09, 0x40, 0x79, 0x12, 0x05, 0x40, 0x79, 0x0f, 0xa1, 0x5f, 0x78, 
    0x00, 0x1d, 0x40, 0x79, 0x01, 0x19, 0x40, 0x79, 0xcd, 0x41, 0x0d, 0x2a, 
    0x0e, 0x15, 0x40, 0x79, 0x30, 0x42, 0x10, 0x2a, 0x11, 0x2d, 0x40, 0x79, 
    0x8c, 0x41, 0x12, 0xaa, 0x12, 0x29, 0x40, 0x79, 0x08, 0x25, 0x40, 0x79, 
    0x2f, 0x41, 0x0f, 0xaa, 0x20, 0x40, 0x00, 0x2a, 0x6b, 0x41, 0x0e, 0xaa, 
    0x8c, 0x81, 0x10, 0xaa, 0x4e, 0x42, 0x11, 0x2a, 0x48, 0x41, 0x08, 0xaa, 
    0xed, 0x81, 0x0d, 0xaa, 0x6a, 0x81, 0x00, 0xaa, 0xec, 0xaf, 0x02, 0xf9, 
    0x08, 0x81, 0x0e, 0xaa, 0xed, 0xab, 0x02, 0xf9, 0xea, 0xb3, 0x02, 0xf9, 
    0xe8, 0xb7, 0x02, 0xf9, 0x81, 0x03, 0x00, 0x54, 0x68, 0x54, 0x47, 0x39, 
    0x1f, 0x09, 0x00, 0x71, 0x40, 0x04, 0x00, 0x54, 0x68, 0xe0, 0x40, 0xf9, 
    0x6a, 0xa4, 0x40, 0xf9, 0x69, 0xd0, 0x41, 0xb9, 0x1f, 0x01, 0x00, 0xf1, 
    0xe9, 0x73, 0x0b, 0xb9, 0xe8, 0x03, 0x8a, 0x9a, 0xbf, 0x1e, 0x00, 0x71, 
    0xe8, 0xbf, 0x05, 0xf9, 0x28, 0x00, 0xa0, 0x52, 0xe8, 0x83, 0x0b, 0xb9, 
    0xe8, 0x02, 0x00, 0x54, 0xe8, 0x4f, 0x40, 0xf9, 0x08, 0x01, 0x40, 0xf9, 
    0x1f, 0x09, 0x00, 0xf1, 0x60, 0x02, 0x00, 0x54, 0xf5, 0x37, 0x00, 0xf9, 
    0xf5, 0x4f, 0x40, 0xf9, 0xe1, 0x43, 0x15, 0x91, 0xe2, 0xc3, 0x2d, 0x91, 
    0xe0, 0x03, 0x15, 0xaa, 0xca, 0x0c, 0x00, 0x94, 0xe0, 0x03, 0x15, 0xaa, 
    0xf5, 0x37, 0x40, 0xf9, 0x08, 0x00, 0x00, 0x14, 0xbf, 0x1e, 0x00, 0x71, 
    0x08, 0x01, 0x00, 0x54, 0xe8, 0x4f, 0x40, 0xf9, 0x08, 0x01, 0x40, 0xf9, 
    0x1f, 0x09, 0x00, 0xf1, 0x80, 0x00, 0x00, 0x54, 0xe0, 0x4f, 0x40, 0xf9, 
    0x2f, 0x10, 0x00, 0x94, 0xe3, 0x53, 0x40, 0xf9, 0xd6, 0x8a, 0x00, 0x91, 
    0xf7, 0x06, 0x00, 0xd1, 0x37, 0x1b, 0x00, 0xb4, 0xb3, 0xff, 0xff, 0x17, 
    0xe1, 0x03, 0x1f, 0xaa, 0x59, 0x00, 0x80, 0x52, 0xa2, 0x00, 0x00, 0x14, 
    0x68, 0xf0, 0x40, 0xf9, 0x88, 0x1b, 0x00, 0xb5, 0x3f, 0x1f, 0x00, 0x71, 
    0xfb, 0xc3, 0x0a, 0x91, 0x1f, 0x20, 0x03, 0xd5, 0xdc, 0x05, 0x04, 0x10, 
    0xe8, 0xb6, 0xff, 0x54, 0xc8, 0x02, 0x40, 0xf9, 0x59, 0x00, 0x80, 0x52, 
    0x1f, 0x09, 0x00, 0xf1, 0x20, 0x59, 0xff, 0x54, 0xe0, 0x03, 0x16, 0xaa, 
    0x01, 0x0c, 0x00, 0x94, 0xc6, 0xfa, 0xff, 0x17, 0xe8, 0x03, 0x1f, 0xaa, 
    0xf7, 0x83, 0x37, 0x91, 0x1f, 0x21, 0x00, 0xf1, 0xa0, 0x18, 0x00, 0x54, 
    0xe0, 0x83, 0x25, 0x91, 0xe1, 0x03, 0x16, 0xaa, 0xf5, 0x03, 0x08, 0xaa, 
    0x77, 0x10, 0x00, 0x94, 0xe8, 0x63, 0x49, 0xb9, 0x1f, 0x05, 0x00, 0x71, 
    0x01, 0x18, 0x00, 0x54, 0xe1, 0x83, 0x25, 0x91, 0xe0, 0x03, 0x17, 0xaa, 
    0x02, 0x05, 0x80, 0x52, 0x94, 0x13, 0x00, 0x94, 0xe3, 0x53, 0x40, 0xf9, 
    0xa8, 0x06, 0x00, 0x91, 0xf7, 0xa2, 0x00, 0x91, 0xf0, 0xff, 0xff, 0x17, 
    0xf7, 0x03, 0x1f, 0xaa, 0xf6, 0xc3, 0x0a, 0x91, 0xff, 0x12, 0x00, 0xf1, 
    0x20, 0xf1, 0xff, 0x54, 0xe1, 0x4f, 0x40, 0xf9, 0xe0, 0x63, 0x1d, 0x91, 
    0x33, 0x10, 0x00, 0x94, 0xe8, 0xb3, 0x4e, 0x79, 0x1f, 0x05, 0x00, 0x71, 
    0x21, 0x16, 0x00, 0x54, 0xe1, 0x63, 0x1d, 0x91, 0xe0, 0x03, 0x16, 0xaa, 
    0x42, 0x04, 0x80, 0x52, 0x82, 0x13, 0x00, 0x94, 0xe3, 0x53, 0x40, 0xf9, 
    0xf7, 0x06, 0x00, 0x91, 0xd6, 0x8a, 0x00, 0x91, 0xf1, 0xff, 0xff, 0x17, 
    0xfb, 0xc3, 0x0a, 0x91, 0x59, 0x00, 0x80, 0x52, 0x37, 0x00, 0x80, 0x52, 
    0xa9, 0x00, 0x00, 0x14, 0x09, 0x05, 0x40, 0x39, 0x59, 0x00, 0x80, 0x52, 
    0x3f, 0x85, 0x01, 0x71, 0xc1, 0x0c, 0x00, 0x54, 0x09, 0x09, 0x40, 0x39, 
    0x3f, 0x89, 0x01, 0x71, 0x61, 0x0c, 0x00, 0x54, 0x09, 0x0d, 0x40, 0x39, 
    0x3f, 0xb1, 0x01, 0x71, 0x01, 0x0c, 0x00, 0x54, 0x08, 0x11, 0x40, 0x39, 
    0x1f, 0x95, 0x01, 0x71, 0xa1, 0x0b, 0x00, 0x54, 0xe1, 0x03, 0x1f, 0xaa, 
    0x88, 0x61, 0x02, 0xd1, 0x09, 0x28, 0x80, 0x52, 0xe8, 0x53, 0x00, 0xf9, 
    0x2a, 0x55, 0x02, 0x91, 0x08, 0x01, 0x09, 0x8b, 0x8b, 0x01, 0x09, 0x8b, 
    0x5f, 0xb5, 0x09, 0xf1, 0xa0, 0x14, 0x00, 0x54, 0xe9, 0x03, 0x0a, 0xaa, 
    0x0a, 0xb5, 0x44, 0x39, 0xfb, 0x03, 0x0b, 0xaa, 0x08, 0x61, 0x02, 0x91, 
    0x6b, 0x61, 0x02, 0x91, 0x5f, 0x09, 0x00, 0x71, 0x2a, 0x61, 0x02, 0x91, 
    0xe0, 0xfe, 0xff, 0x54, 0x15, 0x41, 0x40, 0xf9, 0x28, 0x0d, 0x00, 0x91, 
    0x99, 0x00, 0x80, 0x52, 0xec, 0x37, 0x00, 0xf9, 0xe8, 0x4f, 0x00, 0xf9, 
    0x55, 0x08, 0x00, 0xb4, 0x59, 0x36, 0x00, 0xb4, 0x3f, 0x00, 0x04, 0xf1, 
    0xe2, 0x07, 0x00, 0x54, 0xe1, 0x00, 0x00, 0xb4, 0xe0, 0x83, 0x25, 0x91, 
    0x1f, 0x20, 0x03, 0xd5, 0x02, 0x1a, 0x04, 0x10, 0x2a, 0x12, 0x00, 0x94, 
    0xf7, 0x03, 0x00, 0xaa, 0x02, 0x00, 0x00, 0x14, 0xf7, 0x03, 0x1f, 0xaa, 
    0xff, 0xfb, 0x06, 0xf9, 0xe0, 0x83, 0x37, 0x91, 0x01, 0x03, 0x80, 0x52, 
    0xff, 0xf7, 0x06, 0xf9, 0xff, 0xf3, 0x06, 0xf9, 0x62, 0x43, 0x40, 0x39, 
    0xe7, 0x10, 0x00, 0x94, 0xe1, 0x03, 0x00, 0xaa, 0xe0, 0x83, 0x37, 0x91, 
    0x1f, 0x20, 0x03, 0xd5, 0x62, 0x18, 0x04, 0x10, 0x23, 0x11, 0x00, 0x94, 
    0x97, 0x11, 0x00, 0x94, 0xe1, 0x03, 0x00, 0xaa, 0xe0, 0x83, 0x25, 0x91, 
    0x1f, 0x20, 0x03, 0xd5, 0x62, 0x18, 0x04, 0x10, 0x15, 0x12, 0x00, 0x94, 
    0x68, 0x47, 0x40, 0x39, 0xf7, 0x03, 0x00, 0xaa, 0xe0, 0x03, 0x08, 0x2a, 
    0x20, 0x11, 0x00, 0x94, 0x8d, 0x11, 0x00, 0x94, 0xe1, 0x03, 0x00, 0xaa, 
    0xe0, 0x83, 0x25, 0x91, 0x1f, 0x20, 0x03, 0xd5, 0x22, 0x17, 0x04, 0x30, 
    0x0b, 0x12, 0x00, 0x94, 0x61, 0x03, 0x40, 0xf9, 0x70, 0x12, 0x00, 0x94, 
    0xe1, 0x03, 0x00, 0xaa, 0xe0, 0x83, 0x37, 0x91, 0x1f, 0x20, 0x03, 0xd5, 
    0x82, 0x16, 0x04, 0x10, 0x0c, 0x11, 0x00, 0x94, 0x80, 0x11, 0x00, 0x94, 
    0xe1, 0x03, 0x00, 0xaa, 0xe0, 0x83, 0x25, 0x91, 0x1f, 0x20, 0x03, 0xd5, 
    0x82, 0x16, 0x04, 0x10, 0xfe, 0x11, 0x00, 0x94, 0x61, 0x07, 0x40, 0xf9, 
    0x63, 0x12, 0x00, 0x94, 0xe1, 0x03, 0x00, 0xaa, 0xe0, 0x83, 0x37, 0x91, 
    0x1f, 0x20, 0x03, 0xd5, 0xe2, 0x15, 0x04, 0x10, 0xff, 0x10, 0x00, 0x94, 
    0x73, 0x11, 0x00, 0x94, 0xe1, 0x03, 0x00, 0xaa, 0xb5, 0x06, 0x00, 0xd1, 
    0x7b, 0x63, 0x00, 0x91, 0x39, 0x07, 0x00, 0xd1, 0x15, 0xf8, 0xff, 0xb5, 
    0xe9, 0xa3, 0x49, 0xa9, 0x59, 0x00, 0x80, 0x52, 0xec, 0x37, 0x40, 0xf9, 
    0xa9, 0xff, 0xff, 0x17, 0xe1, 0x03, 0x1f, 0xaa, 0x97, 0x22, 0x46, 0x39, 
    0xff, 0x0e, 0x00, 0x71, 0x20, 0x06, 0x00, 0x54, 0xa1, 0x01, 0x00, 0xb4, 
    0xe0, 0x83, 0x25, 0x91, 0x1f, 0x20, 0x03, 0xd5, 0x82, 0xe7, 0x02, 0x10, 
    0x8d, 0x01, 0x00, 0x94, 0x88, 0x22, 0x46, 0x39, 0xe3, 0x03, 0x00, 0xaa, 
    0x80, 0x86, 0x41, 0xb9, 0xe4, 0x03, 0x01, 0xaa, 0xe2, 0x03, 0x16, 0x2a, 
    0xe1, 0x03, 0x08, 0x2a, 0xa1, 0x09, 0x00, 0x94, 0x24, 0x00, 0x00, 0x14, 
    0x88, 0x30, 0x88, 0x52, 0xe0, 0x83, 0x37, 0x91, 0x02, 0x48, 0x80, 0x52, 
    0x7b, 0x6a, 0x68, 0xb8, 0xfc, 0x12, 0x00, 0x94, 0xc8, 0x3e, 0x10, 0x53, 
    0xe9, 0x83, 0x37, 0x91, 0xe0, 0x43, 0x15, 0x91, 0xe9, 0xaf, 0x03, 0xf9, 
    0x09, 0x48, 0x80, 0x52, 0xe1, 0x63, 0x1d, 0x91, 0x08, 0x05, 0x40, 0xb2, 
    0x1f, 0x20, 0x03, 0xd5, 0x22, 0xe4, 0x02, 0x10, 0xe8, 0xb7, 0x03, 0xf9, 
    0x08, 0x01, 0x80, 0x52, 0x23, 0x01, 0x80, 0x52, 0xe8, 0xbb, 0x03, 0xf9, 
    0x68, 0x00, 0x80, 0x52, 0xe9, 0xb3, 0x03, 0xf9, 0xe8, 0xa7, 0x1d, 0x39, 
    0xb9, 0x01, 0x00, 0x94, 0xe0, 0x43, 0x15, 0x91, 0xcd, 0x01, 0x00, 0x94, 
    0xe1, 0x03, 0x00, 0xaa, 0xe0, 0x83, 0x37, 0x91, 0x1f, 0x20, 0x03, 0xd5, 
    0x22, 0xdb, 0x03, 0x10, 0xaf, 0x09, 0x00, 0x94, 0xe2, 0x03, 0x00, 0xaa, 
    0xe3, 0x03, 0x01, 0xaa, 0xe0, 0x03, 0x1b, 0x2a, 0xe1, 0x03, 0x17, 0x2a, 
    0xfb, 0xc3, 0x0a, 0x91, 0x6f, 0x0c, 0x00, 0x94, 0x37, 0x00, 0x80, 0x52, 
    0xfe, 0xf9, 0xff, 0x17, 0x0c, 0x01, 0x80, 0x52, 0xa8, 0xfd, 0xff, 0x17, 
    0xe3, 0x53, 0x40, 0xf9, 0xec, 0x03, 0x15, 0xaa, 0xa5, 0xfd, 0xff, 0x17, 
    0xe3, 0x53, 0x40, 0xf9, 0xd1, 0xfe, 0xff, 0x17, 0xfb, 0xc3, 0x0a, 0x91, 
    0x59, 0x00, 0x80, 0x52, 0x1f, 0x20, 0x03, 0xd5, 0x7c, 0xea, 0x03, 0x10, 
    0xf2, 0xf9, 0xff, 0x17, 0xe0, 0x83, 0x37, 0x91, 0x01, 0x02, 0x80, 0x52, 
    0xff, 0xf7, 0x06, 0xf9, 0xff, 0xf3, 0x06, 0xf9, 0x6d, 0x10, 0x00, 0x94, 
    0xe8, 0x03, 0x00, 0xaa, 0x1f, 0x44, 0x00, 0xf1, 0x22, 0x1b, 0x00, 0x54, 
    0xe0, 0x83, 0x25, 0x91, 0xe2, 0x83, 0x37, 0x91, 0xe1, 0x03, 0x1f, 0xaa, 
    0xe3, 0x03, 0x08, 0xaa, 0x86, 0x10, 0x00, 0x94, 0xe1, 0x03, 0x00, 0xaa, 
    0xb1, 0xff, 0xff, 0x17, 0xfb, 0xc3, 0x0a, 0x91, 0xaf, 0xff, 0xff, 0x17, 
    0x1f, 0x20, 0x03, 0xd5, 0x63, 0xe9, 0x02, 0x10, 0x20, 0x00, 0x80, 0x52, 
    0x04, 0x00, 0x00, 0x14, 0x1f, 0x20, 0x03, 0xd5, 0x23, 0xe8, 0x02, 0x10, 
    0xe0, 0x03, 0x1f, 0xaa, 0xe1, 0x03, 0x16, 0xaa, 0xca, 0x11, 0x00, 0x94, 
    0x1f, 0x20, 0x03, 0xd5, 0x02, 0xf3, 0x02, 0x10, 0xe8, 0x11, 0x00, 0x94, 
    0x28, 0x1c, 0x00, 0x12, 0xf6, 0x03, 0x01, 0x2a, 0x1f, 0x1d, 0x00, 0x71, 
    0xe8, 0x00, 0x00, 0x54, 0xc8, 0x1e, 0x40, 0x92, 0x09, 0x27, 0x80, 0x52, 
    0x00, 0x5d, 0xa9, 0x9b, 0x08, 0x00, 0x40, 0xf9, 0x1f, 0x09, 0x00, 0xf1, 
    0xe1, 0x01, 0x00, 0x54, 0x1f, 0x20, 0x03, 0xd5, 0x82, 0x0f, 0x04, 0x10, 
    0xe0, 0x63, 0x1d, 0x91, 0xe1, 0x03, 0x1f, 0x2a, 0xc3, 0x02, 0x80, 0x52, 
    0x44, 0x11, 0x00, 0x94, 0xe0, 0x63, 0x1d, 0x91, 0x52, 0xf8, 0xff, 0x17, 
    0x1f, 0x20, 0x03, 0xd5, 0x62, 0xe6, 0x02, 0x10, 0xce, 0x11, 0x00, 0x94, 
    0x1f, 0x20, 0x03, 0xd5, 0xc2, 0xe3, 0x02, 0x10, 0xbd, 0x11, 0x00, 0x94, 
    0xfb, 0x0a, 0x00, 0x94, 0x08, 0x57, 0x47, 0x39, 0x1f, 0x09, 0x00, 0x71, 
    0xa0, 0x1f, 0xff, 0x54, 0x28, 0x00, 0x80, 0x52, 0xfd, 0x83, 0x37, 0x91, 
    0xf5, 0x03, 0x1f, 0xaa, 0x08, 0x57, 0x07, 0x39, 0xe8, 0x9b, 0x40, 0xb9, 
    0xa9, 0x03, 0x40, 0xb2, 0x16, 0x5b, 0x07, 0x39, 0xe8, 0x03, 0x08, 0x2a, 
    0xe8, 0xa7, 0x08, 0xa9, 0x9f, 0x03, 0x15, 0xeb, 0x40, 0x1e, 0xff, 0x54, 
    0xbf, 0x12, 0x00, 0xf1, 0xe0, 0x14, 0x00, 0x54, 0x77, 0x47, 0x40, 0x39, 
    0xfb, 0x53, 0x00, 0xf9, 0xff, 0x0e, 0x02, 0x71, 0x60, 0x02, 0x00, 0x54, 
    0xff, 0x1a, 0x00, 0x71, 0x20, 0x01, 0x00, 0x54, 0xff, 0x2e, 0x00, 0x71, 
    0x60, 0x01, 0x00, 0x54, 0xff, 0x32, 0x00, 0x71, 0xe0, 0x00, 0x00, 0x54, 
    0xff, 0x06, 0x00, 0x71, 0x21, 0x01, 0x00, 0x54, 0x36, 0x00, 0x80, 0x52, 
    0x0a, 0x00, 0x00, 0x14, 0xd6, 0x00, 0x80, 0x52, 0x08, 0x00, 0x00, 0x14, 
    0x96, 0x01, 0x80, 0x52, 0x06, 0x00, 0x00, 0x14, 0x76, 0x01, 0x80, 0x52, 
    0x04, 0x00, 0x00, 0x14, 0xf6, 0x03, 0x1f, 0x2a, 0x02, 0x00, 0x00, 0x14, 
    0x76, 0x10, 0x80, 0x52, 0xe0, 0x03, 0x17, 0x2a, 0x5b, 0x10, 0x00, 0x94, 
    0x00, 0xe4, 0x00, 0x6f, 0x3f, 0x80, 0x00, 0xf1, 0x08, 0x04, 0x80, 0x52, 
    0x38, 0x30, 0x88, 0x9a, 0xf9, 0x03, 0x00, 0xaa, 0xfa, 0x03, 0x01, 0xaa, 
    0xfb, 0xc3, 0x13, 0x91, 0xe0, 0xc3, 0x35, 0x91, 0xe1, 0x03, 0x18, 0xaa, 
    0x1f, 0x20, 0x03, 0xd5, 0x42, 0x04, 0x04, 0x10, 0x60, 0x27, 0x82, 0x3d, 
    0x60, 0x23, 0x82, 0x3d, 0x8e, 0x10, 0x00, 0x94, 0xe2, 0x03, 0x19, 0xaa, 
    0xe3, 0x03, 0x18, 0xaa, 0x1f, 0x20, 0x03, 0xd5, 0x24, 0x04, 0x04, 0x10, 
    0xe1, 0x11, 0x00, 0x94, 0xe8, 0xc3, 0x35, 0x91, 0x5f, 0x7f, 0x00, 0xf1, 
    0x49, 0x07, 0x80, 0x52, 0x08, 0x01, 0x18, 0x8b, 0x09, 0x01, 0x00, 0x39, 
    0x20, 0x0f, 0x00, 0x54, 0x00, 0xe4, 0x00, 0x6f, 0xa9, 0x06, 0x1c, 0x32, 
    0xa0, 0x9f, 0x00, 0x91, 0x09, 0x05, 0x00, 0x39, 0xe8, 0x1f, 0x80, 0x52, 
    0xe1, 0x03, 0x1f, 0x2a, 0x22, 0x01, 0x80, 0x52, 0xff, 0x0b, 0x1c, 0x79, 
    0x18, 0x0b, 0x00, 0x91, 0xff, 0x03, 0x0e, 0xb9, 0x60, 0x43, 0x82, 0x3d, 
    0x60, 0x3f, 0x82, 0x3d, 0xbf, 0x7f, 0x03, 0xa9, 0xbf, 0x7f, 0x04, 0xa9, 
    0xbf, 0x7f, 0x05, 0xa9, 0xbf, 0x7f, 0x06, 0xa9, 0xe8, 0x1b, 0x38, 0x39, 
    0x46, 0x12, 0x00, 0x94, 0xe2, 0x83, 0x37, 0x91, 0xe0, 0x03, 0x1f, 0xaa, 
    0xe1, 0x03, 0x18, 0xaa, 0x03, 0x04, 0x80, 0x52, 0x1f, 0x20, 0x03, 0xd5, 
    0x04, 0x22, 0x03, 0x10, 0x97, 0x0c, 0x00, 0x94, 0xe2, 0xc3, 0x35, 0x91, 
    0xe3, 0x03, 0x18, 0xaa, 0x1f, 0x20, 0x03, 0xd5, 0x24, 0x22, 0x03, 0x10, 
    0xbd, 0x11, 0x00, 0x94, 0x28, 0x00, 0x80, 0x52, 0xe0, 0xc3, 0x2d, 0x91, 
    0xe1, 0x83, 0x37, 0x91, 0x02, 0x0e, 0x80, 0x52, 0xbf, 0x6b, 0x38, 0x38, 
    0xf8, 0x03, 0x38, 0x39, 0xe8, 0x07, 0x1c, 0x79, 0x31, 0x12, 0x00, 0x94, 
    0xe0, 0x83, 0x37, 0x91, 0xe1, 0x03, 0x13, 0xaa, 0xf6, 0x2b, 0x17, 0x79, 
    0x07, 0x05, 0x00, 0x94, 0xe8, 0x83, 0x77, 0x39, 0xe9, 0xf7, 0x46, 0xf9, 
    0xe1, 0xc3, 0x2d, 0x91, 0xfb, 0x53, 0x40, 0xf9, 0xe0, 0x03, 0x13, 0xaa, 
    0x1f, 0x01, 0x00, 0x71, 0xe8, 0x4b, 0x40, 0xf9, 0x29, 0x3d, 0x08, 0x91, 
    0x08, 0x11, 0x89, 0x9a, 0xe9, 0xc3, 0x2d, 0x91, 0x08, 0x01, 0x40, 0x39, 
    0x08, 0x01, 0x9f, 0x5a, 0xe8, 0x5b, 0x2e, 0x39, 0xe8, 0x47, 0x40, 0xf9, 
    0x78, 0x07, 0x40, 0xf9, 0x3f, 0xe1, 0x03, 0x78, 0x3f, 0x01, 0x04, 0x78, 
    0x08, 0x7f, 0x08, 0x9b, 0x3f, 0x21, 0x04, 0x78, 0x3f, 0x41, 0x04, 0x78, 
    0x3f, 0x61, 0x04, 0x78, 0xe9, 0x9b, 0x40, 0xb9, 0xf5, 0xb3, 0x2e, 0x39, 
    0xe9, 0xab, 0x0b, 0xb9, 0xe8, 0xd3, 0x05, 0xf9, 0xff, 0xb7, 0x2e, 0x39, 
    0xa1, 0x06, 0x00, 0x94, 0xe0, 0xc3, 0x0a, 0x91, 0x41, 0x00, 0x80, 0x52, 
    0x1f, 0x20, 0x03, 0xd5, 0xa2, 0xfb, 0x03, 0x10, 0x23, 0x01, 0x80, 0x52, 
    0x84, 0x00, 0x80, 0x52, 0x3d, 0x10, 0x00, 0x94, 0xe0, 0xc3, 0x0a, 0x91, 
    0x1f, 0x20, 0x03, 0xd5, 0x21, 0xfb, 0x03, 0x30, 0x62, 0x00, 0x80, 0x52, 
    0xe3, 0x03, 0x15, 0x2a, 0xd2, 0xf1, 0xff, 0x97, 0xe0, 0xc3, 0x0a, 0x91, 
    0x21, 0x00, 0x00, 0xd0, 0x21, 0x28, 0x02, 0x91, 0x02, 0x01, 0x80, 0x52, 
    0xe3, 0x03, 0x17, 0x2a, 0xcc, 0xf1, 0xff, 0x97, 0x63, 0x87, 0x41, 0xf8, 
    0xe0, 0xc3, 0x0a, 0x91, 0x1f, 0x20, 0x03, 0xd5, 0xa1, 0xf9, 0x03, 0x10, 
    0x22, 0x01, 0x80, 0x52, 0xf5, 0xf1, 0xff, 0x97, 0xe0, 0xc3, 0x0a, 0x91, 
    0x1f, 0x20, 0x03, 0xd5, 0x41, 0xf9, 0x03, 0x30, 0xe2, 0x00, 0x80, 0x52, 
    0xe3, 0x03, 0x18, 0xaa, 0xef, 0xf1, 0xff, 0x97, 0x50, 0x10, 0x00, 0x94, 
    0xbc, 0x10, 0x00, 0x94, 0xb5, 0x06, 0x00, 0x91, 0x63, 0xff, 0xff, 0x17, 
    0x1f, 0x20, 0x03, 0xd5, 0x43, 0xec, 0x03, 0x10, 0xe0, 0x03, 0x1f, 0xaa, 
    0xe1, 0x03, 0x08, 0xaa, 0x02, 0x02, 0x80, 0x52, 0x70, 0x02, 0x00, 0x94, 
    0x1f, 0x20, 0x03, 0xd5, 0xc3, 0xc8, 0x02, 0x10, 0xe0, 0x03, 0x1f, 0xaa, 
    0xe1, 0x03, 0x1b, 0xaa, 0x02, 0x08, 0x80, 0x52, 0x6a, 0x02, 0x00, 0x94, 
    0x1f, 0x20, 0x03, 0xd5, 0x02, 0xf3, 0x03, 0x10, 0x80, 0x00, 0x80, 0x52, 
    0x45, 0xff, 0xff, 0x17, 0x1f, 0x20, 0x03, 0xd5, 0xc2, 0xf4, 0x03, 0x10, 
    0x00, 0x04, 0x80, 0x52, 0x01, 0x04, 0x80, 0x52, 0x57, 0x02, 0x00, 0x94, 
    0x1f, 0x20, 0x03, 0xd5, 0x23, 0xc9, 0x02, 0x10, 0xe0, 0x03, 0x1f, 0xaa, 
    0xe1, 0x03, 0x16, 0xaa, 0xeb, 0xff, 0xff, 0x17, 0x1f, 0x20, 0x03, 0xd5, 
    0x82, 0xe7, 0x03, 0x10, 0x12, 0x00, 0x00, 0x14, 0x1f, 0x20, 0x03, 0xd5, 
    0x22, 0xc0, 0x03, 0x10, 0x13, 0x00, 0x00, 0x14, 0x1f, 0x20, 0x03, 0xd5, 
    0x02, 0xbf, 0x03, 0x10, 0x14, 0x00, 0x00, 0x14, 0x1f, 0x20, 0x03, 0xd5, 
    0x22, 0xc0, 0x03, 0x10, 0x15, 0x00, 0x00, 0x14, 0x1f, 0x20, 0x03, 0xd5, 
    0x82, 0xc0, 0x03, 0x10, 0x15, 0x00, 0x00, 0x14, 0x1f, 0x20, 0x03, 0xd5, 
    0x62, 0xe6, 0x03, 0x10, 0x03, 0x00, 0x00, 0x14, 0x1f, 0x20, 0x03, 0xd5, 
    0x82, 0xe4, 0x03, 0x10, 0x21, 0x00, 0x80, 0x52, 0x3c, 0x02, 0x00, 0x94, 
    0x1f, 0x20, 0x03, 0xd5, 0x42, 0xb9, 0x03, 0x10, 0x20, 0x00, 0x80, 0x52, 
    0x38, 0x02, 0x00, 0x94, 0x1f, 0x20, 0x03, 0xd5, 0x02, 0xb8, 0x03, 0x10, 
    0xe0, 0x03, 0x1f, 0xaa, 0x34, 0x02, 0x00, 0x94, 0x1f, 0x20, 0x03, 0xd5, 
    0x02, 0xb9, 0x03, 0x10, 0xbb, 0x10, 0x00, 0x94, 0x1f, 0x20, 0x03, 0xd5, 
    0x62, 0xb9, 0x03, 0x10, 0x60, 0x00, 0x80, 0x52, 0x2d, 0x02, 0x00, 0x94, 
    0x1f, 0x20, 0x03, 0xd5, 0xa2, 0xe0, 0x03, 0x10, 0x13, 0xff, 0xff, 0x17, 
    0x1f, 0x20, 0x03, 0xd5, 0x00, 0xe1, 0x03, 0x10, 0xc2, 0x00, 0x00, 0x94, 
    0x1f, 0x20, 0x03, 0xd5, 0x62, 0xde, 0x03, 0x10, 0x0d, 0xff, 0xff, 0x17, 
    0x1f, 0x20, 0x03, 0xd5, 0xc0, 0xde, 0x03, 0x10, 0xbc, 0x00, 0x00, 0x94, 
    0x1f, 0x20, 0x03, 0xd5, 0xa2, 0xe3, 0x03, 0x10, 0xc1, 0xff, 0xff, 0x17, 
    0x1f, 0x20, 0x03, 0xd5, 0x42, 0xbe, 0x02, 0x10, 0xe0, 0x03, 0x15, 0xaa, 
    0x03, 0xff, 0xff, 0x17, 0xfd, 0x0f, 0x1c, 0xf8, 0xfe, 0x5f, 0x01, 0xa9, 
    0x32, 0x10, 0x00, 0x94, 0xff, 0x43, 0x08, 0xd1, 0xdf, 0x0f, 0x00, 0x94, 
    0xf9, 0x0f, 0x00, 0x94, 0x40, 0x10, 0x00, 0x94, 0x0a, 0x10, 0x00, 0x94, 
    0xda, 0x10, 0x00, 0x94, 0x1f, 0x10, 0x00, 0x94, 0x03, 0x10, 0x00, 0x94, 
    0xff, 0x43, 0x08, 0x91, 0x53, 0x10, 0x00, 0x94, 0xfe, 0x5f, 0x41, 0xa9, 
    0x68, 0x10, 0x00, 0x14, 0x08, 0x80, 0x80, 0x52, 0x29, 0x3c, 0x00, 0x12, 
    0x1f, 0x00, 0x00, 0x71, 0x08, 0x81, 0x00, 0xaa, 0x22, 0x19, 0x50, 0x7a, 
    0x29, 0x80, 0x80, 0x52, 0x20, 0x81, 0x88, 0x9a, 0xc0, 0x03, 0x5f, 0xd6, 
    0x28, 0x00, 0x00, 0xeb, 0x22, 0x20, 0x43, 0xfa, 0x48, 0x00, 0x00, 0x54, 
    0xec, 0x0f, 0x00, 0x14, 0xfe, 0x0f, 0x1f, 0xf8, 0xe7, 0x0f, 0x00, 0x94, 
    0xe5, 0x03, 0x1e, 0xaa, 0x72, 0x10, 0x00, 0x94, 0xfe, 0x03, 0x05, 0xaa, 
    0xf7, 0xff, 0xff, 0x17, 0x3f, 0x04, 0x04, 0xf1, 0x42, 0x00, 0x00, 0x54, 
    0xc0, 0x03, 0x5f, 0xd6, 0xfe, 0x0f, 0x1f, 0xf8, 0x37, 0x10, 0x00, 0x94, 
    0x02, 0x20, 0x80, 0x52, 0xfc, 0x01, 0x00, 0x94, 0x3f, 0x04, 0x08, 0xf1, 
    0x42, 0x00, 0x00, 0x54, 0xc0, 0x03, 0x5f, 0xd6, 0xfe, 0x0f, 0x1f, 0xf8, 
    0x30, 0x10, 0x00, 0x94, 0x38, 0x10, 0x00, 0x94, 0x3f, 0x04, 0x09, 0xf1, 
    0x82, 0x00, 0x00, 0x54, 0x21, 0x20, 0x00, 0xd1, 0x00, 0x20, 0x00, 0x91, 
    0xc0, 0x03, 0x5f, 0xd6, 0xfe, 0x0f, 0x1f, 0xf8, 0xe3, 0x03, 0x02, 0xaa, 
    0x00, 0x01, 0x80, 0x52, 0x93, 0x10, 0x00, 0x94, 0x3f, 0x04, 0x09, 0xf1, 
    0x42, 0x00, 0x00, 0x54, 0xc0, 0x03, 0x5f, 0xd6, 0xfe, 0x0f, 0x1f, 0xf8, 
    0x21, 0x10, 0x00, 0x94, 0x8d, 0x10, 0x00, 0x94, 0xe8, 0x03, 0x00, 0xaa, 
    0x1f, 0x20, 0x03, 0xd5, 0xc4, 0x9c, 0x03, 0x10, 0xe0, 0x03, 0x01, 0xaa, 
    0xe1, 0x03, 0x02, 0xaa, 0xe2, 0x03, 0x08, 0xaa, 0x03, 0x40, 0x80, 0x52, 
    0xd3, 0xff, 0xff, 0x17, 0x3f, 0x04, 0x08, 0xf1, 0xa2, 0x00, 0x00, 0x54, 
    0x08, 0x40, 0x80, 0x52, 0x00, 0x00, 0x01, 0x8b, 0x08, 0x01, 0x01, 0xcb, 
    0xd1, 0x0f, 0x00, 0x14, 0xfe, 0x0f, 0x1f, 0xf8, 0x1f, 0x20, 0x03, 0xd5, 
    0x83, 0x9c, 0x03, 0x10, 0xe0, 0x03, 0x01, 0xaa, 0x01, 0x40, 0x80, 0x52, 
    0x15, 0x10, 0x00, 0x94, 0xfe, 0x0f, 0x1f, 0xf8, 0xe0, 0x03, 0x1f, 0xaa, 
    0xe1, 0x03, 0x1f, 0xaa, 0x43, 0x00, 0x00, 0x94, 0xfe, 0x5f, 0xbd, 0xa9, 
    0xdb, 0x0f, 0x00, 0x94, 0x7f, 0xfc, 0x03, 0xf1, 0xe9, 0x1f, 0x80, 0x52, 
    0x28, 0x0c, 0x40, 0xf9, 0x76, 0x30, 0x89, 0x9a, 0x3c, 0x10, 0x00, 0x94, 
    0x88, 0x01, 0x00, 0x54, 0xf5, 0x03, 0x02, 0xaa, 0x62, 0x02, 0x40, 0xf9, 
    0x1f, 0x20, 0x03, 0xd5, 0x24, 0x03, 0x03, 0x10, 0x7b, 0x10, 0x00, 0x94, 
    0x1f, 0x20, 0x03, 0xd5, 0x84, 0x03, 0x03, 0x10, 0xe2, 0x03, 0x15, 0xaa, 
    0xd7, 0x0f, 0x00, 0x94, 0x76, 0x56, 0x00, 0x39, 0x77, 0x0e, 0x00, 0xf9, 
    0x05, 0x10, 0x00, 0x94, 0xfe, 0x5f, 0xc3, 0xa8, 0xc0, 0x03, 0x5f, 0xd6, 
    0xfe, 0x5f, 0xbd, 0xa9, 0xc5, 0x0f, 0x00, 0x94, 0x7f, 0xe0, 0x08, 0xf1, 
    0x09, 0x47, 0x80, 0x52, 0x28, 0x0c, 0x40, 0xf9, 0x76, 0x30, 0x89, 0x9a, 
    0x26, 0x10, 0x00, 0x94, 0x88, 0x01, 0x00, 0x54, 0xf5, 0x03, 0x02, 0xaa, 
    0x62, 0x02, 0x40, 0xf9, 0x1f, 0x20, 0x03, 0xd5, 0x64, 0x03, 0x03, 0x10, 
    0x65, 0x10, 0x00, 0x94, 0x1f, 0x20, 0x03, 0xd5, 0xc4, 0x03, 0x03, 0x10, 
    0xe2, 0x03, 0x15, 0xaa, 0xc1, 0x0f, 0x00, 0x94, 0x76, 0x2e, 0x00, 0x79, 
    0x77, 0x0e, 0x00, 0xf9, 0xef, 0x0f, 0x00, 0x94, 0xfe, 0x5f, 0xc3, 0xa8, 
    0xc0, 0x03, 0x5f, 0xd6, 0x08, 0x04, 0x40, 0xf9, 0x1f, 0x21, 0x00, 0xf1, 
    0x43, 0x02, 0x00, 0x54, 0x08, 0x00, 0x40, 0xf9, 0x09, 0x40, 0x40, 0x39, 
    0x0b, 0x24, 0x40, 0x79, 0x0a, 0x44, 0x40, 0x39, 0x09, 0x01, 0x00, 0x39, 
    0x69, 0x7d, 0x08, 0x53, 0x0a, 0x05, 0x00, 0x39, 0x0a, 0x50, 0x40, 0x39, 
    0x09, 0x0d, 0x00, 0x39, 0x09, 0x2c, 0x40, 0x79, 0x0b, 0x09, 0x00, 0x39, 
    0x0b, 0x54, 0x40, 0x39, 0x0a, 0x11, 0x00, 0x39, 0x2a, 0x7d, 0x08, 0x53, 
    0x0b, 0x15, 0x00, 0x39, 0x09, 0x19, 0x00, 0x39, 0x0a, 0x1d, 0x00, 0x39, 
    0x00, 0x0c, 0x40, 0xf9, 0xc0, 0x03, 0x5f, 0xd6, 0xff, 0x83, 0x00, 0xd1, 
    0xfe, 0x03, 0x01, 0xa9, 0xe8, 0x63, 0x00, 0x91, 0x1f, 0x20, 0x03, 0xd5, 
    0xc9, 0x17, 0x00, 0x10, 0xe0, 0x03, 0x00, 0x91, 0xe8, 0x27, 0x00, 0xa9, 
    0x6d, 0x01, 0x00, 0x94, 0xfe, 0x0f, 0x1f, 0xf8, 0x40, 0x00, 0x00, 0xb5, 
    0x02, 0x00, 0x00, 0x94, 0xaf, 0xff, 0xff, 0x97, 0xfe, 0x0f, 0x1f, 0xf8, 
    0x1f, 0x20, 0x03, 0xd5, 0xc0, 0xff, 0x02, 0x10, 0x1f, 0x20, 0x03, 0xd5, 
    0x42, 0x00, 0x03, 0x10, 0x61, 0x04, 0x80, 0x52, 0x4e, 0x01, 0x00, 0x94, 
    0xfe, 0x4f, 0xbf, 0xa9, 0xf3, 0x03, 0x00, 0xaa, 0x80, 0x00, 0x00, 0xb4, 
    0xe0, 0x03, 0x13, 0xaa, 0x07, 0x0e, 0x00, 0x94, 0x02, 0x00, 0x00, 0x14, 
    0x80, 0x00, 0x80, 0x52, 0xe1, 0x03, 0x13, 0xaa, 0xfe, 0x4f, 0xc1, 0xa8, 
    0xc0, 0x03, 0x5f, 0xd6, 0xfe, 0x0f, 0x1f, 0xf8, 0xe2, 0x03, 0x00, 0xaa, 
    0x1f, 0x20, 0x03, 0xd5, 0x40, 0x05, 0x03, 0x10, 0x61, 0x06, 0x80, 0x52, 
    0x3e, 0x01, 0x00, 0x94, 0xfe, 0x0f, 0x1f, 0xf8, 0x1f, 0x20, 0x03, 0xd5, 
    0x60, 0x05, 0x03, 0x30, 0x1f, 0x20, 0x03, 0xd5, 0xe2, 0xb3, 0x03, 0x10, 
    0x61, 0x0e, 0x80, 0x52, 0x37, 0x01, 0x00, 0x94, 0xe1, 0x00, 0x00, 0xb4, 
    0x08, 0x00, 0x01, 0x8b, 0x49, 0x00, 0x40, 0x39, 0x08, 0xf1, 0x5f, 0x38, 
    0x3f, 0x01, 0x08, 0x6b, 0xe0, 0x17, 0x9f, 0x1a, 0xc0, 0x03, 0x5f, 0xd6, 
    0xe0, 0x03, 0x1f, 0x2a, 0xc0, 0x03, 0x5f, 0xd6, 0x2a, 0x1c, 0x00, 0x91, 
    0x49, 0x3c, 0x00, 0xf1, 0xe8, 0x03, 0x1f, 0xaa, 0x4a, 0xf1, 0x7d, 0x92, 
    0xe9, 0x33, 0x89, 0x9a, 0x1f, 0x20, 0x03, 0xd5, 0xab, 0x05, 0x03, 0x10, 
    0x4a, 0x01, 0x01, 0xcb, 0x1f, 0x01, 0x02, 0xeb, 0x62, 0x0e, 0x00, 0x54, 
    0x2c, 0x68, 0xe8, 0x38, 0xcc, 0x02, 0xf8, 0x37, 0x4c, 0x01, 0x08, 0x4b, 
    0x9f, 0x09, 0x40, 0xf2, 0x80, 0x00, 0x00, 0x54, 0x08, 0x05, 0x00, 0x91, 
    0xf8, 0xff, 0xff, 0x17, 0x08, 0x41, 0x00, 0x91, 0x1f, 0x01, 0x09, 0xeb, 
    0xc2, 0x00, 0x00, 0x54, 0x2c, 0x00, 0x08, 0x8b, 0x8d, 0x31, 0x40, 0xa9, 
    0x8c, 0x01, 0x0d, 0xaa, 0x9f, 0xc1, 0x01, 0xf2, 0x20, 0xff, 0xff, 0x54, 
    0x5f, 0x00, 0x08, 0xeb, 0x4c, 0x80, 0x88, 0x9a, 0x1f, 0x01, 0x02, 0xeb, 
    0xa2, 0x05, 0x00, 0x54, 0x2d, 0x68, 0xe8, 0x38, 0x4d, 0xfd, 0xff, 0x37, 
    0x08, 0x05, 0x00, 0x91, 0xfb, 0xff, 0xff, 0x17, 0x8d, 0x1d, 0x40, 0x92, 
    0x6d, 0x69, 0x6d, 0x38, 0xbf, 0x09, 0x00, 0x71, 0xc0, 0x03, 0x00, 0x54, 
    0xbf, 0x0d, 0x00, 0x71, 0x8c, 0x1d, 0x00, 0x12, 0xe0, 0x01, 0x00, 0x54, 
    0xbf, 0x11, 0x00, 0x71, 0x01, 0x0b, 0x00, 0x54, 0x0d, 0x05, 0x00, 0x91, 
    0xbf, 0x01, 0x02, 0xeb, 0x62, 0x0a, 0x00, 0x54, 0x2d, 0x68, 0x6d, 0x38, 
    0x9f, 0xc1, 0x03, 0x71, 0x00, 0x04, 0x00, 0x54, 0xad, 0x1d, 0x00, 0x13, 
    0x9f, 0xd1, 0x03, 0x71, 0xe1, 0x04, 0x00, 0x54, 0xbf, 0xc5, 0x01, 0x31, 
    0xac, 0x09, 0x00, 0x54, 0x2b, 0x00, 0x00, 0x14, 0x0d, 0x05, 0x00, 0x91, 
    0xbf, 0x01, 0x02, 0xeb, 0xe2, 0x08, 0x00, 0x54, 0x2d, 0x68, 0x6d, 0x38, 
    0x9f, 0x81, 0x03, 0x71, 0x00, 0x02, 0x00, 0x54, 0xad, 0x1d, 0x00, 0x13, 
    0x9f, 0xb5, 0x03, 0x71, 0xa1, 0x02, 0x00, 0x54, 0xbf, 0x85, 0x01, 0x31, 
    0x2c, 0x08, 0x00, 0x54, 0x33, 0x00, 0x00, 0x14, 0x0c, 0x05, 0x00, 0x91, 
    0x9f, 0x01, 0x02, 0xeb, 0x62, 0x07, 0x00, 0x54, 0x2d, 0x68, 0xec, 0x38, 
    0xbf, 0x05, 0x01, 0x31, 0x4c, 0x07, 0x00, 0x54, 0x32, 0x00, 0x00, 0x14, 
    0xe8, 0x03, 0x0c, 0xaa, 0xbe, 0xff, 0xff, 0x17, 0xac, 0x09, 0x1b, 0x12, 
    0x9f, 0x81, 0x02, 0x71, 0x81, 0x06, 0x00, 0x54, 0x26, 0x00, 0x00, 0x14, 
    0xac, 0x41, 0x02, 0x51, 0x9f, 0xc1, 0x00, 0x71, 0x02, 0x06, 0x00, 0x54, 
    0x0e, 0x00, 0x00, 0x14, 0x8e, 0x85, 0x03, 0x51, 0xdf, 0x31, 0x00, 0x71, 
    0x02, 0x03, 0x00, 0x54, 0xbf, 0x01, 0x01, 0x31, 0x4a, 0x05, 0x00, 0x54, 
    0x1c, 0x00, 0x00, 0x14, 0x8c, 0xc5, 0x03, 0x51, 0x9f, 0x09, 0x00, 0x71, 
    0x2c, 0x00, 0x80, 0x52, 0xc8, 0x04, 0x00, 0x54, 0xbf, 0x01, 0x01, 0x31, 
    0x2d, 0x00, 0x80, 0x52, 0x4a, 0x05, 0x00, 0x54, 0x0c, 0x09, 0x00, 0x91, 
    0x9f, 0x01, 0x02, 0xeb, 0xa2, 0x03, 0x00, 0x54, 0x2c, 0x68, 0xec, 0x38, 
    0x9f, 0x05, 0x01, 0x31, 0xec, 0x03, 0x00, 0x54, 0x0c, 0x0d, 0x00, 0x91, 
    0x9f, 0x01, 0x02, 0xeb, 0xe2, 0x02, 0x00, 0x54, 0x2d, 0x68, 0xec, 0x38, 
    0xbf, 0x01, 0x01, 0x31, 0x8a, 0x03, 0x00, 0x54, 0x0e, 0x00, 0x00, 0x14, 
    0x8c, 0x19, 0x1f, 0x12, 0x9f, 0xb9, 0x03, 0x71, 0x2c, 0x00, 0x80, 0x52, 
    0x41, 0x02, 0x00, 0x54, 0xbf, 0x01, 0x01, 0x31, 0x2d, 0x00, 0x80, 0x52, 
    0xca, 0x02, 0x00, 0x54, 0x0c, 0x09, 0x00, 0x91, 0x9f, 0x01, 0x02, 0xeb, 
    0x22, 0x01, 0x00, 0x54, 0x2d, 0x68, 0xec, 0x38, 0xbf, 0x05, 0x01, 0x31, 
    0x6c, 0x01, 0x00, 0x54, 0x88, 0x05, 0x00, 0x91, 0x8d, 0xff, 0xff, 0x17, 
    0xe8, 0x03, 0x1f, 0xaa, 0x01, 0x88, 0x00, 0xa9, 0x0f, 0x00, 0x00, 0x14, 
    0xed, 0x03, 0x1f, 0x2a, 0x09, 0x00, 0x00, 0x14, 0x2c, 0x00, 0x80, 0x52, 
    0x2d, 0x00, 0x80, 0x52, 0x06, 0x00, 0x00, 0x14, 0x2d, 0x00, 0x80, 0x52, 
    0x4c, 0x00, 0x80, 0x52, 0x03, 0x00, 0x00, 0x14, 0x2d, 0x00, 0x80, 0x52, 
    0x6c, 0x00, 0x80, 0x52, 0x08, 0x04, 0x00, 0xf9, 0x28, 0x00, 0x80, 0x52, 
    0x0d, 0x40, 0x00, 0x39, 0x0c, 0x44, 0x00, 0x39, 0x08, 0x00, 0x00, 0xf9, 
    0xc0, 0x03, 0x5f, 0xd6, 0xff, 0x03, 0x02, 0xd1, 0xfd, 0x7b, 0x02, 0xa9, 
    0xfc, 0x6f, 0x03, 0xa9, 0xfa, 0x67, 0x04, 0xa9, 0xf8, 0x5f, 0x05, 0xa9, 
    0xf6, 0x57, 0x06, 0xa9, 0xf4, 0x4f, 0x07, 0xa9, 0x09, 0x00, 0x40, 0xf9, 
    0xf3, 0x03, 0x01, 0xaa, 0x0a, 0x02, 0x80, 0x52, 0x0c, 0xe2, 0x84, 0x52, 
    0x8d, 0x0c, 0x80, 0x52, 0xee, 0x33, 0x00, 0x91, 0x1f, 0x20, 0x03, 0xd5, 
    0x08, 0xe9, 0x02, 0x10, 0xeb, 0x03, 0x09, 0xaa, 0x7f, 0x9d, 0x0f, 0xf1, 
    0xc9, 0x02, 0x00, 0x54, 0x5f, 0x51, 0x00, 0xf1, 0xc2, 0x10, 0x00, 0x54, 
    0x6f, 0x09, 0xcc, 0x9a, 0xd2, 0x01, 0x0a, 0x8b, 0x4a, 0x11, 0x00, 0xd1, 
    0xeb, 0xad, 0x0c, 0x1b, 0x70, 0x3d, 0x00, 0x12, 0x10, 0x0a, 0xcd, 0x1a, 
    0x0b, 0xae, 0x0d, 0x1b, 0x10, 0x45, 0x30, 0x8b, 0x11, 0x02, 0x40, 0x39, 
    0x10, 0x06, 0x40, 0x39, 0x0b, 0x25, 0x2b, 0x8b, 0x51, 0x02, 0x00, 0x39, 
    0x71, 0x01, 0x40, 0x39, 0x6b, 0x05, 0x40, 0x39, 0x50, 0x06, 0x00, 0x39, 
    0x51, 0x0a, 0x00, 0x39, 0x4b, 0x0e, 0x00, 0x39, 0xeb, 0x03, 0x0f, 0xaa, 
    0xea, 0xff, 0xff, 0x17, 0x7f, 0x25, 0x00, 0xf1, 0x5a, 0x11, 0x00, 0x91, 
    0xe9, 0x01, 0x00, 0x54, 0x6a, 0x3d, 0x00, 0x12, 0x8c, 0x0c, 0x80, 0x52, 
    0xee, 0x33, 0x00, 0x91, 0x4a, 0x09, 0xcc, 0x1a, 0xcf, 0x01, 0x1a, 0x8b, 
    0x4b, 0xad, 0x0c, 0x1b, 0x4c, 0x0b, 0x00, 0xd1, 0xfa, 0x03, 0x0c, 0xaa, 
    0x0b, 0x25, 0x2b, 0x8b, 0x6d, 0x01, 0x40, 0x39, 0x6b, 0x05, 0x40, 0x39, 
    0xcd, 0x69, 0x2c, 0x38, 0xeb, 0xf1, 0x1f, 0x38, 0xeb, 0x03, 0x0a, 0xaa, 
    0x49, 0x00, 0x00, 0xb4, 0xeb, 0x00, 0x00, 0xb4, 0x69, 0x0d, 0x7f, 0xd3, 
    0x5a, 0x07, 0x00, 0xd1, 0x08, 0x01, 0x09, 0x8b, 0xe9, 0x33, 0x00, 0x91, 
    0x08, 0x05, 0x40, 0x39, 0x28, 0x69, 0x3a, 0x38, 0x68, 0x12, 0x40, 0xb9, 
    0x89, 0x02, 0x80, 0x52, 0x7d, 0x2a, 0x40, 0x79, 0x34, 0x01, 0x1a, 0xcb, 
    0x2a, 0x02, 0xa0, 0x52, 0xfb, 0x33, 0x00, 0x91, 0x09, 0x01, 0x6b, 0x92, 
    0x15, 0x5d, 0x17, 0x53, 0x9c, 0x56, 0x49, 0x8b, 0x3f, 0x01, 0x00, 0x71, 
    0x69, 0x05, 0x80, 0x52, 0x56, 0x01, 0x89, 0x1a, 0x9f, 0x03, 0x1d, 0xeb, 
    0x42, 0x03, 0x00, 0x54, 0x68, 0x04, 0xc0, 0x37, 0x3c, 0x0f, 0x00, 0x94, 
    0x1f, 0x40, 0x44, 0x71, 0x80, 0x07, 0x00, 0x54, 0x79, 0x4e, 0x40, 0xa9, 
    0xf7, 0x03, 0x00, 0x2a, 0xf8, 0x03, 0x01, 0x2a, 0xe2, 0x03, 0x16, 0x2a, 
    0xe3, 0x03, 0x15, 0xaa, 0xe0, 0x03, 0x19, 0xaa, 0xe1, 0x03, 0x13, 0xaa, 
    0xbd, 0x00, 0x00, 0x94, 0x60, 0x06, 0x00, 0x37, 0x68, 0x0e, 0x40, 0xf9, 
    0x61, 0x03, 0x1a, 0x8b, 0xe0, 0x03, 0x19, 0xaa, 0xe2, 0x03, 0x14, 0xaa, 
    0x00, 0x01, 0x3f, 0xd6, 0xa0, 0x05, 0x00, 0x37, 0xe0, 0x03, 0x17, 0x2a, 
    0xe1, 0x03, 0x18, 0x2a, 0xe2, 0x03, 0x19, 0xaa, 0xe3, 0x03, 0x13, 0xaa, 
    0x99, 0x00, 0x00, 0x94, 0x28, 0x00, 0x00, 0x14, 0x77, 0x4e, 0x40, 0xa9, 
    0xe2, 0x03, 0x16, 0x2a, 0xe3, 0x03, 0x15, 0xaa, 0xe0, 0x03, 0x17, 0xaa, 
    0xe1, 0x03, 0x13, 0xaa, 0xaa, 0x00, 0x00, 0x94, 0x00, 0x04, 0x00, 0x37, 
    0x68, 0x0e, 0x40, 0xf9, 0xb2, 0x0e, 0x00, 0x94, 0x1e, 0x00, 0x00, 0x14, 
    0x78, 0xe6, 0x40, 0xa9, 0x08, 0xfc, 0xb3, 0x52, 0x09, 0x06, 0x80, 0x52, 
    0x77, 0x02, 0x40, 0xf9, 0xe2, 0x03, 0x16, 0x2a, 0x09, 0x00, 0xa4, 0x72, 
    0xe3, 0x03, 0x15, 0xaa, 0x28, 0x03, 0x08, 0x0a, 0xe0, 0x03, 0x17, 0xaa, 
    0xe1, 0x03, 0x18, 0xaa, 0x08, 0x01, 0x09, 0x2a, 0x68, 0x12, 0x00, 0xb9, 
    0x99, 0x00, 0x00, 0x94, 0xe0, 0x01, 0x00, 0x37, 0x0c, 0x0f, 0x00, 0x94, 
    0x1f, 0x40, 0x44, 0x71, 0x80, 0x01, 0x00, 0x54, 0x08, 0x0f, 0x40, 0xf9, 
    0xf5, 0x03, 0x00, 0x2a, 0xf6, 0x03, 0x01, 0x2a, 0x9c, 0x0e, 0x00, 0x94, 
    0xe0, 0x00, 0x00, 0x37, 0xe0, 0x03, 0x15, 0x2a, 0xe1, 0x03, 0x16, 0x2a, 
    0xe2, 0x03, 0x17, 0xaa, 0xe3, 0x03, 0x18, 0xaa, 0x73, 0x00, 0x00, 0x94, 
    0x40, 0x01, 0x00, 0x36, 0x20, 0x00, 0x80, 0x52, 0xf4, 0x4f, 0x47, 0xa9, 
    0xf6, 0x57, 0x46, 0xa9, 0xf8, 0x5f, 0x45, 0xa9, 0xfa, 0x67, 0x44, 0xa9, 
    0xfc, 0x6f, 0x43, 0xa9, 0xfd, 0x7b, 0x42, 0xa9, 0xff, 0x03, 0x02, 0x91, 
    0xc0, 0x03, 0x5f, 0xd6, 0xe0, 0x03, 0x1f, 0x2a, 0x79, 0x0a, 0x00, 0xf9, 
    0xf6, 0xff, 0xff, 0x17, 0x1f, 0x20, 0x03, 0xd5, 0x82, 0xe0, 0x02, 0x10, 
    0x60, 0x00, 0x80, 0x92, 0x81, 0x02, 0x80, 0x52, 0x23, 0x00, 0x00, 0x94, 
    0xff, 0x03, 0x01, 0xd1, 0xfe, 0x1b, 0x00, 0xf9, 0xe8, 0x23, 0x00, 0x91, 
    0xe0, 0x87, 0x00, 0xa9, 0xe0, 0x63, 0x00, 0x91, 0xe8, 0x8b, 0x01, 0xa9, 
    0x28, 0x00, 0x80, 0x52, 0xe8, 0x53, 0x00, 0x79, 0x72, 0x09, 0x00, 0x94, 
    0xfe, 0x0f, 0x1f, 0xf8, 0x1f, 0x20, 0x03, 0xd5, 0x60, 0xe7, 0x02, 0x10, 
    0x1f, 0x20, 0x03, 0xd5, 0xe2, 0x72, 0x02, 0x10, 0x61, 0x05, 0x80, 0x52, 
    0x01, 0x00, 0x00, 0x94, 0xfe, 0x0f, 0x1f, 0xf8, 0x28, 0x00, 0x80, 0x52, 
    0x01, 0x05, 0x01, 0xaa, 0xed, 0xff, 0xff, 0x97, 0xfe, 0x0f, 0x1f, 0xf8, 
    0x01, 0x00, 0x00, 0x94, 0xff, 0x03, 0x01, 0xd1, 0xfe, 0x1b, 0x00, 0xf9, 
    0x28, 0x00, 0x00, 0xb0, 0x08, 0x81, 0x27, 0x91, 0x1f, 0x20, 0x03, 0xd5, 
    0x69, 0xd1, 0x02, 0x10, 0xe8, 0x83, 0x00, 0xa9, 0xe8, 0x23, 0x00, 0x91, 
    0xe0, 0x63, 0x00, 0x91, 0xe8, 0xa7, 0x01, 0xa9, 0xff, 0x53, 0x00, 0x79, 
    0x59, 0x09, 0x00, 0x94, 0xff, 0x03, 0x01, 0xd1, 0xfe, 0x07, 0x03, 0xa9, 
    0xe8, 0xe3, 0x00, 0x91, 0x1f, 0x20, 0x03, 0xd5, 0x89, 0xe7, 0xff, 0x10, 
    0xe0, 0xa3, 0x00, 0xa9, 0xe8, 0x23, 0x00, 0x91, 0x20, 0x00, 0x00, 0xb0, 
    0x00, 0xa4, 0x26, 0x91, 0xcf, 0x0d, 0x00, 0x94, 0xfe, 0x0f, 0x1f, 0xf8, 
    0x1f, 0x00, 0x02, 0xeb, 0x89, 0x00, 0x00, 0x54, 0xe1, 0x03, 0x02, 0xaa, 
    0xe2, 0x03, 0x03, 0xaa, 0x0f, 0x00, 0x00, 0x94, 0x3f, 0x00, 0x02, 0xeb, 
    0xa9, 0x00, 0x00, 0x54, 0xe0, 0x03, 0x01, 0xaa, 0xe1, 0x03, 0x02, 0xaa, 
    0xe2, 0x03, 0x03, 0xaa, 0x11, 0x00, 0x00, 0x94, 0x1f, 0x00, 0x01, 0xeb, 
    0x69, 0x00, 0x00, 0x54, 0xe2, 0x03, 0x03, 0xaa, 0x1d, 0x00, 0x00, 0x94, 
    0xe0, 0x03, 0x01, 0xaa, 0xe1, 0x03, 0x02, 0xaa, 0xe2, 0x03, 0x03, 0xaa, 
    0x11, 0x00, 0x00, 0x94, 0xff, 0x03, 0x01, 0xd1, 0xfe, 0x07, 0x03, 0xa9, 
    0xe1, 0x03, 0x1e, 0xaa, 0xd7, 0x0e, 0x00, 0x94, 0xfe, 0x03, 0x01, 0xaa, 
    0x20, 0x00, 0x00, 0xb0, 0x00, 0xf4, 0x2a, 0x91, 0xb3, 0x0d, 0x00, 0x94, 
    0xff, 0x03, 0x01, 0xd1, 0xfe, 0x07, 0x03, 0xa9, 0xe1, 0x03, 0x1e, 0xaa, 
    0xcf, 0x0e, 0x00, 0x94, 0xfe, 0x03, 0x01, 0xaa, 0x20, 0x00, 0x00, 0xb0, 
    0x00, 0x18, 0x29, 0x91, 0xab, 0x0d, 0x00, 0x94, 0xff, 0x03, 0x01, 0xd1, 
    0xfe, 0x07, 0x03, 0xa9, 0xe1, 0x03, 0x1e, 0xaa, 0xc7, 0x0e, 0x00, 0x94, 
    0xfe, 0x03, 0x01, 0xaa, 0x20, 0x00, 0x00, 0xb0, 0x00, 0x18, 0x29, 0x91, 
    0xa3, 0x0d, 0x00, 0x94, 0xff, 0x03, 0x01, 0xd1, 0xfe, 0x07, 0x03, 0xa9, 
    0xe1, 0x03, 0x1e, 0xaa, 0xbf, 0x0e, 0x00, 0x94, 0xfe, 0x03, 0x01, 0xaa, 
    0x20, 0x00, 0x00, 0xb0, 0x00, 0x50, 0x22, 0x91, 0x9b, 0x0d, 0x00, 0x94, 
    0xfe, 0x0f, 0x1c, 0xf8, 0xf8, 0x5f, 0x01, 0xa9, 0xdb, 0x0d, 0x00, 0x94, 
    0xf3, 0x03, 0x03, 0xaa, 0xf4, 0x03, 0x02, 0xaa, 0xf5, 0x03, 0x00, 0x2a, 
    0xf8, 0x03, 0x1f, 0x2a, 0x36, 0x3c, 0x00, 0x12, 0xf7, 0x03, 0x18, 0x2a, 
    0x1f, 0x03, 0x16, 0x6b, 0xe2, 0x00, 0x00, 0x54, 0x68, 0x12, 0x40, 0xf9, 
    0xe0, 0x03, 0x14, 0xaa, 0xe1, 0x03, 0x15, 0x2a, 0xf8, 0x06, 0x00, 0x11, 
    0x00, 0x01, 0x3f, 0xd6, 0x00, 0xff, 0xff, 0x34, 0xff, 0x02, 0x16, 0x6b, 
    0xf4, 0x4f, 0x43, 0xa9, 0xf6, 0x57, 0x42, 0xa9, 0xe0, 0x27, 0x9f, 0x1a, 
    0xf8, 0x5f, 0x41, 0xa9, 0xfe, 0x07, 0x44, 0xf8, 0xc0, 0x03, 0x5f, 0xd6, 
    0xfe, 0x57, 0xbe, 0xa9, 0xf4, 0x4f, 0x01, 0xa9, 0xf3, 0x03, 0x03, 0xaa, 
    0xf4, 0x03, 0x01, 0xaa, 0x5f, 0x40, 0x44, 0x71, 0xf5, 0x03, 0x00, 0xaa, 
    0x00, 0x01, 0x00, 0x54, 0x88, 0x12, 0x40, 0xf9, 0xe0, 0x03, 0x15, 0xaa, 
    0xe1, 0x03, 0x02, 0x2a, 0x00, 0x01, 0x3f, 0xd6, 0x60, 0x00, 0x00, 0x36, 
    0x20, 0x00, 0x80, 0x52, 0x0a, 0x00, 0x00, 0x14, 0x13, 0x01, 0x00, 0xb4, 
    0x83, 0x0e, 0x40, 0xf9, 0xe1, 0x03, 0x13, 0xaa, 0xe0, 0x03, 0x15, 0xaa, 
    0xf4, 0x4f, 0x41, 0xa9, 0xe2, 0x03, 0x1f, 0xaa, 0xfe, 0x57, 0xc2, 0xa8, 
    0x60, 0x00, 0x1f, 0xd6, 0xe0, 0x03, 0x1f, 0x2a, 0xf4, 0x4f, 0x41, 0xa9, 
    0xfe, 0x57, 0xc2, 0xa8, 0xc0, 0x03, 0x5f, 0xd6, 0xfe, 0x0f, 0x1c, 0xf8, 
    0xf8, 0x5f, 0x01, 0xa9, 0xa9, 0x0d, 0x00, 0x94, 0x08, 0x10, 0x40, 0xb9, 
    0x1f, 0x20, 0x03, 0xd5, 0x4a, 0x5c, 0x02, 0x10, 0xf3, 0x03, 0x01, 0x2a, 
    0x09, 0x79, 0x1d, 0x53, 0x8b, 0x00, 0x00, 0x10, 0x4c, 0x69, 0x69, 0x38, 
    0x6b, 0x09, 0x0c, 0x8b, 0x60, 0x01, 0x1f, 0xd6, 0xf6, 0x03, 0x01, 0x2a, 
    0x04, 0x00, 0x00, 0x14, 0xf6, 0x03, 0x1f, 0x2a, 0x02, 0x00, 0x00, 0x14, 
    0x76, 0x3e, 0x01, 0x53, 0x15, 0x5c, 0x40, 0xa9, 0x14, 0x51, 0x00, 0x12, 
    0xf8, 0x03, 0x1f, 0x2a, 0x08, 0x3f, 0x00, 0x12, 0x1f, 0x21, 0x36, 0x6b, 
    0x22, 0x01, 0x00, 0x54, 0xe8, 0x12, 0x40, 0xf9, 0xe0, 0x03, 0x15, 0xaa, 
    0xe1, 0x03, 0x14, 0x2a, 0x18, 0x07, 0x00, 0x11, 0x00, 0x01, 0x3f, 0xd6, 
    0x00, 0xff, 0x07, 0x36, 0x34, 0x02, 0xa0, 0x52, 0x02, 0x00, 0x00, 0x14, 
    0x61, 0x02, 0x16, 0x4b, 0xe0, 0x03, 0x14, 0x2a, 0xb5, 0x0d, 0x00, 0x94, 
    0xf8, 0x5f, 0x41, 0xa9, 0xfe, 0x07, 0x44, 0xf8, 0xc0, 0x03, 0x5f, 0xd6, 
    0xff, 0xc3, 0x01, 0xd1, 0xfe, 0x13, 0x00, 0xf9, 0xfa, 0x67, 0x03, 0xa9, 
    0xf8, 0x5f, 0x04, 0xa9, 0xf6, 0x57, 0x05, 0xa9, 0xf4, 0x4f, 0x06, 0xa9, 
    0xf3, 0x03, 0x03, 0xaa, 0xf7, 0x03, 0x02, 0xaa, 0xf5, 0x03, 0x01, 0xaa, 
    0xf4, 0x03, 0x00, 0xaa, 0x33, 0x0a, 0x00, 0x37, 0xb8, 0x0e, 0x40, 0xf9, 
    0x1a, 0x04, 0x80, 0x52, 0xf9, 0x03, 0x1f, 0xaa, 0x1a, 0x00, 0xac, 0x72, 
    0xf6, 0x03, 0x17, 0xaa, 0xc2, 0x16, 0x40, 0x38, 0xa2, 0x0a, 0x00, 0x34, 
    0xa2, 0x00, 0x38, 0x37, 0xd7, 0x02, 0x02, 0x8b, 0xe0, 0x03, 0x14, 0xaa, 
    0xe1, 0x03, 0x16, 0xaa, 0x09, 0x00, 0x00, 0x14, 0x5f, 0x00, 0x02, 0x71, 
    0x41, 0x01, 0x00, 0x54, 0xe8, 0x0a, 0x40, 0x39, 0xe9, 0x06, 0x40, 0x39, 
    0xe1, 0x0e, 0x00, 0x91, 0xe0, 0x03, 0x14, 0xaa, 0x22, 0x21, 0x08, 0xaa, 
    0x37, 0x00, 0x02, 0x8b, 0x00, 0x03, 0x3f, 0xd6, 0xe0, 0xfd, 0x07, 0x36, 
    0x47, 0x00, 0x00, 0x14, 0x5f, 0x00, 0x03, 0x71, 0xa1, 0x00, 0x00, 0x54, 
    0x68, 0x12, 0x19, 0x8b, 0xfa, 0x0f, 0x00, 0xf9, 0x00, 0x21, 0x40, 0xa9, 
    0x29, 0x00, 0x00, 0x14, 0xa2, 0x01, 0x00, 0x37, 0x08, 0x04, 0x80, 0x52, 
    0x08, 0x00, 0xac, 0x72, 0x82, 0x02, 0x08, 0x36, 0xc9, 0x06, 0x40, 0x39, 
    0xca, 0x26, 0x40, 0x38, 0x49, 0x21, 0x09, 0xaa, 0x42, 0x02, 0x10, 0x36, 
    0xca, 0x06, 0x40, 0x39, 0xcb, 0x26, 0x40, 0x38, 0x6a, 0x21, 0x0a, 0xaa, 
    0x02, 0x02, 0x18, 0x37, 0x12, 0x00, 0x00, 0x14, 0xe8, 0x1e, 0x40, 0x38, 
    0xe9, 0x0a, 0x40, 0x39, 0xea, 0x06, 0x40, 0x39, 0xeb, 0x0e, 0x40, 0x39, 
    0xf6, 0x12, 0x00, 0x91, 0x29, 0xbd, 0x70, 0xd3, 0x08, 0x21, 0x0a, 0xaa, 
    0x29, 0x61, 0x0b, 0xaa, 0x28, 0x01, 0x08, 0xaa, 0xc2, 0xfd, 0x0f, 0x37, 
    0xe9, 0x03, 0x1f, 0xaa, 0x02, 0xfe, 0x17, 0x37, 0xea, 0x03, 0x1f, 0xaa, 
    0x82, 0x00, 0x18, 0x36, 0xcb, 0x06, 0x40, 0x39, 0xcc, 0x26, 0x40, 0x38, 
    0x99, 0x21, 0x0b, 0xaa, 0x22, 0x02, 0x20, 0x37, 0x62, 0x00, 0x28, 0x36, 
    0x6a, 0x12, 0x0a, 0x8b, 0x4a, 0x11, 0x40, 0x79, 0x29, 0x7d, 0x60, 0xd3, 
    0x29, 0xc1, 0x0a, 0xaa, 0x6a, 0x12, 0x19, 0x8b, 0x28, 0x01, 0x08, 0xaa, 
    0xe8, 0x0f, 0x00, 0xf9, 0x40, 0x21, 0x40, 0xa9, 0xe1, 0x23, 0x00, 0x91, 
    0xf4, 0xd7, 0x00, 0xa9, 0x00, 0x01, 0x3f, 0xd6, 0xa0, 0x02, 0x00, 0x37, 
    0x39, 0x07, 0x00, 0x91, 0xf7, 0x03, 0x16, 0xaa, 0xb9, 0xff, 0xff, 0x17, 
    0x69, 0x12, 0x09, 0x8b, 0x29, 0x11, 0x40, 0x79, 0xe2, 0xfd, 0x2f, 0x37, 
    0xf0, 0xff, 0xff, 0x17, 0x62, 0xfe, 0x41, 0xd3, 0xa3, 0x0e, 0x40, 0xf9, 
    0xe0, 0x03, 0x14, 0xaa, 0xe1, 0x03, 0x17, 0xaa, 0xf4, 0x4f, 0x46, 0xa9, 
    0xf6, 0x57, 0x45, 0xa9, 0xfe, 0x13, 0x40, 0xf9, 0xf8, 0x5f, 0x44, 0xa9, 
    0xfa, 0x67, 0x43, 0xa9, 0xff, 0xc3, 0x01, 0x91, 0x60, 0x00, 0x1f, 0xd6, 
    0xe0, 0x03, 0x1f, 0x2a, 0x02, 0x00, 0x00, 0x14, 0x20, 0x00, 0x80, 0x52, 
    0xf4, 0x4f, 0x46, 0xa9, 0xfe, 0x13, 0x40, 0xf9, 0xf6, 0x57, 0x45, 0xa9, 
    0xf8, 0x5f, 0x44, 0xa9, 0xfa, 0x67, 0x43, 0xa9, 0xff, 0xc3, 0x01, 0x91, 
    0xc0, 0x03, 0x5f, 0xd6, 0xfe, 0x57, 0xbe, 0xa9, 0xf4, 0x4f, 0x01, 0xa9, 
    0x3f, 0x1c, 0x00, 0xf1, 0xc8, 0x03, 0x00, 0x54, 0x08, 0x49, 0x80, 0x52, 
    0xf3, 0x03, 0x00, 0xaa, 0x29, 0x00, 0x08, 0x9b, 0x28, 0xc9, 0x4b, 0xb9, 
    0x35, 0x21, 0x2f, 0x91, 0x48, 0x01, 0x00, 0x36, 0x08, 0x32, 0x88, 0x52, 
    0xb4, 0x06, 0x40, 0xb9, 0x60, 0x6a, 0x68, 0xb8, 0xe1, 0x03, 0x14, 0x2a, 
    0x25, 0x08, 0x00, 0x94, 0x60, 0x82, 0x2e, 0x91, 0xe1, 0x03, 0x14, 0x2a, 
    0x14, 0x00, 0x00, 0x94, 0xa8, 0x02, 0x40, 0xb9, 0x1f, 0x79, 0x1e, 0x72, 
    0x80, 0x00, 0x00, 0x54, 0xa0, 0x06, 0x40, 0xb9, 0x08, 0x0d, 0x80, 0x52, 
    0x01, 0x00, 0x00, 0xd4, 0x68, 0xb6, 0x5f, 0xf9, 0x49, 0x00, 0x80, 0x52, 
    0xa9, 0x02, 0x00, 0xb9, 0x68, 0x00, 0x00, 0xb4, 0x08, 0x05, 0x00, 0xd1, 
    0x68, 0xb6, 0x1f, 0xf9, 0xf4, 0x4f, 0x41, 0xa9, 0xfe, 0x57, 0xc2, 0xa8, 
    0xc0, 0x03, 0x5f, 0xd6, 0x1f, 0x20, 0x03, 0xd5, 0x22, 0xcd, 0x02, 0x10, 
    0xe0, 0x03, 0x01, 0xaa, 0x8b, 0x0d, 0x00, 0x94, 0xfe, 0x57, 0xbe, 0xa9, 
    0xf4, 0x4f, 0x01, 0xa9, 0x14, 0xd4, 0x40, 0xa9, 0xf3, 0x03, 0x00, 0xaa, 
    0xe2, 0x03, 0x01, 0x2a, 0xe0, 0x03, 0x14, 0xaa, 0xe1, 0x03, 0x15, 0xaa, 
    0x3c, 0x06, 0x00, 0x94, 0x80, 0x01, 0x00, 0x36, 0xe2, 0x03, 0x01, 0xaa, 
    0x1f, 0x20, 0x03, 0xd5, 0xa3, 0x58, 0x03, 0x10, 0xe0, 0x03, 0x14, 0xaa, 
    0xe1, 0x03, 0x15, 0xaa, 0x2c, 0x06, 0x00, 0x94, 0x68, 0x0e, 0x40, 0xf9, 
    0x49, 0x00, 0x80, 0x52, 0x09, 0x00, 0x00, 0xb9, 0x08, 0x05, 0x00, 0xd1, 
    0x68, 0x0e, 0x00, 0xf9, 0xf4, 0x4f, 0x41, 0xa9, 0xfe, 0x57, 0xc2, 0xa8, 
    0xc0, 0x03, 0x5f, 0xd6, 0xe8, 0x03, 0x00, 0xaa, 0xe3, 0x03, 0x02, 0xaa, 
    0xe0, 0x03, 0x01, 0xaa, 0xe1, 0x03, 0x08, 0xaa, 0x02, 0x04, 0x80, 0x52, 
    0x01, 0x00, 0x00, 0x14, 0xe5, 0x03, 0x1e, 0xaa, 0x2f, 0x0d, 0x00, 0x94, 
    0xfe, 0x03, 0x05, 0xaa, 0x01, 0x00, 0x00, 0x14, 0x28, 0x00, 0x00, 0xeb, 
    0x22, 0x20, 0x43, 0xfa, 0x48, 0x00, 0x00, 0x54, 0x9f, 0x0c, 0x00, 0x14, 
    0xfe, 0x0f, 0x1f, 0xf8, 0x9a, 0x0c, 0x00, 0x94, 0xff, 0x83, 0x02, 0xd1, 
    0xfd, 0x7b, 0x04, 0xa9, 0xfc, 0x6f, 0x05, 0xa9, 0xfa, 0x67, 0x06, 0xa9, 
    0xf8, 0x5f, 0x07, 0xa9, 0xf6, 0x57, 0x08, 0xa9, 0xf4, 0x4f, 0x09, 0xa9, 
    0xfb, 0x03, 0x02, 0xaa, 0x28, 0x00, 0x02, 0xeb, 0xf6, 0x03, 0x1f, 0xaa, 
    0xa9, 0x16, 0x00, 0x54, 0xf5, 0x03, 0x06, 0xaa, 0x66, 0x16, 0x00, 0xb4, 
    0xf3, 0x03, 0x05, 0xaa, 0xf8, 0x03, 0x04, 0xaa, 0xf4, 0x03, 0x01, 0xaa, 
    0xe2, 0x03, 0x00, 0xaa, 0x44, 0x14, 0x00, 0xb4, 0x08, 0x07, 0x00, 0x91, 
    0x0b, 0x0f, 0x00, 0x91, 0x09, 0x0b, 0x00, 0x91, 0xe8, 0x8f, 0x00, 0xa9, 
    0x48, 0x04, 0x00, 0x91, 0xfc, 0x03, 0x1f, 0xaa, 0xea, 0x03, 0x1f, 0x2a, 
    0x1f, 0x20, 0x03, 0xd5, 0x7a, 0x09, 0x03, 0x10, 0xe2, 0x17, 0x00, 0xf9, 
    0xf6, 0x03, 0x1b, 0xaa, 0xe8, 0x03, 0x00, 0xf9, 0xeb, 0xa7, 0x01, 0xa9, 
    0x28, 0x01, 0x16, 0x8b, 0xe8, 0x1b, 0x00, 0xf9, 0xea, 0x3b, 0x00, 0xb9, 
    0xe0, 0x03, 0x1c, 0xaa, 0xa8, 0x02, 0x00, 0xeb, 0xc2, 0x82, 0x54, 0xfa, 
    0x82, 0x11, 0x00, 0x54, 0xe9, 0x03, 0x1f, 0xaa, 0x7d, 0x02, 0x00, 0x8b, 
    0x1f, 0x01, 0x09, 0xeb, 0xe0, 0x00, 0x00, 0x54, 0xaa, 0x6b, 0x69, 0x38, 
    0x5f, 0x29, 0x00, 0x71, 0x60, 0x00, 0x00, 0x54, 0x29, 0x05, 0x00, 0x91, 
    0xfa, 0xff, 0xff, 0x17, 0x2a, 0x05, 0x00, 0x91, 0x4a, 0x01, 0x00, 0x8b, 
    0x1f, 0x01, 0x09, 0xeb, 0xbc, 0x02, 0x8a, 0x9a, 0x97, 0x03, 0x00, 0xeb, 
    0x82, 0x23, 0x55, 0xfa, 0x68, 0x12, 0x00, 0x54, 0xe0, 0x03, 0x1d, 0xaa, 
    0xe1, 0x03, 0x17, 0xaa, 0xe2, 0x03, 0x1a, 0xaa, 0x1e, 0xfd, 0xff, 0x97, 
    0xf9, 0x42, 0x20, 0xcb, 0x3f, 0x03, 0x17, 0xeb, 0x28, 0x12, 0x00, 0x54, 
    0xe0, 0x03, 0x1c, 0xaa, 0xb9, 0xfc, 0xff, 0xb4, 0xa8, 0x03, 0x40, 0x39, 
    0x1f, 0x6d, 0x01, 0x71, 0xc1, 0x07, 0x00, 0x54, 0xe0, 0x03, 0x1d, 0xaa, 
    0xe1, 0x03, 0x19, 0xaa, 0x1f, 0x20, 0x03, 0xd5, 0x02, 0x05, 0x03, 0x10, 
    0x11, 0xfd, 0xff, 0x97, 0x3f, 0x0f, 0x00, 0xf1, 0xe3, 0x06, 0x00, 0x54, 
    0xc0, 0x06, 0x00, 0x34, 0xe8, 0x1b, 0x40, 0xf9, 0x2a, 0x00, 0x80, 0x52, 
    0x08, 0x01, 0x19, 0x8b, 0x1f, 0x01, 0x14, 0xeb, 0x68, 0xfa, 0xff, 0x54, 
    0x3a, 0x0d, 0x00, 0x94, 0x1f, 0x20, 0x03, 0xd5, 0xc4, 0x06, 0x03, 0x10, 
    0x48, 0x68, 0x36, 0x38, 0xe8, 0x07, 0x40, 0xf9, 0xd7, 0x02, 0x08, 0x8b, 
    0xe1, 0x03, 0x17, 0xaa, 0xa4, 0xff, 0xff, 0x97, 0xe2, 0x0b, 0x40, 0xf9, 
    0xe3, 0x03, 0x18, 0xaa, 0x1f, 0x20, 0x03, 0xd5, 0x64, 0x06, 0x03, 0x10, 
    0x5b, 0x0d, 0x00, 0x94, 0xff, 0x02, 0x14, 0xeb, 0xc2, 0x0e, 0x00, 0x54, 
    0xe2, 0x17, 0x40, 0xf9, 0x29, 0x0b, 0x00, 0xd1, 0xf6, 0x06, 0x00, 0x91, 
    0xe8, 0x05, 0x80, 0x52, 0xe0, 0x03, 0x16, 0xaa, 0xe3, 0x03, 0x14, 0xaa, 
    0x48, 0x68, 0x37, 0x38, 0x37, 0x01, 0x16, 0x8b, 0x1f, 0x20, 0x03, 0xd5, 
    0x44, 0x06, 0x03, 0x10, 0xe1, 0x03, 0x17, 0xaa, 0xe9, 0x1f, 0x00, 0xf9, 
    0x90, 0xff, 0xff, 0x97, 0xe3, 0x1f, 0x40, 0xf9, 0xa2, 0x07, 0x00, 0x91, 
    0x1f, 0x20, 0x03, 0xd5, 0x24, 0x06, 0x03, 0x10, 0x47, 0x0d, 0x00, 0x94, 
    0xff, 0x02, 0x14, 0xeb, 0xa2, 0x0c, 0x00, 0x54, 0xe0, 0x06, 0x00, 0x91, 
    0xe9, 0x17, 0x40, 0xf9, 0xa8, 0x0b, 0x80, 0x52, 0x1f, 0x00, 0x14, 0xeb, 
    0x28, 0x69, 0x37, 0x38, 0x62, 0x0c, 0x00, 0x54, 0xe8, 0x03, 0x09, 0xaa, 
    0x49, 0x01, 0x80, 0x52, 0x36, 0x03, 0x16, 0x8b, 0x09, 0x69, 0x20, 0x38, 
    0xe9, 0x13, 0x40, 0xf9, 0x2a, 0x00, 0x80, 0x52, 0xa1, 0xff, 0xff, 0x17, 
    0xe8, 0x0f, 0x40, 0xf9, 0xe9, 0x3b, 0x40, 0xb9, 0x08, 0x01, 0x16, 0x8b, 
    0x1f, 0x01, 0x14, 0xeb, 0xe8, 0x97, 0x9f, 0x1a, 0x28, 0x01, 0x08, 0x2a, 
    0xa8, 0x02, 0x00, 0x37, 0x03, 0x0d, 0x00, 0x94, 0x1f, 0x20, 0x03, 0xd5, 
    0xe4, 0xfc, 0x02, 0x10, 0x48, 0x68, 0x36, 0x38, 0xe8, 0x07, 0x40, 0xf9, 
    0xd9, 0x02, 0x08, 0x8b, 0xf6, 0x03, 0x02, 0xaa, 0xe1, 0x03, 0x19, 0xaa, 
    0x6c, 0xff, 0xff, 0x97, 0xe2, 0x0b, 0x40, 0xf9, 0xe3, 0x03, 0x18, 0xaa, 
    0x1f, 0x20, 0x03, 0xd5, 0x64, 0xfc, 0x02, 0x10, 0x23, 0x0d, 0x00, 0x94, 
    0xa8, 0x0b, 0x80, 0x52, 0xc8, 0x6a, 0x39, 0x38, 0x36, 0x0b, 0x00, 0x91, 
    0xe8, 0x03, 0x40, 0xf9, 0x49, 0x01, 0x80, 0x52, 0x09, 0x69, 0x39, 0x38, 
    0x88, 0x02, 0x16, 0xcb, 0xe9, 0x13, 0x40, 0xf9, 0x2a, 0x00, 0x80, 0x52, 
    0x1f, 0x01, 0x17, 0xeb, 0x17, 0x31, 0x97, 0x9a, 0x17, 0xf0, 0xff, 0xb4, 
    0xf9, 0x02, 0x16, 0x8b, 0xe2, 0x17, 0x40, 0xf9, 0xe0, 0x03, 0x16, 0xaa, 
    0xe1, 0x03, 0x19, 0xaa, 0xe3, 0x03, 0x14, 0xaa, 0x1f, 0x20, 0x03, 0xd5, 
    0xa4, 0xfa, 0x02, 0x10, 0x53, 0xff, 0xff, 0x97, 0xe2, 0x03, 0x1d, 0xaa, 
    0xe3, 0x03, 0x17, 0xaa, 0x1f, 0x20, 0x03, 0xd5, 0xc4, 0xfa, 0x02, 0x10, 
    0x0a, 0x0d, 0x00, 0x94, 0xe9, 0x13, 0x40, 0xf9, 0x2a, 0x00, 0x80, 0x52, 
    0xf6, 0x03, 0x19, 0xaa, 0x6f, 0xff, 0xff, 0x17, 0xd6, 0x02, 0x1b, 0xcb, 
    0x0d, 0x00, 0x00, 0x14, 0x1f, 0x01, 0x15, 0xeb, 0x1f, 0x20, 0x03, 0xd5, 
    0x84, 0xff, 0x02, 0x10, 0x16, 0x31, 0x95, 0x9a, 0xe0, 0x03, 0x1b, 0xaa, 
    0xe3, 0x03, 0x14, 0xaa, 0xc1, 0x02, 0x1b, 0x8b, 0x40, 0xff, 0xff, 0x97, 
    0x1f, 0x20, 0x03, 0xd5, 0x64, 0xff, 0x02, 0x10, 0xe2, 0x03, 0x13, 0xaa, 
    0x14, 0x0c, 0x00, 0x94, 0xe0, 0x03, 0x16, 0xaa, 0xf4, 0x4f, 0x49, 0xa9, 
    0xf6, 0x57, 0x48, 0xa9, 0xf8, 0x5f, 0x47, 0xa9, 0xfa, 0x67, 0x46, 0xa9, 
    0xfc, 0x6f, 0x45, 0xa9, 0xfd, 0x7b, 0x44, 0xa9, 0xff, 0x83, 0x02, 0x91, 
    0xc0, 0x03, 0x5f, 0xd6, 0x1f, 0x20, 0x03, 0xd5, 0xc3, 0xf2, 0x02, 0x10, 
    0xe1, 0x03, 0x1c, 0xaa, 0xe2, 0x03, 0x15, 0xaa, 0xed, 0xfd, 0xff, 0x97, 
    0x1f, 0x20, 0x03, 0xd5, 0x23, 0xf3, 0x02, 0x10, 0xe0, 0x03, 0x1f, 0xaa, 
    0xe1, 0x03, 0x19, 0xaa, 0xe2, 0x03, 0x17, 0xaa, 0xe7, 0xfd, 0xff, 0x97, 
    0x1f, 0x20, 0x03, 0xd5, 0xe2, 0xf7, 0x02, 0x10, 0x03, 0x00, 0x00, 0x14, 
    0x1f, 0x20, 0x03, 0xd5, 0xc2, 0xf9, 0x02, 0x10, 0xe0, 0x03, 0x17, 0xaa, 
    0x03, 0x00, 0x00, 0x14, 0x1f, 0x20, 0x03, 0xd5, 0x02, 0xfa, 0x02, 0x10, 
    0xe1, 0x03, 0x14, 0xaa, 0xd2, 0xfd, 0xff, 0x97, 0x3f, 0x20, 0x00, 0xf1, 
    0x63, 0x00, 0x00, 0x54, 0x08, 0x00, 0x40, 0x39, 0xa8, 0x00, 0x00, 0x34, 
    0xe8, 0x03, 0x1f, 0x2a, 0xe8, 0x03, 0x08, 0x2a, 0x00, 0x21, 0x09, 0xaa, 
    0xc0, 0x03, 0x5f, 0xd6, 0x08, 0x04, 0x40, 0x39, 0x09, 0x08, 0x40, 0x39, 
    0x0a, 0x10, 0x40, 0x39, 0x08, 0x21, 0x09, 0x2a, 0x09, 0x14, 0x40, 0x39, 
    0x08, 0x41, 0x0a, 0x2a, 0x09, 0x61, 0x09, 0x2a, 0x28, 0x00, 0x80, 0x52, 
    0xf5, 0xff, 0xff, 0x17, 0x3f, 0x04, 0x01, 0xf1, 0x42, 0x00, 0x00, 0x54, 
    0xc0, 0x03, 0x5f, 0xd6, 0xfe, 0x0f, 0x1f, 0xf8, 0xff, 0x0b, 0x00, 0x94, 
    0x02, 0x08, 0x80, 0x52, 0xc4, 0xfd, 0xff, 0x97, 0x3f, 0x84, 0x00, 0xf1, 
    0x42, 0x00, 0x00, 0x54, 0xc0, 0x03, 0x5f, 0xd6, 0xfe, 0x0f, 0x1f, 0xf8, 
    0xf8, 0x0b, 0x00, 0x94, 0x4c, 0x0c, 0x00, 0x94, 0xe8, 0x03, 0x00, 0xaa, 
    0xe3, 0x03, 0x02, 0xaa, 0xe0, 0x03, 0x01, 0xaa, 0xe1, 0x03, 0x08, 0xaa, 
    0x02, 0x08, 0x80, 0x52, 0xf5, 0xfe, 0xff, 0x17, 0xf0, 0x03, 0x00, 0xaa, 
    0x00, 0xf8, 0x40, 0xb9, 0x08, 0x0d, 0x80, 0x52, 0x01, 0x00, 0x00, 0xd4, 
    0x08, 0x9a, 0x40, 0xb9, 0x88, 0x00, 0x00, 0x34, 0x00, 0x9e, 0x40, 0xb9, 
    0x08, 0x0d, 0x80, 0x52, 0x01, 0x00, 0x00, 0xd4, 0xc0, 0x03, 0x5f, 0xd6, 
    0x89, 0x2f, 0x88, 0x52, 0x28, 0x68, 0x69, 0x78, 0x1f, 0x45, 0x00, 0x71, 
    0xe1, 0x00, 0x00, 0x54, 0x68, 0x02, 0x80, 0x52, 0x28, 0x68, 0x29, 0x78, 
    0x88, 0x00, 0x80, 0x52, 0x08, 0x04, 0x00, 0x39, 0x28, 0x00, 0x80, 0x52, 
    0x07, 0x00, 0x00, 0x14, 0x04, 0x29, 0x52, 0x7a, 0xe1, 0x00, 0x00, 0x54, 
    0x09, 0xee, 0x87, 0x52, 0xe8, 0x03, 0x1f, 0x2a, 0x29, 0x00, 0x09, 0x8b, 
    0x09, 0x04, 0x00, 0xf9, 0x08, 0x00, 0x00, 0x39, 0xc0, 0x03, 0x5f, 0xd6, 
    0x1f, 0x45, 0x00, 0x71, 0x61, 0xfe, 0xff, 0x54, 0xfe, 0x0f, 0x1f, 0xf8, 
    0x1f, 0x20, 0x03, 0xd5, 0x60, 0x2d, 0x03, 0x10, 0x1f, 0x20, 0x03, 0xd5, 
    0x22, 0xff, 0x02, 0x10, 0x01, 0x05, 0x80, 0x52, 0x77, 0xfd, 0xff, 0x97, 
    0xfd, 0x0f, 0x1c, 0xf8, 0xfe, 0x5f, 0x01, 0xa9, 0xa1, 0x0b, 0x00, 0x94, 
    0xff, 0x43, 0x08, 0xd1, 0x4e, 0x0b, 0x00, 0x94, 0x68, 0x0b, 0x00, 0x94, 
    0xaf, 0x0b, 0x00, 0x94, 0x79, 0x0b, 0x00, 0x94, 0x49, 0x0c, 0x00, 0x94, 
    0x8e, 0x0b, 0x00, 0x94, 0x72, 0x0b, 0x00, 0x94, 0xff, 0x43, 0x08, 0x91, 
    0xc2, 0x0b, 0x00, 0x94, 0xfe, 0x5f, 0x41, 0xa9, 0xd7, 0x0b, 0x00, 0x14, 
    0xfd, 0x7b, 0xba, 0xa9, 0x9f, 0x0b, 0x00, 0x94, 0xff, 0x03, 0x09, 0xd1, 
    0x3d, 0xfc, 0x60, 0xd3, 0xa8, 0x07, 0x00, 0x51, 0xa9, 0x03, 0x08, 0x4a, 
    0x29, 0x3d, 0x00, 0x12, 0x3f, 0x21, 0x28, 0x6b, 0xc9, 0x00, 0x00, 0x54, 
    0x36, 0xfc, 0x70, 0xd3, 0xf4, 0x03, 0x01, 0xaa, 0xc8, 0x06, 0x00, 0x51, 
    0xdf, 0x02, 0x08, 0x6a, 0x40, 0x01, 0x00, 0x54, 0xf4, 0x00, 0x80, 0x52, 
    0x20, 0x00, 0x80, 0x52, 0xe1, 0x03, 0x14, 0x2a, 0xff, 0x03, 0x09, 0x91, 
    0xd2, 0x0b, 0x00, 0x94, 0xfa, 0x67, 0x42, 0xa9, 0xfc, 0x6f, 0x41, 0xa9, 
    0xfd, 0x7b, 0xc6, 0xa8, 0xc0, 0x03, 0x5f, 0xd6, 0x98, 0xbe, 0x60, 0xd3, 
    0xf3, 0x03, 0x00, 0xaa, 0x80, 0x00, 0x80, 0x52, 0xe1, 0x83, 0x06, 0x91, 
    0x02, 0x01, 0x80, 0x52, 0x1b, 0xeb, 0x7b, 0xd3, 0x68, 0x33, 0x3d, 0x8b, 
    0x08, 0x15, 0x16, 0x8b, 0x17, 0x01, 0x01, 0x91, 0x88, 0x0c, 0x80, 0x52, 
    0xf9, 0x42, 0x34, 0x8b, 0xf9, 0xd3, 0x00, 0xf9, 0x01, 0x00, 0x00, 0xd4, 
    0x40, 0xfd, 0xff, 0xb7, 0xf5, 0x03, 0x00, 0xaa, 0xe0, 0x83, 0x06, 0x91, 
    0xe1, 0x03, 0x15, 0x2a, 0x5f, 0x08, 0x00, 0x94, 0xe8, 0xa3, 0x41, 0xb9, 
    0x1f, 0x05, 0x00, 0x71, 0x60, 0xfc, 0xff, 0x54, 0xfa, 0xd7, 0x40, 0xf9, 
    0x5a, 0x0e, 0x00, 0xb4, 0xe0, 0x83, 0x06, 0x91, 0xe2, 0xc3, 0x08, 0x91, 
    0xe1, 0x03, 0x15, 0x2a, 0x03, 0x02, 0x80, 0x52, 0xff, 0x1f, 0x01, 0xf9, 
    0xff, 0x1b, 0x01, 0xf9, 0xbe, 0x08, 0x00, 0x94, 0xe8, 0xa3, 0x41, 0xb9, 
    0x1f, 0x05, 0x00, 0x71, 0xe0, 0xfa, 0xff, 0x54, 0xe8, 0x29, 0x89, 0x52, 
    0xea, 0x1b, 0x41, 0xf9, 0x29, 0x00, 0x80, 0x52, 0x48, 0x8a, 0xa9, 0x72, 
    0x49, 0x0b, 0x00, 0x79, 0x09, 0x06, 0x80, 0x52, 0x48, 0x03, 0x00, 0xb9, 
    0xe8, 0x03, 0x1a, 0xaa, 0x09, 0x6b, 0xa9, 0x9b, 0x1f, 0x0d, 0x01, 0xf8, 
    0xdf, 0x02, 0x00, 0xf1, 0xe8, 0xab, 0x05, 0xa9, 0xaa, 0xfe, 0x60, 0xd3, 
    0xe8, 0x03, 0x1a, 0xaa, 0x1f, 0x8d, 0x01, 0xf8, 0x29, 0x01, 0x01, 0x91, 
    0xea, 0x2b, 0x00, 0xf9, 0x4a, 0x53, 0x00, 0x91, 0x4b, 0x33, 0x00, 0x91, 
    0xea, 0x1f, 0x00, 0xf9, 0x4a, 0x73, 0x00, 0x91, 0x82, 0x7e, 0x01, 0x53, 
    0xe9, 0x2b, 0x04, 0xa9, 0xea, 0x03, 0x88, 0x9a, 0x48, 0x03, 0x1b, 0x8b, 
    0x69, 0xfd, 0x60, 0xd3, 0x08, 0x01, 0x01, 0x91, 0xfc, 0x03, 0x1a, 0xaa, 
    0xe8, 0xab, 0x02, 0xa9, 0x48, 0x03, 0x01, 0x91, 0xe0, 0xa3, 0x01, 0x91, 
    0xe1, 0x03, 0x1f, 0x2a, 0x5d, 0x0f, 0x00, 0x79, 0x9f, 0x8f, 0x00, 0xf8, 
    0x56, 0x43, 0x00, 0x79, 0x5f, 0x47, 0x00, 0x79, 0xeb, 0x0b, 0x00, 0xf9, 
    0x57, 0xd3, 0x04, 0x29, 0x5f, 0xff, 0x05, 0x29, 0x5f, 0xff, 0x06, 0x29, 
    0xe8, 0xa7, 0x01, 0xa9, 0x11, 0x08, 0x00, 0x94, 0xfb, 0x6b, 0x40, 0xb9, 
    0xe8, 0xa3, 0x01, 0x91, 0xe0, 0x83, 0x06, 0x91, 0x01, 0x01, 0x7e, 0xb2, 
    0x82, 0x11, 0x80, 0x52, 0x7d, 0x7f, 0x08, 0x53, 0x94, 0x0c, 0x00, 0x94, 
    0x28, 0x00, 0x80, 0x52, 0x69, 0x7f, 0x18, 0x53, 0xe1, 0x83, 0x06, 0x91, 
    0xe8, 0x37, 0x00, 0xf9, 0x68, 0x7f, 0x10, 0x53, 0x82, 0x11, 0x80, 0x52, 
    0xfb, 0xc3, 0x01, 0x39, 0xe8, 0xcb, 0x01, 0x39, 0xe8, 0xa3, 0x01, 0x91, 
    0x00, 0x31, 0x00, 0x91, 0xfd, 0xc7, 0x01, 0x39, 0xe9, 0xcf, 0x01, 0x39, 
    0x87, 0x0c, 0x00, 0x94, 0xe8, 0x0b, 0x40, 0xf9, 0xea, 0x2f, 0x40, 0xf9, 
    0xf4, 0x8f, 0x01, 0xb9, 0x14, 0x00, 0x80, 0x92, 0xff, 0x03, 0x01, 0xb9, 
    0xe8, 0x13, 0x01, 0xb9, 0xe8, 0xa7, 0x41, 0xa9, 0xfc, 0x87, 0x00, 0xf9, 
    0xf9, 0xaf, 0x00, 0xf9, 0xe8, 0xe3, 0x11, 0xa9, 0xe8, 0x1f, 0x40, 0xf9, 
    0xe9, 0x17, 0x01, 0xb9, 0xea, 0xa3, 0x12, 0xa9, 0xe8, 0x17, 0x40, 0xf9, 
    0xea, 0x1b, 0x40, 0xf9, 0xf5, 0x63, 0x01, 0xb9, 0xe8, 0xe3, 0x13, 0xa9, 
    0xe8, 0x33, 0x40, 0xf9, 0xf7, 0x8b, 0x01, 0xb9, 0xfa, 0xa3, 0x14, 0xa9, 
    0xe8, 0x2b, 0x40, 0xf9, 0xff, 0x63, 0x06, 0x39, 0xe8, 0x67, 0x01, 0xb9, 
    0xe8, 0x2f, 0x44, 0xa9, 0xff, 0xcb, 0x00, 0xf9, 0xe8, 0xdb, 0x17, 0xa9, 
    0x08, 0x3c, 0x80, 0x52, 0xea, 0xaf, 0x16, 0xa9, 0x1f, 0x81, 0x2e, 0xf1, 
    0x00, 0x02, 0x00, 0x54, 0xc9, 0x0b, 0x00, 0x94, 0xa8, 0xe2, 0x04, 0x91, 
    0x81, 0xff, 0xff, 0x54, 0x60, 0x02, 0x15, 0x8b, 0x0f, 0x00, 0x00, 0x94, 
    0x60, 0x02, 0x15, 0x8b, 0xe1, 0xa3, 0x01, 0x91, 0xaf, 0x0b, 0x00, 0x94, 
    0xef, 0x0a, 0x00, 0x94, 0xe0, 0x03, 0x1f, 0x2a, 0x72, 0xff, 0xff, 0x17, 
    0xe0, 0x03, 0x15, 0x2a, 0x08, 0x0d, 0x80, 0x52, 0x01, 0x00, 0x00, 0xd4, 
    0x6c, 0xff, 0xff, 0x17, 0xe0, 0xa3, 0x01, 0x91, 0x28, 0xff, 0xff, 0x97, 
    0x74, 0x00, 0x80, 0x52, 0x69, 0xff, 0xff, 0x17, 0x08, 0x00, 0x40, 0xf9, 
    0x1f, 0x09, 0x00, 0xf1, 0x41, 0x00, 0x00, 0x54, 0xc0, 0x03, 0x5f, 0xd6, 
    0x21, 0xff, 0xff, 0x17, 0xfd, 0x7b, 0xbd, 0xa9, 0xe4, 0x0a, 0x00, 0x94, 
    0xff, 0x43, 0x10, 0xd1, 0xff, 0x03, 0x00, 0xf9, 0xf3, 0x03, 0x01, 0xaa, 
    0x3f, 0x1c, 0x00, 0xf1, 0x48, 0x06, 0x00, 0x54, 0x08, 0x27, 0x80, 0x52, 
    0xf4, 0x03, 0x00, 0xaa, 0x68, 0x02, 0x08, 0x9b, 0x09, 0xf1, 0x40, 0xf9, 
    0x3f, 0x09, 0x00, 0xf1, 0x00, 0x05, 0x00, 0x54, 0x08, 0x81, 0x07, 0x91, 
    0x8a, 0x13, 0x80, 0x52, 0x09, 0x99, 0x40, 0xb9, 0x3f, 0x01, 0x00, 0x71, 
    0x09, 0x1f, 0x80, 0x52, 0x49, 0x11, 0x89, 0x9a, 0x0a, 0x32, 0x88, 0x52, 
    0x15, 0x69, 0x69, 0xb8, 0x80, 0x6a, 0x6a, 0xb8, 0xe1, 0x03, 0x15, 0x2a, 
    0x76, 0x05, 0x00, 0x94, 0x1f, 0x70, 0x00, 0x71, 0xe0, 0x02, 0x00, 0x54, 
    0xf6, 0x03, 0x00, 0x2a, 0x1f, 0x20, 0x03, 0xd5, 0xa2, 0x89, 0x02, 0x70, 
    0xe0, 0x03, 0x00, 0x91, 0xe1, 0x03, 0x1f, 0x2a, 0x63, 0x02, 0x80, 0x52, 
    0x24, 0x00, 0x80, 0x52, 0x24, 0xff, 0xff, 0x97, 0x1f, 0x20, 0x03, 0xd5, 
    0xc8, 0x41, 0x03, 0x10, 0x1f, 0x20, 0x03, 0xd5, 0x21, 0x89, 0x02, 0x50, 
    0x04, 0x59, 0x76, 0xf8, 0x1f, 0x20, 0x03, 0xd5, 0x28, 0x48, 0x03, 0x10, 
    0xe0, 0x03, 0x00, 0x91, 0x71, 0x0b, 0x00, 0x94, 0xe0, 0x23, 0x08, 0x91, 
    0xe1, 0x03, 0x00, 0x91, 0xa0, 0x0a, 0x00, 0x94, 0xe0, 0x23, 0x08, 0x91, 
    0xc3, 0x01, 0x00, 0x94, 0x80, 0x82, 0x2e, 0x91, 0x62, 0x5a, 0x17, 0x32, 
    0xe1, 0x03, 0x15, 0x2a, 0x2d, 0x04, 0x00, 0x94, 0xff, 0x43, 0x10, 0x91, 
    0xe1, 0x0a, 0x00, 0x94, 0xfd, 0x7b, 0xc3, 0xa8, 0xc0, 0x03, 0x5f, 0xd6, 
    0x1f, 0x20, 0x03, 0xd5, 0x42, 0x85, 0x02, 0x10, 0xe0, 0x03, 0x13, 0xaa, 
    0x46, 0x0b, 0x00, 0x94, 0xfd, 0x7b, 0xba, 0xa9, 0xb7, 0x0a, 0x00, 0x94, 
    0xff, 0x43, 0x09, 0xd1, 0xf4, 0x03, 0x01, 0x2a, 0xf3, 0x03, 0x00, 0xaa, 
    0xe1, 0xb3, 0x01, 0xb9, 0xe1, 0xc3, 0x06, 0x91, 0x80, 0x00, 0x80, 0x52, 
    0x82, 0x00, 0x80, 0x52, 0x12, 0x08, 0x00, 0x94, 0x1f, 0x70, 0x00, 0x71, 
    0xa1, 0x05, 0x00, 0x54, 0x15, 0xfc, 0x60, 0xd3, 0xe0, 0xc3, 0x06, 0x91, 
    0xe1, 0x03, 0x15, 0x2a, 0x90, 0x07, 0x00, 0x94, 0xe8, 0xb3, 0x41, 0xb9, 
    0x1f, 0x05, 0x00, 0x71, 0xc0, 0x04, 0x00, 0x54, 0xf6, 0xdf, 0x40, 0xf9, 
    0x36, 0x04, 0x00, 0xb4, 0xe0, 0xc3, 0x06, 0x91, 0xe2, 0x03, 0x09, 0x91, 
    0xe1, 0x03, 0x15, 0x2a, 0x03, 0x02, 0x80, 0x52, 0xff, 0x27, 0x01, 0xf9, 
    0xff, 0x23, 0x01, 0xf9, 0xef, 0x07, 0x00, 0x94, 0xe8, 0xb3, 0x41, 0xb9, 
    0x1f, 0x05, 0x00, 0x71, 0x40, 0x03, 0x00, 0x54, 0xc8, 0x02, 0x40, 0xb9, 
    0xe9, 0x29, 0x89, 0x52, 0x49, 0x8a, 0xa9, 0x72, 0x1f, 0x01, 0x09, 0x6b, 
    0xc1, 0x01, 0x00, 0x54, 0xc8, 0x0a, 0x40, 0x79, 0x1f, 0x05, 0x00, 0x71, 
    0x61, 0x01, 0x00, 0x54, 0xd7, 0x0e, 0x40, 0x79, 0xe8, 0x06, 0x00, 0x51, 
    0xe9, 0x02, 0x08, 0x4a, 0x29, 0x3d, 0x00, 0x12, 0x3f, 0x21, 0x28, 0x6b, 
    0xa9, 0x00, 0x00, 0x54, 0xd8, 0x42, 0x40, 0x79, 0x08, 0x07, 0x00, 0x51, 
    0x1f, 0x03, 0x08, 0x6a, 0x20, 0x02, 0x00, 0x54, 0xe0, 0x03, 0x15, 0x2a, 
    0x08, 0x0d, 0x80, 0x52, 0x01, 0x00, 0x00, 0xd4, 0x04, 0x00, 0x00, 0x14, 
    0xe0, 0x03, 0x15, 0xaa, 0x08, 0x0d, 0x80, 0x52, 0x01, 0x00, 0x00, 0xd4, 
    0x20, 0x00, 0x80, 0x52, 0xf4, 0x00, 0x80, 0x52, 0xe1, 0x03, 0x14, 0x2a, 
    0xff, 0x43, 0x09, 0x91, 0xc0, 0x0a, 0x00, 0x94, 0xfa, 0x67, 0x42, 0xa9, 
    0xfc, 0x6f, 0x41, 0xa9, 0xfd, 0x7b, 0xc6, 0xa8, 0xc0, 0x03, 0x5f, 0xd6, 
    0xe9, 0x23, 0x41, 0xf9, 0xe8, 0x27, 0x41, 0xf9, 0xe8, 0x27, 0x06, 0xa9, 
    0xc8, 0xa6, 0x44, 0x29, 0xe8, 0x77, 0x00, 0xb9, 0x38, 0x01, 0x00, 0x34, 
    0x08, 0x06, 0x80, 0x52, 0xe8, 0x5a, 0xa8, 0x9b, 0x0a, 0x01, 0x01, 0x91, 
    0xc8, 0x62, 0x00, 0x91, 0xe8, 0x2f, 0x00, 0xf9, 0xc8, 0x72, 0x00, 0x91, 
    0xe8, 0x2b, 0x01, 0xa9, 0x02, 0x00, 0x00, 0x14, 0xff, 0x2f, 0x00, 0xf9, 
    0xc8, 0x02, 0x01, 0x91, 0xdb, 0x32, 0x00, 0x91, 0xcb, 0x22, 0x00, 0x91, 
    0xe8, 0x2b, 0x00, 0xf9, 0xc8, 0x16, 0x17, 0x8b, 0x21, 0x7d, 0x01, 0x53, 
    0x6a, 0xff, 0x60, 0xd3, 0xe0, 0xe3, 0x01, 0x91, 0xf9, 0xe3, 0x01, 0x91, 
    0x08, 0x01, 0x01, 0x91, 0xe2, 0x03, 0x01, 0x2a, 0xe9, 0x4f, 0x00, 0xb9, 
    0xeb, 0xa3, 0x03, 0xa9, 0xc8, 0x42, 0x00, 0x91, 0xe8, 0x1b, 0x00, 0xf9, 
    0xc8, 0x52, 0x00, 0x91, 0xea, 0x23, 0x02, 0xa9, 0x29, 0x07, 0x00, 0x94, 
    0xfa, 0x7b, 0x40, 0xb9, 0xe0, 0xc3, 0x06, 0x91, 0x21, 0x03, 0x7e, 0xb2, 
    0x82, 0x11, 0x80, 0x52, 0x5c, 0x7f, 0x08, 0x53, 0xad, 0x0b, 0x00, 0x94, 
    0x48, 0x7f, 0x10, 0x53, 0x49, 0x7f, 0x18, 0x53, 0x3d, 0x00, 0x80, 0x52, 
    0x20, 0x33, 0x00, 0x91, 0xe1, 0xc3, 0x06, 0x91, 0x82, 0x11, 0x80, 0x52, 
    0xfa, 0x03, 0x02, 0x39, 0xfd, 0x3f, 0x00, 0xf9, 0xe8, 0x0b, 0x02, 0x39, 
    0xfc, 0x07, 0x02, 0x39, 0xe9, 0x0f, 0x02, 0x39, 0xa1, 0x0b, 0x00, 0x94, 
    0xe8, 0x1f, 0x40, 0xf9, 0xf4, 0x77, 0x01, 0xb9, 0x14, 0x00, 0x80, 0x92, 
    0xff, 0x13, 0x01, 0xb9, 0xe8, 0x8f, 0x00, 0xf9, 0xe8, 0x13, 0x40, 0xf9, 
    0xfb, 0x23, 0x01, 0xb9, 0xe8, 0x27, 0x01, 0xb9, 0xe8, 0x2b, 0x40, 0xf9, 
    0xf5, 0x73, 0x01, 0xb9, 0xe8, 0xdf, 0x12, 0xa9, 0xe8, 0xa7, 0x42, 0xa9, 
    0xfd, 0xd3, 0x00, 0xf9, 0xfd, 0xa3, 0x06, 0x39, 0xe9, 0xa3, 0x13, 0xa9, 
    0xe8, 0x23, 0x40, 0xf9, 0xe8, 0xdf, 0x14, 0xa9, 0xe8, 0x27, 0x46, 0xa9, 
    0xe8, 0xb7, 0x00, 0xf9, 0xea, 0x23, 0x41, 0xa9, 0xf6, 0xa7, 0x15, 0xa9, 
    0xe9, 0x2f, 0x40, 0xf9, 0xe8, 0xe3, 0x18, 0xa9, 0xe8, 0x77, 0x40, 0xb9, 
    0xe9, 0xab, 0x17, 0xa9, 0xe8, 0x9b, 0x01, 0xb9, 0xe8, 0x4f, 0x40, 0xb9, 
    0xe8, 0x9f, 0x01, 0xb9, 0x08, 0x3c, 0x80, 0x52, 0x1f, 0x81, 0x2e, 0xf1, 
    0x80, 0x01, 0x00, 0x54, 0xe2, 0x0a, 0x00, 0x94, 0xa8, 0xe2, 0x04, 0x91, 
    0x81, 0xff, 0xff, 0x54, 0x60, 0x02, 0x15, 0x8b, 0x28, 0xff, 0xff, 0x97, 
    0x60, 0x02, 0x15, 0x8b, 0xe1, 0xe3, 0x01, 0x91, 0xc8, 0x0a, 0x00, 0x94, 
    0x08, 0x0a, 0x00, 0x94, 0xe0, 0x03, 0x1f, 0x2a, 0x9d, 0xff, 0xff, 0x17, 
    0xe0, 0xe3, 0x01, 0x91, 0x45, 0xfe, 0xff, 0x97, 0x20, 0x00, 0x80, 0x52, 
    0x74, 0x00, 0x80, 0x52, 0x98, 0xff, 0xff, 0x17, 0xfd, 0x0f, 0x1c, 0xf8, 
    0xfe, 0x5f, 0x01, 0xa9, 0x07, 0x0a, 0x00, 0x94, 0xff, 0x83, 0x12, 0xd1, 
    0xff, 0x03, 0x00, 0xf9, 0x28, 0x98, 0x40, 0x39, 0xf3, 0x03, 0x01, 0xaa, 
    0xf4, 0x03, 0x00, 0xaa, 0x15, 0x10, 0x40, 0x91, 0x1f, 0xfd, 0x03, 0x71, 
    0xa1, 0x01, 0x00, 0x54, 0xa8, 0xfa, 0x42, 0x79, 0x1f, 0x41, 0x00, 0x71, 
    0x48, 0x01, 0x00, 0x54, 0xb6, 0xfe, 0x45, 0x39, 0xdf, 0xfe, 0x03, 0x71, 
    0xe0, 0x00, 0x00, 0x54, 0xe0, 0x23, 0x00, 0x91, 0xe1, 0x03, 0x13, 0xaa, 
    0x02, 0x0e, 0x80, 0x52, 0x5d, 0x0b, 0x00, 0x94, 0xf3, 0x23, 0x00, 0x91, 
    0xf6, 0xbb, 0x00, 0x39, 0xa8, 0x22, 0x46, 0x39, 0x1f, 0x0d, 0x00, 0x71, 
    0x60, 0x05, 0x00, 0x54, 0xe8, 0x63, 0x0a, 0x91, 0xe1, 0x03, 0x1f, 0x2a, 
    0xa2, 0x0f, 0x80, 0x52, 0x00, 0x05, 0x40, 0xb2, 0x54, 0x0b, 0x00, 0x94, 
    0x75, 0x82, 0x40, 0x39, 0x68, 0x8a, 0x40, 0x39, 0x1f, 0x20, 0x03, 0xd5, 
    0x84, 0xc8, 0x02, 0x10, 0x69, 0x92, 0x40, 0x39, 0xe2, 0x63, 0x0a, 0x91, 
    0xa1, 0x0e, 0x00, 0x91, 0x60, 0x00, 0x80, 0x52, 0x03, 0x10, 0x80, 0x52, 
    0xe8, 0x63, 0x0a, 0x39, 0xe9, 0x67, 0x0a, 0x39, 0xf5, 0x6b, 0x0a, 0x39, 
    0x0e, 0xfd, 0xff, 0x97, 0xf6, 0x03, 0x00, 0xaa, 0xf7, 0x03, 0x01, 0xaa, 
    0x1f, 0x20, 0x03, 0xd5, 0xa2, 0xc7, 0x02, 0x10, 0xe0, 0x03, 0x13, 0xaa, 
    0xe1, 0x03, 0x15, 0xaa, 0x03, 0xfe, 0xff, 0x97, 0xe2, 0x03, 0x00, 0xaa, 
    0xe3, 0x03, 0x01, 0xaa, 0x1f, 0x20, 0x03, 0xd5, 0x84, 0xc7, 0x02, 0x10, 
    0xe0, 0x03, 0x16, 0xaa, 0xe1, 0x03, 0x17, 0xaa, 0xbc, 0x0a, 0x00, 0x94, 
    0xbf, 0xfa, 0x01, 0xf1, 0xa2, 0x0a, 0x00, 0x54, 0x88, 0x30, 0x88, 0x52, 
    0x1f, 0x20, 0x03, 0xd5, 0x41, 0xc7, 0x02, 0x10, 0x80, 0x02, 0x08, 0x8b, 
    0xe3, 0x63, 0x0a, 0x91, 0xa4, 0x0e, 0x00, 0x91, 0xe2, 0x01, 0x80, 0x52, 
    0x00, 0x02, 0x00, 0x94, 0x62, 0x82, 0x40, 0x39, 0x5f, 0x84, 0x00, 0xf1, 
    0xa2, 0x08, 0x00, 0x54, 0xe0, 0xe3, 0x01, 0x91, 0xe1, 0x03, 0x13, 0xaa, 
    0x56, 0xfa, 0xff, 0x97, 0xe8, 0x7b, 0x40, 0xb9, 0x48, 0x07, 0x00, 0x37, 
    0xf5, 0x5b, 0x48, 0xa9, 0x1f, 0x20, 0x03, 0xd5, 0x82, 0xc6, 0x02, 0x10, 
    0xe0, 0x43, 0x02, 0x91, 0x41, 0x00, 0x80, 0x52, 0xe3, 0x01, 0x80, 0x52, 
    0x64, 0x00, 0x80, 0x52, 0x13, 0xfe, 0xff, 0x97, 0x81, 0xae, 0x5f, 0xf9, 
    0x08, 0xe7, 0x87, 0x52, 0x1f, 0x20, 0x03, 0xd5, 0xe2, 0xc5, 0x02, 0x10, 
    0x80, 0x02, 0x08, 0x8b, 0xdc, 0xfd, 0xff, 0x97, 0xe2, 0x03, 0x00, 0xaa, 
    0xe3, 0x03, 0x01, 0xaa, 0xe0, 0x63, 0x0a, 0x91, 0xe1, 0x03, 0x02, 0xaa, 
    0xe2, 0x03, 0x03, 0xaa, 0x40, 0xfa, 0xff, 0x97, 0xe8, 0x9b, 0x42, 0xb9, 
    0xe9, 0x57, 0x41, 0xf9, 0x1f, 0x20, 0x03, 0xd5, 0xe1, 0xbf, 0x02, 0x10, 
    0xea, 0x53, 0x41, 0xf9, 0xe0, 0x43, 0x02, 0x91, 0x1f, 0x01, 0x00, 0x71, 
    0x1f, 0x20, 0x03, 0xd5, 0x68, 0x17, 0x03, 0x50, 0x24, 0x05, 0x9f, 0x9a, 
    0x03, 0x11, 0x8a, 0x9a, 0xc2, 0x00, 0x80, 0x52, 0x3f, 0x00, 0x00, 0x94, 
    0x21, 0x00, 0x00, 0xb0, 0x21, 0x54, 0x25, 0x91, 0xe0, 0x43, 0x02, 0x91, 
    0x82, 0x00, 0x80, 0x52, 0xe3, 0x03, 0x15, 0xaa, 0xe4, 0x03, 0x16, 0xaa, 
    0x38, 0x00, 0x00, 0x94, 0x68, 0x46, 0x40, 0x79, 0x1f, 0x20, 0x03, 0xd5, 
    0x89, 0x29, 0x03, 0x10, 0x1f, 0x20, 0x03, 0xd5, 0x81, 0xc2, 0x02, 0x10, 
    0xe0, 0x43, 0x02, 0x91, 0x24, 0x79, 0x68, 0xf8, 0x1f, 0x20, 0x03, 0xd5, 
    0x09, 0x2d, 0x03, 0x10, 0x23, 0x79, 0x68, 0xf8, 0xa2, 0x00, 0x80, 0x52, 
    0x2c, 0x00, 0x00, 0x94, 0xe0, 0x63, 0x0a, 0x91, 0xe1, 0x43, 0x02, 0x91, 
    0x6c, 0x09, 0x00, 0x94, 0xe0, 0x63, 0x0a, 0x91, 0x8f, 0x00, 0x00, 0x94, 
    0x40, 0x01, 0x80, 0x52, 0xff, 0x83, 0x12, 0x91, 0xad, 0x09, 0x00, 0x94, 
    0xfe, 0x5f, 0x41, 0xa9, 0xfd, 0x07, 0x44, 0xf8, 0xc0, 0x03, 0x5f, 0xd6, 
    0x1f, 0x20, 0x03, 0xd5, 0x03, 0x36, 0x02, 0x10, 0xe0, 0x03, 0x1f, 0xaa, 
    0xe1, 0x03, 0x02, 0xaa, 0xf7, 0x09, 0x00, 0x94, 0x1f, 0x20, 0x03, 0xd5, 
    0x63, 0xbd, 0x02, 0x10, 0xa1, 0x0e, 0x00, 0x91, 0xe0, 0x03, 0x1f, 0xaa, 
    0x02, 0x10, 0x80, 0x52, 0x63, 0xfb, 0xff, 0x97, 0xe8, 0x03, 0x00, 0xaa, 
    0xe3, 0x03, 0x02, 0xaa, 0xe0, 0x03, 0x01, 0xaa, 0xe1, 0x03, 0x08, 0xaa, 
    0x02, 0x08, 0x80, 0x52, 0x01, 0x00, 0x00, 0x14, 0xe5, 0x03, 0x1e, 0xaa, 
    0xc8, 0x09, 0x00, 0x94, 0xfe, 0x03, 0x05, 0xaa, 0x01, 0x00, 0x00, 0x14, 
    0x28, 0x00, 0x00, 0xeb, 0x22, 0x20, 0x43, 0xfa, 0x48, 0x00, 0x00, 0x54, 
    0x38, 0x09, 0x00, 0x14, 0xfe, 0x0f, 0x1f, 0xf8, 0x33, 0x09, 0x00, 0x94, 
    0x01, 0x40, 0x48, 0x39, 0x1f, 0x20, 0x03, 0xd5, 0x82, 0xc0, 0x02, 0x10, 
    0x00, 0x10, 0x01, 0x91, 0x84, 0xfd, 0xff, 0x17, 0xfe, 0x5f, 0xbd, 0xa9, 
    0x5a, 0x09, 0x00, 0x94, 0x9f, 0xfc, 0x03, 0xf1, 0xe8, 0x1f, 0x80, 0x52, 
    0xf3, 0x03, 0x00, 0xaa, 0x95, 0x30, 0x88, 0x9a, 0x00, 0x00, 0x41, 0xf9, 
    0x48, 0x00, 0x15, 0x8b, 0x08, 0x01, 0x00, 0x8b, 0x08, 0x0d, 0x00, 0x91, 
    0x1f, 0x01, 0x08, 0xf1, 0x08, 0x06, 0x00, 0x54, 0x1f, 0xfc, 0x07, 0xf1, 
    0xa8, 0x06, 0x00, 0x54, 0xf6, 0x03, 0x02, 0xaa, 0x76, 0x6a, 0x20, 0x38, 
    0xa6, 0x09, 0x00, 0x94, 0x60, 0x02, 0x01, 0xf9, 0x62, 0x06, 0x00, 0x54, 
    0xa8, 0x00, 0x80, 0x52, 0x68, 0x6a, 0x20, 0x38, 0xf7, 0x03, 0x01, 0xaa, 
    0x68, 0x02, 0x41, 0xf9, 0xf4, 0x03, 0x03, 0xaa, 0x1f, 0x20, 0x03, 0xd5, 
    0xc3, 0xc6, 0x02, 0x10, 0xe0, 0x03, 0x13, 0xaa, 0x01, 0x05, 0x00, 0x91, 
    0x22, 0x00, 0x16, 0x8b, 0x61, 0x02, 0x01, 0xf9, 0x2d, 0x00, 0x00, 0x94, 
    0x1f, 0x20, 0x03, 0xd5, 0xa4, 0xc6, 0x02, 0x10, 0xe2, 0x03, 0x17, 0xaa, 
    0x44, 0x09, 0x00, 0x94, 0x68, 0x02, 0x41, 0xf9, 0x00, 0x01, 0x16, 0x8b, 
    0x1f, 0x04, 0x08, 0xf1, 0x60, 0x02, 0x01, 0xf9, 0xe2, 0x02, 0x00, 0x54, 
    0x1f, 0x00, 0x08, 0xf1, 0xe0, 0x03, 0x00, 0x54, 0x08, 0x40, 0x80, 0x52, 
    0xb6, 0x06, 0x00, 0x91, 0x75, 0x6a, 0x20, 0x38, 0x03, 0x01, 0x00, 0xcb, 
    0x1f, 0x20, 0x03, 0xd5, 0x04, 0xbe, 0x02, 0x10, 0x62, 0x02, 0x00, 0x8b, 
    0x20, 0x00, 0x80, 0x52, 0xe1, 0x03, 0x16, 0xaa, 0xc2, 0xff, 0xff, 0x97, 
    0x1f, 0x20, 0x03, 0xd5, 0x04, 0xbe, 0x02, 0x10, 0xe2, 0x03, 0x14, 0xaa, 
    0x3e, 0x09, 0x00, 0x94, 0x68, 0x02, 0x41, 0xf9, 0x08, 0x01, 0x16, 0x8b, 
    0x68, 0x02, 0x01, 0xf9, 0x51, 0x09, 0x00, 0x94, 0xfe, 0x5f, 0xc3, 0xa8, 
    0xc0, 0x03, 0x5f, 0xd6, 0x1f, 0x20, 0x03, 0xd5, 0x83, 0xc3, 0x02, 0x10, 
    0x01, 0x40, 0x80, 0x52, 0x4e, 0x09, 0x00, 0x94, 0x1f, 0x20, 0x03, 0xd5, 
    0x02, 0xc0, 0x02, 0x10, 0x03, 0x00, 0x00, 0x14, 0x1f, 0x20, 0x03, 0xd5, 
    0x62, 0xc0, 0x02, 0x10, 0x00, 0x09, 0x00, 0x94, 0x1f, 0x20, 0x03, 0xd5, 
    0x02, 0xba, 0x02, 0x10, 0x86, 0x09, 0x00, 0x94, 0x48, 0x00, 0x01, 0xeb, 
    0xa3, 0x00, 0x00, 0x54, 0x5f, 0x04, 0x08, 0xf1, 0x62, 0x00, 0x00, 0x54, 
    0x00, 0x00, 0x01, 0x8b, 0xf5, 0x08, 0x00, 0x14, 0xfe, 0x0f, 0x1f, 0xf8, 
    0xe0, 0x03, 0x01, 0xaa, 0xe1, 0x03, 0x02, 0xaa, 0x3b, 0x09, 0x00, 0x94, 
    0xfe, 0x57, 0xbe, 0xa9, 0xf4, 0x4f, 0x01, 0xa9, 0xf4, 0x03, 0x00, 0xaa, 
    0x00, 0x00, 0x41, 0xf9, 0x1f, 0xfc, 0x07, 0xf1, 0x68, 0x01, 0x00, 0x54, 
    0xd6, 0x09, 0x00, 0x94, 0x1f, 0x20, 0x03, 0xd5, 0x43, 0xc4, 0x02, 0x10, 
    0x03, 0x09, 0x00, 0x94, 0x1f, 0x20, 0x03, 0xd5, 0xa4, 0xc4, 0x02, 0x10, 
    0x8a, 0x09, 0x00, 0x94, 0xca, 0x09, 0x00, 0x94, 0xfe, 0x57, 0xc2, 0xa8, 
    0xc0, 0x03, 0x5f, 0xd6, 0x1f, 0x20, 0x03, 0xd5, 0x62, 0xc2, 0x02, 0x10, 
    0xe0, 0x08, 0x00, 0x94, 0xfe, 0x0f, 0x1f, 0xf8, 0x01, 0x00, 0x41, 0xf9, 
    0x1f, 0x20, 0x03, 0xd5, 0x02, 0xc4, 0x02, 0x10, 0x01, 0x00, 0x00, 0x79, 
    0xe5, 0xf8, 0xff, 0x97, 0x29, 0x04, 0x00, 0xd1, 0x1f, 0x20, 0x03, 0xd5, 
    0xea, 0xc3, 0x03, 0x10, 0x3f, 0xfd, 0x07, 0xf1, 0xe8, 0x05, 0x00, 0x54, 
    0x8b, 0x00, 0x00, 0x90, 0x6b, 0x41, 0x00, 0x91, 0xe8, 0x03, 0x00, 0xaa, 
    0x69, 0x11, 0x00, 0x91, 0x60, 0x01, 0x40, 0xb9, 0x2c, 0x1c, 0x00, 0x11, 
    0x29, 0xfd, 0xdf, 0x88, 0x8c, 0x1d, 0x7d, 0x92, 0x2d, 0x01, 0x00, 0xcb, 
    0x1f, 0x00, 0x09, 0x6b, 0xae, 0x21, 0x40, 0x91, 0xa9, 0x31, 0x8e, 0x9a, 
    0x3f, 0x01, 0x0c, 0xeb, 0x88, 0x04, 0x00, 0x54, 0xed, 0x03, 0x1f, 0xaa, 
    0x8e, 0x00, 0x00, 0x90, 0xce, 0x51, 0x00, 0x91, 0x8f, 0x00, 0x00, 0x90, 
    0xef, 0x01, 0x00, 0x91, 0xbf, 0x01, 0x0c, 0xeb, 0xa2, 0x03, 0x00, 0x54, 
    0x69, 0x05, 0x40, 0xb9, 0x70, 0x01, 0x40, 0xb9, 0x3f, 0x01, 0x10, 0x6b, 
    0x20, 0x03, 0x00, 0x54, 0x3f, 0x21, 0x40, 0x71, 0x42, 0x07, 0x00, 0x54, 
    0x31, 0x05, 0x00, 0x11, 0x52, 0x69, 0x69, 0x38, 0x31, 0x3a, 0x40, 0x92, 
    0x51, 0x69, 0x71, 0x38, 0x51, 0x22, 0x11, 0x2a, 0x32, 0x06, 0x08, 0x51, 
    0x5f, 0x06, 0x08, 0x31, 0xc9, 0x01, 0x00, 0x54, 0x30, 0x1e, 0x00, 0x11, 
    0x10, 0x1e, 0x1d, 0x12, 0x29, 0x01, 0x10, 0x0b, 0x29, 0x39, 0x00, 0x12, 
    0xc9, 0xfd, 0x9f, 0x88, 0xe9, 0x7d, 0x5f, 0xc8, 0x29, 0x05, 0x00, 0x91, 
    0xe9, 0x7d, 0x11, 0xc8, 0xb1, 0xff, 0xff, 0x35, 0xad, 0x01, 0x10, 0x8b, 
    0xe6, 0xff, 0xff, 0x17, 0x08, 0x00, 0x90, 0x52, 0x17, 0x00, 0x00, 0x14, 
    0xd0, 0xfd, 0x9f, 0x88, 0xe9, 0x03, 0x01, 0xaa, 0x09, 0x02, 0x00, 0xb4, 
    0x1f, 0x20, 0x40, 0xf1, 0x22, 0x03, 0x00, 0x54, 0x0d, 0x15, 0x40, 0x38, 
    0x0e, 0x04, 0x00, 0x11, 0x4d, 0x69, 0x20, 0x38, 0xc0, 0x39, 0x40, 0x92, 
    0x29, 0x05, 0x00, 0xd1, 0x09, 0x01, 0x00, 0xb4, 0xf8, 0xff, 0xff, 0x17, 
    0x1f, 0x20, 0x40, 0xf1, 0x62, 0x02, 0x00, 0x54, 0x08, 0x04, 0x00, 0x11, 
    0x21, 0x04, 0x00, 0x91, 0x5f, 0x69, 0x20, 0x38, 0x00, 0x39, 0x40, 0x92, 
    0x3f, 0x00, 0x0c, 0xeb, 0x23, 0xff, 0xff, 0x54, 0x08, 0x01, 0x90, 0x52, 
    0x60, 0xfd, 0x9f, 0x88, 0x48, 0x01, 0x08, 0x8b, 0x09, 0x7d, 0x5f, 0xc8, 
    0x29, 0x05, 0x00, 0x91, 0x09, 0x7d, 0x0a, 0xc8, 0xaa, 0xff, 0xff, 0x35, 
    0xfe, 0x07, 0x41, 0xf8, 0xc0, 0x03, 0x5f, 0xd6, 0x1f, 0x20, 0x03, 0xd5, 
    0x42, 0xb6, 0x02, 0x10, 0x03, 0x00, 0x00, 0x14, 0x1f, 0x20, 0x03, 0xd5, 
    0x22, 0xb5, 0x02, 0x10, 0x01, 0x00, 0x90, 0x52, 0x7d, 0xfa, 0xff, 0x97, 
    0x1f, 0x20, 0x03, 0xd5, 0x22, 0xb3, 0x02, 0x10, 0xe0, 0x03, 0x09, 0xaa, 
    0xfb, 0xff, 0xff, 0x17, 0x28, 0xe0, 0x3b, 0xd5, 0x8a, 0x00, 0x00, 0x90, 
    0x09, 0xe0, 0x3b, 0xd5, 0x4a, 0x0d, 0x40, 0xf9, 0xea, 0x00, 0x00, 0xb4, 
    0x3f, 0x9d, 0x0f, 0xf1, 0x08, 0x01, 0x0a, 0xcb, 0x88, 0x01, 0x00, 0x54, 
    0x09, 0xb8, 0x8b, 0x52, 0x08, 0x09, 0xc9, 0x9a, 0x0f, 0x00, 0x00, 0x14, 
    0x1f, 0x20, 0x03, 0xd5, 0xc9, 0xb7, 0x07, 0x10, 0x2a, 0x7d, 0x5f, 0xc8, 
    0x2a, 0x01, 0x00, 0xb5, 0x28, 0xfd, 0x0a, 0xc8, 0xaa, 0xff, 0xff, 0x35, 
    0xe8, 0x03, 0x1f, 0x2a, 0x07, 0x00, 0x00, 0x14, 0x0a, 0x7d, 0x80, 0x52, 
    0x29, 0x09, 0xca, 0x9a, 0x08, 0x09, 0xc9, 0x9a, 0x03, 0x00, 0x00, 0x14, 
    0xe8, 0x03, 0x1f, 0x2a, 0x5f, 0x3f, 0x03, 0xd5, 0x09, 0x7d, 0x08, 0x53, 
    0x08, 0x08, 0x00, 0x39, 0x0a, 0x7d, 0x10, 0x53, 0x08, 0x7d, 0x18, 0x53, 
    0x01, 0x18, 0x00, 0x39, 0x09, 0x0c, 0x00, 0x39, 0x0a, 0x10, 0x00, 0x39, 
    0x08, 0x14, 0x00, 0x39, 0x1f, 0x1c, 0x00, 0x39, 0xc0, 0x03, 0x5f, 0xd6, 
    0xfe, 0x57, 0xbe, 0xa9, 0xf4, 0x4f, 0x01, 0xa9, 0xf4, 0x03, 0x00, 0xaa, 
    0x00, 0x00, 0x41, 0xf9, 0x1f, 0xfc, 0x07, 0xf1, 0x68, 0x01, 0x00, 0x54, 
    0x3d, 0x09, 0x00, 0x94, 0x1f, 0x20, 0x03, 0xd5, 0x23, 0xb4, 0x02, 0x10, 
    0x6a, 0x08, 0x00, 0x94, 0x1f, 0x20, 0x03, 0xd5, 0x84, 0xb4, 0x02, 0x10, 
    0xf1, 0x08, 0x00, 0x94, 0x31, 0x09, 0x00, 0x94, 0xfe, 0x57, 0xc2, 0xa8, 
    0xc0, 0x03, 0x5f, 0xd6, 0x1f, 0x20, 0x03, 0xd5, 0x42, 0xb2, 0x02, 0x10, 
    0x47, 0x08, 0x00, 0x94, 0xe8, 0x03, 0x00, 0xaa, 0x00, 0x00, 0x41, 0xf9, 
    0x1f, 0xfc, 0x07, 0xf1, 0x68, 0x00, 0x00, 0x54, 0x01, 0x69, 0x20, 0x38, 
    0x8d, 0x08, 0x00, 0x14, 0xfe, 0x0f, 0x1f, 0xf8, 0x1f, 0x20, 0x03, 0xd5, 
    0x42, 0xb3, 0x02, 0x10, 0x3d, 0x08, 0x00, 0x94, 0xe8, 0x03, 0x00, 0xaa, 
    0x00, 0x00, 0x41, 0xf9, 0x1f, 0xfc, 0x07, 0xf1, 0x68, 0x00, 0x00, 0x54, 
    0x1f, 0x69, 0x20, 0x38, 0x83, 0x08, 0x00, 0x14, 0xfe, 0x0f, 0x1f, 0xf8, 
    0x1f, 0x20, 0x03, 0xd5, 0xc2, 0xb2, 0x02, 0x10, 0x33, 0x08, 0x00, 0x94, 
    0xfd, 0x0f, 0x1c, 0xf8, 0xfe, 0x5f, 0x01, 0xa9, 0x47, 0x08, 0x00, 0x94, 
    0xff, 0x03, 0x08, 0xd1, 0x95, 0x00, 0x00, 0x90, 0xb5, 0x42, 0x00, 0x91, 
    0x1f, 0x20, 0x03, 0xd5, 0x76, 0xae, 0x03, 0x10, 0x94, 0x00, 0x00, 0x90, 
    0x94, 0x52, 0x00, 0x91, 0xf7, 0x03, 0x00, 0x91, 0x1f, 0x20, 0x03, 0xd5, 
    0xd3, 0xb1, 0x02, 0x10, 0xe0, 0x03, 0x00, 0x91, 0xe1, 0x03, 0x1f, 0x2a, 
    0x02, 0x40, 0x80, 0x52, 0xa2, 0x09, 0x00, 0x94, 0xa0, 0x06, 0x40, 0xb9, 
    0xa8, 0xfe, 0xdf, 0x88, 0x1f, 0x00, 0x08, 0x6b, 0x40, 0x04, 0x00, 0x54, 
    0x1f, 0x20, 0x40, 0x71, 0x82, 0x04, 0x00, 0x54, 0x09, 0x04, 0x00, 0x11, 
    0xca, 0x6a, 0x60, 0x38, 0x29, 0x39, 0x40, 0x92, 0xc9, 0x6a, 0x69, 0x38, 
    0x41, 0x21, 0x09, 0x2a, 0x21, 0x03, 0x00, 0x34, 0x3f, 0x00, 0x08, 0x71, 
    0xe8, 0x02, 0x00, 0x54, 0xe8, 0x03, 0x1f, 0xaa, 0xe9, 0x03, 0x00, 0xaa, 
    0x3f, 0x00, 0x08, 0xeb, 0x00, 0x01, 0x00, 0x54, 0x0a, 0x05, 0x00, 0x91, 
    0xcb, 0x6a, 0x69, 0x38, 0x29, 0x05, 0x00, 0x11, 0xeb, 0x6a, 0x28, 0x38, 
    0x29, 0x39, 0x40, 0x92, 0xe8, 0x03, 0x0a, 0xaa, 0xf8, 0xff, 0xff, 0x17, 
    0x28, 0x1c, 0x00, 0x11, 0xe2, 0x03, 0x13, 0xaa, 0x08, 0x1d, 0x1d, 0x12, 
    0x08, 0x00, 0x08, 0x0b, 0xe0, 0x03, 0x00, 0x91, 0x08, 0x39, 0x00, 0x12, 
    0x88, 0xfe, 0x9f, 0x88, 0x0c, 0xf8, 0xff, 0x97, 0xa8, 0x09, 0x80, 0x52, 
    0x01, 0x00, 0x00, 0xd4, 0xd9, 0xff, 0xff, 0x17, 0x88, 0xfe, 0x9f, 0x88, 
    0xff, 0x03, 0x08, 0x91, 0x3d, 0x08, 0x00, 0x94, 0xfe, 0x5f, 0x41, 0xa9, 
    0x52, 0x08, 0x00, 0x14, 0x1f, 0x20, 0x03, 0xd5, 0xe2, 0xa2, 0x02, 0x10, 
    0x01, 0x00, 0x90, 0x52, 0xf1, 0xf9, 0xff, 0x97, 0xe9, 0x03, 0x00, 0xaa, 
    0x00, 0x08, 0x40, 0xf9, 0x22, 0x05, 0x40, 0xf9, 0x08, 0x00, 0x01, 0x8b, 
    0x1f, 0x01, 0x02, 0xeb, 0x69, 0x00, 0x00, 0x54, 0xe0, 0x03, 0x1f, 0xaa, 
    0xc0, 0x03, 0x5f, 0xd6, 0x1f, 0x01, 0x00, 0xeb, 0xa3, 0x00, 0x00, 0x54, 
    0x2a, 0x01, 0x40, 0xf9, 0x28, 0x09, 0x00, 0xf9, 0x40, 0x01, 0x00, 0x8b, 
    0xc0, 0x03, 0x5f, 0xd6, 0xfe, 0x0f, 0x1f, 0xf8, 0x1f, 0x20, 0x03, 0xd5, 
    0xc3, 0xb4, 0x02, 0x10, 0xe1, 0x03, 0x08, 0xaa, 0xe8, 0xf9, 0xff, 0x97, 
    0xfd, 0x0f, 0x1b, 0xf8, 0xfe, 0x67, 0x01, 0xa9, 0x4a, 0x08, 0x00, 0x94, 
    0xff, 0x03, 0x0a, 0xd1, 0xf5, 0x03, 0x02, 0x2a, 0xf6, 0x03, 0x01, 0x2a, 
    0xf7, 0x03, 0x00, 0x2a, 0xe1, 0x03, 0x1f, 0x2a, 0xe0, 0x03, 0x00, 0x91, 
    0x02, 0x48, 0x80, 0x52, 0xf3, 0x03, 0x04, 0xaa, 0xf4, 0x03, 0x03, 0xaa, 
    0x7e, 0x08, 0x00, 0x94, 0xa8, 0x3e, 0x10, 0x53, 0x09, 0x01, 0x80, 0x52, 
    0xe0, 0x03, 0x09, 0x91, 0xe1, 0x83, 0x09, 0x91, 0xe2, 0x03, 0x14, 0xaa, 
    0xe3, 0x03, 0x13, 0xaa, 0x08, 0x05, 0x40, 0xb2, 0xf9, 0x33, 0x01, 0xf9, 
    0xe8, 0x3b, 0x01, 0xf9, 0x28, 0x00, 0x80, 0x52, 0xf8, 0x37, 0x01, 0xf9, 
    0xe9, 0x3f, 0x01, 0xf9, 0xe8, 0xc7, 0x09, 0x39, 0x15, 0xf8, 0xff, 0x97, 
    0xe0, 0x03, 0x09, 0x91, 0x29, 0xf8, 0xff, 0x97, 0xe1, 0x03, 0x00, 0xaa, 
    0x1f, 0x20, 0x03, 0xd5, 0x02, 0xa6, 0x02, 0x10, 0xe0, 0x03, 0x00, 0x91, 
    0x0b, 0x00, 0x00, 0x94, 0xe2, 0x03, 0x00, 0xaa, 0xe3, 0x03, 0x01, 0xaa, 
    0xe0, 0x03, 0x17, 0x2a, 0xe1, 0x03, 0x16, 0x2a, 0xcc, 0x02, 0x00, 0x94, 
    0xff, 0x03, 0x0a, 0x91, 0x1c, 0x08, 0x00, 0x94, 0xfe, 0x67, 0x41, 0xa9, 
    0xfd, 0x07, 0x45, 0xf8, 0xc0, 0x03, 0x5f, 0xd6, 0x3f, 0x04, 0x09, 0xf1, 
    0x42, 0x00, 0x00, 0x54, 0xc0, 0x03, 0x5f, 0xd6, 0xfe, 0x0f, 0x1f, 0xf8, 
    0xf0, 0x07, 0x00, 0x94, 0x5c, 0x08, 0x00, 0x94, 0xfd, 0x0f, 0x1b, 0xf8, 
    0xfe, 0x67, 0x01, 0xa9, 0x18, 0x08, 0x00, 0x94, 0xff, 0x03, 0x0a, 0xd1, 
    0xf6, 0x03, 0x02, 0xaa, 0xf7, 0x03, 0x01, 0xaa, 0xf3, 0x03, 0x00, 0xaa, 
    0xe1, 0x03, 0x1f, 0x2a, 0xe0, 0x03, 0x00, 0x91, 0x02, 0x48, 0x80, 0x52, 
    0xf4, 0x03, 0x04, 0xaa, 0xf5, 0x03, 0x03, 0xaa, 0x4c, 0x08, 0x00, 0x94, 
    0x68, 0x12, 0x40, 0x79, 0x89, 0x00, 0x80, 0x52, 0xe0, 0x03, 0x09, 0x91, 
    0xe1, 0x83, 0x09, 0x91, 0xe2, 0x03, 0x17, 0xaa, 0xe3, 0x03, 0x16, 0xaa, 
    0x0a, 0x05, 0x00, 0x11, 0x28, 0x41, 0x08, 0xaa, 0xf9, 0x33, 0x01, 0xf9, 
    0x4b, 0x3d, 0x00, 0x12, 0x5f, 0x39, 0x1f, 0x72, 0xf8, 0x37, 0x01, 0xf9, 
    0x69, 0x15, 0x9f, 0x1a, 0xe8, 0x3b, 0x01, 0xf9, 0x69, 0x12, 0x00, 0x79, 
    0x09, 0x01, 0x80, 0x52, 0xe9, 0x3f, 0x01, 0xf9, 0xc9, 0xf7, 0xff, 0x97, 
    0xe0, 0x83, 0x09, 0x91, 0xe1, 0x03, 0x09, 0x91, 0xe2, 0x03, 0x15, 0xaa, 
    0xe3, 0x03, 0x14, 0xaa, 0xda, 0xf7, 0xff, 0x97, 0xe0, 0x83, 0x09, 0x91, 
    0xee, 0xf7, 0xff, 0x97, 0xe1, 0x03, 0x00, 0xaa, 0x1f, 0x20, 0x03, 0xd5, 
    0x22, 0xa0, 0x02, 0x10, 0xe0, 0x03, 0x00, 0x91, 0xd0, 0xff, 0xff, 0x97, 
    0x68, 0x12, 0x40, 0x39, 0xe2, 0x03, 0x00, 0xaa, 0x60, 0x02, 0x40, 0xb9, 
    0xe3, 0x03, 0x01, 0xaa, 0xe1, 0x03, 0x08, 0x2a, 0x90, 0x02, 0x00, 0x94, 
    0xff, 0x03, 0x0a, 0x91, 0xe0, 0x07, 0x00, 0x94, 0xfe, 0x67, 0x41, 0xa9, 
    0xfd, 0x07, 0x45, 0xf8, 0xc0, 0x03, 0x5f, 0xd6, 0xff, 0x83, 0x02, 0xd1, 
    0xfe, 0x4f, 0x09, 0xa9, 0x00, 0xe4, 0x00, 0x6f, 0xf3, 0x03, 0x00, 0xaa, 
    0xe0, 0x03, 0x02, 0x91, 0xe2, 0x03, 0x00, 0x91, 0x03, 0x10, 0x80, 0x52, 
    0x43, 0x08, 0x00, 0x94, 0x1b, 0x05, 0x00, 0x94, 0xe8, 0x43, 0x40, 0xf9, 
    0x1f, 0x09, 0x00, 0xf1, 0xa1, 0x00, 0x00, 0x54, 0xe8, 0x27, 0x51, 0x29, 
    0x68, 0xa6, 0x00, 0x29, 0x28, 0x00, 0x80, 0x52, 0x0b, 0x00, 0x00, 0x14, 
    0x08, 0x01, 0x00, 0x36, 0x60, 0x12, 0x00, 0x91, 0xe1, 0x03, 0x00, 0x91, 
    0xf5, 0x07, 0x00, 0x94, 0x29, 0x00, 0x80, 0x52, 0xe8, 0x03, 0x1f, 0x2a, 
    0x69, 0x06, 0x00, 0x79, 0x03, 0x00, 0x00, 0x14, 0xe8, 0x03, 0x1f, 0x2a, 
    0x7f, 0x06, 0x00, 0x79, 0x68, 0x02, 0x00, 0x79, 0xfe, 0x4f, 0x49, 0xa9, 
    0xff, 0x83, 0x02, 0x91, 0xc0, 0x03, 0x5f, 0xd6, 0xfe, 0x0f, 0x1f, 0xf8, 
    0x01, 0xa0, 0x40, 0xa9, 0x0a, 0x09, 0x00, 0x91, 0x5f, 0x01, 0x01, 0xeb, 
    0x69, 0x00, 0x00, 0x54, 0xe0, 0x03, 0x1f, 0x2a, 0x0c, 0x00, 0x00, 0x14, 
    0x1f, 0x01, 0x01, 0xeb, 0x82, 0x01, 0x00, 0x54, 0x09, 0x05, 0x00, 0x91, 
    0x3f, 0x01, 0x01, 0xeb, 0xa2, 0x01, 0x00, 0x54, 0x0b, 0x00, 0x40, 0xf9, 
    0x0a, 0x08, 0x00, 0xf9, 0x20, 0x00, 0x80, 0x52, 0x68, 0x69, 0x68, 0x38, 
    0x69, 0x69, 0x69, 0x38, 0x01, 0x21, 0x09, 0x2a, 0xfe, 0x07, 0x41, 0xf8, 
    0xc0, 0x03, 0x5f, 0xd6, 0x1f, 0x20, 0x03, 0xd5, 0x82, 0x9c, 0x02, 0x10, 
    0xe0, 0x03, 0x08, 0xaa, 0x40, 0xf9, 0xff, 0x97, 0x1f, 0x20, 0x03, 0xd5, 
    0xc2, 0x9c, 0x02, 0x10, 0xe0, 0x03, 0x09, 0xaa, 0x3c, 0xf9, 0xff, 0x97, 
    0xff, 0x83, 0x01, 0xd1, 0xfe, 0x13, 0x00, 0xf9, 0xf8, 0x5f, 0x03, 0xa9, 
    0xf6, 0x57, 0x04, 0xa9, 0xf4, 0x4f, 0x05, 0xa9, 0x08, 0x00, 0x40, 0xf9, 
    0xeb, 0xf3, 0x00, 0xb2, 0x89, 0x00, 0x80, 0x52, 0xcb, 0xaa, 0x8a, 0xf2, 
    0x0a, 0xf9, 0x7f, 0xd3, 0xab, 0xaa, 0xe0, 0xf2, 0x5f, 0x11, 0x00, 0xf1, 
    0x58, 0x81, 0x89, 0x9a, 0x1f, 0x01, 0x0b, 0xeb, 0x83, 0x00, 0x00, 0x54, 
    0xe1, 0x07, 0x40, 0xf9, 0xe0, 0x03, 0x1f, 0xaa, 0x29, 0x00, 0x00, 0x14, 
    0x09, 0x07, 0x18, 0x8b, 0xf3, 0x03, 0x00, 0xaa, 0x34, 0xf5, 0x7e, 0xd3, 
    0x08, 0x01, 0x00, 0xb4, 0x08, 0x05, 0x08, 0x8b, 0x75, 0x06, 0x40, 0xf9, 
    0x89, 0x00, 0x80, 0x52, 0xe9, 0x17, 0x00, 0xf9, 0xe9, 0x63, 0x00, 0x91, 
    0x08, 0xf5, 0x7e, 0xd3, 0x02, 0x00, 0x00, 0x14, 0xe9, 0xa3, 0x00, 0x91, 
    0x28, 0x01, 0x00, 0xf9, 0xe8, 0x17, 0x40, 0xf9, 0x08, 0x02, 0x00, 0xb4, 
    0xf7, 0x0f, 0x40, 0xf9, 0xd7, 0x01, 0x00, 0xb4, 0xe0, 0x03, 0x14, 0xaa, 
    0xb3, 0x05, 0x00, 0x94, 0xf6, 0x03, 0x00, 0xaa, 0x00, 0x01, 0x00, 0xb4, 
    0xe0, 0x03, 0x16, 0xaa, 0xe1, 0x03, 0x15, 0xaa, 0xe2, 0x03, 0x17, 0xaa, 
    0x94, 0x08, 0x00, 0x94, 0xe0, 0x03, 0x15, 0xaa, 0x81, 0x00, 0x80, 0x52, 
    0x26, 0x06, 0x00, 0x94, 0xe1, 0x03, 0x14, 0xaa, 0x04, 0x00, 0x00, 0x14, 
    0xe0, 0x03, 0x14, 0xaa, 0x9b, 0xf7, 0xff, 0x97, 0xf6, 0x03, 0x00, 0xaa, 
    0xdf, 0x02, 0x00, 0xf1, 0x88, 0x00, 0x80, 0x52, 0x00, 0x01, 0x96, 0x9a, 
    0x81, 0x02, 0x81, 0x9a, 0x76, 0x00, 0x00, 0xb4, 0x78, 0x02, 0x00, 0xa9, 
    0x04, 0x00, 0x00, 0x14, 0xe8, 0x07, 0x41, 0xb2, 0x1f, 0x00, 0x08, 0xeb, 
    0xe1, 0x00, 0x00, 0x54, 0xf4, 0x4f, 0x45, 0xa9, 0xfe, 0x13, 0x40, 0xf9, 
    0xf6, 0x57, 0x44, 0xa9, 0xf8, 0x5f, 0x43, 0xa9, 0xff, 0x83, 0x01, 0x91, 
    0xc0, 0x03, 0x5f, 0xd6, 0x7e, 0xf7, 0xff, 0x97, 0xff, 0x43, 0x00, 0xd1, 
    0xe0, 0x00, 0x00, 0xb4, 0x08, 0x04, 0x00, 0x8b, 0x89, 0x00, 0x80, 0x52, 
    0xe9, 0x07, 0x00, 0xf9, 0xe9, 0x03, 0x00, 0x91, 0x08, 0xf5, 0x7e, 0xd3, 
    0x03, 0x00, 0x00, 0x14, 0xe8, 0x03, 0x1f, 0xaa, 0xe9, 0x23, 0x00, 0x91, 
    0x28, 0x01, 0x00, 0xf9, 0xe8, 0x07, 0x40, 0xf9, 0xe8, 0x00, 0x00, 0xb4, 
    0xe9, 0x03, 0x40, 0xf9, 0xa9, 0x00, 0x00, 0xb4, 0xe0, 0x03, 0x01, 0xaa, 
    0xe1, 0x03, 0x08, 0xaa, 0xff, 0x43, 0x00, 0x91, 0xfd, 0x05, 0x00, 0x14, 
    0xff, 0x43, 0x00, 0x91, 0xc0, 0x03, 0x5f, 0xd6, 0xa8, 0x52, 0x81, 0xd2, 
    0xe9, 0x03, 0x00, 0x2a, 0x48, 0xe4, 0xa4, 0xf2, 0xe8, 0x36, 0xd8, 0xf2, 
    0x88, 0x2f, 0xea, 0xf2, 0x20, 0x7d, 0x08, 0x9b, 0xc0, 0x03, 0x5f, 0xd6, 
    0xfe, 0x0f, 0x1b, 0xf8, 0xfa, 0x67, 0x01, 0xa9, 0x48, 0x07, 0x00, 0x94, 
    0xf5, 0x03, 0x00, 0xaa, 0xe0, 0x03, 0x01, 0x2a, 0xf3, 0x03, 0x02, 0x2a, 
    0xf4, 0x03, 0x01, 0x2a, 0xf2, 0xff, 0xff, 0x97, 0xb7, 0xda, 0x40, 0xa9, 
    0x1f, 0x20, 0x03, 0xd5, 0x79, 0x94, 0x02, 0x10, 0xda, 0x06, 0x00, 0xd1, 
    0x18, 0x00, 0x1a, 0x8a, 0xe0, 0x03, 0x17, 0xaa, 0xe1, 0x03, 0x16, 0xaa, 
    0xe2, 0x03, 0x18, 0xaa, 0xe3, 0x03, 0x19, 0xaa, 0x2e, 0x00, 0x00, 0x94, 
    0x08, 0x00, 0x40, 0xb9, 0x1f, 0x05, 0x00, 0x71, 0xc1, 0x00, 0x00, 0x54, 
    0x08, 0x04, 0x40, 0xb9, 0x1f, 0x01, 0x14, 0x6b, 0xa0, 0x02, 0x00, 0x54, 
    0x00, 0x07, 0x00, 0x91, 0xf3, 0xff, 0xff, 0x17, 0x1f, 0x20, 0x03, 0xd5, 
    0xc3, 0x95, 0x02, 0x10, 0xaf, 0x06, 0x00, 0x94, 0x19, 0x00, 0x40, 0xb9, 
    0x1f, 0x20, 0x03, 0xd5, 0x03, 0x96, 0x02, 0x10, 0xab, 0x06, 0x00, 0x94, 
    0x28, 0x00, 0x80, 0x52, 0x13, 0x08, 0x00, 0xb9, 0x08, 0x50, 0x00, 0x29, 
    0xa8, 0x0e, 0x40, 0xf9, 0x08, 0x05, 0x00, 0x91, 0xa8, 0x0e, 0x00, 0xf9, 
    0xd9, 0x01, 0x00, 0x35, 0xa8, 0x12, 0x40, 0xf9, 0x08, 0x05, 0x00, 0x91, 
    0xa8, 0x12, 0x00, 0xf9, 0x0a, 0x00, 0x00, 0x14, 0x1f, 0x20, 0x03, 0xd5, 
    0xc3, 0x90, 0x02, 0x10, 0x9d, 0x06, 0x00, 0x94, 0x09, 0x00, 0x40, 0xb9, 
    0x28, 0x00, 0x80, 0x52, 0x13, 0x08, 0x00, 0xb9, 0x08, 0x50, 0x00, 0x29, 
    0x3f, 0x05, 0x00, 0x71, 0xa1, 0x00, 0x00, 0x54, 0x0d, 0x07, 0x00, 0x94, 
    0xfa, 0x67, 0x41, 0xa9, 0xfe, 0x07, 0x45, 0xf8, 0xc0, 0x03, 0x5f, 0xd6, 
    0x1f, 0x20, 0x03, 0xd5, 0xe0, 0x8f, 0x02, 0x10, 0x1f, 0x20, 0x03, 0xd5, 
    0xe2, 0x90, 0x02, 0x10, 0x01, 0x05, 0x80, 0x52, 0x8b, 0xf8, 0xff, 0x97, 
    0x5f, 0x00, 0x01, 0xeb, 0x82, 0x00, 0x00, 0x54, 0x88, 0x01, 0x80, 0x52, 
    0x40, 0x00, 0x08, 0x9b, 0xc0, 0x03, 0x5f, 0xd6, 0xfe, 0x0f, 0x1f, 0xf8, 
    0xe0, 0x03, 0x02, 0xaa, 0xe2, 0x03, 0x03, 0xaa, 0x94, 0xf8, 0xff, 0x97, 
    0xfe, 0x0f, 0x1c, 0xf8, 0xf8, 0x5f, 0x01, 0xa9, 0xac, 0x06, 0x00, 0x94, 
    0x61, 0x03, 0x00, 0xb4, 0xf5, 0x03, 0x00, 0xaa, 0xe0, 0x03, 0x02, 0x2a, 
    0xf3, 0x03, 0x02, 0x2a, 0xf4, 0x03, 0x01, 0xaa, 0xa9, 0xff, 0xff, 0x97, 
    0x98, 0x06, 0x00, 0xd1, 0x1f, 0x20, 0x03, 0xd5, 0x17, 0x91, 0x02, 0x10, 
    0x16, 0x00, 0x18, 0x8a, 0xe0, 0x03, 0x15, 0xaa, 0xe1, 0x03, 0x14, 0xaa, 
    0xe2, 0x03, 0x16, 0xaa, 0xe3, 0x03, 0x17, 0xaa, 0xe6, 0xff, 0xff, 0x97, 
    0xe8, 0x03, 0x00, 0xaa, 0x00, 0x00, 0x40, 0xb9, 0x1f, 0x04, 0x00, 0x71, 
    0x80, 0x00, 0x00, 0x54, 0x1f, 0x08, 0x00, 0x71, 0x41, 0x01, 0x00, 0x54, 
    0x04, 0x00, 0x00, 0x14, 0x08, 0x05, 0x40, 0xb9, 0x1f, 0x01, 0x13, 0x6b, 
    0xa0, 0x00, 0x00, 0x54, 0xc0, 0x06, 0x00, 0x91, 0xef, 0xff, 0xff, 0x17, 
    0xe0, 0x03, 0x1f, 0xaa, 0x02, 0x00, 0x00, 0x14, 0x20, 0x00, 0x80, 0x52, 
    0xe1, 0x03, 0x16, 0xaa, 0xb7, 0x06, 0x00, 0x94, 0xf8, 0x5f, 0x41, 0xa9, 
    0xfe, 0x07, 0x44, 0xf8, 0xc0, 0x03, 0x5f, 0xd6, 0xff, 0x83, 0x01, 0xd1, 
    0xfe, 0x67, 0x02, 0xa9, 0xf8, 0x5f, 0x03, 0xa9, 0xf6, 0x57, 0x04, 0xa9, 
    0xf4, 0x4f, 0x05, 0xa9, 0x08, 0x08, 0x40, 0xf9, 0xf3, 0x03, 0x02, 0x2a, 
    0xf4, 0x03, 0x00, 0xaa, 0xf5, 0x03, 0x01, 0x2a, 0x18, 0x05, 0x08, 0x8b, 
    0x48, 0x01, 0x00, 0xb4, 0x89, 0x12, 0x40, 0xf9, 0x1f, 0x0b, 0x09, 0xeb, 
    0x88, 0x06, 0x00, 0x54, 0x16, 0xf3, 0x7d, 0xd3, 0xe9, 0xf3, 0x7e, 0xb2, 
    0xdf, 0x02, 0x09, 0xeb, 0x28, 0x07, 0x00, 0x54, 0x17, 0xf9, 0x7f, 0xd3, 
    0x03, 0x00, 0x00, 0x14, 0x16, 0x0c, 0x80, 0x52, 0x17, 0x01, 0x80, 0x52, 
    0xe0, 0x03, 0x16, 0xaa, 0xe7, 0xf6, 0xff, 0x97, 0x00, 0x06, 0x00, 0xb4, 
    0xf6, 0x03, 0x1f, 0xaa, 0xf9, 0x03, 0x1f, 0xaa, 0xf7, 0x83, 0x00, 0xa9, 
    0xff, 0x02, 0x19, 0xeb, 0xf9, 0x0f, 0x00, 0xf9, 0x60, 0x01, 0x00, 0x54, 
    0xe8, 0x07, 0x40, 0xf9, 0x3f, 0x03, 0x08, 0xeb, 0x81, 0x00, 0x00, 0x54, 
    0xe0, 0x23, 0x00, 0x91, 0x0f, 0xff, 0xff, 0x97, 0xe0, 0x0b, 0x40, 0xf9, 
    0x1f, 0x68, 0x36, 0xb8, 0xd6, 0x32, 0x00, 0x91, 0x39, 0x07, 0x00, 0x91, 
    0xf4, 0xff, 0xff, 0x17, 0x96, 0x5e, 0x40, 0xa9, 0x18, 0xf7, 0x7e, 0xd3, 
    0xea, 0x23, 0x41, 0xa9, 0xe9, 0x07, 0x40, 0xf9, 0x9f, 0xfe, 0x01, 0xa9, 
    0xf9, 0x12, 0x00, 0x91, 0x89, 0x02, 0x00, 0xf9, 0x8a, 0xa2, 0x00, 0xa9, 
    0xb8, 0x01, 0x00, 0xb4, 0x28, 0xc3, 0x5f, 0xb8, 0x1f, 0x05, 0x00, 0x71, 
    0x80, 0x00, 0x00, 0x54, 0x1f, 0x0d, 0x00, 0x71, 0x00, 0x01, 0x00, 0x54, 
    0x04, 0x00, 0x00, 0x14, 0x21, 0x0b, 0x40, 0x29, 0xe0, 0x03, 0x14, 0xaa, 
    0x58, 0xff, 0xff, 0x97, 0x39, 0x33, 0x00, 0x91, 0x18, 0x33, 0x00, 0xd1, 
    0xb8, 0xfe, 0xff, 0xb5, 0xe0, 0x03, 0x16, 0xaa, 0xe1, 0x03, 0x17, 0xaa, 
    0x36, 0xff, 0xff, 0x97, 0xe0, 0x03, 0x14, 0xaa, 0xe1, 0x03, 0x15, 0x2a, 
    0xe2, 0x03, 0x13, 0x2a, 0x94, 0x06, 0x00, 0x94, 0xfe, 0x67, 0x42, 0xa9, 
    0xff, 0x83, 0x01, 0x91, 0x4b, 0xff, 0xff, 0x17, 0x80, 0x00, 0x80, 0x52, 
    0x02, 0x00, 0x00, 0x14, 0xe0, 0x03, 0x1f, 0xaa, 0xe1, 0x03, 0x16, 0xaa, 
    0xa7, 0xf6, 0xff, 0x97, 0x08, 0x84, 0x40, 0xb8, 0x1f, 0x05, 0x00, 0x71, 
    0x41, 0x00, 0x00, 0x54, 0xf3, 0x02, 0x00, 0x14, 0xc0, 0x03, 0x5f, 0xd6, 
    0xff, 0x83, 0x00, 0xd1, 0xfe, 0x0b, 0x00, 0xf9, 0x01, 0xf8, 0x40, 0xb9, 
    0x48, 0x00, 0x80, 0x52, 0xe0, 0x03, 0x00, 0x91, 0xe2, 0x73, 0x00, 0x91, 
    0x23, 0x00, 0x80, 0x52, 0xe8, 0x73, 0x00, 0x39, 0xb0, 0x03, 0x00, 0x94, 
    0xe8, 0x03, 0x40, 0xb9, 0xfe, 0x0b, 0x40, 0xf9, 0x00, 0x01, 0x00, 0x52, 
    0xcd, 0x06, 0x00, 0x14, 0xff, 0xc3, 0x00, 0xd1, 0xfe, 0x4f, 0x02, 0xa9, 
    0x13, 0x28, 0x41, 0xb9, 0x28, 0x00, 0x80, 0x52, 0xe1, 0x07, 0x00, 0xf9, 
    0xe1, 0x03, 0x00, 0x91, 0xe2, 0x0f, 0x02, 0x29, 0x69, 0x06, 0x00, 0x11, 
    0xe8, 0x4f, 0x00, 0x29, 0x3f, 0x05, 0x00, 0x71, 0xff, 0x0f, 0x00, 0xf9, 
    0x08, 0x95, 0x93, 0x1a, 0x00, 0x07, 0x00, 0x94, 0xfe, 0x4f, 0x42, 0xa9, 
    0x08, 0x11, 0x9f, 0x9a, 0xb5, 0x06, 0x00, 0x14, 0xff, 0xc3, 0x00, 0xd1, 
    0xfe, 0x4f, 0x02, 0xa9, 0x13, 0x28, 0x41, 0xb9, 0x48, 0x00, 0x80, 0x52, 
    0x2a, 0x00, 0x80, 0x52, 0xe1, 0x07, 0x00, 0xf9, 0xe1, 0x03, 0x00, 0x91, 
    0x69, 0x06, 0x00, 0x11, 0xe8, 0x4f, 0x00, 0x29, 0x3f, 0x05, 0x00, 0x71, 
    0xe2, 0x0f, 0x02, 0x29, 0x48, 0x95, 0x93, 0x1a, 0xff, 0x0f, 0x00, 0xf9, 
    0xef, 0x06, 0x00, 0x94, 0xfe, 0x4f, 0x42, 0xa9, 0x08, 0x11, 0x9f, 0x9a, 
    0xa4, 0x06, 0x00, 0x14, 0xff, 0x03, 0x02, 0xd1, 0xfe, 0x5f, 0x05, 0xa9, 
    0xf6, 0x57, 0x06, 0xa9, 0xf4, 0x4f, 0x07, 0xa9, 0x09, 0x80, 0x40, 0xf9, 
    0xf3, 0x03, 0x08, 0xaa, 0x09, 0x06, 0x00, 0xb4, 0x16, 0x28, 0x41, 0xb9, 
    0x29, 0x00, 0x80, 0x52, 0xf4, 0x03, 0x00, 0xaa, 0x1f, 0x20, 0x03, 0xd5, 
    0x84, 0x8f, 0x02, 0x10, 0xe1, 0x03, 0x1f, 0xaa, 0xc8, 0x06, 0x00, 0x11, 
    0x22, 0x00, 0x80, 0x52, 0xe3, 0x03, 0x1f, 0xaa, 0x1f, 0x05, 0x00, 0x71, 
    0xff, 0x7f, 0x09, 0x29, 0x28, 0x95, 0x96, 0x1a, 0xe9, 0xc3, 0x00, 0x91, 
    0xff, 0x7f, 0x08, 0x29, 0x08, 0x28, 0x01, 0xb9, 0x48, 0x00, 0x80, 0x52, 
    0x20, 0x21, 0x00, 0x91, 0xe8, 0x33, 0x00, 0xb9, 0xe8, 0xff, 0x9f, 0x52, 
    0xff, 0x7f, 0x07, 0x29, 0xf6, 0x6b, 0x00, 0x79, 0xe8, 0x6f, 0x00, 0x79, 
    0xd7, 0x06, 0x00, 0x94, 0xe1, 0xc3, 0x00, 0x91, 0xe0, 0x03, 0x14, 0xaa, 
    0x92, 0x03, 0x00, 0x94, 0xa0, 0x02, 0x00, 0x34, 0x95, 0xfa, 0x40, 0xb9, 
    0xd6, 0x3e, 0x00, 0x12, 0x97, 0x0c, 0x80, 0x52, 0x37, 0x02, 0x00, 0x34, 
    0xe0, 0x33, 0x00, 0x91, 0xe1, 0x03, 0x14, 0xaa, 0xac, 0x03, 0x00, 0x94, 
    0xe8, 0x1b, 0x40, 0x79, 0xe9, 0x27, 0x40, 0x79, 0x1f, 0x05, 0x00, 0x71, 
    0x20, 0x01, 0x56, 0x7a, 0xe0, 0x00, 0x00, 0x54, 0xe0, 0x03, 0x15, 0x2a, 
    0x41, 0x01, 0x80, 0x52, 0x10, 0x02, 0x00, 0x94, 0xf7, 0x06, 0x00, 0x51, 
    0x97, 0x00, 0x00, 0x34, 0xf3, 0xff, 0xff, 0x17, 0xe8, 0x2b, 0x40, 0x79, 
    0x08, 0x01, 0x00, 0x34, 0xe8, 0x03, 0x1f, 0xaa, 0x68, 0x02, 0x00, 0xf9, 
    0xf4, 0x4f, 0x47, 0xa9, 0xf6, 0x57, 0x46, 0xa9, 0xfe, 0x5f, 0x45, 0xa9, 
    0xff, 0x03, 0x02, 0x91, 0xc0, 0x03, 0x5f, 0xd6, 0xe8, 0x6b, 0x40, 0x39, 
    0xe9, 0x6f, 0x40, 0x39, 0xea, 0x73, 0x40, 0x39, 0xeb, 0x5f, 0x40, 0x39, 
    0xed, 0x7f, 0x40, 0x39, 0xee, 0x8f, 0x40, 0x39, 0x08, 0x21, 0x09, 0xaa, 
    0xe9, 0x77, 0x40, 0x39, 0xec, 0x63, 0x40, 0x39, 0xef, 0x83, 0x40, 0x39, 
    0x08, 0x41, 0x0a, 0xaa, 0xea, 0x7b, 0x40, 0x39, 0x08, 0x61, 0x09, 0xaa, 
    0xe9, 0x5b, 0x40, 0x39, 0x08, 0x81, 0x0a, 0xaa, 0xea, 0x8b, 0x40, 0x39, 
    0x29, 0x21, 0x0b, 0x2a, 0xeb, 0x67, 0x40, 0x39, 0x08, 0xa1, 0x0d, 0xaa, 
    0xed, 0x93, 0x40, 0x39, 0x4a, 0x21, 0x0e, 0x2a, 0x29, 0x41, 0x0c, 0x2a, 
    0xec, 0x87, 0x40, 0x39, 0xee, 0x97, 0x40, 0x39, 0x08, 0xc1, 0x0f, 0xaa, 
    0x4a, 0x41, 0x0d, 0x2a, 0x29, 0x61, 0x0b, 0x2a, 0x08, 0xe1, 0x0c, 0xaa, 
    0x4a, 0x61, 0x0e, 0x2a, 0x69, 0x0a, 0x00, 0xb9, 0x68, 0x0a, 0x00, 0xf9, 
    0x28, 0x00, 0x80, 0x52, 0x6a, 0x1a, 0x00, 0xb9, 0xd9, 0xff, 0xff, 0x17, 
    0x09, 0x30, 0x4c, 0xa9, 0x0b, 0x00, 0x80, 0x12, 0x2a, 0x01, 0x40, 0xb9, 
    0x8c, 0xfd, 0xdf, 0x88, 0x0d, 0x6c, 0x40, 0xf9, 0x8c, 0x01, 0x0a, 0x4b, 
    0xab, 0x01, 0x0b, 0x8b, 0x7f, 0x01, 0x0c, 0xea, 0x80, 0x01, 0x00, 0x54, 
    0x0c, 0x68, 0x40, 0xf9, 0x6b, 0x01, 0x0a, 0x8a, 0x4a, 0x05, 0x00, 0x11, 
    0x8b, 0x11, 0x0b, 0x8b, 0x6c, 0x35, 0x40, 0x29, 0x6e, 0x2d, 0x41, 0x29, 
    0x2a, 0xfd, 0x9f, 0x88, 0x29, 0x00, 0x80, 0x52, 0x0d, 0xb9, 0x00, 0x29, 
    0x0b, 0xb1, 0x01, 0x29, 0x02, 0x00, 0x00, 0x14, 0xe9, 0x03, 0x1f, 0x2a, 
    0x09, 0x01, 0x00, 0xb9, 0xc0, 0x03, 0x5f, 0xd6, 0xff, 0x43, 0x01, 0xd1, 
    0xfe, 0x13, 0x00, 0xf9, 0xf6, 0x57, 0x03, 0xa9, 0xf4, 0x4f, 0x04, 0xa9, 
    0xf6, 0x03, 0x00, 0x91, 0xf4, 0x03, 0x02, 0xaa, 0xf3, 0x03, 0x00, 0xaa, 
    0x35, 0x08, 0x40, 0x79, 0xc0, 0x02, 0x7f, 0xb2, 0xe1, 0x03, 0x1f, 0x2a, 
    0xc2, 0x03, 0x80, 0x52, 0xf0, 0x06, 0x00, 0x94, 0x89, 0x02, 0x40, 0xb9, 
    0x48, 0x00, 0x80, 0x52, 0x1f, 0x20, 0x03, 0xd5, 0x04, 0x7e, 0x02, 0x10, 
    0xc0, 0x22, 0x00, 0x91, 0xe2, 0xa3, 0x00, 0x91, 0x81, 0x00, 0x80, 0x52, 
    0x83, 0x00, 0x80, 0x52, 0xe8, 0x03, 0x00, 0x79, 0xf5, 0x0b, 0x00, 0x79, 
    0xe9, 0x2b, 0x00, 0xb9, 0x67, 0x06, 0x00, 0x94, 0x88, 0x06, 0x40, 0xf9, 
    0x1f, 0x20, 0x03, 0xd5, 0x64, 0x7d, 0x02, 0x10, 0xc0, 0x32, 0x00, 0x91, 
    0xe2, 0xa3, 0x00, 0x91, 0x01, 0x01, 0x80, 0x52, 0x03, 0x01, 0x80, 0x52, 
    0xe8, 0x17, 0x00, 0xf9, 0x5e, 0x06, 0x00, 0x94, 0x88, 0x12, 0x40, 0xb9, 
    0x1f, 0x20, 0x03, 0xd5, 0x04, 0x7d, 0x02, 0x10, 0xc0, 0x52, 0x00, 0x91, 
    0xe2, 0xa3, 0x00, 0x91, 0x81, 0x00, 0x80, 0x52, 0x83, 0x00, 0x80, 0x52, 
    0xe8, 0x2b, 0x00, 0xb9, 0x55, 0x06, 0x00, 0x94, 0xe1, 0x03, 0x00, 0x91, 
    0xe0, 0x03, 0x13, 0xaa, 0x10, 0x03, 0x00, 0x94, 0xf4, 0x4f, 0x44, 0xa9, 
    0xfe, 0x13, 0x40, 0xf9, 0xf6, 0x57, 0x43, 0xa9, 0xff, 0x43, 0x01, 0x91, 
    0xc0, 0x03, 0x5f, 0xd6, 0x3e, 0x03, 0x00, 0x14, 0x60, 0x01, 0x80, 0x52, 
    0x21, 0x00, 0x80, 0x52, 0xe2, 0x03, 0x1f, 0xaa, 0xcb, 0x02, 0x00, 0x14, 
    0xff, 0xc3, 0x00, 0xd1, 0xfe, 0x4f, 0x02, 0xa9, 0x08, 0x20, 0x80, 0x52, 
    0x30, 0x06, 0x00, 0x94, 0x1f, 0x20, 0x03, 0xd5, 0xe4, 0x68, 0x02, 0x10, 
    0x00, 0x01, 0x7e, 0xb2, 0x35, 0x05, 0x00, 0x94, 0x71, 0x05, 0x00, 0x94, 
    0xe8, 0x27, 0x42, 0x29, 0xfe, 0x4f, 0x42, 0xa9, 0xe1, 0x1b, 0x40, 0xb9, 
    0x1f, 0x01, 0x00, 0x71, 0x88, 0x03, 0x80, 0x52, 0x20, 0x11, 0x88, 0x1a, 
    0xff, 0xc3, 0x00, 0x91, 0xc0, 0x03, 0x5f, 0xd6, 0xff, 0x03, 0x01, 0xd1, 
    0xfe, 0x13, 0x00, 0xf9, 0xf4, 0x4f, 0x03, 0xa9, 0xf4, 0x03, 0x01, 0x2a, 
    0xf3, 0x03, 0x00, 0xaa, 0xff, 0x7f, 0x00, 0xa9, 0xe0, 0x43, 0x00, 0x91, 
    0xe2, 0x03, 0x00, 0x91, 0xe1, 0x03, 0x14, 0x2a, 0x03, 0x02, 0x80, 0x52, 
    0x9e, 0x02, 0x00, 0x94, 0xe8, 0x13, 0x40, 0xb9, 0x1f, 0x05, 0x00, 0x71, 
    0xe1, 0x00, 0x00, 0x54, 0xe8, 0x17, 0x40, 0xb9, 0x1f, 0x25, 0x00, 0x71, 
    0xc0, 0xfe, 0xff, 0x54, 0xe9, 0x1b, 0x40, 0xb9, 0x68, 0xa6, 0x00, 0x29, 
    0x09, 0x00, 0x00, 0x14, 0xe8, 0x0f, 0x40, 0xf9, 0xa8, 0x00, 0x00, 0xb4, 
    0xe9, 0x2b, 0x40, 0xa9, 0xe8, 0x03, 0x1f, 0x2a, 0x69, 0xaa, 0x00, 0xa9, 
    0x04, 0x00, 0x00, 0x14, 0x28, 0x03, 0x80, 0x52, 0x68, 0x06, 0x00, 0xb9, 
    0x28, 0x00, 0x80, 0x52, 0x68, 0x02, 0x00, 0xb9, 0xf4, 0x4f, 0x43, 0xa9, 
    0xfe, 0x13, 0x40, 0xf9, 0xff, 0x03, 0x01, 0x91, 0xc0, 0x03, 0x5f, 0xd6, 
    0xff, 0x03, 0x01, 0xd1, 0xfe, 0x13, 0x00, 0xf9, 0xf4, 0x4f, 0x03, 0xa9, 
    0xf4, 0x03, 0x00, 0x2a, 0xc5, 0xff, 0xff, 0x97, 0xf0, 0x03, 0x00, 0xaa, 
    0x13, 0xfc, 0x60, 0xd3, 0x1f, 0x72, 0x00, 0x71, 0x81, 0x02, 0x00, 0x54, 
    0xe0, 0x03, 0x13, 0x2a, 0xe1, 0x03, 0x14, 0x2a, 0xc2, 0xff, 0xff, 0x97, 
    0x1f, 0x70, 0x00, 0x71, 0x41, 0x01, 0x00, 0x54, 0xe0, 0x23, 0x00, 0x91, 
    0xe1, 0x03, 0x13, 0x2a, 0xce, 0xff, 0xff, 0x97, 0xe8, 0x27, 0x41, 0x29, 
    0xe1, 0x13, 0x40, 0xb9, 0x1f, 0x01, 0x00, 0x71, 0x88, 0x03, 0x80, 0x52, 
    0x30, 0x11, 0x88, 0x1a, 0x02, 0x00, 0x00, 0x14, 0xf0, 0x03, 0x00, 0x2a, 
    0xe0, 0x03, 0x13, 0xaa, 0x08, 0x0d, 0x80, 0x52, 0xf3, 0x03, 0x01, 0x2a, 
    0x01, 0x00, 0x00, 0xd4, 0xe1, 0x03, 0x13, 0x2a, 0xf4, 0x4f, 0x43, 0xa9, 
    0xfe, 0x13, 0x40, 0xf9, 0xe0, 0x03, 0x10, 0x2a, 0xff, 0x03, 0x01, 0x91, 
    0xc0, 0x03, 0x5f, 0xd6, 0x28, 0x1c, 0x00, 0x12, 0x08, 0x05, 0x00, 0x51, 
    0x1f, 0x09, 0x00, 0x71, 0x62, 0x00, 0x00, 0x54, 0x00, 0x03, 0x80, 0x52, 
    0xc0, 0x03, 0x5f, 0xd6, 0xff, 0x83, 0x00, 0xd1, 0xfe, 0x0b, 0x00, 0xf9, 
    0xe1, 0x03, 0x00, 0x2a, 0xe0, 0x03, 0x00, 0x91, 0x7e, 0x02, 0x00, 0x94, 
    0xe8, 0x27, 0x40, 0x29, 0xe1, 0x0b, 0x40, 0xb9, 0xfe, 0x0b, 0x40, 0xf9, 
    0x1f, 0x01, 0x00, 0x71, 0x88, 0x03, 0x80, 0x52, 0x20, 0x11, 0x88, 0x1a, 
    0xff, 0x83, 0x00, 0x91, 0xc0, 0x03, 0x5f, 0xd6, 0xfe, 0x4f, 0xbf, 0xa9, 
    0xf3, 0x03, 0x00, 0xaa, 0xe0, 0x03, 0x1f, 0x2a, 0x5f, 0x02, 0x00, 0x94, 
    0x09, 0xfc, 0x60, 0xd3, 0x1f, 0x70, 0x00, 0x71, 0xa1, 0x00, 0x00, 0x54, 
    0xe8, 0x03, 0x1f, 0x2a, 0xe0, 0x03, 0x09, 0x2a, 0x7f, 0x22, 0x00, 0x39, 
    0x03, 0x00, 0x00, 0x14, 0x69, 0x0a, 0x00, 0xb9, 0x28, 0x00, 0x80, 0x52, 
    0x68, 0x02, 0x00, 0x29, 0xfe, 0x4f, 0xc1, 0xa8, 0xc0, 0x03, 0x5f, 0xd6, 
    0xff, 0xc3, 0x00, 0xd1, 0xfe, 0x4f, 0x02, 0xa9, 0x28, 0x00, 0x80, 0x52, 
    0xb8, 0x05, 0x00, 0x94, 0x1f, 0x20, 0x03, 0xd5, 0xa4, 0x5a, 0x02, 0x10, 
    0x00, 0x01, 0x7e, 0xb2, 0xbd, 0x04, 0x00, 0x94, 0xf9, 0x04, 0x00, 0x94, 
    0xfe, 0x4f, 0x42, 0xa9, 0xff, 0xc3, 0x00, 0x91, 0xc0, 0x03, 0x5f, 0xd6, 
    0xff, 0x83, 0x00, 0xd1, 0xfe, 0x0b, 0x00, 0xf9, 0xe1, 0x03, 0x00, 0x2a, 
    0xe0, 0x03, 0x00, 0x91, 0xe2, 0x73, 0x00, 0x91, 0x83, 0x00, 0x80, 0x52, 
    0xff, 0x1f, 0x00, 0xb9, 0x2e, 0x02, 0x00, 0x94, 0xfe, 0x0b, 0x40, 0xf9, 
    0x6f, 0x05, 0x00, 0x14, 0x08, 0x10, 0x40, 0x39, 0x1f, 0x09, 0x00, 0x71, 
    0xe0, 0x00, 0x00, 0x54, 0xf0, 0x03, 0x00, 0xaa, 0x00, 0x00, 0x40, 0xb9, 
    0x08, 0x0d, 0x80, 0x52, 0x01, 0x00, 0x00, 0xd4, 0x48, 0x00, 0x80, 0x52, 
    0x08, 0x12, 0x00, 0x39, 0xc0, 0x03, 0x5f, 0xd6, 0xff, 0x03, 0x05, 0xd1, 
    0xfd, 0x7b, 0x10, 0xa9, 0xf8, 0x5f, 0x11, 0xa9, 0xf6, 0x57, 0x12, 0xa9, 
    0xf4, 0x4f, 0x13, 0xa9, 0x68, 0x00, 0x00, 0xf0, 0xf3, 0x03, 0x00, 0xaa, 
    0x08, 0x11, 0x40, 0xf9, 0x48, 0x00, 0x00, 0xb4, 0x71, 0xfc, 0xff, 0x97, 
    0x00, 0xe4, 0x00, 0x6f, 0x77, 0x06, 0x40, 0xf9, 0x49, 0x06, 0x80, 0x52, 
    0x1f, 0x20, 0x03, 0xd5, 0xc2, 0x57, 0x02, 0x10, 0x1f, 0x20, 0x03, 0xd5, 
    0xc4, 0x57, 0x02, 0x10, 0xe0, 0x03, 0x00, 0x91, 0xe1, 0x00, 0x80, 0x52, 
    0xe3, 0x00, 0x80, 0x52, 0xf8, 0x03, 0x00, 0x91, 0xe0, 0x83, 0x00, 0xad, 
    0xe0, 0x83, 0x01, 0xad, 0xe0, 0x03, 0x80, 0x3d, 0xf5, 0x22, 0x40, 0xa9, 
    0x1f, 0xc9, 0x00, 0xf1, 0x14, 0x31, 0x89, 0x9a, 0x94, 0x05, 0x00, 0x94, 
    0x96, 0x1e, 0x00, 0x91, 0x1f, 0x20, 0x03, 0xd5, 0xc4, 0x56, 0x02, 0x10, 
    0xe2, 0x03, 0x00, 0x91, 0xe0, 0x00, 0x80, 0x52, 0xe1, 0x03, 0x16, 0xaa, 
    0x03, 0x0a, 0x80, 0x52, 0x61, 0x00, 0x00, 0x94, 0x1f, 0x20, 0x03, 0xd5, 
    0xa4, 0x56, 0x02, 0x10, 0xe2, 0x03, 0x15, 0xaa, 0xe3, 0x03, 0x14, 0xaa, 
    0x87, 0x05, 0x00, 0x94, 0x48, 0x07, 0x80, 0x52, 0x08, 0x6b, 0x36, 0x38, 
    0xea, 0x12, 0x40, 0xb9, 0x88, 0x22, 0x00, 0x91, 0x09, 0x03, 0x08, 0x8b, 
    0x0a, 0x05, 0x00, 0x35, 0x0a, 0x06, 0x80, 0x52, 0x2a, 0x01, 0x00, 0x39, 
    0x2a, 0x00, 0x80, 0x52, 0x42, 0x01, 0x08, 0x8b, 0x5f, 0x44, 0x01, 0xf1, 
    0x82, 0x08, 0x00, 0x54, 0xe0, 0x03, 0x1f, 0xaa, 0xe1, 0x03, 0x00, 0x91, 
    0x88, 0x09, 0x80, 0x52, 0x01, 0x00, 0x00, 0xd4, 0x00, 0xe4, 0x00, 0x6f, 
    0xe8, 0x43, 0x01, 0x91, 0x09, 0x10, 0x80, 0x52, 0x01, 0x00, 0x00, 0xf0, 
    0x21, 0x48, 0x22, 0x91, 0xe8, 0x27, 0x0d, 0xa9, 0x68, 0x02, 0x40, 0xf9, 
    0x1f, 0x20, 0x03, 0xd5, 0x29, 0x09, 0x00, 0x10, 0xe0, 0x43, 0x03, 0x91, 
    0xe2, 0xc3, 0x03, 0x91, 0xff, 0x23, 0x0e, 0xa9, 0xe8, 0xa3, 0x03, 0x91, 
    0xe0, 0x83, 0x02, 0xad, 0xe0, 0x83, 0x03, 0xad, 0xe0, 0x83, 0x04, 0xad, 
    0xe0, 0x83, 0x05, 0xad, 0xe8, 0x27, 0x0f, 0xa9, 0x43, 0x00, 0x00, 0x94, 
    0xe2, 0x73, 0x40, 0xf9, 0xe2, 0x00, 0x00, 0xb4, 0x5f, 0x04, 0x02, 0xf1, 
    0xe2, 0x05, 0x00, 0x54, 0xe0, 0x03, 0x1f, 0xaa, 0xe1, 0x43, 0x01, 0x91, 
    0x88, 0x09, 0x80, 0x52, 0x01, 0x00, 0x00, 0xd4, 0x20, 0x00, 0x80, 0x52, 
    0xeb, 0x01, 0x00, 0x94, 0x0c, 0x09, 0x80, 0x52, 0xeb, 0x03, 0x1f, 0xaa, 
    0x4d, 0x01, 0x80, 0x52, 0x8c, 0x01, 0x14, 0xcb, 0xee, 0x43, 0x01, 0x91, 
    0xff, 0xb3, 0x00, 0x79, 0xff, 0x2b, 0x00, 0xf9, 0x4a, 0x01, 0x00, 0x34, 
    0x7f, 0x29, 0x00, 0xf1, 0x02, 0x01, 0x00, 0x54, 0x4f, 0x09, 0xcd, 0x1a, 
    0xf0, 0xa9, 0x0d, 0x1b, 0xea, 0x03, 0x0f, 0x2a, 0x0f, 0x06, 0x1c, 0x32, 
    0xcf, 0x69, 0x2b, 0x38, 0x6b, 0x05, 0x00, 0x91, 0x0a, 0xff, 0xff, 0x35, 
    0x6d, 0x05, 0x00, 0xd1, 0x9f, 0x01, 0x0b, 0xeb, 0x8a, 0x31, 0x8b, 0x9a, 
    0xeb, 0x43, 0x01, 0x91, 0xe0, 0x03, 0x0d, 0xaa, 0x1f, 0x04, 0x00, 0xb1, 
    0xa0, 0xf8, 0xff, 0x54, 0xbf, 0x29, 0x00, 0xf1, 0xa2, 0x00, 0x00, 0x54, 
    0x6c, 0x69, 0x60, 0x38, 0x00, 0x04, 0x00, 0xd1, 0x2c, 0x15, 0x00, 0x38, 
    0xf9, 0xff, 0xff, 0x17, 0x1f, 0x20, 0x03, 0xd5, 0x22, 0x4a, 0x02, 0x10, 
    0x41, 0x01, 0x80, 0x52, 0x31, 0xf6, 0xff, 0x97, 0x1f, 0x20, 0x03, 0xd5, 
    0xe3, 0x4c, 0x02, 0x10, 0xe0, 0x03, 0x1f, 0xaa, 0xe1, 0x03, 0x02, 0xaa, 
    0x02, 0x0a, 0x80, 0x52, 0x35, 0xf6, 0xff, 0x97, 0x1f, 0x20, 0x03, 0xd5, 
    0xe3, 0x4c, 0x02, 0x10, 0xe0, 0x03, 0x1f, 0xaa, 0xe1, 0x03, 0x02, 0xaa, 
    0x02, 0x10, 0x80, 0x52, 0x2f, 0xf6, 0xff, 0x97, 0x28, 0x00, 0x00, 0xeb, 
    0x22, 0x20, 0x43, 0xfa, 0x48, 0x00, 0x00, 0x54, 0x0e, 0x04, 0x00, 0x14, 
    0xfe, 0x0f, 0x1f, 0xf8, 0x09, 0x04, 0x00, 0x94, 0x08, 0x00, 0x40, 0xf9, 
    0x20, 0x04, 0x40, 0xa9, 0x02, 0x0d, 0x40, 0xa9, 0xb0, 0xf6, 0xff, 0x17, 
    0xe3, 0x03, 0x02, 0xaa, 0xe2, 0x03, 0x01, 0xaa, 0x1f, 0x20, 0x03, 0xd5, 
    0x61, 0x4f, 0x02, 0x10, 0xab, 0xf6, 0xff, 0x17, 0xfe, 0x0f, 0x1d, 0xf8, 
    0x2c, 0x04, 0x00, 0x94, 0xf4, 0x03, 0x00, 0xaa, 0x00, 0x08, 0x40, 0xf9, 
    0xf3, 0x03, 0x01, 0xaa, 0x88, 0x0e, 0x40, 0xa9, 0x1f, 0x20, 0x03, 0xd5, 
    0x84, 0x4c, 0x02, 0x10, 0x69, 0x00, 0x00, 0xcb, 0x3f, 0x01, 0x02, 0xeb, 
    0x35, 0x31, 0x82, 0x9a, 0xe2, 0x03, 0x08, 0xaa, 0xb6, 0x02, 0x00, 0x8b, 
    0xe1, 0x03, 0x16, 0xaa, 0xe3, 0xff, 0xff, 0x97, 0x1f, 0x20, 0x03, 0xd5, 
    0x24, 0x4c, 0x02, 0x10, 0xe2, 0x03, 0x13, 0xaa, 0x35, 0x04, 0x00, 0x94, 
    0x96, 0x0a, 0x00, 0xf9, 0x4a, 0x04, 0x00, 0x94, 0xe0, 0x03, 0x1f, 0x2a, 
    0xfe, 0x07, 0x43, 0xf8, 0xc0, 0x03, 0x5f, 0xd6, 0xfe, 0x0f, 0x1f, 0xf8, 
    0x3f, 0x00, 0x02, 0x71, 0xff, 0x0f, 0x00, 0xb9, 0x82, 0x00, 0x00, 0x54, 
    0xe1, 0x33, 0x00, 0x39, 0x22, 0x00, 0x80, 0x52, 0x21, 0x00, 0x00, 0x14, 
    0x3f, 0x00, 0x20, 0x71, 0x22, 0x01, 0x00, 0x54, 0x28, 0x7c, 0x06, 0x53, 
    0x09, 0x10, 0x80, 0x52, 0x42, 0x00, 0x80, 0x52, 0x29, 0x14, 0x00, 0x33, 
    0x08, 0x05, 0x1a, 0x32, 0xe8, 0x33, 0x00, 0x39, 0xe9, 0x37, 0x00, 0x39, 
    0x17, 0x00, 0x00, 0x14, 0xe9, 0x0f, 0x80, 0x12, 0xe8, 0x0f, 0x80, 0x12, 
    0x3f, 0x40, 0x40, 0x71, 0x28, 0x14, 0x00, 0x33, 0x29, 0x2c, 0x06, 0x33, 
    0x02, 0x01, 0x00, 0x54, 0x2a, 0x7c, 0x0c, 0x53, 0xe9, 0x37, 0x00, 0x39, 
    0x62, 0x00, 0x80, 0x52, 0xe8, 0x3b, 0x00, 0x39, 0x49, 0x09, 0x1b, 0x32, 
    0xe9, 0x33, 0x00, 0x39, 0x0a, 0x00, 0x00, 0x14, 0x2a, 0x7c, 0x12, 0x53, 
    0x0b, 0x10, 0x80, 0x52, 0xe9, 0x3b, 0x00, 0x39, 0x2b, 0x44, 0x0c, 0x33, 
    0x82, 0x00, 0x80, 0x52, 0xe8, 0x3f, 0x00, 0x39, 0x49, 0x0d, 0x1c, 0x32, 
    0xe9, 0x33, 0x00, 0x39, 0xeb, 0x37, 0x00, 0x39, 0xe1, 0x33, 0x00, 0x91, 
    0xc0, 0xff, 0xff, 0x97, 0xe0, 0x03, 0x1f, 0x2a, 0xfe, 0x07, 0x41, 0xf8, 
    0xc0, 0x03, 0x5f, 0xd6, 0x09, 0x20, 0x42, 0xa9, 0x0b, 0x00, 0x80, 0x12, 
    0x2c, 0xfd, 0xdf, 0x88, 0x0a, 0x01, 0x40, 0xb9, 0x09, 0x1c, 0x40, 0xf9, 
    0x4d, 0x01, 0x0c, 0x4b, 0x2c, 0x01, 0x0b, 0x8b, 0x8b, 0x01, 0x0d, 0x8a, 
    0x6b, 0x05, 0x00, 0x91, 0x3f, 0x01, 0x0b, 0xeb, 0x60, 0x01, 0x00, 0x54, 
    0x0d, 0x18, 0x40, 0xf9, 0x8c, 0x01, 0x0a, 0x8a, 0x4a, 0x05, 0x00, 0x11, 
    0xac, 0x11, 0x0c, 0x8b, 0x2d, 0x38, 0x40, 0x29, 0x8d, 0x39, 0x00, 0x29, 
    0x2d, 0x3c, 0x41, 0x29, 0x8d, 0x3d, 0x01, 0x29, 0xbf, 0x3b, 0x03, 0xd5, 
    0x0a, 0xfd, 0x9f, 0x88, 0x3f, 0x01, 0x0b, 0xeb, 0xe0, 0x07, 0x9f, 0x1a, 
    0xc0, 0x03, 0x5f, 0xd6, 0x0a, 0x24, 0x50, 0x29, 0x08, 0x20, 0x40, 0xf9, 
    0x4b, 0x00, 0x01, 0x2b, 0xec, 0x37, 0x9f, 0x1a, 0x7f, 0x01, 0x09, 0x6b, 
    0x08, 0x01, 0x0a, 0x8b, 0x89, 0x95, 0x9f, 0x1a, 0x08, 0x41, 0x21, 0x8b, 
    0xe1, 0x03, 0x02, 0x2a, 0x3f, 0x01, 0x00, 0x71, 0xe0, 0x13, 0x88, 0x9a, 
    0xc0, 0x03, 0x5f, 0xd6, 0xff, 0xc3, 0x00, 0xd1, 0xfe, 0x4f, 0x02, 0xa9, 
    0xf3, 0x03, 0x00, 0x2a, 0xff, 0x87, 0x01, 0x29, 0x1f, 0x20, 0x03, 0xd5, 
    0x04, 0x38, 0x02, 0x10, 0xe0, 0x33, 0x00, 0x91, 0xa2, 0x03, 0x00, 0x94, 
    0xe0, 0x43, 0x00, 0x91, 0xe2, 0x33, 0x00, 0x91, 0xe1, 0x03, 0x13, 0x2a, 
    0x83, 0x00, 0x80, 0x52, 0x1a, 0x01, 0x00, 0x94, 0xe8, 0x13, 0x40, 0xb9, 
    0xfe, 0x4f, 0x42, 0xa9, 0x00, 0x01, 0x00, 0x52, 0xff, 0xc3, 0x00, 0x91, 
    0xc0, 0x03, 0x5f, 0xd6, 0xfe, 0x4f, 0xbf, 0xa9, 0x28, 0x30, 0x40, 0xf9, 
    0xf3, 0x03, 0x00, 0xaa, 0x68, 0x02, 0x00, 0xb4, 0x08, 0x01, 0x40, 0xb9, 
    0x29, 0x34, 0x40, 0xf9, 0x0b, 0x00, 0x80, 0x12, 0x29, 0xfd, 0xdf, 0x88, 
    0x2a, 0x3c, 0x40, 0xf9, 0x2c, 0x01, 0x08, 0x4b, 0x49, 0x01, 0x0b, 0x8b, 
    0x3f, 0x01, 0x0c, 0xea, 0x20, 0x01, 0x00, 0x54, 0x2a, 0x38, 0x40, 0xf9, 
    0x28, 0x01, 0x08, 0x8a, 0x60, 0x0a, 0x00, 0x91, 0x02, 0x04, 0x80, 0x52, 
    0x41, 0x15, 0x08, 0x8b, 0x0c, 0x05, 0x00, 0x94, 0x28, 0x00, 0x80, 0x52, 
    0x02, 0x00, 0x00, 0x14, 0xe8, 0x03, 0x1f, 0x2a, 0x68, 0x02, 0x00, 0x79, 
    0xfe, 0x4f, 0xc1, 0xa8, 0xc0, 0x03, 0x5f, 0xd6, 0xff, 0xc3, 0x00, 0xd1, 
    0xfe, 0x4f, 0x02, 0xa9, 0x28, 0x30, 0x40, 0xf9, 0xf3, 0x03, 0x00, 0xaa, 
    0xa8, 0x06, 0x00, 0xb4, 0x09, 0x01, 0x40, 0xb9, 0x2a, 0x34, 0x40, 0xf9, 
    0x0c, 0x00, 0x80, 0x12, 0x4a, 0xfd, 0xdf, 0x88, 0x2b, 0x3c, 0x40, 0xf9, 
    0x4d, 0x01, 0x09, 0x4b, 0x6a, 0x01, 0x0c, 0x8b, 0x5f, 0x01, 0x0d, 0xea, 
    0xc0, 0x05, 0x00, 0x54, 0x2b, 0x38, 0x40, 0xf9, 0x4a, 0x01, 0x09, 0x8a, 
    0x29, 0x05, 0x00, 0x11, 0x6a, 0x15, 0x0a, 0x8b, 0xf0, 0x03, 0x0a, 0xaa, 
    0x4d, 0x05, 0x40, 0x79, 0x4e, 0x01, 0x40, 0x79, 0x4f, 0x15, 0x40, 0x79, 
    0x00, 0x8e, 0x40, 0x78, 0x4b, 0x0d, 0x40, 0x79, 0x4c, 0x09, 0x40, 0x79, 
    0xf2, 0x03, 0x0a, 0xaa, 0x01, 0x0e, 0x40, 0x79, 0x10, 0x0a, 0x40, 0x79, 
    0x51, 0x25, 0x40, 0x79, 0x42, 0x0e, 0x41, 0x78, 0xcd, 0x41, 0x0d, 0xaa, 
    0x4e, 0x35, 0x40, 0x79, 0x0f, 0x40, 0x0f, 0xaa, 0x8b, 0x41, 0x0b, 0x2a, 
    0x40, 0x8d, 0x41, 0x78, 0x4c, 0x0e, 0x40, 0x79, 0x52, 0x0a, 0x40, 0x79, 
    0x10, 0x42, 0x01, 0x2a, 0x41, 0x0d, 0x40, 0x79, 0x4a, 0x09, 0x40, 0x79, 
    0xab, 0x81, 0x0b, 0xaa, 0x4d, 0x40, 0x11, 0xaa, 0x4c, 0x42, 0x0c, 0x2a, 
    0x0e, 0x40, 0x0e, 0xaa, 0xef, 0x81, 0x10, 0xaa, 0x4a, 0x41, 0x01, 0x2a, 
    0x60, 0x0a, 0x00, 0x91, 0xe1, 0x03, 0x00, 0x91, 0xac, 0x81, 0x0c, 0xaa, 
    0x02, 0x04, 0x80, 0x52, 0xeb, 0x3f, 0x00, 0xa9, 0xca, 0x81, 0x0a, 0xaa, 
    0xec, 0x2b, 0x01, 0xa9, 0x09, 0xfd, 0x9f, 0x88, 0xcf, 0x04, 0x00, 0x94, 
    0x28, 0x00, 0x80, 0x52, 0x04, 0x00, 0x00, 0x14, 0x7f, 0x02, 0x00, 0x79, 
    0x03, 0x00, 0x00, 0x14, 0xe8, 0x03, 0x1f, 0x2a, 0x68, 0x02, 0x00, 0x79, 
    0xfe, 0x4f, 0x42, 0xa9, 0xff, 0xc3, 0x00, 0x91, 0xc0, 0x03, 0x5f, 0xd6, 
    0x09, 0x20, 0x40, 0xa9, 0x0b, 0x00, 0x80, 0x12, 0x2c, 0xfd, 0xdf, 0x88, 
    0x0a, 0x01, 0x40, 0xb9, 0x09, 0x0c, 0x40, 0xf9, 0x4d, 0x01, 0x0c, 0x4b, 
    0x2c, 0x01, 0x0b, 0x8b, 0x8b, 0x01, 0x0d, 0x8a, 0x6b, 0x05, 0x00, 0x91, 
    0x3f, 0x01, 0x0b, 0xeb, 0x60, 0x01, 0x00, 0x54, 0x0d, 0x08, 0x40, 0xf9, 
    0x8c, 0x01, 0x0a, 0x8a, 0x4a, 0x05, 0x00, 0x11, 0xac, 0x15, 0x0c, 0x8b, 
    0x2d, 0x38, 0x40, 0xa9, 0x8d, 0x39, 0x00, 0xa9, 0x2d, 0x3c, 0x41, 0xa9, 
    0x8d, 0x3d, 0x01, 0xa9, 0xbf, 0x3b, 0x03, 0xd5, 0x0a, 0xfd, 0x9f, 0x88, 
    0x3f, 0x01, 0x0b, 0xeb, 0xe0, 0x07, 0x9f, 0x1a, 0xc0, 0x03, 0x5f, 0xd6, 
    0x09, 0x10, 0x41, 0x79, 0xea, 0x03, 0x1f, 0xaa, 0x0b, 0x00, 0x80, 0x92, 
    0x28, 0xfd, 0x46, 0xd3, 0x2c, 0x15, 0x40, 0x92, 0x0d, 0xf1, 0x7d, 0xd3, 
    0xbf, 0x01, 0x0a, 0xeb, 0xc0, 0x00, 0x00, 0x54, 0x5f, 0x01, 0x02, 0xf1, 
    0xc0, 0x02, 0x00, 0x54, 0x0b, 0x68, 0x2a, 0xf8, 0x4a, 0x21, 0x00, 0x91, 
    0xfa, 0xff, 0xff, 0x17, 0x2c, 0x01, 0x00, 0xb4, 0x3f, 0x01, 0x10, 0x71, 
    0xa2, 0x00, 0x00, 0x54, 0x09, 0x00, 0x80, 0x92, 0x29, 0x21, 0xcc, 0x9a, 
    0xe9, 0x03, 0x29, 0xaa, 0x09, 0x78, 0x28, 0xf8, 0x29, 0x00, 0x80, 0x52, 
    0x02, 0x00, 0x00, 0x14, 0xe9, 0x03, 0x1f, 0xaa, 0x28, 0x01, 0x08, 0x8b, 
    0x1f, 0x41, 0x00, 0xf1, 0xa2, 0x00, 0x00, 0x54, 0x09, 0x05, 0x00, 0x91, 
    0x1f, 0x78, 0x28, 0xf8, 0xe8, 0x03, 0x09, 0xaa, 0xfb, 0xff, 0xff, 0x17, 
    0xc0, 0x03, 0x5f, 0xd6, 0xfe, 0x0f, 0x1f, 0xf8, 0x1f, 0x20, 0x03, 0xd5, 
    0x22, 0x2b, 0x02, 0x10, 0xc1, 0x03, 0x00, 0x94, 0xff, 0x83, 0x02, 0xd1, 
    0xfe, 0x4f, 0x09, 0xa9, 0x00, 0xe4, 0x00, 0x6f, 0x48, 0x7c, 0x0b, 0x53, 
    0x0a, 0x80, 0x80, 0x52, 0xf3, 0x03, 0x00, 0xaa, 0x09, 0x00, 0x81, 0x52, 
    0xe0, 0x03, 0x00, 0x91, 0x1f, 0x01, 0x10, 0x71, 0xe1, 0x27, 0x10, 0x29, 
    0x08, 0x31, 0x8a, 0x1a, 0xd1, 0x03, 0x00, 0x94, 0xe8, 0x13, 0x01, 0x79, 
    0xd0, 0xff, 0xff, 0x97, 0xe1, 0x03, 0x00, 0x91, 0xe0, 0x03, 0x13, 0xaa, 
    0x02, 0x12, 0x80, 0x52, 0x79, 0x04, 0x00, 0x94, 0xfe, 0x4f, 0x49, 0xa9, 
    0xff, 0x83, 0x02, 0x91, 0xc0, 0x03, 0x5f, 0xd6, 0xfe, 0x4f, 0xbf, 0xa9, 
    0xe9, 0x03, 0x01, 0x2a, 0xf3, 0x03, 0x00, 0xaa, 0xe8, 0x0c, 0x80, 0x52, 
    0xe0, 0x03, 0x09, 0xaa, 0xe1, 0x03, 0x1f, 0xaa, 0x01, 0x00, 0x00, 0xd4, 
    0xa0, 0x00, 0xf8, 0xb7, 0x00, 0x01, 0x00, 0xb4, 0xe8, 0x03, 0x1f, 0x2a, 
    0x60, 0x06, 0x00, 0xf9, 0x09, 0x00, 0x00, 0x14, 0x0b, 0x00, 0x00, 0x94, 
    0x28, 0x00, 0x80, 0x52, 0x60, 0x86, 0x00, 0x29, 0x05, 0x00, 0x00, 0x14, 
    0x48, 0x01, 0x80, 0x52, 0x69, 0x01, 0x80, 0x12, 0x68, 0xa6, 0x00, 0x29, 
    0x28, 0x00, 0x80, 0x52, 0x68, 0x02, 0x00, 0xb9, 0xfe, 0x4f, 0xc1, 0xa8, 
    0xc0, 0x03, 0x5f, 0xd6, 0x08, 0x98, 0x00, 0x11, 0xe1, 0x03, 0x00, 0x2a, 
    0x60, 0x03, 0x80, 0x52, 0x1f, 0x95, 0x00, 0x71, 0x28, 0x01, 0x00, 0x54, 
    0x1f, 0x20, 0x03, 0xd5, 0xa9, 0x05, 0x01, 0x10, 0x8a, 0x00, 0x00, 0x10, 
    0x2b, 0x69, 0x68, 0x38, 0x4a, 0x09, 0x0b, 0x8b, 0x40, 0x01, 0x1f, 0xd6, 
    0x80, 0x02, 0x80, 0x52, 0xc0, 0x03, 0x5f, 0xd6, 0x3f, 0xbc, 0x01, 0x31, 
    0xa0, 0x06, 0x00, 0x54, 0x3f, 0xb8, 0x01, 0x31, 0x20, 0x07, 0x00, 0x54, 
    0x3f, 0xa0, 0x01, 0x31, 0x60, 0x06, 0x00, 0x54, 0x3f, 0x7c, 0x01, 0x31, 
    0x60, 0x06, 0x00, 0x54, 0x3f, 0x68, 0x01, 0x31, 0xc1, 0x05, 0x00, 0x54, 
    0xa0, 0x02, 0x80, 0x52, 0xc0, 0x03, 0x5f, 0xd6, 0xe0, 0x03, 0x1f, 0x2a, 
    0xc0, 0x03, 0x5f, 0xd6, 0xa0, 0x00, 0x80, 0x52, 0xc0, 0x03, 0x5f, 0xd6, 
    0xc0, 0x00, 0x80, 0x52, 0xc0, 0x03, 0x5f, 0xd6, 0x80, 0x00, 0x80, 0x52, 
    0xc0, 0x03, 0x5f, 0xd6, 0x40, 0x01, 0x80, 0x52, 0xc0, 0x03, 0x5f, 0xd6, 
    0xe0, 0x00, 0x80, 0x52, 0xc0, 0x03, 0x5f, 0xd6, 0x00, 0x02, 0x80, 0x52, 
    0xc0, 0x03, 0x5f, 0xd6, 0x20, 0x02, 0x80, 0x52, 0xc0, 0x03, 0x5f, 0xd6, 
    0xa0, 0x01, 0x80, 0x52, 0xc0, 0x03, 0x5f, 0xd6, 0xc0, 0x01, 0x80, 0x52, 
    0xc0, 0x03, 0x5f, 0xd6, 0xe0, 0x02, 0x80, 0x52, 0xc0, 0x03, 0x5f, 0xd6, 
    0x60, 0x01, 0x80, 0x52, 0xc0, 0x03, 0x5f, 0xd6, 0x60, 0x02, 0x80, 0x52, 
    0xc0, 0x03, 0x5f, 0xd6, 0x00, 0x01, 0x80, 0x52, 0xc0, 0x03, 0x5f, 0xd6, 
    0x40, 0x02, 0x80, 0x52, 0xc0, 0x03, 0x5f, 0xd6, 0xe0, 0x01, 0x80, 0x52, 
    0xc0, 0x03, 0x5f, 0xd6, 0x40, 0x00, 0x80, 0x52, 0xc0, 0x03, 0x5f, 0xd6, 
    0x60, 0x00, 0x80, 0x52, 0xc0, 0x03, 0x5f, 0xd6, 0x80, 0x01, 0x80, 0x52, 
    0xc0, 0x03, 0x5f, 0xd6, 0x20, 0x01, 0x80, 0x52, 0xc0, 0x03, 0x5f, 0xd6, 
    0x20, 0x00, 0x80, 0x52, 0xc0, 0x03, 0x5f, 0xd6, 0x40, 0x03, 0x80, 0x52, 
    0xc0, 0x03, 0x5f, 0xd6, 0x00, 0x03, 0x80, 0x52, 0xc0, 0x03, 0x5f, 0xd6, 
    0xc0, 0x02, 0x80, 0x52, 0xc0, 0x03, 0x5f, 0xd6, 0x20, 0x03, 0x80, 0x52, 
    0xc0, 0x03, 0x5f, 0xd6, 0xe8, 0x03, 0x00, 0xaa, 0x1f, 0x00, 0x02, 0xeb, 
    0x68, 0x00, 0x00, 0x54, 0xe0, 0x03, 0x01, 0xaa, 0x8e, 0x02, 0x00, 0x14, 
    0xfe, 0x0f, 0x1f, 0xf8, 0xe0, 0x03, 0x1f, 0xaa, 0xe1, 0x03, 0x08, 0xaa, 
    0x92, 0xf4, 0xff, 0x97, 0xfe, 0x4f, 0xbf, 0xa9, 0xf3, 0x03, 0x00, 0xaa, 
    0xe0, 0x03, 0x01, 0x2a, 0xa8, 0x0c, 0x80, 0x52, 0xe1, 0x03, 0x02, 0xaa, 
    0xe2, 0x03, 0x03, 0xaa, 0x01, 0x00, 0x00, 0xd4, 0x80, 0x00, 0xf8, 0xb7, 
    0xe8, 0x03, 0x1f, 0x2a, 0x60, 0x06, 0x00, 0xf9, 0x04, 0x00, 0x00, 0x14, 
    0xa1, 0xff, 0xff, 0x97, 0x28, 0x00, 0x80, 0x52, 0x60, 0x86, 0x00, 0x29, 
    0x68, 0x02, 0x00, 0xb9, 0xfe, 0x4f, 0xc1, 0xa8, 0xc0, 0x03, 0x5f, 0xd6, 
    0xe0, 0x03, 0x00, 0x2a, 0x88, 0x0c, 0x80, 0x52, 0x01, 0x00, 0x00, 0xd4, 
    0x60, 0x00, 0xf8, 0xb7, 0x88, 0x03, 0x80, 0x52, 0x07, 0x00, 0x00, 0x14, 
    0xfe, 0x0f, 0x1f, 0xf8, 0x94, 0xff, 0xff, 0x97, 0xe8, 0x03, 0x00, 0x2a, 
    0xe0, 0x03, 0x01, 0x2a, 0xe8, 0x03, 0x08, 0x2a, 0xfe, 0x07, 0x41, 0xf8, 
    0x00, 0x81, 0x00, 0xaa, 0xc0, 0x03, 0x5f, 0xd6, 0xe0, 0x03, 0x00, 0x2a, 
    0xe8, 0x03, 0x1f, 0xaa, 0x01, 0x00, 0x00, 0xd4, 0x5f, 0x20, 0x03, 0xd5, 
    0xff, 0xff, 0xff, 0x17, 0xfe, 0x4f, 0xbf, 0xa9, 0xf3, 0x03, 0x00, 0xaa, 
    0xe0, 0x03, 0x01, 0x2a, 0xc8, 0x0c, 0x80, 0x52, 0xe1, 0x03, 0x02, 0xaa, 
    0xe2, 0x03, 0x03, 0xaa, 0x01, 0x00, 0x00, 0xd4, 0x80, 0x00, 0xf8, 0xb7, 
    0xe8, 0x03, 0x1f, 0x2a, 0x60, 0x06, 0x00, 0xf9, 0x04, 0x00, 0x00, 0x14, 
    0x7d, 0xff, 0xff, 0x97, 0x28, 0x00, 0x80, 0x52, 0x60, 0x86, 0x00, 0x29, 
    0x68, 0x02, 0x00, 0xb9, 0xfe, 0x4f, 0xc1, 0xa8, 0xc0, 0x03, 0x5f, 0xd6, 
    0xff, 0x83, 0x00, 0xd1, 0xfe, 0x4f, 0x01, 0xa9, 0xf3, 0x03, 0x00, 0xaa, 
    0xe0, 0x03, 0x00, 0x91, 0xc7, 0xff, 0xff, 0x97, 0xe8, 0x03, 0x40, 0xb9, 
    0x1f, 0x05, 0x00, 0x71, 0xc1, 0x00, 0x00, 0x54, 0xe8, 0x07, 0x40, 0xb9, 
    0x1f, 0x25, 0x00, 0x71, 0xe1, 0x00, 0x00, 0x54, 0x7f, 0x02, 0x00, 0xf9, 
    0x09, 0x00, 0x00, 0x14, 0xe8, 0x07, 0x40, 0xf9, 0x29, 0x00, 0x80, 0x52, 
    0x69, 0x22, 0x00, 0xa9, 0x05, 0x00, 0x00, 0x14, 0xe9, 0x0b, 0x40, 0xb9, 
    0x68, 0x26, 0x01, 0x29, 0x48, 0x00, 0x80, 0x52, 0x68, 0x02, 0x00, 0xf9, 
    0xfe, 0x4f, 0x41, 0xa9, 0xf8, 0x02, 0x00, 0x14, 0x08, 0x80, 0x40, 0xf9, 
    0x28, 0x02, 0x00, 0xb4, 0xfe, 0x57, 0xbe, 0xa9, 0xf4, 0x4f, 0x01, 0xa9, 
    0x08, 0xfd, 0xdf, 0x88, 0x14, 0x84, 0x40, 0xf9, 0x0a, 0x00, 0x80, 0x12, 
    0xf3, 0x03, 0x00, 0xaa, 0x95, 0x02, 0x40, 0xb9, 0x09, 0x8c, 0x40, 0xf9, 
    0xab, 0x02, 0x08, 0x4b, 0x28, 0x01, 0x0a, 0x8b, 0x0a, 0x01, 0x0b, 0x8a, 
    0x4a, 0x05, 0x00, 0x91, 0x3f, 0x01, 0x0a, 0xeb, 0xa1, 0x00, 0x00, 0x54, 
    0xe0, 0x03, 0x1f, 0x2a, 0x0e, 0x00, 0x00, 0x14, 0xe0, 0x03, 0x1f, 0x2a, 
    0xc0, 0x03, 0x5f, 0xd6, 0x69, 0x8a, 0x40, 0xf9, 0x08, 0x01, 0x15, 0x8a, 
    0x02, 0x04, 0x80, 0x52, 0x20, 0x15, 0x08, 0x8b, 0xa6, 0x03, 0x00, 0x94, 
    0xa8, 0x06, 0x00, 0x11, 0xe0, 0x03, 0x13, 0xaa, 0xbf, 0x3b, 0x03, 0xd5, 
    0x88, 0xfe, 0x9f, 0x88, 0x17, 0x00, 0x00, 0x94, 0x20, 0x00, 0x80, 0x52, 
    0xf4, 0x4f, 0x41, 0xa9, 0xfe, 0x57, 0xc2, 0xa8, 0xc0, 0x03, 0x5f, 0xd6, 
    0xff, 0x43, 0x01, 0xd1, 0xfe, 0x1b, 0x00, 0xf9, 0xf4, 0x4f, 0x04, 0xa9, 
    0x54, 0x02, 0x00, 0x94, 0xe8, 0x1b, 0x40, 0x79, 0x08, 0x01, 0x00, 0x36, 
    0xe8, 0x2b, 0xc0, 0x79, 0x1f, 0x05, 0x00, 0x31, 0xa0, 0x00, 0x00, 0x54, 
    0x81, 0x82, 0x02, 0x91, 0xe0, 0x03, 0x13, 0xaa, 0xfe, 0x1b, 0x40, 0xf9, 
    0xa2, 0x02, 0x00, 0x14, 0x7f, 0x02, 0x00, 0x79, 0xf4, 0x4f, 0x44, 0xa9, 
    0xfe, 0x1b, 0x40, 0xf9, 0xff, 0x43, 0x01, 0x91, 0xc0, 0x03, 0x5f, 0xd6, 
    0xff, 0x83, 0x00, 0xd1, 0xfe, 0x0b, 0x00, 0xf9, 0x08, 0x98, 0x40, 0xb9, 
    0x1f, 0x05, 0x00, 0x71, 0xc1, 0x00, 0x00, 0x54, 0x01, 0x9c, 0x40, 0xb9, 
    0x1f, 0x20, 0x03, 0xd5, 0x42, 0x0c, 0x02, 0x10, 0xe0, 0x03, 0x00, 0x91, 
    0x06, 0x00, 0x00, 0x14, 0x01, 0xf8, 0x40, 0xb9, 0x28, 0x00, 0x80, 0x52, 
    0xe0, 0x03, 0x00, 0x91, 0xe2, 0x73, 0x00, 0x91, 0xe8, 0x73, 0x00, 0x39, 
    0x23, 0x00, 0x80, 0x52, 0x94, 0xff, 0xff, 0x97, 0xfe, 0x0b, 0x40, 0xf9, 
    0xb1, 0x02, 0x00, 0x14, 0x08, 0x24, 0x41, 0xb9, 0x09, 0x70, 0x40, 0xf9, 
    0x4b, 0x00, 0x01, 0x2b, 0x0a, 0x20, 0x41, 0xb9, 0xec, 0x37, 0x9f, 0x1a, 
    0x7f, 0x01, 0x08, 0x6b, 0x28, 0x01, 0x0a, 0x8b, 0x89, 0x95, 0x9f, 0x1a, 
    0x08, 0x41, 0x21, 0x8b, 0x3f, 0x01, 0x00, 0x71, 0xe1, 0x03, 0x02, 0x2a, 
    0xe0, 0x13, 0x88, 0x9a, 0xc0, 0x03, 0x5f, 0xd6, 0xff, 0x83, 0x00, 0xd1, 
    0xfe, 0x0b, 0x00, 0xf9, 0xff, 0x07, 0x00, 0x29, 0x00, 0x80, 0x02, 0x91, 
    0xe1, 0x03, 0x00, 0x91, 0xe2, 0x7f, 0x01, 0x29, 0x10, 0xfe, 0xff, 0x97, 
    0xfe, 0x0b, 0x40, 0xf9, 0x9d, 0x02, 0x00, 0x14, 0xff, 0x83, 0x00, 0xd1, 
    0xfe, 0x0b, 0x00, 0xf9, 0xe1, 0xff, 0x00, 0x29, 0x00, 0x80, 0x02, 0x91, 
    0xe1, 0x03, 0x00, 0x91, 0xff, 0x07, 0x00, 0x79, 0xe2, 0x03, 0x00, 0x79, 
    0xff, 0x0f, 0x00, 0xb9, 0x05, 0xfe, 0xff, 0x97, 0xfe, 0x0b, 0x40, 0xf9, 
    0x92, 0x02, 0x00, 0x14, 0xff, 0x43, 0x01, 0xd1, 0xfe, 0x1b, 0x00, 0xf9, 
    0xf4, 0x4f, 0x04, 0xa9, 0x0e, 0x02, 0x00, 0x94, 0xe8, 0x1b, 0x40, 0x79, 
    0x88, 0x00, 0x00, 0x36, 0xe8, 0x2b, 0xc0, 0x79, 0x1f, 0x05, 0x00, 0x31, 
    0xc0, 0x00, 0x00, 0x54, 0x7f, 0x02, 0x00, 0x79, 0xf4, 0x4f, 0x44, 0xa9, 
    0xfe, 0x1b, 0x40, 0xf9, 0xff, 0x43, 0x01, 0x91, 0xc0, 0x03, 0x5f, 0xd6, 
    0x81, 0x82, 0x02, 0x91, 0xe0, 0x03, 0x13, 0xaa, 0xfe, 0x1b, 0x40, 0xf9, 
    0x57, 0x02, 0x00, 0x14, 0xfe, 0x0f, 0x1f, 0xf8, 0x08, 0x00, 0x40, 0xb9, 
    0x1f, 0x05, 0x00, 0x71, 0xa1, 0x02, 0x00, 0x54, 0x08, 0x88, 0x40, 0xb9, 
    0x28, 0x00, 0x08, 0x6b, 0x43, 0x02, 0x00, 0x54, 0x0a, 0x8c, 0x40, 0xb9, 
    0x4a, 0x02, 0x00, 0x34, 0x09, 0x09, 0xca, 0x1a, 0x28, 0xa1, 0x0a, 0x1b, 
    0x0a, 0x20, 0x41, 0x79, 0x1f, 0x01, 0x00, 0x71, 0x22, 0x01, 0x4a, 0x7a, 
    0x42, 0x01, 0x00, 0x54, 0x28, 0x7d, 0x06, 0x53, 0x3f, 0xfd, 0x0f, 0x71, 
    0x48, 0x01, 0x00, 0x54, 0x0a, 0x20, 0x00, 0x91, 0x2b, 0x00, 0x80, 0x52, 
    0x69, 0x21, 0xc9, 0x9a, 0x4b, 0x79, 0x68, 0xf8, 0x69, 0x01, 0x09, 0xaa, 
    0x49, 0x79, 0x28, 0xf8, 0xfe, 0x07, 0x41, 0xf8, 0xc0, 0x03, 0x5f, 0xd6, 
    0x48, 0xf2, 0xff, 0x97, 0x1f, 0x20, 0x03, 0xd5, 0xe2, 0xfd, 0x01, 0x10, 
    0xe0, 0x03, 0x08, 0xaa, 0x01, 0x02, 0x80, 0x52, 0xa2, 0xf3, 0xff, 0x97, 
    0x28, 0x2c, 0x4a, 0xa9, 0x0a, 0x00, 0x80, 0x12, 0x09, 0x01, 0x40, 0xb9, 
    0x6b, 0xfd, 0xdf, 0x88, 0x2c, 0x5c, 0x40, 0xf9, 0x6b, 0x01, 0x09, 0x4b, 
    0x8a, 0x01, 0x0a, 0x8b, 0x5f, 0x01, 0x0b, 0xea, 0x60, 0x02, 0x00, 0x54, 
    0xff, 0x83, 0x00, 0xd1, 0x2b, 0x58, 0x40, 0xf9, 0x4a, 0x01, 0x09, 0x8a, 
    0x29, 0x05, 0x00, 0x11, 0x6a, 0x15, 0x0a, 0x8b, 0x4b, 0x31, 0x40, 0xa9, 
    0x4d, 0x29, 0x41, 0xa9, 0xeb, 0x33, 0x00, 0xa9, 0xed, 0x2b, 0x01, 0xa9, 
    0x09, 0xfd, 0x9f, 0x88, 0xe8, 0x03, 0x0b, 0xaa, 0xe9, 0x03, 0x0c, 0xaa, 
    0x08, 0xa4, 0x00, 0xa9, 0xe8, 0x03, 0x0d, 0xaa, 0x08, 0xa8, 0x01, 0xa9, 
    0x28, 0x00, 0x80, 0x52, 0xff, 0x83, 0x00, 0x91, 0x02, 0x00, 0x00, 0x14, 
    0xe8, 0x03, 0x1f, 0xaa, 0x08, 0x00, 0x00, 0xf9, 0xc0, 0x03, 0x5f, 0xd6, 
    0x08, 0x00, 0x40, 0xb9, 0x1f, 0x05, 0x00, 0x71, 0x41, 0x03, 0x00, 0x54, 
    0x08, 0x8c, 0x40, 0xb9, 0x29, 0x04, 0x00, 0x51, 0x3f, 0x01, 0x08, 0x6b, 
    0xc2, 0x02, 0x00, 0x54, 0x09, 0x20, 0x00, 0x91, 0x0a, 0x00, 0x80, 0x92, 
    0xe8, 0x03, 0x09, 0xaa, 0x5f, 0x3d, 0x00, 0xf1, 0x20, 0x02, 0x00, 0x54, 
    0x0b, 0x85, 0x40, 0xf8, 0x4a, 0x05, 0x00, 0x91, 0x8b, 0xff, 0xff, 0xb4, 
    0x68, 0x01, 0xc0, 0xda, 0x0d, 0x11, 0xc0, 0xda, 0x08, 0x20, 0x41, 0x79, 
    0xac, 0x19, 0x0a, 0x2a, 0x9f, 0x01, 0x08, 0x6b, 0x02, 0x01, 0x00, 0x54, 
    0x28, 0x00, 0x80, 0x52, 0x0d, 0x21, 0xcd, 0x9a, 0x6b, 0x01, 0x2d, 0x8a, 
    0x2b, 0x79, 0x2a, 0xf8, 0x0a, 0x24, 0x51, 0x29, 0x21, 0x29, 0x0c, 0x1b, 
    0x02, 0x00, 0x00, 0x14, 0xe8, 0x03, 0x1f, 0x2a, 0xe0, 0x03, 0x08, 0x2a, 
    0xc0, 0x03, 0x5f, 0xd6, 0xfe, 0x4f, 0xbf, 0xa9, 0xf3, 0x03, 0x00, 0xaa, 
    0x2a, 0x00, 0x00, 0x94, 0x7f, 0x42, 0x00, 0xf1, 0x08, 0x02, 0x80, 0x52, 
    0x68, 0x82, 0x88, 0x9a, 0x08, 0x7d, 0x00, 0x91, 0x13, 0xed, 0x7c, 0x92, 
    0xe0, 0x03, 0x13, 0xaa, 0x2f, 0x00, 0x00, 0x94, 0xa0, 0x00, 0x00, 0xb4, 
    0x28, 0x00, 0x00, 0xb0, 0x08, 0x41, 0x00, 0x91, 0x00, 0x40, 0x00, 0x91, 
    0x1b, 0x00, 0x00, 0x14, 0x30, 0x00, 0x00, 0xb0, 0x68, 0x42, 0x00, 0x91, 
    0x62, 0x00, 0x80, 0x52, 0x11, 0x06, 0x40, 0xf9, 0x1f, 0x01, 0x11, 0xeb, 
    0x08, 0x81, 0x91, 0x9a, 0x08, 0xfd, 0x3f, 0x91, 0x01, 0xcd, 0x74, 0x92, 
    0x88, 0x00, 0x80, 0x52, 0x01, 0x00, 0x00, 0xd4, 0x1f, 0x04, 0x00, 0xf1, 
    0x8b, 0x01, 0x00, 0x54, 0x28, 0xfa, 0x7f, 0xd3, 0x09, 0x02, 0xa0, 0x52, 
    0x1f, 0x01, 0x44, 0xf1, 0x08, 0x31, 0x89, 0x9a, 0x08, 0x06, 0x00, 0xf9, 
    0x01, 0x7c, 0x00, 0xa9, 0x36, 0x00, 0x00, 0x94, 0xe0, 0x03, 0x13, 0xaa, 
    0x15, 0x00, 0x00, 0x94, 0xe0, 0xfc, 0xff, 0xb5, 0x02, 0x00, 0x00, 0x14, 
    0xe0, 0x03, 0x1f, 0xaa, 0x28, 0x00, 0x00, 0xb0, 0x08, 0x41, 0x00, 0x91, 
    0x1f, 0xfd, 0x9f, 0x08, 0xfe, 0x4f, 0xc1, 0xa8, 0xc0, 0x03, 0x5f, 0xd6, 
    0x28, 0x00, 0x00, 0xb0, 0x08, 0x41, 0x00, 0x91, 0x29, 0x00, 0x80, 0x52, 
    0x0a, 0xfd, 0x5f, 0x08, 0x6a, 0x00, 0x00, 0x34, 0x5f, 0x3f, 0x03, 0xd5, 
    0x03, 0x00, 0x00, 0x14, 0x09, 0x7d, 0x0a, 0x08, 0x6a, 0x00, 0x00, 0x34, 
    0xdf, 0x3f, 0x03, 0xd5, 0xf9, 0xff, 0xff, 0x17, 0xc0, 0x03, 0x5f, 0xd6, 
    0xe8, 0x03, 0x00, 0xaa, 0xe9, 0x03, 0x1f, 0xaa, 0x1f, 0x20, 0x03, 0xd5, 
    0xaa, 0x4e, 0x02, 0x10, 0x40, 0x01, 0x40, 0xf9, 0xc0, 0x02, 0x00, 0xb4, 
    0x0a, 0x00, 0x40, 0xf9, 0x4a, 0x01, 0x08, 0xeb, 0x82, 0x00, 0x00, 0x54, 
    0x0a, 0x20, 0x00, 0x91, 0xe9, 0x03, 0x00, 0xaa, 0xf9, 0xff, 0xff, 0x17, 
    0x5f, 0x7d, 0x00, 0xf1, 0x09, 0x01, 0x00, 0x54, 0x0c, 0x04, 0x40, 0xf9, 
    0x0b, 0x00, 0x08, 0x8b, 0x08, 0x00, 0x00, 0xf9, 0x6a, 0x31, 0x00, 0xa9, 
    0xe9, 0x00, 0x00, 0xb4, 0x2b, 0x05, 0x00, 0xf9, 0xc0, 0x03, 0x5f, 0xd6, 
    0x08, 0x04, 0x40, 0xf9, 0xc9, 0x00, 0x00, 0xb4, 0x28, 0x05, 0x00, 0xf9, 
    0xc0, 0x03, 0x5f, 0xd6, 0x28, 0x00, 0x00, 0xb0, 0x0b, 0x01, 0x00, 0xf9, 
    0xc0, 0x03, 0x5f, 0xd6, 0x29, 0x00, 0x00, 0xb0, 0x28, 0x01, 0x00, 0xf9, 
    0xc0, 0x03, 0x5f, 0xd6, 0xe9, 0x03, 0x1f, 0xaa, 0x1f, 0x20, 0x03, 0xd5, 
    0xea, 0x4a, 0x02, 0x10, 0xe8, 0x03, 0x09, 0xaa, 0x49, 0x01, 0x40, 0xf9, 
    0x3f, 0x01, 0x00, 0xeb, 0x62, 0x00, 0x00, 0x54, 0x2a, 0x21, 0x00, 0x91, 
    0x69, 0xff, 0xff, 0xb5, 0x09, 0x04, 0x00, 0xf9, 0x88, 0x00, 0x00, 0xb4, 
    0x00, 0x05, 0x00, 0xf9, 0xa9, 0x00, 0x00, 0xb5, 0x0d, 0x00, 0x00, 0x14, 
    0x2a, 0x00, 0x00, 0xb0, 0x40, 0x01, 0x00, 0xf9, 0x49, 0x01, 0x00, 0xb4, 
    0x0a, 0x00, 0x40, 0xf9, 0x4b, 0x01, 0x00, 0x8b, 0x7f, 0x01, 0x09, 0xeb, 
    0xc1, 0x00, 0x00, 0x54, 0x2b, 0x01, 0x40, 0xf9, 0x6a, 0x01, 0x0a, 0x8b, 
    0x0a, 0x00, 0x00, 0xf9, 0x29, 0x05, 0x40, 0xf9, 0x09, 0x04, 0x00, 0xf9, 
    0x48, 0x01, 0x00, 0xb4, 0x09, 0x01, 0x40, 0xf9, 0x2a, 0x01, 0x08, 0x8b, 
    0x5f, 0x01, 0x00, 0xeb, 0xc1, 0x00, 0x00, 0x54, 0x0a, 0x00, 0x40, 0xf9, 
    0x49, 0x01, 0x09, 0x8b, 0x09, 0x01, 0x00, 0xf9, 0x09, 0x04, 0x40, 0xf9, 
    0x09, 0x05, 0x00, 0xf9, 0xc0, 0x03, 0x5f, 0xd6, 0xfe, 0x4f, 0xbf, 0xa9, 
    0x3f, 0x44, 0x00, 0xf1, 0x62, 0x00, 0x00, 0x54, 0x13, 0x40, 0x00, 0xd1, 
    0x02, 0x00, 0x00, 0x14, 0x13, 0x80, 0x5f, 0xf8, 0xaa, 0xff, 0xff, 0x97, 
    0xe0, 0x03, 0x13, 0xaa, 0xd3, 0xff, 0xff, 0x97, 0x28, 0x00, 0x00, 0xb0, 
    0x08, 0x41, 0x00, 0x91, 0x1f, 0xfd, 0x9f, 0x08, 0xfe, 0x4f, 0xc1, 0xa8, 
    0xc0, 0x03, 0x5f, 0xd6, 0xe2, 0x02, 0x00, 0x34, 0x0a, 0x00, 0x80, 0x92, 
    0x49, 0x01, 0x80, 0x52, 0xeb, 0x03, 0x02, 0x2a, 0x48, 0x05, 0x00, 0x91, 
    0x8b, 0x00, 0x00, 0x34, 0x6b, 0x09, 0xc9, 0x1a, 0xea, 0x03, 0x08, 0xaa, 
    0xfc, 0xff, 0xff, 0x17, 0x4b, 0x01, 0x80, 0x52, 0xcc, 0x1e, 0x80, 0x52, 
    0xe9, 0x03, 0x0a, 0xaa, 0x3f, 0x05, 0x00, 0xb1, 0xa0, 0x01, 0x00, 0x54, 
    0x5f, 0x01, 0x01, 0xeb, 0xa2, 0x01, 0x00, 0x54, 0x4d, 0x08, 0xcb, 0x1a, 
    0xae, 0x09, 0x0c, 0x1b, 0xe2, 0x03, 0x0d, 0x2a, 0xcd, 0x05, 0x1c, 0x32, 
    0x0d, 0x68, 0x29, 0x38, 0x29, 0x05, 0x00, 0xd1, 0xf6, 0xff, 0xff, 0x17, 
    0x08, 0x06, 0x80, 0x52, 0x08, 0x00, 0x00, 0x39, 0x28, 0x00, 0x80, 0x52, 
    0xe0, 0x03, 0x08, 0xaa, 0xc0, 0x03, 0x5f, 0xd6, 0xfe, 0x0f, 0x1f, 0xf8, 
    0x1f, 0x20, 0x03, 0xd5, 0x82, 0xeb, 0x01, 0x10, 0xe0, 0x03, 0x09, 0xaa, 
    0xba, 0xf2, 0xff, 0x97, 0xfe, 0x0f, 0x1d, 0xf8, 0xd0, 0x00, 0x00, 0x94, 
    0x68, 0x00, 0x01, 0x8b, 0x09, 0x20, 0x80, 0x52, 0xf4, 0x03, 0x03, 0xaa, 
    0x1f, 0x01, 0x04, 0xf1, 0xf3, 0x03, 0x02, 0xaa, 0xe2, 0x03, 0x00, 0xaa, 
    0x16, 0x31, 0x89, 0x9a, 0x1f, 0x20, 0x03, 0xd5, 0x64, 0xeb, 0x01, 0x10, 
    0xd5, 0x02, 0x01, 0xcb, 0xe0, 0x03, 0x01, 0xaa, 0xe1, 0x03, 0x16, 0xaa, 
    0x03, 0x20, 0x80, 0x52, 0x4f, 0x00, 0x00, 0x94, 0xbf, 0x02, 0x14, 0xeb, 
    0x28, 0x01, 0x00, 0x54, 0x1f, 0x20, 0x03, 0xd5, 0xc4, 0xeb, 0x01, 0x10, 
    0xe2, 0x03, 0x13, 0xaa, 0xd6, 0x00, 0x00, 0x94, 0xe0, 0x03, 0x16, 0xaa, 
    0xeb, 0x00, 0x00, 0x94, 0xfe, 0x07, 0x43, 0xf8, 0xc0, 0x03, 0x5f, 0xd6, 
    0x1f, 0x20, 0x03, 0xd5, 0x03, 0xea, 0x01, 0x10, 0xe0, 0x03, 0x1f, 0xaa, 
    0xe1, 0x03, 0x15, 0xaa, 0xe2, 0x03, 0x14, 0xaa, 0xa4, 0xf2, 0xff, 0x97, 
    0x3f, 0x64, 0x00, 0xf1, 0x42, 0x00, 0x00, 0x54, 0xc0, 0x03, 0x5f, 0xd6, 
    0xfe, 0x0f, 0x1f, 0xf8, 0xd8, 0x00, 0x00, 0x94, 0x02, 0x03, 0x80, 0x52, 
    0x9d, 0xf2, 0xff, 0x97, 0x08, 0x1c, 0x00, 0x12, 0x1f, 0x31, 0x00, 0x71, 
    0x48, 0x01, 0x00, 0x54, 0x29, 0x00, 0x80, 0x52, 0x4a, 0x08, 0x83, 0x52, 
    0x29, 0x21, 0xc8, 0x1a, 0x3f, 0x01, 0x0a, 0x6a, 0xa0, 0x00, 0x00, 0x54, 
    0x1f, 0x20, 0x03, 0xd5, 0xe0, 0xe8, 0x01, 0x10, 0x61, 0x00, 0x80, 0x52, 
    0xc0, 0x03, 0x5f, 0xd6, 0x1f, 0x20, 0x03, 0xd5, 0x69, 0xe8, 0x01, 0x70, 
    0x6a, 0x00, 0x80, 0x52, 0x1f, 0x0d, 0x02, 0x71, 0x08, 0x00, 0x00, 0xf0, 
    0x08, 0x35, 0x25, 0x91, 0x8b, 0x00, 0x80, 0x52, 0x00, 0x01, 0x89, 0x9a, 
    0x61, 0x01, 0x8a, 0x9a, 0xc0, 0x03, 0x5f, 0xd6, 0xc1, 0x02, 0x00, 0xb4, 
    0x08, 0x00, 0x80, 0x92, 0x4a, 0x01, 0x80, 0x52, 0xeb, 0x03, 0x01, 0xaa, 
    0x09, 0x05, 0x00, 0x91, 0x8b, 0x00, 0x00, 0xb4, 0x6b, 0x09, 0xca, 0x9a, 
    0xe8, 0x03, 0x09, 0xaa, 0xfc, 0xff, 0xff, 0x17, 0x4a, 0x01, 0x80, 0x52, 
    0xcb, 0x1e, 0x80, 0x52, 0x1f, 0x05, 0x00, 0xb1, 0xa0, 0x01, 0x00, 0x54, 
    0x3f, 0x61, 0x00, 0xf1, 0xa8, 0x01, 0x00, 0x54, 0x2c, 0x08, 0xca, 0x9a, 
    0x8d, 0x05, 0x0b, 0x1b, 0xe1, 0x03, 0x0c, 0xaa, 0xac, 0x05, 0x1c, 0x32, 
    0x0c, 0x68, 0x28, 0x38, 0x08, 0x05, 0x00, 0xd1, 0xf6, 0xff, 0xff, 0x17, 
    0x08, 0x06, 0x80, 0x52, 0x29, 0x00, 0x80, 0x52, 0x08, 0x00, 0x00, 0x39, 
    0xe0, 0x03, 0x09, 0xaa, 0xc0, 0x03, 0x5f, 0xd6, 0xfe, 0x0f, 0x1f, 0xf8, 
    0x1f, 0x20, 0x03, 0xd5, 0xa2, 0xe0, 0x01, 0x10, 0xe0, 0x03, 0x08, 0xaa, 
    0x01, 0x03, 0x80, 0x52, 0x5c, 0xf2, 0xff, 0x97, 0x28, 0x00, 0x00, 0xeb, 
    0x22, 0x20, 0x43, 0xfa, 0x48, 0x00, 0x00, 0x54, 0x45, 0x00, 0x00, 0x14, 
    0xfe, 0x0f, 0x1f, 0xf8, 0x40, 0x00, 0x00, 0x94, 0xe5, 0x03, 0x1e, 0xaa, 
    0xcb, 0x00, 0x00, 0x94, 0xfe, 0x03, 0x05, 0xaa, 0xf7, 0xff, 0xff, 0x17, 
    0xe8, 0x03, 0x00, 0xaa, 0xe3, 0x03, 0x02, 0xaa, 0xe0, 0x03, 0x01, 0xaa, 
    0xe1, 0x03, 0x08, 0xaa, 0x02, 0x04, 0x80, 0x52, 0xf7, 0xff, 0xff, 0x17, 
    0xfd, 0x0f, 0x1c, 0xf8, 0xfe, 0x5f, 0x01, 0xa9, 0x64, 0x00, 0x00, 0x94, 
    0xff, 0x43, 0x08, 0xd1, 0x11, 0x00, 0x00, 0x94, 0x2b, 0x00, 0x00, 0x94, 
    0x1f, 0x20, 0x03, 0xd5, 0x41, 0xe1, 0x01, 0x10, 0xe0, 0x23, 0x00, 0x91, 
    0xa2, 0x00, 0x80, 0x52, 0xec, 0xf7, 0xff, 0x97, 0x38, 0x00, 0x00, 0x94, 
    0x08, 0x01, 0x00, 0x94, 0x4d, 0x00, 0x00, 0x94, 0x31, 0x00, 0x00, 0x94, 
    0xff, 0x43, 0x08, 0x91, 0x81, 0x00, 0x00, 0x94, 0xfe, 0x5f, 0x41, 0xa9, 
    0x96, 0x00, 0x00, 0x14, 0xfe, 0x0f, 0x1f, 0xf8, 0xe4, 0xe1, 0xff, 0x97, 
    0xf5, 0x03, 0x02, 0xaa, 0xf6, 0x03, 0x01, 0x2a, 0xf7, 0x03, 0x00, 0xaa, 
    0xe0, 0x23, 0x00, 0x91, 0xe1, 0x03, 0x1f, 0x2a, 0x02, 0x40, 0x80, 0x52, 
    0xf3, 0x03, 0x04, 0x2a, 0xf4, 0x03, 0x03, 0xaa, 0xb2, 0x01, 0x00, 0x14, 
    0xe1, 0x1b, 0x40, 0x91, 0xe0, 0x43, 0x09, 0x91, 0x02, 0x41, 0x80, 0x52, 
    0x21, 0xc0, 0x23, 0x91, 0xac, 0x01, 0x00, 0x14, 0xe1, 0x43, 0x00, 0x91, 
    0xe9, 0xa3, 0x01, 0xa9, 0xe9, 0x17, 0x00, 0xf9, 0x03, 0xf2, 0xff, 0x17, 
    0xe2, 0x03, 0x00, 0xaa, 0xe3, 0x03, 0x01, 0xaa, 0xe0, 0x83, 0x25, 0x91, 
    0xe1, 0x03, 0x17, 0xaa, 0x67, 0xff, 0xff, 0x17, 0xe0, 0x83, 0x37, 0x91, 
    0xe1, 0xc3, 0x0a, 0x91, 0x02, 0x41, 0x80, 0x52, 0x9f, 0x01, 0x00, 0x14, 
    0x08, 0x01, 0x80, 0x52, 0xe0, 0x23, 0x00, 0x91, 0xe1, 0x03, 0x16, 0x2a, 
    0xe8, 0x07, 0x01, 0xf9, 0x9f, 0xf7, 0xff, 0x17, 0xe2, 0x03, 0x03, 0xaa, 
    0xe3, 0x03, 0x04, 0xaa, 0x1e, 0xf2, 0xff, 0x17, 0x40, 0x00, 0x00, 0x8b, 
    0xe1, 0x03, 0x08, 0xaa, 0xc0, 0x03, 0x5f, 0xd6, 0xe0, 0x03, 0x17, 0xaa, 
    0xe1, 0x03, 0x16, 0xaa, 0xe2, 0x03, 0x18, 0xaa, 0x71, 0xf9, 0xff, 0x17, 
    0xe1, 0x23, 0x00, 0x91, 0xe0, 0x03, 0x17, 0xaa, 0x02, 0x41, 0x80, 0x52, 
    0x8c, 0x01, 0x00, 0x14, 0xe0, 0x23, 0x00, 0x91, 0xe1, 0x03, 0x15, 0xaa, 
    0xe2, 0x03, 0x14, 0xaa, 0x17, 0xf7, 0xff, 0x17, 0xe2, 0x43, 0x00, 0x91, 
    0x81, 0x00, 0x80, 0x52, 0x83, 0x00, 0x80, 0x52, 0x08, 0x01, 0x00, 0x14, 
    0x02, 0x41, 0x80, 0x52, 0x82, 0x01, 0x00, 0x14, 0xe1, 0x03, 0x08, 0xaa, 
    0xc0, 0x03, 0x5f, 0xd6, 0x01, 0x40, 0x80, 0x52, 0xfb, 0xf1, 0xff, 0x17, 
    0x08, 0x01, 0x40, 0xf9, 0xe1, 0x47, 0x00, 0xb9, 0xe1, 0x03, 0x1b, 0x2a, 
    0xed, 0x1f, 0x00, 0xf9, 0xe8, 0x83, 0x02, 0xa9, 0x72, 0xfe, 0xff, 0x17, 
    0xe1, 0x03, 0x02, 0xaa, 0xe2, 0x03, 0x04, 0xaa, 0xa0, 0xf6, 0xff, 0x17, 
    0xe0, 0x23, 0x00, 0x91, 0xe1, 0x03, 0x13, 0x2a, 0xad, 0xf7, 0xff, 0x17, 
    0x68, 0x96, 0x5f, 0xf9, 0xe0, 0x03, 0x13, 0xaa, 0xe1, 0x03, 0x14, 0xaa, 
    0x08, 0x05, 0x00, 0x91, 0x68, 0x96, 0x1f, 0xf9, 0x1c, 0xf5, 0xff, 0x17, 
    0xf6, 0x57, 0x01, 0xa9, 0xf4, 0x4f, 0x02, 0xa9, 0xc0, 0x03, 0x5f, 0xd6, 
    0xf6, 0x57, 0x02, 0xa9, 0xf4, 0x4f, 0x03, 0xa9, 0xc0, 0x03, 0x5f, 0xd6, 
    0xe0, 0x03, 0x14, 0xaa, 0x01, 0x05, 0x00, 0x91, 0x22, 0x00, 0x02, 0x8b, 
    0x81, 0x02, 0x01, 0xf9, 0xe6, 0xf6, 0xff, 0x17, 0xe3, 0x03, 0x16, 0xaa, 
    0xe3, 0x00, 0x00, 0x14, 0xe4, 0x03, 0x1f, 0x2a, 0x8f, 0xff, 0xff, 0x17, 
    0xfc, 0x6f, 0x01, 0xa9, 0xfa, 0x67, 0x02, 0xa9, 0xf8, 0x5f, 0x03, 0xa9, 
    0xf6, 0x57, 0x04, 0xa9, 0xf4, 0x4f, 0x05, 0xa9, 0xc0, 0x03, 0x5f, 0xd6, 
    0x1f, 0x20, 0x03, 0xd5, 0xc1, 0x2d, 0x01, 0x10, 0xe0, 0x23, 0x00, 0x91, 
    0x62, 0x00, 0x80, 0x52, 0x7a, 0xf7, 0xff, 0x17, 0xe3, 0x03, 0x15, 0xaa, 
    0xd4, 0x00, 0x00, 0x14, 0x68, 0x02, 0x41, 0xf9, 0xe0, 0x03, 0x13, 0xaa, 
    0x01, 0x01, 0x15, 0x8b, 0x61, 0x02, 0x01, 0xf9, 0xf4, 0xef, 0xff, 0x17, 
    0xe0, 0x43, 0x00, 0x91, 0xe2, 0x23, 0x00, 0x91, 0xe1, 0x03, 0x13, 0x2a, 
    0x03, 0x01, 0x80, 0x52, 0x60, 0xfd, 0xff, 0x17, 0xf4, 0x03, 0x01, 0xaa, 
    0xf3, 0x03, 0x00, 0xaa, 0xe0, 0x33, 0x00, 0x91, 0x21, 0x80, 0x02, 0x91, 
    0x23, 0xfc, 0xff, 0x17, 0xe3, 0x03, 0x02, 0xaa, 0xe0, 0x03, 0x1f, 0xaa, 
    0xc0, 0x03, 0x5f, 0xd6, 0xf4, 0x4f, 0x43, 0xa9, 0xf6, 0x57, 0x42, 0xa9, 
    0xc0, 0x03, 0x5f, 0xd6, 0xf4, 0x4f, 0x42, 0xa9, 0xf6, 0x57, 0x41, 0xa9, 
    0xc0, 0x03, 0x5f, 0xd6, 0x02, 0x40, 0x80, 0x52, 0xbd, 0xf1, 0xff, 0x17, 
    0xe0, 0x83, 0x37, 0x91, 0xd6, 0xf6, 0xff, 0x17, 0x09, 0x01, 0x41, 0xf9, 
    0x29, 0x05, 0x00, 0x91, 0x09, 0x01, 0x01, 0xf9, 0xc0, 0x03, 0x5f, 0xd6, 
    0x68, 0x26, 0x40, 0xa9, 0xf6, 0x57, 0x41, 0xa9, 0x88, 0x26, 0x00, 0xa9, 
    0x68, 0x2a, 0x41, 0xa9, 0x88, 0x2a, 0x01, 0xa9, 0xf4, 0x4f, 0x42, 0xa9, 
    0xc0, 0x03, 0x5f, 0xd6, 0xe0, 0x43, 0x09, 0x91, 0xc9, 0xf6, 0xff, 0x17, 
    0xfd, 0x07, 0x44, 0xf8, 0xc0, 0x03, 0x5f, 0xd6, 0x23, 0x00, 0x80, 0x52, 
    0xe7, 0xfe, 0xff, 0x17, 0x61, 0x03, 0x1a, 0x8b, 0xe0, 0x03, 0x17, 0xaa, 
    0xe2, 0x03, 0x14, 0xaa, 0x00, 0x01, 0x1f, 0xd6, 0x24, 0x00, 0x80, 0x52, 
    0x81, 0xef, 0xff, 0x17, 0xf4, 0x4f, 0x44, 0xa9, 0xf6, 0x57, 0x43, 0xa9, 
    0xf8, 0x5f, 0x42, 0xa9, 0xc0, 0x03, 0x5f, 0xd6, 0xf4, 0x4f, 0x45, 0xa9, 
    0xf6, 0x57, 0x44, 0xa9, 0xf8, 0x5f, 0x43, 0xa9, 0xc0, 0x03, 0x5f, 0xd6, 
    0xf8, 0x5f, 0x02, 0xa9, 0xf6, 0x57, 0x03, 0xa9, 0xf4, 0x4f, 0x04, 0xa9, 
    0xc0, 0x03, 0x5f, 0xd6, 0x68, 0x02, 0x41, 0xf9, 0x00, 0x05, 0x00, 0x91, 
    0x1f, 0x00, 0x08, 0xf1, 0xc0, 0x03, 0x5f, 0xd6, 0xe8, 0x03, 0x00, 0xaa, 
    0xe4, 0x03, 0x03, 0xaa, 0xe3, 0x03, 0x02, 0xaa, 0xe2, 0x03, 0x01, 0xaa, 
    0xe0, 0x03, 0x1f, 0xaa, 0xe1, 0x03, 0x08, 0xaa, 0xc0, 0x03, 0x5f, 0xd6, 
    0x23, 0x04, 0x40, 0xf9, 0xf3, 0x03, 0x01, 0xaa, 0x17, 0x01, 0x16, 0x8b, 
    0xf4, 0x03, 0x00, 0xaa, 0xff, 0x02, 0x03, 0xeb, 0xc0, 0x03, 0x5f, 0xd6, 
    0xf3, 0x03, 0x00, 0xaa, 0x00, 0x00, 0x41, 0xf9, 0x48, 0x00, 0x00, 0x8b, 
    0x08, 0x29, 0x00, 0x91, 0x1f, 0x01, 0x08, 0xf1, 0xc0, 0x03, 0x5f, 0xd6, 
    0x40, 0x00, 0x80, 0x52, 0x41, 0x00, 0x80, 0x52, 0x74, 0xf1, 0xff, 0x17, 
    0xe0, 0x03, 0x1f, 0xaa, 0xe1, 0x03, 0x1f, 0xaa, 0x71, 0xf1, 0xff, 0x17, 
    0xe0, 0x03, 0x15, 0xaa, 0xe1, 0x03, 0x16, 0x2a, 0xad, 0xfd, 0xff, 0x17, 
    0x02, 0x10, 0x80, 0x52, 0xef, 0x00, 0x00, 0x14, 0xf4, 0x4f, 0x44, 0xa9, 
    0xff, 0x43, 0x01, 0x91, 0xe7, 0xfb, 0xff, 0x17, 0x02, 0x04, 0x80, 0x52, 
    0x71, 0xf1, 0xff, 0x17, 0xe1, 0x03, 0x1f, 0x2a, 0x02, 0x08, 0x80, 0x52, 
    0xe8, 0x00, 0x00, 0x14, 0xe1, 0x03, 0x1f, 0x2a, 0x02, 0x48, 0x80, 0x52, 
    0xe5, 0x00, 0x00, 0x14, 0xe1, 0x03, 0x1f, 0x2a, 0x02, 0x20, 0x80, 0x52, 
    0xe2, 0x00, 0x00, 0x14, 0xe1, 0x03, 0x1f, 0x2a, 0x02, 0x04, 0x80, 0x52, 
    0xdf, 0x00, 0x00, 0x14, 0x81, 0x00, 0x80, 0x52, 0x59, 0xf1, 0xff, 0x17, 
    0xe2, 0x03, 0x15, 0xaa, 0xe3, 0x03, 0x13, 0xaa, 0x5d, 0x00, 0x00, 0x14, 
    0x02, 0x01, 0x80, 0x52, 0xa4, 0xe0, 0xff, 0x17, 0x18, 0x48, 0x80, 0x52, 
    0xf9, 0x03, 0x00, 0x91, 0xd5, 0x00, 0x00, 0x14, 0x02, 0x48, 0x80, 0x52, 
    0x59, 0xf1, 0xff, 0x17, 0xe4, 0x03, 0x1f, 0x2a, 0x34, 0xef, 0xff, 0x17, 
    0x01, 0x01, 0x80, 0x52, 0x4b, 0xf1, 0xff, 0x17, 0x00, 0x01, 0x09, 0xaa, 
    0xff, 0xc3, 0x00, 0x91, 0xc0, 0x03, 0x5f, 0xd6, 0x00, 0x02, 0x80, 0x52, 
    0x01, 0x02, 0x80, 0x52, 0x45, 0xf1, 0xff, 0x17, 0xff, 0x83, 0x00, 0x91, 
    0xc0, 0x03, 0x5f, 0xd6, 0xff, 0x83, 0x00, 0x91, 0xc0, 0x03, 0x5f, 0xd6, 
    0xe0, 0xc3, 0x0a, 0x91, 0x81, 0x00, 0x80, 0x52, 0x4e, 0xf7, 0xff, 0x17, 
    0xe0, 0x03, 0x08, 0xaa, 0xe1, 0x03, 0x17, 0xaa, 0x17, 0xfb, 0xff, 0x17, 
    0xf7, 0x03, 0x00, 0xaa, 0xe0, 0x83, 0x37, 0x91, 0xbc, 0xfe, 0xff, 0x17, 
    0xe0, 0x23, 0x00, 0x91, 0xfe, 0xf6, 0xff, 0x17, 0xa1, 0x03, 0x1c, 0x4b, 
    0xe0, 0x03, 0x13, 0xaa, 0xa3, 0xf1, 0xff, 0x17, 0x62, 0x00, 0x80, 0x52, 
    0x03, 0x59, 0x76, 0xf8, 0xed, 0xf5, 0xff, 0x17, 0x02, 0x27, 0x80, 0x52, 
    0xb1, 0x00, 0x00, 0x14, 0xa3, 0x00, 0x80, 0x52, 0x33, 0x00, 0x00, 0x14, 
    0xe0, 0x03, 0x00, 0xad, 0xe0, 0x03, 0x01, 0xad, 0xe0, 0x03, 0x02, 0xad, 
    0xe0, 0x03, 0x03, 0xad, 0xc0, 0x03, 0x5f, 0xd6, 0xe2, 0x17, 0x40, 0xf9, 
    0x68, 0x0b, 0x80, 0x52, 0xc0, 0x06, 0x00, 0x91, 0xe3, 0x03, 0x14, 0xaa, 
    0xc0, 0x03, 0x5f, 0xd6, 0x7f, 0x6a, 0x20, 0x38, 0xf6, 0x03, 0x01, 0xaa, 
    0xe0, 0x03, 0x13, 0xaa, 0x68, 0x02, 0x41, 0xf9, 0xc0, 0x03, 0x5f, 0xd6, 
    0xf5, 0x03, 0x08, 0xaa, 0x68, 0x6a, 0x68, 0xf8, 0x94, 0x06, 0x00, 0x91, 
    0x1f, 0x09, 0x00, 0xf1, 0xc0, 0x03, 0x5f, 0xd6, 0x88, 0x02, 0x41, 0xf9, 
    0x08, 0x01, 0x13, 0x8b, 0x88, 0x02, 0x01, 0xf9, 0xf4, 0x4f, 0x41, 0xa9, 
    0xc0, 0x03, 0x5f, 0xd6, 0xf3, 0x03, 0x02, 0xaa, 0x93, 0x6a, 0x20, 0x38, 
    0xf5, 0x03, 0x01, 0xaa, 0x88, 0x02, 0x41, 0xf9, 0xc0, 0x03, 0x5f, 0xd6, 
    0xf3, 0x03, 0x00, 0x2a, 0xe1, 0x13, 0x00, 0xb9, 0xe8, 0x07, 0x00, 0xf9, 
    0xe8, 0x23, 0x00, 0x91, 0xc0, 0x03, 0x5f, 0xd6, 0xe8, 0x23, 0x00, 0x91, 
    0x1f, 0x20, 0x03, 0xd5, 0xc9, 0x08, 0xfe, 0x10, 0xe0, 0xa3, 0x00, 0xa9, 
    0xe8, 0xe3, 0x00, 0x91, 0xc0, 0x03, 0x5f, 0xd6, 0xfe, 0x0f, 0x1f, 0xf8, 
    0x08, 0x28, 0x01, 0xb9, 0x00, 0x80, 0x02, 0x91, 0xbd, 0xfb, 0xff, 0x97, 
    0x68, 0x7e, 0x60, 0xd3, 0x1f, 0x00, 0x00, 0x71, 0x09, 0x00, 0x00, 0x52, 
    0xfe, 0x07, 0x41, 0xf8, 0xc0, 0x03, 0x5f, 0xd6, 0x3f, 0x00, 0x03, 0xeb, 
    0xa1, 0x00, 0x00, 0x54, 0xe8, 0x03, 0x01, 0xaa, 0xe1, 0x03, 0x02, 0xaa, 
    0xe2, 0x03, 0x08, 0xaa, 0x77, 0x00, 0x00, 0x14, 0x20, 0x00, 0x20, 0xd4, 
    0xfe, 0x0f, 0x1b, 0xf8, 0xfa, 0x67, 0x01, 0xa9, 0xf8, 0x5f, 0x02, 0xa9, 
    0xf6, 0x57, 0x03, 0xa9, 0xf4, 0x4f, 0x04, 0xa9, 0x5f, 0x40, 0x00, 0xf1, 
    0xf3, 0x03, 0x00, 0xaa, 0xe3, 0x00, 0x00, 0x54, 0x4e, 0x00, 0x00, 0x94, 
    0x5f, 0x01, 0x15, 0xeb, 0xc2, 0x00, 0x00, 0x54, 0x2b, 0x15, 0x40, 0x38, 
    0x4b, 0x15, 0x00, 0x38, 0xfc, 0xff, 0xff, 0x17, 0xe8, 0x03, 0x13, 0xaa, 
    0x16, 0x00, 0x00, 0x14, 0x4e, 0x00, 0x00, 0x94, 0xb9, 0x02, 0x18, 0x8b, 
    0x20, 0x01, 0x00, 0x54, 0xf4, 0x03, 0x16, 0xaa, 0xfa, 0x03, 0x15, 0xaa, 
    0x5f, 0x03, 0x19, 0xeb, 0x82, 0x01, 0x00, 0x54, 0x45, 0x00, 0x00, 0x94, 
    0x94, 0x22, 0x00, 0x91, 0x40, 0x87, 0x00, 0xf8, 0xfb, 0xff, 0xff, 0x17, 
    0xe8, 0x03, 0x16, 0xaa, 0xe9, 0x03, 0x15, 0xaa, 0x3f, 0x01, 0x19, 0xeb, 
    0x82, 0x00, 0x00, 0x54, 0x0a, 0x85, 0x40, 0xf8, 0x2a, 0x85, 0x00, 0xf8, 
    0xfc, 0xff, 0xff, 0x17, 0xa8, 0x02, 0x18, 0x8b, 0xc1, 0x02, 0x18, 0x8b, 
    0xe2, 0x0a, 0x40, 0x92, 0x09, 0x01, 0x02, 0x8b, 0x1f, 0x01, 0x09, 0xeb, 
    0x82, 0x00, 0x00, 0x54, 0x2a, 0x14, 0x40, 0x38, 0x0a, 0x15, 0x00, 0x38, 
    0xfc, 0xff, 0xff, 0x17, 0x25, 0x00, 0x00, 0x94, 0xfe, 0x07, 0x45, 0xf8, 
    0xc0, 0x03, 0x5f, 0xd6, 0x5f, 0x40, 0x00, 0xf1, 0x23, 0x01, 0x00, 0x54, 
    0xe8, 0x03, 0x00, 0x4b, 0xe9, 0x03, 0x00, 0xaa, 0x0a, 0x09, 0x40, 0x92, 
    0x08, 0x00, 0x0a, 0x8b, 0x3f, 0x01, 0x08, 0xeb, 0xa2, 0x00, 0x00, 0x54, 
    0x21, 0x15, 0x00, 0x38, 0xfd, 0xff, 0xff, 0x17, 0xea, 0x03, 0x00, 0xaa, 
    0x11, 0x00, 0x00, 0x14, 0x29, 0x1c, 0x00, 0x12, 0x0b, 0x01, 0x80, 0x52, 
    0x7f, 0x01, 0x01, 0xf1, 0xa2, 0x00, 0x00, 0x54, 0x2c, 0x21, 0xcb, 0x9a, 
    0x6b, 0xf9, 0x7f, 0xd3, 0x89, 0x01, 0x09, 0xaa, 0xfb, 0xff, 0xff, 0x17, 
    0x4b, 0x00, 0x0a, 0xcb, 0x6a, 0xf1, 0x7d, 0x92, 0x0a, 0x01, 0x0a, 0x8b, 
    0x1f, 0x01, 0x0a, 0xeb, 0x62, 0x00, 0x00, 0x54, 0x09, 0x85, 0x00, 0xf8, 
    0xfd, 0xff, 0xff, 0x17, 0x62, 0x09, 0x40, 0x92, 0x48, 0x01, 0x02, 0x8b, 
    0x5f, 0x01, 0x08, 0xeb, 0x62, 0x00, 0x00, 0x54, 0x41, 0x15, 0x00, 0x38, 
    0xfd, 0xff, 0xff, 0x17, 0xc0, 0x03, 0x5f, 0xd6, 0xe0, 0x03, 0x13, 0xaa, 
    0xf4, 0x4f, 0x44, 0xa9, 0xf6, 0x57, 0x43, 0xa9, 0xf8, 0x5f, 0x42, 0xa9, 
    0xfa, 0x67, 0x41, 0xa9, 0xc0, 0x03, 0x5f, 0xd6, 0xe8, 0x03, 0x13, 0x4b, 
    0xe9, 0x03, 0x01, 0xaa, 0xea, 0x03, 0x13, 0xaa, 0x08, 0x09, 0x40, 0x92, 
    0x75, 0x02, 0x08, 0x8b, 0xc0, 0x03, 0x5f, 0xd6, 0xe0, 0x03, 0x14, 0xaa, 
    0x06, 0x00, 0x00, 0x14, 0x57, 0x00, 0x08, 0xcb, 0x36, 0x00, 0x08, 0x8b, 
    0xf8, 0xf2, 0x7d, 0x92, 0xdf, 0x0a, 0x40, 0xf2, 0xc0, 0x03, 0x5f, 0xd6, 
    0x08, 0x04, 0x40, 0x39, 0x09, 0x00, 0x40, 0x39, 0x0a, 0x0c, 0x40, 0x39, 
    0x0b, 0x08, 0x40, 0x39, 0x0c, 0x14, 0x40, 0x39, 0x0d, 0x4c, 0x40, 0x38, 
    0x28, 0x21, 0x08, 0xaa, 0x0e, 0x08, 0x40, 0x39, 0x6b, 0xbd, 0x70, 0xd3, 
    0x0f, 0x0c, 0x40, 0x39, 0xce, 0x3d, 0x10, 0x53, 0x69, 0x61, 0x0a, 0xaa, 
    0xaa, 0x21, 0x0c, 0x2a, 0xcb, 0x61, 0x0f, 0x2a, 0x28, 0x01, 0x08, 0xaa, 
    0x69, 0x01, 0x0a, 0x2a, 0x00, 0x81, 0x09, 0xaa, 0xc0, 0x03, 0x5f, 0xd6, 
    0x8b, 0xff, 0xff, 0x17, 0xb8, 0xff, 0xff, 0x17, 0x00, 0x00, 0x00, 0x00, 
    0x00, 0x00, 0x00, 0x00, 0x00, 0x00, 0x00, 0x00, 0x00, 0x00, 0x00, 0x00, 
    0x00, 0x00, 0x00, 0x00, 0x00, 0x00, 0x00, 0x00, 0x00, 0x00, 0x00, 0x00, 
    0x00, 0x00, 0x00, 0x00, 0x00, 0x00, 0x00, 0x00, 0x00, 0x00, 0x00, 0x00, 
    0x00, 0x00, 0x00, 0x00, 0x00, 0x00, 0x00, 0x00, 0x00, 0x00, 0x00, 0x00, 
    0x00, 0x00, 0x00, 0x00, 0x00, 0x00, 0x00, 0x00, 0x00, 0x00, 0x00, 0x00, 
    0x00, 0x00, 0x00, 0x00, 0x00, 0x00, 0x00, 0x00, 0x00, 0x00, 0x00, 0x00, 
    0x00, 0x00, 0x00, 0x00, 0x00, 0x00, 0x00, 0x00, 0x00, 0x00, 0x00, 0x00, 
    0x00, 0x00, 0x00, 0x00, 0x00, 0x00, 0x00, 0x00, 0x00, 0x00, 0x00, 0x00, 
    0x00, 0x00, 0x00, 0x00, 0x00, 0x00, 0x00, 0x00, 0x00, 0x00, 0x00, 0x00, 
    0x00, 0x00, 0x00, 0x00, 0x00, 0x00, 0x00, 0x00, 0x00, 0x00, 0x00, 0x00, 
    0x00, 0x00, 0x00, 0x00, 0x00, 0x00, 0x00, 0x00, 0x00, 0x00, 0x00, 0x00, 
    0x00, 0x00, 0x00, 0x00, 0x00, 0x00, 0x00, 0x00, 0x00, 0x00, 0x00, 0x00, 
    0x00, 0x00, 0x00, 0x00, 0x00, 0x00, 0x00, 0x00, 0x00, 0x00, 0x00, 0x00, 
    0x00, 0x00, 0x00, 0x00, 0x00, 0x00, 0x00, 0x00, 0x00, 0x00, 0x00, 0x00, 
    0x00, 0x00, 0x00, 0x00, 0x00, 0x00, 0x00, 0x00, 0x00, 0x00, 0x00, 0x00, 
    0x00, 0x00, 0x00, 0x00, 0x00, 0x00, 0x00, 0x00, 0x00, 0x00, 0x00, 0x00, 
    0x00, 0x00, 0x00, 0x00, 0x00, 0x00, 0x00, 0x00, 0x00, 0x00, 0x00, 0x00, 
    0x00, 0x00, 0x00, 0x00, 0x00, 0x00, 0x00, 0x00, 0x00, 0x00, 0x00, 0x00, 
    0x00, 0x00, 0x00, 0x00, 0x00, 0x00, 0x00, 0x00, 0x00, 0x00, 0x00, 0x00, 
    0x00, 0x00, 0x00, 0x00, 0x00, 0x00, 0x00, 0x00, 0x00, 0x00, 0x00, 0x00, 
    0x00, 0x00, 0x00, 0x00, 0x00, 0x00, 0x00, 0x00, 0x00, 0x00, 0x00, 0x00, 
    0x00, 0x00, 0x00, 0x00, 0x00, 0x00, 0x00, 0x00, 0x00, 0x00, 0x00, 0x00, 
    0x00, 0x00, 0x00, 0x00, 0x00, 0x00, 0x00, 0x00, 0x00, 0x00, 0x00, 0x00, 
    0x00, 0x00, 0x00, 0x00, 0x00, 0x00, 0x00, 0x00, 0x00, 0x00, 0x00, 0x00, 
    0x00, 0x00, 0x00, 0x00, 0x00, 0x00, 0x00, 0x00, 0x00, 0x00, 0x00, 0x00, 
    0x00, 0x00, 0x00, 0x00, 0x00, 0x00, 0x00, 0x00, 0x00, 0x00, 0x00, 0x00, 
    0x00, 0x00, 0x00, 0x00, 0x00, 0x00, 0x00, 0x00, 0x00, 0x00, 0x00, 0x00, 
    0x00, 0x00, 0x00, 0x00, 0x00, 0x00, 0x00, 0x00, 0x00, 0x00, 0x00, 0x00, 
    0x00, 0x00, 0x00, 0x00, 0x00, 0x00, 0x00, 0x00, 0x00, 0x00, 0x00, 0x00, 
    0x00, 0x00, 0x00, 0x00, 0x00, 0x00, 0x00, 0x00, 0x00, 0x00, 0x00, 0x00, 
    0x00, 0x00, 0x00, 0x00, 0x00, 0x00, 0x00, 0x00, 0x00, 0x00, 0x00, 0x00, 
    0x00, 0x00, 0x00, 0x00, 0x00, 0x00, 0x00, 0x00, 0x00, 0x00, 0x00, 0x00, 
    0x00, 0x00, 0x00, 0x00, 0x00, 0x00, 0x00, 0x00, 0x00, 0x00, 0x00, 0x00, 
    0x00, 0x00, 0x00, 0x00, 0x00, 0x00, 0x00, 0x00, 0x00, 0x00, 0x00, 0x00, 
    0x00, 0x00, 0x00, 0x00, 0x00, 0x00, 0x00, 0x00, 0x00, 0x00, 0x00, 0x00, 
    0x00, 0x00, 0x00, 0x00, 0x00, 0x00, 0x00, 0x00, 0x00, 0x00, 0x00, 0x00, 
    0x00, 0x00, 0x00, 0x00, 0x00, 0x00, 0x00, 0x00, 0x00, 0x00, 0x00, 0x00, 
    0x00, 0x00, 0x00, 0x00, 0x00, 0x00, 0x00, 0x00, 0x00, 0x00, 0x00, 0x00, 
    0x00, 0x00, 0x00, 0x00, 0x00, 0x00, 0x00, 0x00, 0x00, 0x00, 0x00, 0x00, 
    0x00, 0x00, 0x00, 0x00, 0x00, 0x00, 0x00, 0x00, 0x00, 0x00, 0x00, 0x00, 
    0x00, 0x00, 0x00, 0x00, 0x00, 0x00, 0x00, 0x00, 0x00, 0x00, 0x00, 0x00, 
    0x00, 0x00, 0x00, 0x00, 0x00, 0x00, 0x00, 0x00, 0x00, 0x00, 0x00, 0x00, 
    0x00, 0x00, 0x00, 0x00, 0x00, 0x00, 0x00, 0x00, 0x00, 0x00, 0x00, 0x00, 
    0x00, 0x00, 0x00, 0x00, 0x00, 0x00, 0x00, 0x00, 0x00, 0x00, 0x00, 0x00, 
    0x00, 0x00, 0x00, 0x00, 0x00, 0x00, 0x00, 0x00, 0x00, 0x00, 0x00, 0x00, 
    0x00, 0x00, 0x00, 0x00, 0x00, 0x00, 0x00, 0x00, 0x00, 0x00, 0x00, 0x00, 
    0x00, 0x00, 0x00, 0x00, 0x00, 0x00, 0x00, 0x00, 0x00, 0x00, 0x00, 0x00, 
    0x00, 0x00, 0x00, 0x00, 0x00, 0x00, 0x00, 0x00, 0x00, 0x00, 0x00, 0x00, 
    0x00, 0x00, 0x00, 0x00, 0x00, 0x00, 0x00, 0x00, 0x00, 0x00, 0x00, 0x00, 
    0x00, 0x00, 0x00, 0x00, 0x00, 0x00, 0x00, 0x00, 0x00, 0x00, 0x00, 0x00, 
    0x00, 0x00, 0x00, 0x00, 0x00, 0x00, 0x00, 0x00, 0x00, 0x00, 0x00, 0x00, 
    0x00, 0x00, 0x00, 0x00, 0x00, 0x00, 0x00, 0x00, 0x00, 0x00, 0x00, 0x00, 
    0x00, 0x00, 0x00, 0x00, 0x00, 0x00, 0x00, 0x00, 0x00, 0x00, 0x00, 0x00, 
    0x00, 0x00, 0x00, 0x00, 0x00, 0x00, 0x00, 0x00, 0x00, 0x00, 0x00, 0x00, 
    0x00, 0x00, 0x00, 0x00, 0x00, 0x00, 0x00, 0x00, 0x00, 0x00, 0x00, 0x00, 
    0x00, 0x00, 0x00, 0x00, 0x00, 0x00, 0x00, 0x00, 0x00, 0x00, 0x00, 0x00, 
    0x00, 0x00, 0x00, 0x00, 0x00, 0x00, 0x00, 0x00, 0x00, 0x00, 0x00, 0x00, 
    0x00, 0x00, 0x00, 0x00, 0x00, 0x00, 0x00, 0x00, 0x00, 0x00, 0x00, 0x00, 
    0x00, 0x00, 0x00, 0x00, 0x00, 0x00, 0x00, 0x00, 0x00, 0x00, 0x00, 0x00, 
    0x00, 0x00, 0x00, 0x00, 0x00, 0x00, 0x00, 0x00, 0x00, 0x00, 0x00, 0x00, 
    0x00, 0x00, 0x00, 0x00, 0x00, 0x00, 0x00, 0x00, 0x00, 0x00, 0x00, 0x00, 
    0x00, 0x00, 0x00, 0x00, 0x00, 0x00, 0x00, 0x00, 0x00, 0x00, 0x00, 0x00, 
    0x00, 0x00, 0x00, 0x00, 0x00, 0x00, 0x00, 0x00, 0x00, 0x00, 0x00, 0x00, 
    0x00, 0x00, 0x00, 0x00, 0x00, 0x00, 0x00, 0x00, 0x00, 0x00, 0x00, 0x00, 
    0x00, 0x00, 0x00, 0x00, 0x00, 0x00, 0x00, 0x00, 0x00, 0x00, 0x00, 0x00, 
    0x00, 0x00, 0x00, 0x00, 0x00, 0x00, 0x00, 0x00, 0x00, 0x00, 0x00, 0x00, 
    0x00, 0x00, 0x00, 0x00, 0x00, 0x00, 0x00, 0x00, 0x00, 0x00, 0x00, 0x00, 
    0x00, 0x00, 0x00, 0x00, 0x00, 0x00, 0x00, 0x00, 0x00, 0x00, 0x00, 0x00, 
    0x00, 0x00, 0x00, 0x00, 0x00, 0x00, 0x00, 0x00, 0x00, 0x00, 0x00, 0x00, 
    0x00, 0x00, 0x00, 0x00, 0x00, 0x00, 0x00, 0x00, 0x00, 0x00, 0x00, 0x00, 
    0x00, 0x00, 0x00, 0x00, 0x00, 0x00, 0x00, 0x00, 0x00, 0x00, 0x00, 0x00, 
    0x00, 0x00, 0x00, 0x00, 0x00, 0x00, 0x00, 0x00, 0x00, 0x00, 0x00, 0x00, 
    0x00, 0x00, 0x00, 0x00, 0x00, 0x00, 0x00, 0x00, 0x00, 0x00, 0x00, 0x00, 
    0x00, 0x00, 0x00, 0x00, 0x00, 0x00, 0x00, 0x00, 0x00, 0x00, 0x00, 0x00, 
    0x00, 0x00, 0x00, 0x00, 0x00, 0x00, 0x00, 0x00, 0x00, 0x00, 0x00, 0x00, 
    0x00, 0x00, 0x00, 0x00, 0x00, 0x00, 0x00, 0x00, 0x00, 0x00, 0x00, 0x00, 
    0x00, 0x00, 0x00, 0x00, 0x00, 0x00, 0x00, 0x00, 0x00, 0x00, 0x00, 0x00, 
    0x00, 0x00, 0x00, 0x00, 0x00, 0x00, 0x00, 0x00, 0x00, 0x00, 0x00, 0x00, 
    0x00, 0x00, 0x00, 0x00, 0x00, 0x00, 0x00, 0x00, 0x00, 0x00, 0x00, 0x00, 
    0x00, 0x00, 0x00, 0x00, 0x00, 0x00, 0x00, 0x00, 0x00, 0x00, 0x00, 0x00, 
    0x00, 0x00, 0x00, 0x00, 0x00, 0x00, 0x00, 0x00, 0x00, 0x00, 0x00, 0x00, 
    0x00, 0x00, 0x00, 0x00, 0x00, 0x00, 0x00, 0x00, 0x00, 0x00, 0x00, 0x00, 
    0x00, 0x00, 0x00, 0x00, 0x00, 0x00, 0x00, 0x00, 0x00, 0x00, 0x00, 0x00, 
    0x00, 0x00, 0x00, 0x00, 0x00, 0x00, 0x00, 0x00, 0x00, 0x00, 0x00, 0x00, 
    0x00, 0x00, 0x00, 0x00, 0x00, 0x00, 0x00, 0x00, 0x00, 0x00, 0x00, 0x00, 
    0x00, 0x00, 0x00, 0x00, 0x00, 0x00, 0x00, 0x00, 0x00, 0x00, 0x00, 0x00, 
    0x00, 0x00, 0x00, 0x00, 0x00, 0x00, 0x00, 0x00, 0x00, 0x00, 0x00, 0x00, 
    0x00, 0x00, 0x00, 0x00, 0x00, 0x00, 0x00, 0x00, 0x00, 0x00, 0x00, 0x00, 
    0x00, 0x00, 0x00, 0x00, 0x00, 0x00, 0x00, 0x00, 0x00, 0x00, 0x00, 0x00, 
    0x00, 0x00, 0x00, 0x00, 0x00, 0x00, 0x00, 0x00, 0x00, 0x00, 0x00, 0x00, 
    0x00, 0x00, 0x00, 0x00, 0x00, 0x00, 0x00, 0x00, 0x00, 0x00, 0x00, 0x00, 
    0x00, 0x00, 0x00, 0x00, 0x00, 0x00, 0x00, 0x00, 0x00, 0x00, 0x00, 0x00, 
    0x00, 0x00, 0x00, 0x00, 0x00, 0x00, 0x00, 0x00, 0x00, 0x00, 0x00, 0x00, 
    0x00, 0x00, 0x00, 0x00, 0x00, 0x00, 0x00, 0x00, 0x00, 0x00, 0x00, 0x00, 
    0x00, 0x00, 0x00, 0x00, 0x00, 0x00, 0x00, 0x00, 0x00, 0x00, 0x00, 0x00, 
    0x00, 0x00, 0x00, 0x00, 0x00, 0x00, 0x00, 0x00, 0x00, 0x00, 0x00, 0x00, 
    0x00, 0x00, 0x00, 0x00, 0x00, 0x00, 0x00, 0x00, 0x00, 0x00, 0x00, 0x00, 
    0x00, 0x00, 0x00, 0x00, 0x00, 0x00, 0x00, 0x00, 0x00, 0x00, 0x00, 0x00, 
    0x00, 0x00, 0x00, 0x00, 0x00, 0x00, 0x00, 0x00, 0x00, 0x00, 0x00, 0x00, 
    0x00, 0x00, 0x00, 0x00, 0x00, 0x00, 0x00, 0x00, 0x00, 0x00, 0x00, 0x00, 
    0x00, 0x00, 0x00, 0x00, 0x00, 0x00, 0x00, 0x00, 0x00, 0x00, 0x00, 0x00, 
    0x00, 0x00, 0x00, 0x00, 0x00, 0x00, 0x00, 0x00, 0x00, 0x00, 0x00, 0x00, 
    0x00, 0x00, 0x00, 0x00, 0x00, 0x00, 0x00, 0x00, 0x00, 0x00, 0x00, 0x00, 
    0x00, 0x00, 0x00, 0x00, 0x00, 0x00, 0x00, 0x00, 0x00, 0x00, 0x00, 0x00, 
    0x00, 0x00, 0x00, 0x00, 0x00, 0x00, 0x00, 0x00, 0x00, 0x00, 0x00, 0x00, 
    0x00, 0x00, 0x00, 0x00, 0x00, 0x00, 0x00, 0x00, 0x00, 0x00, 0x00, 0x00, 
    0x00, 0x00, 0x00, 0x00, 0x00, 0x00, 0x00, 0x00, 0x00, 0x00, 0x00, 0x00, 
    0x00, 0x00, 0x00, 0x00, 0x00, 0x00, 0x00, 0x00, 0x00, 0x00, 0x00, 0x00, 
    0x00, 0x00, 0x00, 0x00, 0x00, 0x00, 0x00, 0x00, 0x00, 0x00, 0x00, 0x00, 
    0x00, 0x00, 0x00, 0x00, 0x00, 0x00, 0x00, 0x00, 0x00, 0x00, 0x00, 0x00, 
    0x00, 0x00, 0x00, 0x00, 0x00, 0x00, 0x00, 0x00, 0x00, 0x00, 0x00, 0x00, 
    0x00, 0x00, 0x00, 0x00, 0x00, 0x00, 0x00, 0x00, 0x00, 0x00, 0x00, 0x00, 
    0x00, 0x00, 0x00, 0x00, 0x00, 0x00, 0x00, 0x00, 0x00, 0x00, 0x00, 0x00, 
    0x00, 0x00, 0x00, 0x00, 0x00, 0x00, 0x00, 0x00, 0x00, 0x00, 0x00, 0x00, 
    0x00, 0x00, 0x00, 0x00, 0x00, 0x00, 0x00, 0x00, 0x00, 0x00, 0x00, 0x00, 
    0x00, 0x00, 0x00, 0x00, 0x00, 0x00, 0x00, 0x00, 0x00, 0x00, 0x00, 0x00, 
    0x00, 0x00, 0x00, 0x00, 0x00, 0x00, 0x00, 0x00, 0x00, 0x00, 0x00, 0x00, 
    0x00, 0x00, 0x00, 0x00, 0x00, 0x00, 0x00, 0x00, 0x00, 0x00, 0x00, 0x00, 
    0x00, 0x00, 0x00, 0x00, 0x00, 0x00, 0x00, 0x00, 0x00, 0x00, 0x00, 0x00, 
    0x00, 0x00, 0x00, 0x00, 0x00, 0x00, 0x00, 0x00, 0x00, 0x00, 0x00, 0x00, 
    0x00, 0x00, 0x00, 0x00, 0x00, 0x00, 0x00, 0x00, 0x00, 0x00, 0x00, 0x00, 
    0x00, 0x00, 0x00, 0x00, 0x00, 0x00, 0x00, 0x00, 0x00, 0x00, 0x00, 0x00, 
    0x00, 0x00, 0x00, 0x00, 0x00, 0x00, 0x00, 0x00, 0x00, 0x00, 0x00, 0x00, 
    0x00, 0x00, 0x00, 0x00, 0x00, 0x00, 0x00, 0x00, 0x00, 0x00, 0x00, 0x00, 
    0x00, 0x00, 0x00, 0x00, 0x00, 0x00, 0x00, 0x00, 0x00, 0x00, 0x00, 0x00, 
    0x00, 0x00, 0x00, 0x00, 0x00, 0x00, 0x00, 0x00, 0x00, 0x00, 0x00, 0x00, 
    0x00, 0x00, 0x00, 0x00, 0x00, 0x00, 0x00, 0x00, 0x00, 0x00, 0x00, 0x00, 
    0x00, 0x00, 0x00, 0x00, 0x00, 0x00, 0x00, 0x00, 0x00, 0x00, 0x00, 0x00, 
    0x00, 0x00, 0x00, 0x00, 0x00, 0x00, 0x00, 0x00, 0x00, 0x00, 0x00, 0x00, 
    0x00, 0x00, 0x00, 0x00, 0x00, 0x00, 0x00, 0x00, 0x00, 0x00, 0x00, 0x00, 
    0x00, 0x00, 0x00, 0x00, 0x00, 0x00, 0x00, 0x00, 0x00, 0x00, 0x00, 0x00, 
    0x00, 0x00, 0x00, 0x00, 0x00, 0x00, 0x00, 0x00, 0x00, 0x00, 0x00, 0x00, 
    0x00, 0x00, 0x00, 0x00, 0x00, 0x00, 0x00, 0x00, 0x00, 0x00, 0x00, 0x00, 
    0x00, 0x00, 0x00, 0x00, 0x00, 0x00, 0x00, 0x00, 0x00, 0x00, 0x00, 0x00, 
    0x00, 0x00, 0x00, 0x00, 0x00, 0x00, 0x00, 0x00, 0x00, 0x00, 0x00, 0x00, 
    0x00, 0x00, 0x00, 0x00, 0x00, 0x00, 0x00, 0x00, 0x00, 0x00, 0x00, 0x00, 
    0x00, 0x00, 0x00, 0x00, 0x00, 0x00, 0x00, 0x00, 0x00, 0x00, 0x00, 0x00, 
    0x00, 0x00, 0x00, 0x00, 0x00, 0x00, 0x00, 0x00, 0x00, 0x00, 0x00, 0x00, 
    0x00, 0x00, 0x00, 0x00, 0x00, 0x00, 0x00, 0x00, 0x00, 0x00, 0x00, 0x00, 
    0x00, 0x00, 0x00, 0x00, 0x00, 0x00, 0x00, 0x00, 0x00, 0x00, 0x00, 0x00, 
    0x00, 0x00, 0x00, 0x00, 0x00, 0x00, 0x00, 0x00, 0x00, 0x00, 0x00, 0x00, 
    0x00, 0x00, 0x00, 0x00, 0x00, 0x00, 0x00, 0x00, 0x00, 0x00, 0x00, 0x00, 
    0x00, 0x00, 0x00, 0x00, 0x00, 0x00, 0x00, 0x00, 0x00, 0x00, 0x00, 0x00, 
    0x00, 0x00, 0x00, 0x00, 0x00, 0x00, 0x00, 0x00, 0x00, 0x00, 0x00, 0x00, 
    0x00, 0x00, 0x00, 0x00, 0x00, 0x00, 0x00, 0x00, 0x00, 0x00, 0x00, 0x00, 
    0x00, 0x00, 0x00, 0x00, 0x00, 0x00, 0x00, 0x00, 0x00, 0x00, 0x00, 0x00, 
    0x00, 0x00, 0x00, 0x00, 0x00, 0x00, 0x00, 0x00, 0x00, 0x00, 0x00, 0x00, 
    0x00, 0x00, 0x00, 0x00, 0x00, 0x00, 0x00, 0x00, 0x00, 0x00, 0x00, 0x00, 
    0x00, 0x00, 0x00, 0x00, 0x00, 0x00, 0x00, 0x00, 0x00, 0x00, 0x00, 0x00, 
    0x00, 0x00, 0x00, 0x00, 0x00, 0x00, 0x00, 0x00, 0x00, 0x00, 0x00, 0x00, 
    0x00, 0x00, 0x00, 0x00, 0x00, 0x00, 0x00, 0x00, 0x00, 0x00, 0x00, 0x00, 
    0x00, 0x00, 0x00, 0x00, 0x00, 0x00, 0x00, 0x00, 0x00, 0x00, 0x00, 0x00, 
    0x00, 0x00, 0x00, 0x00, 0x00, 0x00, 0x00, 0x00, 0x00, 0x00, 0x00, 0x00, 
    0x00, 0x00, 0x00, 0x00, 0x00, 0x00, 0x00, 0x00, 0x00, 0x00, 0x00, 0x00, 
    0x00, 0x00, 0x00, 0x00, 0x00, 0x00, 0x00, 0x00, 0x00, 0x00, 0x00, 0x00, 
    0x00, 0x00, 0x00, 0x00, 0x00, 0x00, 0x00, 0x00, 0x00, 0x00, 0x00, 0x00, 
    0x00, 0x00, 0x00, 0x00, 0x00, 0x00, 0x00, 0x00, 0x00, 0x00, 0x00, 0x00, 
    0x00, 0x00, 0x00, 0x00, 0x00, 0x00, 0x00, 0x00, 0x00, 0x00, 0x00, 0x00, 
    0x00, 0x00, 0x00, 0x00, 0x00, 0x00, 0x00, 0x00, 0x00, 0x00, 0x00, 0x00, 
    0x00, 0x00, 0x00, 0x00, 0x00, 0x00, 0x00, 0x00, 0x00, 0x00, 0x00, 0x00, 
    0x00, 0x00, 0x00, 0x00, 0x00, 0x00, 0x00, 0x00, 0x00, 0x00, 0x00, 0x00, 
    0x00, 0x00, 0x00, 0x00, 0x00, 0x00, 0x00, 0x00, 0x00, 0x00, 0x00, 0x00, 
    0x00, 0x00, 0x00, 0x00, 0x00, 0x00, 0x00, 0x00, 0x00, 0x00, 0x00, 0x00, 
    0x00, 0x00, 0x00, 0x00, 0x00, 0x00, 0x00, 0x00, 0x00, 0x00, 0x00, 0x00, 
    0x00, 0x00, 0x00, 0x00, 0x00, 0x00, 0x00, 0x00, 0x00, 0x00, 0x00, 0x00, 
    0x00, 0x00, 0x00, 0x00, 0x00, 0x00, 0x00, 0x00, 0x00, 0x00, 0x00, 0x00, 
    0x00, 0x00, 0x00, 0x00, 0x00, 0x00, 0x00, 0x00, 0x00, 0x00, 0x00, 0x00, 
    0x00, 0x00, 0x00, 0x00, 0x00, 0x00, 0x00, 0x00, 0x00, 0x00, 0x00, 0x00, 
    0x00, 0x00, 0x00, 0x00, 0x00, 0x00, 0x00, 0x00, 0x00, 0x00, 0x00, 0x00, 
    0x00, 0x00, 0x00, 0x00, 0x00, 0x00, 0x00, 0x00, 0x00, 0x00, 0x00, 0x00, 
    0x00, 0x00, 0x00, 0x00, 0x00, 0x00, 0x00, 0x00, 0x00, 0x00, 0x00, 0x00, 
    0x00, 0x00, 0x00, 0x00, 0x00, 0x00, 0x00, 0x00, 0x00, 0x00, 0x00, 0x00, 
    0x00, 0x00, 0x00, 0x00, 0x00, 0x00, 0x00, 0x00, 0x00, 0x00, 0x00, 0x00, 
    0x00, 0x00, 0x00, 0x00, 0x00, 0x00, 0x00, 0x00, 0x00, 0x00, 0x00, 0x00, 
    0x00, 0x00, 0x00, 0x00, 0x00, 0x00, 0x00, 0x00, 0x00, 0x00, 0x00, 0x00, 
    0x00, 0x00, 0x00, 0x00, 0x00, 0x00, 0x00, 0x00, 0x00, 0x00, 0x00, 0x00, 
    0x00, 0x00, 0x00, 0x00, 0x00, 0x00, 0x00, 0x00, 0x00, 0x00, 0x00, 0x00, 
    0x00, 0x00, 0x00, 0x00, 0x00, 0x00, 0x00, 0x00, 0x00, 0x00, 0x00, 0x00, 
    0x00, 0x00, 0x00, 0x00, 0x00, 0x00, 0x00, 0x00, 0x00, 0x00, 0x00, 0x00, 
    0x00, 0x00, 0x00, 0x00, 0x00, 0x00, 0x00, 0x00, 0x00, 0x00, 0x00, 0x00, 
    0x00, 0x00, 0x00, 0x00, 0x00, 0x00, 0x00, 0x00, 0x00, 0x00, 0x00, 0x00, 
    0x00, 0x00, 0x00, 0x00, 0x00, 0x00, 0x00, 0x00, 0x00, 0x00, 0x00, 0x00, 
    0x00, 0x00, 0x00, 0x00, 0x00, 0x00, 0x00, 0x00, 0x00, 0x00, 0x00, 0x00, 
    0x00, 0x00, 0x00, 0x00, 0x00, 0x00, 0x00, 0x00, 0x00, 0x00, 0x00, 0x00, 
    0x00, 0x00, 0x00, 0x00, 0x00, 0x00, 0x00, 0x00, 0x00, 0x00, 0x00, 0x00, 
    0x00, 0x00, 0x00, 0x00, 0x00, 0x00, 0x00, 0x00, 0x00, 0x00, 0x00, 0x00, 
    0x00, 0x00, 0x00, 0x00, 0x00, 0x00, 0x00, 0x00, 0x00, 0x00, 0x00, 0x00, 
    0x00, 0x00, 0x00, 0x00, 0x00, 0x00, 0x00, 0x00, 0x00, 0x00, 0x00, 0x00, 
    0x00, 0x00, 0x00, 0x00, 0x00, 0x00, 0x00, 0x00, 0x00, 0x00, 0x00, 0x00, 
    0x00, 0x00, 0x00, 0x00, 0x00, 0x00, 0x00, 0x00, 0x00, 0x00, 0x00, 0x00, 
    0x00, 0x00, 0x00, 0x00, 0x00, 0x00, 0x00, 0x00, 0x00, 0x00, 0x00, 0x00, 
    0x00, 0x00, 0x00, 0x00, 0x00, 0x00, 0x00, 0x00, 0x00, 0x00, 0x00, 0x00, 
    0x00, 0x00, 0x00, 0x00, 0x00, 0x00, 0x00, 0x00, 0x00, 0x00, 0x00, 0x00, 
    0x00, 0x00, 0x00, 0x00, 0x00, 0x00, 0x00, 0x00, 0x00, 0x00, 0x00, 0x00, 
    0x00, 0x00, 0x00, 0x00, 0x00, 0x00, 0x00, 0x00, 0x00, 0x00, 0x00, 0x00, 
    0x00, 0x00, 0x00, 0x00, 0x00, 0x00, 0x00, 0x00, 0x00, 0x00, 0x00, 0x00, 
    0x00, 0x00, 0x00, 0x00, 0x00, 0x00, 0x00, 0x00, 0x00, 0x00, 0x00, 0x00, 
    0x00, 0x00, 0x00, 0x00, 0x00, 0x00, 0x00, 0x00, 0x00, 0x00, 0x00, 0x00, 
    0x00, 0x00, 0x00, 0x00, 0x00, 0x00, 0x00, 0x00, 0x00, 0x00, 0x00, 0x00, 
    0x00, 0x00, 0x00, 0x00, 0x00, 0x00, 0x00, 0x00, 0x00, 0x00, 0x00, 0x00, 
    0x00, 0x00, 0x00, 0x00, 0x00, 0x00, 0x00, 0x00, 0x00, 0x00, 0x00, 0x00, 
    0x00, 0x00, 0x00, 0x00, 0x00, 0x00, 0x00, 0x00, 0x00, 0x00, 0x00, 0x00, 
    0x00, 0x00, 0x00, 0x00, 0x00, 0x00, 0x00, 0x00, 0x00, 0x00, 0x00, 0x00, 
    0x00, 0x00, 0x00, 0x00, 0x00, 0x00, 0x00, 0x00, 0x00, 0x00, 0x00, 0x00, 
    0x00, 0x00, 0x00, 0x00, 0x00, 0x00, 0x00, 0x00, 0x00, 0x00, 0x00, 0x00, 
    0x00, 0x00, 0x00, 0x00, 0x00, 0x00, 0x00, 0x00, 0x00, 0x00, 0x00, 0x00, 
    0x00, 0x00, 0x00, 0x00, 0x00, 0x00, 0x00, 0x00, 0x00, 0x00, 0x00, 0x00, 
    0x00, 0x00, 0x00, 0x00, 0x00, 0x00, 0x00, 0x00, 0x00, 0x00, 0x00, 0x00, 
    0x00, 0x00, 0x00, 0x00, 0x00, 0x00, 0x00, 0x00, 0x00, 0x00, 0x00, 0x00, 
    0x00, 0x00, 0x00, 0x00, 0x00, 0x00, 0x00, 0x00, 0x00, 0x00, 0x00, 0x00, 
    0x00, 0x00, 0x00, 0x00, 0x00, 0x00, 0x00, 0x00, 0x00, 0x00, 0x00, 0x00, 
    0x00, 0x00, 0x00, 0x00, 0x00, 0x00, 0x00, 0x00, 0x00, 0x00, 0x00, 0x00, 
    0x00, 0x00, 0x00, 0x00, 0x00, 0x00, 0x00, 0x00, 0x00, 0x00, 0x00, 0x00, 
    0x00, 0x00, 0x00, 0x00, 0x00, 0x00, 0x00, 0x00, 0x00, 0x00, 0x00, 0x00, 
    0x00, 0x00, 0x00, 0x00, 0x00, 0x00, 0x00, 0x00, 0x00, 0x00, 0x00, 0x00, 
    0x00, 0x00, 0x00, 0x00, 0x00, 0x00, 0x00, 0x00, 0x00, 0x00, 0x00, 0x00, 
    0x00, 0x00, 0x00, 0x00, 0x00, 0x00, 0x00, 0x00, 0x00, 0x00, 0x00, 0x00, 
    0x00, 0x00, 0x00, 0x00, 0x00, 0x00, 0x00, 0x00, 0x00, 0x00, 0x00, 0x00, 
    0x00, 0x00, 0x00, 0x00, 0x00, 0x00, 0x00, 0x00, 0x00, 0x00, 0x00, 0x00, 
    0x00, 0x00, 0x00, 0x00, 0x00, 0x00, 0x00, 0x00, 0x00, 0x00, 0x00, 0x00, 
    0x00, 0x00, 0x00, 0x00, 0x00, 0x00, 0x00, 0x00, 0x00, 0x00, 0x00, 0x00, 
    0x00, 0x00, 0x00, 0x00, 0x00, 0x00, 0x00, 0x00, 0x00, 0x00, 0x00, 0x00, 
    0x00, 0x00, 0x00, 0x00, 0x00, 0x00, 0x00, 0x00, 0x00, 0x00, 0x00, 0x00, 
    0x00, 0x00, 0x00, 0x00, 0x00, 0x00, 0x00, 0x00, 0x00, 0x00, 0x00, 0x00, 
    0x00, 0x00, 0x00, 0x00, 0x00, 0x00, 0x00, 0x00, 0x00, 0x00, 0x00, 0x00, 
    0x00, 0x00, 0x00, 0x00, 0x00, 0x00, 0x00, 0x00, 0x00, 0x00, 0x00, 0x00, 
    0x00, 0x00, 0x00, 0x00, 0x00, 0x00, 0x00, 0x00, 0x00, 0x00, 0x00, 0x00, 
    0x00, 0x00, 0x00, 0x00, 0x00, 0x00, 0x00, 0x00, 0x00, 0x00, 0x00, 0x00, 
    0x00, 0x00, 0x00, 0x00, 0x00, 0x00, 0x00, 0x00, 0x00, 0x00, 0x00, 0x00, 
    0x00, 0x00, 0x00, 0x00, 0x00, 0x00, 0x00, 0x00, 0x00, 0x00, 0x00, 0x00, 
    0x00, 0x00, 0x00, 0x00, 0x00, 0x00, 0x00, 0x00, 0x00, 0x00, 0x00, 0x00, 
    0x00, 0x00, 0x00, 0x00, 0x00, 0x00, 0x00, 0x00, 0x00, 0x00, 0x00, 0x00, 
    0x00, 0x00, 0x00, 0x00, 0x00, 0x00, 0x00, 0x00, 0x00, 0x00, 0x00, 0x00, 
    0x00, 0x00, 0x00, 0x00, 0x00, 0x00, 0x00, 0x00, 0x00, 0x00, 0x00, 0x00, 
    0x00, 0x00, 0x00, 0x00, 0x00, 0x00, 0x00, 0x00, 0x00, 0x00, 0x00, 0x00, 
    0x00, 0x00, 0x00, 0x00, 0x00, 0x00, 0x00, 0x00, 0x00, 0x00, 0x00, 0x00, 
    0x00, 0x00, 0x00, 0x00, 0x00, 0x00, 0x00, 0x00, 0x00, 0x00, 0x00, 0x00, 
    0x00, 0x00, 0x00, 0x00, 0x00, 0x00, 0x00, 0x00, 0x00, 0x00, 0x00, 0x00, 
    0x00, 0x00, 0x00, 0x00, 0x00, 0x00, 0x00, 0x00, 0x00, 0x00, 0x00, 0x00, 
    0x00, 0x00, 0x00, 0x00, 0x00, 0x00, 0x00, 0x00, 0x00, 0x00, 0x00, 0x00, 
    0x00, 0x00, 0x00, 0x00, 0x00, 0x00, 0x00, 0x00, 0x00, 0x00, 0x00, 0x00, 
    0x00, 0x00, 0x00, 0x00, 0x00, 0x00, 0x00, 0x00, 0x00, 0x00, 0x00, 0x00, 
    0x00, 0x00, 0x00, 0x00, 0x00, 0x00, 0x00, 0x00, 0x00, 0x00, 0x00, 0x00, 
    0x00, 0x00, 0x00, 0x00, 0x00, 0x00, 0x00, 0x00, 0x00, 0x00, 0x00, 0x00, 
    0x00, 0x00, 0x00, 0x00, 0x00, 0x00, 0x00, 0x00, 0x00, 0x00, 0x00, 0x00, 
    0x00, 0x00, 0x00, 0x00, 0x00, 0x00, 0x00, 0x00, 0x00, 0x00, 0x00, 0x00, 
    0x00, 0x00, 0x00, 0x00, 0x00, 0x00, 0x00, 0x00, 0x00, 0x00, 0x00, 0x00, 
    0x00, 0x00, 0x00, 0x00, 0x00, 0x00, 0x00, 0x00, 0x00, 0x00, 0x00, 0x00, 
    0x00, 0x00, 0x00, 0x00, 0x00, 0x00, 0x00, 0x00, 0x00, 0x00, 0x00, 0x00, 
    0x00, 0x00, 0x00, 0x00, 0x00, 0x00, 0x00, 0x00, 0x00, 0x00, 0x00, 0x00, 
    0x00, 0x00, 0x00, 0x00, 0x00, 0x00, 0x00, 0x00, 0x00, 0x00, 0x00, 0x00, 
    0x00, 0x00, 0x00, 0x00, 0x00, 0x00, 0x00, 0x00, 0x00, 0x00, 0x00, 0x00, 
    0x00, 0x00, 0x00, 0x00, 0x00, 0x00, 0x00, 0x00, 0x00, 0x00, 0x00, 0x00, 
    0x00, 0x00, 0x00, 0x00, 0x00, 0x00, 0x00, 0x00, 0x00, 0x00, 0x00, 0x00, 
    0x00, 0x00, 0x00, 0x00, 0x00, 0x00, 0x00, 0x00, 0x00, 0x00, 0x00, 0x00, 
    0x00, 0x00, 0x00, 0x00, 0x00, 0x00, 0x00, 0x00, 0x00, 0x00, 0x00, 0x00, 
    0x00, 0x00, 0x00, 0x00, 0x00, 0x00, 0x00, 0x00, 0x00, 0x00, 0x00, 0x00, 
    0x00, 0x00, 0x00, 0x00, 0x00, 0x00, 0x00, 0x00, 0x00, 0x00, 0x00, 0x00, 
    0x00, 0x00, 0x00, 0x00, 0x00, 0x00, 0x00, 0x00, 0x00, 0x00, 0x00, 0x00, 
    0x00, 0x00, 0x00, 0x00, 0x00, 0x00, 0x00, 0x00, 0x00, 0x00, 0x00, 0x00, 
    0x00, 0x00, 0x00, 0x00, 0x00, 0x00, 0x00, 0x00, 0x00, 0x00, 0x00, 0x00, 
    0x00, 0x00, 0x00, 0x00, 0x00, 0x00, 0x00, 0x00, 0x00, 0x00, 0x00, 0x00, 
    0x00, 0x00, 0x00, 0x00, 0x00, 0x00, 0x00, 0x00, 0x00, 0x00, 0x00, 0x00, 
    0x00, 0x00, 0x00, 0x00, 0x00, 0x00, 0x00, 0x00, 0x00, 0x00, 0x00, 0x00, 
    0x00, 0x00, 0x00, 0x00, 0x00, 0x00, 0x00, 0x00, 0x00, 0x00, 0x00, 0x00, 
    0x00, 0x00, 0x00, 0x00, 0x00, 0x00, 0x00, 0x00, 0x00, 0x00, 0x00, 0x00, 
    0x00, 0x00, 0x00, 0x00, 0x00, 0x00, 0x00, 0x00, 0x00, 0x00, 0x00, 0x00, 
    0x00, 0x00, 0x00, 0x00, 0x00, 0x00, 0x00, 0x00, 0x00, 0x00, 0x00, 0x00, 
    0x00, 0x00, 0x00, 0x00, 0x00, 0x00, 0x00, 0x00, 0x00, 0x00, 0x00, 0x00, 
    0x00, 0x00, 0x00, 0x00, 0x00, 0x00, 0x00, 0x00, 0x00, 0x00, 0x00, 0x00, 
    0x00, 0x00, 0x00, 0x00, 0x00, 0x00, 0x00, 0x00, 0x00, 0x00, 0x00, 0x00, 
    0x00, 0x00, 0x00, 0x00, 0x00, 0x00, 0x00, 0x00, 0x00, 0x00, 0x00, 0x00, 
    0x00, 0x00, 0x00, 0x00, 0x00, 0x00, 0x00, 0x00, 0x00, 0x00, 0x00, 0x00, 
    0x00, 0x00, 0x00, 0x00, 0x00, 0x00, 0x00, 0x00, 0x00, 0x00, 0x00, 0x00, 
    0x00, 0x00, 0x00, 0x00, 0x00, 0x00, 0x00, 0x00, 0x00, 0x00, 0x00, 0x00, 
    0x00, 0x00, 0x00, 0x00, 0x00, 0x00, 0x00, 0x00, 0x00, 0x00, 0x00, 0x00, 
    0x00, 0x00, 0x00, 0x00, 0x00, 0x00, 0x00, 0x00, 0x00, 0x00, 0x00, 0x00, 
    0x00, 0x00, 0x00, 0x00, 0x00, 0x00, 0x00, 0x00, 0x00, 0x00, 0x00, 0x00, 
    0x00, 0x00, 0x00, 0x00, 0x00, 0x00, 0x00, 0x00, 0x00, 0x00, 0x00, 0x00, 
    0x00, 0x00, 0x00, 0x00, 0x00, 0x00, 0x00, 0x00, 0x00, 0x00, 0x00, 0x00, 
    0x00, 0x00, 0x00, 0x00, 0x00, 0x00, 0x00, 0x00, 0x00, 0x00, 0x00, 0x00, 
    0x00, 0x00, 0x00, 0x00, 0x00, 0x00, 0x00, 0x00, 0x00, 0x00, 0x00, 0x00, 
    0x00, 0x00, 0x00, 0x00, 0x00, 0x00, 0x00, 0x00, 0x00, 0x00, 0x00, 0x00, 
    0x00, 0x00, 0x00, 0x00, 0x00, 0x00, 0x00, 0x00, 0x00, 0x00, 0x00, 0x00, 
    0x00, 0x00, 0x00, 0x00, 0x00, 0x00, 0x00, 0x00, 0x00, 0x00, 0x00, 0x00, 
    0x00, 0x00, 0x00, 0x00, 0x00, 0x00, 0x00, 0x00, 0x00, 0x00, 0x00, 0x00, 
    0x00, 0x00, 0x00, 0x00, 0x00, 0x00, 0x00, 0x00, 0x00, 0x00, 0x00, 0x00, 
    0x00, 0x00, 0x00, 0x00, 0x00, 0x00, 0x00, 0x00, 0x00, 0x00, 0x00, 0x00, 
    0x00, 0x00, 0x00, 0x00, 0x00, 0x00, 0x00, 0x00, 0x00, 0x00, 0x00, 0x00, 
    0x00, 0x00, 0x00, 0x00, 0x00, 0x00, 0x00, 0x00, 0x00, 0x00, 0x00, 0x00, 
    0x00, 0x00, 0x00, 0x00, 0x00, 0x00, 0x00, 0x00, 0x00, 0x00, 0x00, 0x00, 
    0x00, 0x00, 0x00, 0x00, 0x00, 0x00, 0x00, 0x00, 0x00, 0x00, 0x00, 0x00, 
    0x00, 0x00, 0x00, 0x00, 0x00, 0x00, 0x00, 0x00, 0x00, 0x00, 0x00, 0x00, 
    0x00, 0x00, 0x00, 0x00, 0x00, 0x00, 0x00, 0x00, 0x00, 0x00, 0x00, 0x00, 
    0x00, 0x00, 0x00, 0x00, 0x00, 0x00, 0x00, 0x00, 0x00, 0x00, 0x00, 0x00, 
    0x00, 0x00, 0x00, 0x00, 0x00, 0x00, 0x00, 0x00, 0x00, 0x00, 0x00, 0x00, 
    0x00, 0x00, 0x00, 0x00, 0x00, 0x00, 0x00, 0x00, 0x00, 0x00, 0x00, 0x00, 
    0x00, 0x00, 0x00, 0x00, 0x00, 0x00, 0x00, 0x00, 0x00, 0x00, 0x00, 0x00, 
    0x90, 0x00, 0x00, 0x00, 0x14, 0x00, 0x00, 0x00, 0x38, 0x00, 0x00, 0x00, 
    0x48, 0x00, 0x00, 0x00, 0x20, 0x00, 0x00, 0x00, 0x64, 0x00, 0x00, 0x00, 
    0x74, 0x00, 0x00, 0x00, 0x54, 0x00, 0x00, 0x00, 0x84, 0x00, 0x00, 0x00, 
    0x2c, 0x00, 0x00, 0x00, 0xb4, 0x02, 0x00, 0x00, 0x02, 0x00, 0x04, 0x00, 
    0x00, 0x39, 0x39, 0x39, 0x39, 0x39, 0x22, 0x39, 0x39, 0x39, 0x26, 0x39, 
    0x39, 0x39, 0x2a, 0x1c, 0x1a, 0x39, 0x39, 0x2c, 0x39, 0x20, 0x1e, 0x39, 
    0x32, 0x24, 0x16, 0x34, 0x28, 0x18, 0x12, 0x39, 0x10, 0x14, 0x30, 0x2e, 
    0x36, 0x0e, 0x64, 0x72, 0x69, 0x76, 0x65, 0x72, 0x5f, 0x69, 0x6e, 0x69, 
    0x74, 0x6d, 0x62, 0x5f, 0x6d, 0x61, 0x70, 0x70, 0x65, 0x64, 0x62, 0x75, 
    0x73, 0x5f, 0x74, 0x79, 0x70, 0x65, 0x4e, 0x6f, 0x74, 0x46, 0x6f, 0x75, 
    0x6e, 0x64, 0x6e, 0x6f, 0x20, 0x73, 0x70, 0x61, 0x63, 0x65, 0x65, 0x74, 
    0x68, 0x65, 0x72, 0x6e, 0x65, 0x74, 0x6d, 0x62, 0x72, 0x5f, 0x74, 0x79, 
    0x70, 0x65, 0x49, 0x6e, 0x74, 0x65, 0x72, 0x6e, 0x61, 0x6c, 0x4c, 0x69, 
    0x6e, 0x6b, 0x44, 0x6f, 0x77, 0x6e, 0x6d, 0x62, 0x5f, 0x76, 0x61, 0x6c, 
    0x69, 0x64, 0x6b, 0x76, 0x5f, 0x63, 0x6f, 0x75, 0x6e, 0x74, 0x6d, 0x65, 
    0x74, 0x61, 0x5f, 0x6c, 0x65, 0x6e, 0x6d, 0x61, 0x69, 0x6c, 0x62, 0x6f, 
    0x78, 0x5f, 0x69, 0x6e, 0x76, 0x61, 0x6c, 0x69, 0x64, 0x6d, 0x61, 0x67, 
    0x69, 0x63, 0x76, 0x65, 0x72, 0x73, 0x69, 0x6f, 0x6e, 0x00, 0x00, 0x00, 
    0x94, 0x97, 0x01, 0x40, 0x00, 0x00, 0x00, 0x00, 0x46, 0x00, 0x00, 0x00, 
    0x00, 0x00, 0x00, 0x00, 0xd2, 0x08, 0x00, 0x00, 0x24, 0x00, 0x00, 0x00, 
    0x6d, 0x61, 0x69, 0x6c, 0x62, 0x6f, 0x78, 0x5f, 0x68, 0x64, 0x72, 0x64, 
    0x65, 0x76, 0x5f, 0x63, 0x6f, 0x75, 0x6e, 0x74, 0x62, 0x75, 0x73, 0x64, 
    0x5f, 0x63, 0x6f, 0x6e, 0x6e, 0x65, 0x63, 0x74, 0x65, 0x64, 0x62, 0x75, 
    0x73, 0x64, 0x5f, 0x6e, 0x6f, 0x74, 0x5f, 0x61, 0x76, 0x61, 0x69, 0x6c, 
    0x61, 0x62, 0x6c, 0x65, 0x73, 0x70, 0x61, 0x77, 0x6e, 0x5f, 0x63, 0x74, 
    0x78, 0x5f, 0x66, 0x72, 0x6f, 0x6d, 0x5f, 0x6d, 0x62, 0x6d, 0x62, 0x5f, 
    0x70, 0x61, 0x72, 0x73, 0x65, 0x5f, 0x66, 0x61, 0x69, 0x6c, 0x65, 0x64, 
    0x6d, 0x75, 0x78, 0x5f, 0x63, 0x72, 0x65, 0x61, 0x74, 0x65, 0x5f, 0x66, 
    0x61, 0x69, 0x6c, 0x65, 0x64, 0x63, 0x68, 0x69, 0x6c, 0x64, 0x5f, 0x65, 
    0x78, 0x69, 0x74, 0x65, 0x64, 0x70, 0x69, 0x64, 0x00, 0x00, 0x00, 0x00, 
    0x94, 0x97, 0x01, 0x40, 0x00, 0x00, 0x00, 0x00, 0x46, 0x00, 0x00, 0x00, 
    0x00, 0x00, 0x00, 0x00, 0x78, 0x07, 0x00, 0x00, 0x38, 0x00, 0x00, 0x00, 
    0x94, 0x97, 0x01, 0x40, 0x00, 0x00, 0x00, 0x00, 0x46, 0x00, 0x00, 0x00, 
    0x00, 0x00, 0x00, 0x00, 0x80, 0x07, 0x00, 0x00, 0x23, 0x00, 0x00, 0x00, 
    0x6e, 0x6f, 0x74, 0x5f, 0x66, 0x6f, 0x75, 0x6e, 0x64, 0x00, 0x00, 0x00, 
    0x00, 0x00, 0x00, 0x00, 0x94, 0x97, 0x01, 0x40, 0x00, 0x00, 0x00, 0x00, 
    0x46, 0x00, 0x00, 0x00, 0x00, 0x00, 0x00, 0x00, 0x8f, 0x07, 0x00, 0x00, 
    0x48, 0x00, 0x00, 0x00, 0x94, 0x97, 0x01, 0x40, 0x00, 0x00, 0x00, 0x00, 
    0x46, 0x00, 0x00, 0x00, 0x00, 0x00, 0x00, 0x00, 0x96, 0x07, 0x00, 0x00, 
    0x23, 0x00, 0x00, 0x00, 0x94, 0x97, 0x01, 0x40, 0x00, 0x00, 0x00, 0x00, 
    0x46, 0x00, 0x00, 0x00, 0x00, 0x00, 0x00, 0x00, 0xab, 0x07, 0x00, 0x00, 
    0x23, 0x00, 0x00, 0x00, 0x6f, 0x6b, 0x00, 0x00, 0x00, 0x00, 0x00, 0x00, 
    0x94, 0x97, 0x01, 0x40, 0x00, 0x00, 0x00, 0x00, 0x46, 0x00, 0x00, 0x00, 
    0x00, 0x00, 0x00, 0x00, 0x40, 0x05, 0x00, 0x00, 0x1d, 0x00, 0x00, 0x00, 
    0x94, 0x97, 0x01, 0x40, 0x00, 0x00, 0x00, 0x00, 0x46, 0x00, 0x00, 0x00, 
    0x00, 0x00, 0x00, 0x00, 0x4b, 0x05, 0x00, 0x00, 0x44, 0x00, 0x00, 0x00, 
    0x94, 0x97, 0x01, 0x40, 0x00, 0x00, 0x00, 0x00, 0x46, 0x00, 0x00, 0x00, 
    0x00, 0x00, 0x00, 0x00, 0x5c, 0x05, 0x00, 0x00, 0x34, 0x00, 0x00, 0x00, 
    0x94, 0x97, 0x01, 0x40, 0x00, 0x00, 0x00, 0x00, 0x46, 0x00, 0x00, 0x00, 
    0x00, 0x00, 0x00, 0x00, 0x71, 0x05, 0x00, 0x00, 0x25, 0x00, 0x00, 0x00, 
    0x94, 0x97, 0x01, 0x40, 0x00, 0x00, 0x00, 0x00, 0x46, 0x00, 0x00, 0x00, 
    0x00, 0x00, 0x00, 0x00, 0x71, 0x05, 0x00, 0x00, 0x4e, 0x00, 0x00, 0x00, 
    0x94, 0x97, 0x01, 0x40, 0x00, 0x00, 0x00, 0x00, 0x46, 0x00, 0x00, 0x00, 
    0x00, 0x00, 0x00, 0x00, 0x71, 0x05, 0x00, 0x00, 0x2e, 0x00, 0x00, 0x00, 
    0x94, 0x97, 0x01, 0x40, 0x00, 0x00, 0x00, 0x00, 0x46, 0x00, 0x00, 0x00, 
    0x00, 0x00, 0x00, 0x00, 0x76, 0x05, 0x00, 0x00, 0x29, 0x00, 0x00, 0x00, 
    0x94, 0x97, 0x01, 0x40, 0x00, 0x00, 0x00, 0x00, 0x46, 0x00, 0x00, 0x00, 
    0x00, 0x00, 0x00, 0x00, 0x76, 0x05, 0x00, 0x00, 0x5b, 0x00, 0x00, 0x00, 
    0x94, 0x97, 0x01, 0x40, 0x00, 0x00, 0x00, 0x00, 0x46, 0x00, 0x00, 0x00, 
    0x00, 0x00, 0x00, 0x00, 0x76, 0x05, 0x00, 0x00, 0x3d, 0x00, 0x00, 0x00, 
    0x94, 0x97, 0x01, 0x40, 0x00, 0x00, 0x00, 0x00, 0x46, 0x00, 0x00, 0x00, 
    0x00, 0x00, 0x00, 0x00, 0x84, 0x05, 0x00, 0x00, 0x43, 0x00, 0x00, 0x00, 
    0x94, 0x97, 0x01, 0x40, 0x00, 0x00, 0x00, 0x00, 0x46, 0x00, 0x00, 0x00, 
    0x00, 0x00, 0x00, 0x00, 0xab, 0x04, 0x00, 0x00, 0x20, 0x00, 0x00, 0x00, 
    0x94, 0x97, 0x01, 0x40, 0x00, 0x00, 0x00, 0x00, 0x46, 0x00, 0x00, 0x00, 
    0x00, 0x00, 0x00, 0x00, 0xb7, 0x04, 0x00, 0x00, 0x46, 0x00, 0x00, 0x00, 
    0x94, 0x97, 0x01, 0x40, 0x00, 0x00, 0x00, 0x00, 0x46, 0x00, 0x00, 0x00, 
    0x00, 0x00, 0x00, 0x00, 0xc6, 0x04, 0x00, 0x00, 0x3e, 0x00, 0x00, 0x00, 
    0x94, 0x97, 0x01, 0x40, 0x00, 0x00, 0x00, 0x00, 0x46, 0x00, 0x00, 0x00, 
    0x00, 0x00, 0x00, 0x00, 0xcb, 0x07, 0x00, 0x00, 0x21, 0x00, 0x00, 0x00, 
    0x94, 0x97, 0x01, 0x40, 0x00, 0x00, 0x00, 0x00, 0x46, 0x00, 0x00, 0x00, 
    0x00, 0x00, 0x00, 0x00, 0xf0, 0x07, 0x00, 0x00, 0x18, 0x00, 0x00, 0x00, 
    0x94, 0x97, 0x01, 0x40, 0x00, 0x00, 0x00, 0x00, 0x46, 0x00, 0x00, 0x00, 
    0x00, 0x00, 0x00, 0x00, 0xf0, 0x07, 0x00, 0x00, 0x26, 0x00, 0x00, 0x00, 
    0x94, 0x97, 0x01, 0x40, 0x00, 0x00, 0x00, 0x00, 0x46, 0x00, 0x00, 0x00, 
    0x00, 0x00, 0x00, 0x00, 0x00, 0x08, 0x00, 0x00, 0x24, 0x00, 0x00, 0x00, 
    0x94, 0x97, 0x01, 0x40, 0x00, 0x00, 0x00, 0x00, 0x46, 0x00, 0x00, 0x00, 
    0x00, 0x00, 0x00, 0x00, 0x00, 0x08, 0x00, 0x00, 0x33, 0x00, 0x00, 0x00, 
    0x73, 0x75, 0x70, 0x65, 0x72, 0x71, 0x5f, 0x66, 0x72, 0x61, 0x67, 0x5f, 
    0x72, 0x65, 0x63, 0x76, 0x5f, 0x65, 0x72, 0x72, 0x00, 0x00, 0x00, 0x00, 
    0x94, 0x97, 0x01, 0x40, 0x00, 0x00, 0x00, 0x00, 0x46, 0x00, 0x00, 0x00, 
    0x00, 0x00, 0x00, 0x00, 0x12, 0x08, 0x00, 0x00, 0x44, 0x00, 0x00, 0x00, 
    0x94, 0x97, 0x01, 0x40, 0x00, 0x00, 0x00, 0x00, 0x46, 0x00, 0x00, 0x00, 
    0x00, 0x00, 0x00, 0x00, 0x2b, 0x08, 0x00, 0x00, 0x6a, 0x00, 0x00, 0x00, 
    0x62, 0x75, 0x73, 0x64, 0x5f, 0x6d, 0x75, 0x78, 0x5f, 0x61, 0x64, 0x64, 
    0x5f, 0x66, 0x61, 0x69, 0x6c, 0x65, 0x64, 0x42, 0x75, 0x66, 0x66, 0x65, 
    0x72, 0x46, 0x75, 0x6c, 0x6c, 0x49, 0x6e, 0x76, 0x61, 0x6c, 0x69, 0x64, 
    0x4d, 0x65, 0x73, 0x73, 0x61, 0x67, 0x65, 0x4e, 0x6f, 0x53, 0x70, 0x61, 
    0x63, 0x65, 0x54, 0x69, 0x6d, 0x65, 0x6f, 0x75, 0x74, 0x53, 0x70, 0x61, 
    0x77, 0x6e, 0x46, 0x61, 0x69, 0x6c, 0x65, 0x64, 0x53, 0x68, 0x6d, 0x65, 
    0x6d, 0x45, 0x72, 0x72, 0x6f, 0x72, 0x4e, 0x6f, 0x74, 0x50, 0x72, 0x65, 
    0x73, 0x65, 0x6e, 0x74, 0x72, 0x65, 0x73, 0x65, 0x74, 0x5f, 0x66, 0x61, 
    0x69, 0x6c, 0x65, 0x64, 0x52, 0x65, 0x61, 0x64, 0x79, 0x63, 0x6f, 0x6e, 
    0x66, 0x69, 0x67, 0x5f, 0x71, 0x75, 0x65, 0x72, 0x79, 0x5f, 0x74, 0x69, 
    0x6d, 0x65, 0x6f, 0x75, 0x74, 0x00, 0x00, 0x00, 0x94, 0x97, 0x01, 0x40, 
    0x00, 0x00, 0x00, 0x00, 0x46, 0x00, 0x00, 0x00, 0x00, 0x00, 0x00, 0x00, 
    0x3d, 0x04, 0x00, 0x00, 0x26, 0x00, 0x00, 0x00, 0x11, 0x00, 0x00, 0x00, 
    0x00, 0x00, 0x00, 0x00, 0x09, 0x00, 0x00, 0x00, 0x00, 0x00, 0x00, 0x00, 
    0x0f, 0x00, 0x00, 0x00, 0x00, 0x00, 0x00, 0x00, 0x0b, 0x00, 0x00, 0x00, 
    0x00, 0x00, 0x00, 0x00, 0x09, 0x00, 0x00, 0x00, 0x00, 0x00, 0x00, 0x00, 
    0x0e, 0x00, 0x00, 0x00, 0x00, 0x00, 0x00, 0x00, 0x11, 0x00, 0x00, 0x00, 
    0x00, 0x00, 0x00, 0x00, 0x13, 0x00, 0x00, 0x00, 0x00, 0x00, 0x00, 0x00, 
    0x12, 0x00, 0x00, 0x00, 0x00, 0x00, 0x00, 0x00, 0x0b, 0x00, 0x00, 0x00, 
    0x00, 0x00, 0x00, 0x00, 0x0d, 0x00, 0x00, 0x00, 0x00, 0x00, 0x00, 0x00, 
    0x0d, 0x00, 0x00, 0x00, 0x00, 0x00, 0x00, 0x00, 0x0b, 0x00, 0x00, 0x00, 
    0x00, 0x00, 0x00, 0x00, 0x0d, 0x00, 0x00, 0x00, 0x00, 0x00, 0x00, 0x00, 
    0x0e, 0x00, 0x00, 0x00, 0x00, 0x00, 0x00, 0x00, 0x0d, 0x00, 0x00, 0x00, 
    0x00, 0x00, 0x00, 0x00, 0x10, 0x00, 0x00, 0x00, 0x00, 0x00, 0x00, 0x00, 
    0x0e, 0x00, 0x00, 0x00, 0x00, 0x00, 0x00, 0x00, 0x10, 0x00, 0x00, 0x00, 
    0x00, 0x00, 0x00, 0x00, 0x08, 0x00, 0x00, 0x00, 0x00, 0x00, 0x00, 0x00, 
    0x0f, 0x00, 0x00, 0x00, 0x00, 0x00, 0x00, 0x00, 0x11, 0x00, 0x00, 0x00, 
    0x00, 0x00, 0x00, 0x00, 0x17, 0x00, 0x00, 0x00, 0x00, 0x00, 0x00, 0x00, 
    0x0b, 0x00, 0x00, 0x00, 0x00, 0x00, 0x00, 0x00, 0x10, 0x00, 0x00, 0x00, 
    0x00, 0x00, 0x00, 0x00, 0x07, 0x00, 0x00, 0x00, 0x00, 0x00, 0x00, 0x00, 
    0x12, 0x00, 0x00, 0x00, 0x00, 0x00, 0x00, 0x00, 0x0d, 0x00, 0x00, 0x00, 
    0x00, 0x00, 0x00, 0x00, 0x8b, 0x9f, 0x01, 0x40, 0x00, 0x00, 0x00, 0x00, 
    0x9c, 0x9f, 0x01, 0x40, 0x00, 0x00, 0x00, 0x00, 0xa5, 0x9f, 0x01, 0x40, 
    0x00, 0x00, 0x00, 0x00, 0xb4, 0x9f, 0x01, 0x40, 0x00, 0x00, 0x00, 0x00, 
    0xbf, 0x9f, 0x01, 0x40, 0x00, 0x00, 0x00, 0x00, 0xc8, 0x9f, 0x01, 0x40, 
    0x00, 0x00, 0x00, 0x00, 0xd6, 0x9f, 0x01, 0x40, 0x00, 0x00, 0x00, 0x00, 
    0xe7, 0x9f, 0x01, 0x40, 0x00, 0x00, 0x00, 0x00, 0xfa, 0x9f, 0x01, 0x40, 
    0x00, 0x00, 0x00, 0x00, 0x0c, 0xa0, 0x01, 0x40, 0x00, 0x00, 0x00, 0x00, 
    0x17, 0xa0, 0x01, 0x40, 0x00, 0x00, 0x00, 0x00, 0x24, 0xa0, 0x01, 0x40, 
    0x00, 0x00, 0x00, 0x00, 0x31, 0xa0, 0x01, 0x40, 0x00, 0x00, 0x00, 0x00, 
    0x3c, 0xa0, 0x01, 0x40, 0x00, 0x00, 0x00, 0x00, 0x49, 0xa0, 0x01, 0x40, 
    0x00, 0x00, 0x00, 0x00, 0x57, 0xa0, 0x01, 0x40, 0x00, 0x00, 0x00, 0x00, 
    0x84, 0xa0, 0x01, 0x40, 0x00, 0x00, 0x00, 0x00, 0x94, 0xa0, 0x01, 0x40, 
    0x00, 0x00, 0x00, 0x00, 0x64, 0xa0, 0x01, 0x40, 0x00, 0x00, 0x00, 0x00, 
    0x7a, 0x90, 0x01, 0x40, 0x00, 0x00, 0x00, 0x00, 0xa2, 0xa0, 0x01, 0x40, 
    0x00, 0x00, 0x00, 0x00, 0xb1, 0xa0, 0x01, 0x40, 0x00, 0x00, 0x00, 0x00, 
    0xc2, 0xa0, 0x01, 0x40, 0x00, 0x00, 0x00, 0x00, 0xd9, 0xa0, 0x01, 0x40, 
    0x00, 0x00, 0x00, 0x00, 0x74, 0xa0, 0x01, 0x40, 0x00, 0x00, 0x00, 0x00, 
    0xe4, 0xa0, 0x01, 0x40, 0x00, 0x00, 0x00, 0x00, 0xeb, 0xa0, 0x01, 0x40, 
    0x00, 0x00, 0x00, 0x00, 0xfd, 0xa0, 0x01, 0x40, 0x00, 0x00, 0x00, 0x00, 
    0x2f, 0x55, 0x73, 0x65, 0x72, 0x73, 0x2f, 0x74, 0x2e, 0x68, 0x65, 0x6c, 
    0x6f, 0x69, 0x6e, 0x2f, 0x67, 0x69, 0x74, 0x2f, 0x62, 0x61, 0x6e, 0x61, 
    0x6e, 0x61, 0x2f, 0x62, 0x70, 0x69, 0x2d, 0x72, 0x34, 0x2d, 0x6b, 0x65, 
    0x72, 0x6e, 0x65, 0x6c, 0x2f, 0x75, 0x73, 0x65, 0x72, 0x2f, 0x6c, 0x69, 
    0x62, 0x73, 0x79, 0x73, 0x2f, 0x73, 0x72, 0x63, 0x2f, 0x6d, 0x61, 0x69, 
    0x6c, 0x62, 0x6f, 0x78, 0x2e, 0x72, 0x73, 0x00, 0x73, 0x72, 0x63, 0x2f, 
    0x6d, 0x61, 0x69, 0x6e, 0x2e, 0x72, 0x73, 0x00, 0x2f, 0x55, 0x73, 0x65, 
    0x72, 0x73, 0x2f, 0x74, 0x2e, 0x68, 0x65, 0x6c, 0x6f, 0x69, 0x6e, 0x2f, 
    0x67, 0x69, 0x74, 0x2f, 0x62, 0x61, 0x6e, 0x61, 0x6e, 0x61, 0x2f, 0x62, 
    0x70, 0x69, 0x2d, 0x72, 0x34, 0x2d, 0x6b, 0x65, 0x72, 0x6e, 0x65, 0x6c, 
    0x2f, 0x75, 0x73, 0x65, 0x72, 0x2f, 0x6c, 0x69, 0x62, 0x73, 0x79, 0x73, 
    0x2f, 0x73, 0x72, 0x63, 0x2f, 0x72, 0x69, 0x6e, 0x67, 0x2e, 0x72, 0x73, 
    0x00, 0x2f, 0x55, 0x73, 0x65, 0x72, 0x73, 0x2f, 0x74, 0x2e, 0x68, 0x65, 
    0x6c, 0x6f, 0x69, 0x6e, 0x2f, 0x2e, 0x72, 0x75, 0x73, 0x74, 0x75, 0x70, 
    0x2f, 0x74, 0x6f, 0x6f, 0x6c, 0x63, 0x68, 0x61, 0x69, 0x6e, 0x73, 0x2f, 
    0x6e, 0x69, 0x67, 0x68, 0x74, 0x6c, 0x79, 0x2d, 0x61, 0x61, 0x72, 0x63, 
    0x68, 0x36, 0x34, 0x2d, 0x61, 0x70, 0x70, 0x6c, 0x65, 0x2d, 0x64, 0x61, 
    0x72, 0x77, 0x69, 0x6e, 0x2f, 0x6c, 0x69, 0x62, 0x2f, 0x72, 0x75, 0x73, 
    0x74, 0x6c, 0x69, 0x62, 0x2f, 0x73, 0x72, 0x63, 0x2f, 0x72, 0x75, 0x73, 
    0x74, 0x2f, 0x6c, 0x69, 0x62, 0x72, 0x61, 0x72, 0x79, 0x2f, 0x61, 0x6c, 
    0x6c, 0x6f, 0x63, 0x2f, 0x73, 0x72, 0x63, 0x2f, 0x72, 0x61, 0x77, 0x5f, 
    0x76, 0x65, 0x63, 0x2f, 0x6d, 0x6f, 0x64, 0x2e, 0x72, 0x73, 0x00, 0x2f, 
    0x55, 0x73, 0x65, 0x72, 0x73, 0x2f, 0x74, 0x2e, 0x68, 0x65, 0x6c, 0x6f, 
    0x69, 0x6e, 0x2f, 0x67, 0x69, 0x74, 0x2f, 0x62, 0x61, 0x6e, 0x61, 0x6e, 
    0x61, 0x2f, 0x62, 0x70, 0x69, 0x2d, 0x72, 0x34, 0x2d, 0x6b, 0x65, 0x72, 
    0x6e, 0x65, 0x6c, 0x2f, 0x75, 0x73, 0x65, 0x72, 0x2f, 0x6c, 0x69, 0x62, 
    0x6f, 0x73, 0x2f, 0x73, 0x72, 0x63, 0x2f, 0x73, 0x65, 0x72, 0x69, 0x61, 
    0x6c, 0x69, 0x7a, 0x65, 0x2e, 0x72, 0x73, 0x00, 0x2f, 0x55, 0x73, 0x65, 
    0x72, 0x73, 0x2f, 0x74, 0x2e, 0x68, 0x65, 0x6c, 0x6f, 0x69, 0x6e, 0x2f, 
    0x67, 0x69, 0x74, 0x2f, 0x62, 0x61, 0x6e, 0x61, 0x6e, 0x61, 0x2f, 0x62, 
    0x70, 0x69, 0x2d, 0x72, 0x34, 0x2d, 0x6b, 0x65, 0x72, 0x6e, 0x65, 0x6c, 
    0x2f, 0x75, 0x73, 0x65, 0x72, 0x2f, 0x6c, 0x69, 0x62, 0x6f, 0x73, 0x2f, 
    0x73, 0x72, 0x63, 0x2f, 0x62, 0x75, 0x73, 0x5f, 0x72, 0x75, 0x6e, 0x74, 
    0x69, 0x6d, 0x65, 0x2e, 0x72, 0x73, 0x00, 0x2f, 0x55, 0x73, 0x65, 0x72, 
    0x73, 0x2f, 0x74, 0x2e, 0x68, 0x65, 0x6c, 0x6f, 0x69, 0x6e, 0x2f, 0x2e, 
    0x72, 0x75, 0x73, 0x74, 0x75, 0x70, 0x2f, 0x74, 0x6f, 0x6f, 0x6c, 0x63, 
    0x68, 0x61, 0x69, 0x6e, 0x73, 0x2f, 0x6e, 0x69, 0x67, 0x68, 0x74, 0x6c, 
    0x79, 0x2d, 0x61, 0x61, 0x72, 0x63, 0x68, 0x36, 0x34, 0x2d, 0x61, 0x70, 
    0x70, 0x6c, 0x65, 0x2d, 0x64, 0x61, 0x72, 0x77, 0x69, 0x6e, 0x2f, 0x6c, 
    0x69, 0x62, 0x2f, 0x72, 0x75, 0x73, 0x74, 0x6c, 0x69, 0x62, 0x2f, 0x73, 
    0x72, 0x63, 0x2f, 0x72, 0x75, 0x73, 0x74, 0x2f, 0x6c, 0x69, 0x62, 0x72, 
    0x61, 0x72, 0x79, 0x2f, 0x63, 0x6f, 0x72, 0x65, 0x2f, 0x73, 0x72, 0x63, 
    0x2f, 0x66, 0x6d, 0x74, 0x2f, 0x6e, 0x75, 0x6d, 0x2e, 0x72, 0x73, 0x00, 
    0x2f, 0x55, 0x73, 0x65, 0x72, 0x73, 0x2f, 0x74, 0x2e, 0x68, 0x65, 0x6c, 
    0x6f, 0x69, 0x6e, 0x2f, 0x67, 0x69, 0x74, 0x2f, 0x62, 0x61, 0x6e, 0x61, 
    0x6e, 0x61, 0x2f, 0x62, 0x70, 0x69, 0x2d, 0x72, 0x34, 0x2d, 0x6b, 0x65, 
    0x72, 0x6e, 0x65, 0x6c, 0x2f, 0x75, 0x73, 0x65, 0x72, 0x2f, 0x6c, 0x69, 
    0x62, 0x6f, 0x73, 0x2f, 0x73, 0x72, 0x63, 0x2f, 0x62, 0x75, 0x73, 0x5f, 
    0x63, 0x6c, 0x69, 0x65, 0x6e, 0x74, 0x2e, 0x72, 0x73, 0x00, 0xc0, 0x00, 
    0x16, 0x73, 0x6c, 0x69, 0x63, 0x65, 0x20, 0x69, 0x6e, 0x64, 0x65, 0x78, 
    0x20, 0x73, 0x74, 0x61, 0x72, 0x74, 0x73, 0x20, 0x61, 0x74, 0x20, 0xc0, 
    0x0d, 0x20, 0x62, 0x75, 0x74, 0x20, 0x65, 0x6e, 0x64, 0x73, 0x20, 0x61, 
    0x74, 0x20, 0xc0, 0x00, 0x2f, 0x55, 0x73, 0x65, 0x72, 0x73, 0x2f, 0x74, 
    0x2e, 0x68, 0x65, 0x6c, 0x6f, 0x69, 0x6e, 0x2f, 0x67, 0x69, 0x74, 0x2f, 
    0x62, 0x61, 0x6e, 0x61, 0x6e, 0x61, 0x2f, 0x62, 0x70, 0x69, 0x2d, 0x72, 
    0x34, 0x2d, 0x6b, 0x65, 0x72, 0x6e, 0x65, 0x6c, 0x2f, 0x75, 0x73, 0x65, 
    0x72, 0x2f, 0x6c, 0x69, 0x62, 0x73, 0x79, 0x73, 0x2f, 0x73, 0x72, 0x63, 
    0x2f, 0x69, 0x70, 0x63, 0x2e, 0x72, 0x73, 0x00, 0x2f, 0x55, 0x73, 0x65, 
    0x72, 0x73, 0x2f, 0x74, 0x2e, 0x68, 0x65, 0x6c, 0x6f, 0x69, 0x6e, 0x2f, 
    0x67, 0x69, 0x74, 0x2f, 0x62, 0x61, 0x6e, 0x61, 0x6e, 0x61, 0x2f, 0x62, 
    0x70, 0x69, 0x2d, 0x72, 0x34, 0x2d, 0x6b, 0x65, 0x72, 0x6e, 0x65, 0x6c, 
    0x2f, 0x75, 0x73, 0x65, 0x72, 0x2f, 0x61, 0x62, 0x69, 0x2f, 0x73, 0x72, 
    0x63, 0x2f, 0x6c, 0x69, 0x62, 0x2e, 0x72, 0x73, 0x00, 0x2f, 0x55, 0x73, 
    0x65, 0x72, 0x73, 0x2f, 0x74, 0x2e, 0x68, 0x65, 0x6c, 0x6f, 0x69, 0x6e, 
    0x2f, 0x2e, 0x72, 0x75, 0x73, 0x74, 0x75, 0x70, 0x2f, 0x74, 0x6f, 0x6f, 
    0x6c, 0x63, 0x68, 0x61, 0x69, 0x6e, 0x73, 0x2f, 0x6e, 0x69, 0x67, 0x68, 
    0x74, 0x6c, 0x79, 0x2d, 0x61, 0x61, 0x72, 0x63, 0x68, 0x36, 0x34, 0x2d, 
    0x61, 0x70, 0x70, 0x6c, 0x65, 0x2d, 0x64, 0x61, 0x72, 0x77, 0x69, 0x6e, 
    0x2f, 0x6c, 0x69, 0x62, 0x2f, 0x72, 0x75, 0x73, 0x74, 0x6c, 0x69, 0x62, 
    0x2f, 0x73, 0x72, 0x63, 0x2f, 0x72, 0x75, 0x73, 0x74, 0x2f, 0x6c, 0x69, 
    0x62, 0x72, 0x61, 0x72, 0x79, 0x2f, 0x61, 0x6c, 0x6c, 0x6f, 0x63, 0x2f, 
    0x73, 0x72, 0x63, 0x2f, 0x61, 0x6c, 0x6c, 0x6f, 0x63, 0x2e, 0x72, 0x73, 
    0x00, 0x20, 0x69, 0x6e, 0x64, 0x65, 0x78, 0x20, 0x6f, 0x75, 0x74, 0x20, 
    0x6f, 0x66, 0x20, 0x62, 0x6f, 0x75, 0x6e, 0x64, 0x73, 0x3a, 0x20, 0x74, 
    0x68, 0x65, 0x20, 0x6c, 0x65, 0x6e, 0x20, 0x69, 0x73, 0x20, 0xc0, 0x12, 
    0x20, 0x62, 0x75, 0x74, 0x20, 0x74, 0x68, 0x65, 0x20, 0x69, 0x6e, 0x64, 
    0x65, 0x78, 0x20, 0x69, 0x73, 0x20, 0xc0, 0x00, 0x15, 0x6d, 0x65, 0x6d, 
    0x6f, 0x72, 0x79, 0x20, 0x61, 0x6c, 0x6c, 0x6f, 0x63, 0x61, 0x74, 0x69, 
    0x6f, 0x6e, 0x20, 0x6f, 0x66, 0x20, 0xc0, 0x0d, 0x20, 0x62, 0x79, 0x74, 
    0x65, 0x73, 0x20, 0x66, 0x61, 0x69, 0x6c, 0x65, 0x64, 0x00, 0x2f, 0x55, 
    0x73, 0x65, 0x72, 0x73, 0x2f, 0x74, 0x2e, 0x68, 0x65, 0x6c, 0x6f, 0x69, 
    0x6e, 0x2f, 0x67, 0x69, 0x74, 0x2f, 0x62, 0x61, 0x6e, 0x61, 0x6e, 0x61, 
    0x2f, 0x62, 0x70, 0x69, 0x2d, 0x72, 0x34, 0x2d, 0x6b, 0x65, 0x72, 0x6e, 
    0x65, 0x6c, 0x2f, 0x75, 0x73, 0x65, 0x72, 0x2f, 0x6c, 0x69, 0x62, 0x6f, 
    0x73, 0x2f, 0x73, 0x72, 0x63, 0x2f, 0x75, 0x6c, 0x6f, 0x67, 0x2e, 0x72, 
    0x73, 0x00, 0x10, 0x72, 0x61, 0x6e, 0x67, 0x65, 0x20, 0x65, 0x6e, 0x64, 
    0x20, 0x69, 0x6e, 0x64, 0x65, 0x78, 0x20, 0xc0, 0x22, 0x20, 0x6f, 0x75, 
    0x74, 0x20, 0x6f, 0x66, 0x20, 0x72, 0x61, 0x6e, 0x67, 0x65, 0x20, 0x66, 
    0x6f, 0x72, 0x20, 0x73, 0x6c, 0x69, 0x63, 0x65, 0x20, 0x6f, 0x66, 0x20, 
    0x6c, 0x65, 0x6e, 0x67, 0x74, 0x68, 0x20, 0xc0, 0x00, 0x2f, 0x55, 0x73, 
    0x65, 0x72, 0x73, 0x2f, 0x74, 0x2e, 0x68, 0x65, 0x6c, 0x6f, 0x69, 0x6e, 
    0x2f, 0x67, 0x69, 0x74, 0x2f, 0x62, 0x61, 0x6e, 0x61, 0x6e, 0x61, 0x2f, 
    0x62, 0x70, 0x69, 0x2d, 0x72, 0x34, 0x2d, 0x6b, 0x65, 0x72, 0x6e, 0x65, 
    0x6c, 0x2f, 0x75, 0x73, 0x65, 0x72, 0x2f, 0x6c, 0x69, 0x62, 0x6f, 0x73, 
    0x2f, 0x73, 0x72, 0x63, 0x2f, 0x77, 0x69, 0x72, 0x65, 0x2e, 0x72, 0x73, 
    0x00, 0x12, 0x72, 0x61, 0x6e, 0x67, 0x65, 0x20, 0x73, 0x74, 0x61, 0x72, 
    0x74, 0x20, 0x69, 0x6e, 0x64, 0x65, 0x78, 0x20, 0xc0, 0x22, 0x20, 0x6f, 
    0x75, 0x74, 0x20, 0x6f, 0x66, 0x20, 0x72, 0x61, 0x6e, 0x67, 0x65, 0x20, 
    0x66, 0x6f, 0x72, 0x20, 0x73, 0x6c, 0x69, 0x63, 0x65, 0x20, 0x6f, 0x66, 
    0x20, 0x6c, 0x65, 0x6e, 0x67, 0x74, 0x68, 0x20, 0xc0, 0x00, 0x2f, 0x55, 
    0x73, 0x65, 0x72, 0x73, 0x2f, 0x74, 0x2e, 0x68, 0x65, 0x6c, 0x6f, 0x69, 
    0x6e, 0x2f, 0x67, 0x69, 0x74, 0x2f, 0x62, 0x61, 0x6e, 0x61, 0x6e, 0x61, 
    0x2f, 0x62, 0x70, 0x69, 0x2d, 0x72, 0x34, 0x2d, 0x6b, 0x65, 0x72, 0x6e, 
    0x65, 0x6c, 0x2f, 0x75, 0x73, 0x65, 0x72, 0x2f, 0x6c, 0x69, 0x62, 0x6f, 
    0x73, 0x2f, 0x73, 0x72, 0x63, 0x2f, 0x62, 0x75, 0x73, 0x2e, 0x72, 0x73, 
    0x00, 0x2f, 0x55, 0x73, 0x65, 0x72, 0x73, 0x2f, 0x74, 0x2e, 0x68, 0x65, 
    0x6c, 0x6f, 0x69, 0x6e, 0x2f, 0x67, 0x69, 0x74, 0x2f, 0x62, 0x61, 0x6e, 
    0x61, 0x6e, 0x61, 0x2f, 0x62, 0x70, 0x69, 0x2d, 0x72, 0x34, 0x2d, 0x6b, 
    0x65, 0x72, 0x6e, 0x65, 0x6c, 0x2f, 0x75, 0x73, 0x65, 0x72, 0x2f, 0x6c, 
    0x69, 0x62, 0x73, 0x79, 0x73, 0x2f, 0x73, 0x72, 0x63, 0x2f, 0x6c, 0x69, 
    0x62, 0x2e, 0x72, 0x73, 0x00, 0x2f, 0x55, 0x73, 0x65, 0x72, 0x73, 0x2f, 
    0x74, 0x2e, 0x68, 0x65, 0x6c, 0x6f, 0x69, 0x6e, 0x2f, 0x67, 0x69, 0x74, 
    0x2f, 0x62, 0x61, 0x6e, 0x61, 0x6e, 0x61, 0x2f, 0x62, 0x70, 0x69, 0x2d, 
    0x72, 0x34, 0x2d, 0x6b, 0x65, 0x72, 0x6e, 0x65, 0x6c, 0x2f, 0x75, 0x73, 
    0x65, 0x72, 0x2f, 0x6c, 0x69, 0x62, 0x66, 0x2f, 0x73, 0x72, 0x63, 0x2f, 
    0x63, 0x6f, 0x6c, 0x6c, 0x65, 0x63, 0x74, 0x69, 0x6f, 0x6e, 0x73, 0x2e, 
    0x72, 0x73, 0x00, 0x2f, 0x55, 0x73, 0x65, 0x72, 0x73, 0x2f, 0x74, 0x2e, 
    0x68, 0x65, 0x6c, 0x6f, 0x69, 0x6e, 0x2f, 0x67, 0x69, 0x74, 0x2f, 0x62, 
    0x61, 0x6e, 0x61, 0x6e, 0x61, 0x2f, 0x62, 0x70, 0x69, 0x2d, 0x72, 0x34, 
    0x2d, 0x6b, 0x65, 0x72, 0x6e, 0x65, 0x6c, 0x2f, 0x75, 0x73, 0x65, 0x72, 
    0x2f, 0x6c, 0x69, 0x62, 0x73, 0x79, 0x73, 0x2f, 0x73, 0x72, 0x63, 0x2f, 
    0x64, 0x61, 0x74, 0x61, 0x5f, 0x70, 0x6f, 0x72, 0x74, 0x2e, 0x72, 0x73, 
    0x00, 0x00, 0x00, 0x00, 0x00, 0x00, 0x00, 0x00, 0xfc, 0x98, 0x01, 0x40, 
    0x00, 0x00, 0x00, 0x00, 0x3c, 0x00, 0x00, 0x00, 0x00, 0x00, 0x00, 0x00, 
    0x45, 0x08, 0x00, 0x00, 0x13, 0x00, 0x00, 0x00, 0xfc, 0x98, 0x01, 0x40, 
    0x00, 0x00, 0x00, 0x00, 0x3c, 0x00, 0x00, 0x00, 0x00, 0x00, 0x00, 0x00, 
    0x3e, 0x08, 0x00, 0x00, 0x12, 0x00, 0x00, 0x00, 0xfc, 0x98, 0x01, 0x40, 
    0x00, 0x00, 0x00, 0x00, 0x3c, 0x00, 0x00, 0x00, 0x00, 0x00, 0x00, 0x00, 
    0x3e, 0x08, 0x00, 0x00, 0x1a, 0x00, 0x00, 0x00, 0xfc, 0x98, 0x01, 0x40, 
    0x00, 0x00, 0x00, 0x00, 0x3c, 0x00, 0x00, 0x00, 0x00, 0x00, 0x00, 0x00, 
    0x15, 0x09, 0x00, 0x00, 0x15, 0x00, 0x00, 0x00, 0xfc, 0x98, 0x01, 0x40, 
    0x00, 0x00, 0x00, 0x00, 0x3c, 0x00, 0x00, 0x00, 0x00, 0x00, 0x00, 0x00, 
    0x15, 0x09, 0x00, 0x00, 0x30, 0x00, 0x00, 0x00, 0xfc, 0x98, 0x01, 0x40, 
    0x00, 0x00, 0x00, 0x00, 0x3c, 0x00, 0x00, 0x00, 0x00, 0x00, 0x00, 0x00, 
    0x0a, 0x09, 0x00, 0x00, 0x15, 0x00, 0x00, 0x00, 0xfc, 0x98, 0x01, 0x40, 
    0x00, 0x00, 0x00, 0x00, 0x3c, 0x00, 0x00, 0x00, 0x00, 0x00, 0x00, 0x00, 
    0x0a, 0x09, 0x00, 0x00, 0x30, 0x00, 0x00, 0x00, 0xfc, 0x98, 0x01, 0x40, 
    0x00, 0x00, 0x00, 0x00, 0x3c, 0x00, 0x00, 0x00, 0x00, 0x00, 0x00, 0x00, 
    0x20, 0x09, 0x00, 0x00, 0x15, 0x00, 0x00, 0x00, 0xfc, 0x98, 0x01, 0x40, 
    0x00, 0x00, 0x00, 0x00, 0x3c, 0x00, 0x00, 0x00, 0x00, 0x00, 0x00, 0x00, 
    0x20, 0x09, 0x00, 0x00, 0x30, 0x00, 0x00, 0x00, 0x39, 0x99, 0x01, 0x40, 
    0x00, 0x00, 0x00, 0x00, 0x6f, 0x00, 0x00, 0x00, 0x00, 0x00, 0x00, 0x00, 
    0xad, 0x01, 0x00, 0x00, 0x09, 0x00, 0x00, 0x00, 0x63, 0x61, 0x70, 0x61, 
    0x63, 0x69, 0x74, 0x79, 0x20, 0x6f, 0x76, 0x65, 0x72, 0x66, 0x6c, 0x6f, 
    0x77, 0x00, 0x00, 0x00, 0x00, 0x00, 0x00, 0x00, 0xd9, 0x96, 0x01, 0x40, 
    0x00, 0x00, 0x00, 0x00, 0x75, 0x00, 0x00, 0x00, 0x00, 0x00, 0x00, 0x00, 
    0x1c, 0x00, 0x00, 0x00, 0x05, 0x00, 0x00, 0x00, 0x30, 0x30, 0x30, 0x31, 
    0x30, 0x32, 0x30, 0x33, 0x30, 0x34, 0x30, 0x35, 0x30, 0x36, 0x30, 0x37, 
    0x30, 0x38, 0x30, 0x39, 0x31, 0x30, 0x31, 0x31, 0x31, 0x32, 0x31, 0x33, 
    0x31, 0x34, 0x31, 0x35, 0x31, 0x36, 0x31, 0x37, 0x31, 0x38, 0x31, 0x39, 
    0x32, 0x30, 0x32, 0x31, 0x32, 0x32, 0x32, 0x33, 0x32, 0x34, 0x32, 0x35, 
    0x32, 0x36, 0x32, 0x37, 0x32, 0x38, 0x32, 0x39, 0x33, 0x30, 0x33, 0x31, 
    0x33, 0x32, 0x33, 0x33, 0x33, 0x34, 0x33, 0x35, 0x33, 0x36, 0x33, 0x37, 
    0x33, 0x38, 0x33, 0x39, 0x34, 0x30, 0x34, 0x31, 0x34, 0x32, 0x34, 0x33, 
    0x34, 0x34, 0x34, 0x35, 0x34, 0x36, 0x34, 0x37, 0x34, 0x38, 0x34, 0x39, 
    0x35, 0x30, 0x35, 0x31, 0x35, 0x32, 0x35, 0x33, 0x35, 0x34, 0x35, 0x35, 
    0x35, 0x36, 0x35, 0x37, 0x35, 0x38, 0x35, 0x39, 0x36, 0x30, 0x36, 0x31, 
    0x36, 0x32, 0x36, 0x33, 0x36, 0x34, 0x36, 0x35, 0x36, 0x36, 0x36, 0x37, 
    0x36, 0x38, 0x36, 0x39, 0x37, 0x30, 0x37, 0x31, 0x37, 0x32, 0x37, 0x33, 
    0x37, 0x34, 0x37, 0x35, 0x37, 0x36, 0x37, 0x37, 0x37, 0x38, 0x37, 0x39, 
    0x38, 0x30, 0x38, 0x31, 0x38, 0x32, 0x38, 0x33, 0x38, 0x34, 0x38, 0x35, 
    0x38, 0x36, 0x38, 0x37, 0x38, 0x38, 0x38, 0x39, 0x39, 0x30, 0x39, 0x31, 
    0x39, 0x32, 0x39, 0x33, 0x39, 0x34, 0x39, 0x35, 0x39, 0x36, 0x39, 0x37, 
    0x39, 0x38, 0x39, 0x39, 0x61, 0x74, 0x74, 0x65, 0x6d, 0x70, 0x74, 0x20, 
    0x74, 0x6f, 0x20, 0x64, 0x69, 0x76, 0x69, 0x64, 0x65, 0x20, 0x62, 0x79, 
    0x20, 0x7a, 0x65, 0x72, 0x6f, 0x61, 0x74, 0x74, 0x65, 0x6d, 0x70, 0x74, 
    0x20, 0x74, 0x6f, 0x20, 0x63, 0x61, 0x6c, 0x63, 0x75, 0x6c, 0x61, 0x74, 
    0x65, 0x20, 0x74, 0x68, 0x65, 0x20, 0x72, 0x65, 0x6d, 0x61, 0x69, 0x6e, 
    0x64, 0x65, 0x72, 0x20, 0x77, 0x69, 0x74, 0x68, 0x20, 0x61, 0x20, 0x64, 
    0x69, 0x76, 0x69, 0x73, 0x6f, 0x72, 0x20, 0x6f, 0x66, 0x20, 0x7a, 0x65, 
    0x72, 0x6f, 0x00, 0x00, 0x00, 0x00, 0x00, 0x00, 0xdb, 0x97, 0x01, 0x40, 
    0x00, 0x00, 0x00, 0x00, 0x70, 0x00, 0x00, 0x00, 0x00, 0x00, 0x00, 0x00, 
    0x57, 0x02, 0x00, 0x00, 0x05, 0x00, 0x00, 0x00, 0x01, 0x01, 0x01, 0x01, 
    0x01, 0x01, 0x01, 0x01, 0x01, 0x01, 0x01, 0x01, 0x01, 0x01, 0x01, 0x01, 
    0x01, 0x01, 0x01, 0x01, 0x01, 0x01, 0x01, 0x01, 0x01, 0x01, 0x01, 0x01, 
    0x01, 0x01, 0x01, 0x01, 0x01, 0x01, 0x01, 0x01, 0x01, 0x01, 0x01, 0x01, 
    0x01, 0x01, 0x01, 0x01, 0x01, 0x01, 0x01, 0x01, 0x01, 0x01, 0x01, 0x01, 
    0x01, 0x01, 0x01, 0x01, 0x01, 0x01, 0x01, 0x01, 0x01, 0x01, 0x01, 0x01, 
    0x01, 0x01, 0x01, 0x01, 0x01, 0x01, 0x01, 0x01, 0x01, 0x01, 0x01, 0x01, 
    0x01, 0x01, 0x01, 0x01, 0x01, 0x01, 0x01, 0x01, 0x01, 0x01, 0x01, 0x01, 
    0x01, 0x01, 0x01, 0x01, 0x01, 0x01, 0x01, 0x01, 0x01, 0x01, 0x01, 0x01, 
    0x01, 0x01, 0x01, 0x01, 0x01, 0x01, 0x01, 0x01, 0x01, 0x01, 0x01, 0x01, 
    0x01, 0x01, 0x01, 0x01, 0x01, 0x01, 0x01, 0x01, 0x01, 0x01, 0x01, 0x01, 
    0x01, 0x01, 0x01, 0x01, 0x00, 0x00, 0x00, 0x00, 0x00, 0x00, 0x00, 0x00, 
    0x00, 0x00, 0x00, 0x00, 0x00, 0x00, 0x00, 0x00, 0x00, 0x00, 0x00, 0x00, 
    0x00, 0x00, 0x00, 0x00, 0x00, 0x00, 0x00, 0x00, 0x00, 0x00, 0x00, 0x00, 
    0x00, 0x00, 0x00, 0x00, 0x00, 0x00, 0x00, 0x00, 0x00, 0x00, 0x00, 0x00, 
    0x00, 0x00, 0x00, 0x00, 0x00, 0x00, 0x00, 0x00, 0x00, 0x00, 0x00, 0x00, 
    0x00, 0x00, 0x00, 0x00, 0x00, 0x00, 0x00, 0x00, 0x00, 0x00, 0x02, 0x02, 
    0x02, 0x02, 0x02, 0x02, 0x02, 0x02, 0x02, 0x02, 0x02, 0x02, 0x02, 0x02, 
    0x02, 0x02, 0x02, 0x02, 0x02, 0x02, 0x02, 0x02, 0x02, 0x02, 0x02, 0x02, 
    0x02, 0x02, 0x02, 0x02, 0x03, 0x03, 0x03, 0x03, 0x03, 0x03, 0x03, 0x03, 
    0x03, 0x03, 0x03, 0x03, 0x03, 0x03, 0x03, 0x03, 0x04, 0x04, 0x04, 0x04, 
    0x04, 0x00, 0x00, 0x00, 0x00, 0x00, 0x00, 0x00, 0x00, 0x00, 0x00, 0x00, 
    0x63, 0x61, 0x6c, 0x6c, 0x65, 0x64, 0x20, 0x60, 0x4f, 0x70, 0x74, 0x69, 
    0x6f, 0x6e, 0x3a, 0x3a, 0x75, 0x6e, 0x77, 0x72, 0x61, 0x70, 0x28, 0x29, 
    0x60, 0x20, 0x6f, 0x6e, 0x20, 0x61, 0x20, 0x60, 0x4e, 0x6f, 0x6e, 0x65, 
    0x60, 0x20, 0x76, 0x61, 0x6c, 0x75, 0x65, 0x70, 0x65, 0x72, 0x6d, 0x69, 
    0x73, 0x73, 0x69, 0x6f, 0x6e, 0x20, 0x64, 0x65, 0x6e, 0x69, 0x65, 0x64, 
    0x6e, 0x6f, 0x74, 0x20, 0x66, 0x6f, 0x75, 0x6e, 0x64, 0x6e, 0x6f, 0x20, 
    0x73, 0x75, 0x63, 0x68, 0x20, 0x70, 0x72, 0x6f, 0x63, 0x65, 0x73, 0x73, 
    0x69, 0x6e, 0x74, 0x65, 0x72, 0x72, 0x75, 0x70, 0x74, 0x65, 0x64, 0x49, 
    0x2f, 0x4f, 0x20, 0x65, 0x72, 0x72, 0x6f, 0x72, 0x6e, 0x6f, 0x20, 0x73, 
    0x75, 0x63, 0x68, 0x20, 0x64, 0x65, 0x76, 0x69, 0x63, 0x65, 0x65, 0x78, 
    0x65, 0x63, 0x20, 0x66, 0x6f, 0x72, 0x6d, 0x61, 0x74, 0x20, 0x65, 0x72, 
    0x72, 0x6f, 0x72, 0x62, 0x61, 0x64, 0x20, 0x66, 0x69, 0x6c, 0x65, 0x20, 
    0x64, 0x65, 0x73, 0x63, 0x72, 0x69, 0x70, 0x74, 0x6f, 0x72, 0x6e, 0x6f, 
    0x20, 0x63, 0x68, 0x69, 0x6c, 0x64, 0x20, 0x70, 0x72, 0x6f, 0x63, 0x65, 
    0x73, 0x73, 0x65, 0x73, 0x77, 0x6f, 0x75, 0x6c, 0x64, 0x20, 0x62, 0x6c, 
    0x6f, 0x63, 0x6b, 0x6f, 0x75, 0x74, 0x20, 0x6f, 0x66, 0x20, 0x6d, 0x65, 
    0x6d, 0x6f, 0x72, 0x79, 0x61, 0x63, 0x63, 0x65, 0x73, 0x73, 0x20, 0x64, 
    0x65, 0x6e, 0x69, 0x65, 0x64, 0x62, 0x61, 0x64, 0x20, 0x61, 0x64, 0x64, 
    0x72, 0x65, 0x73, 0x73, 0x72, 0x65, 0x73, 0x6f, 0x75, 0x72, 0x63, 0x65, 
    0x20, 0x62, 0x75, 0x73, 0x79, 0x61, 0x6c, 0x72, 0x65, 0x61, 0x64, 0x79, 
    0x20, 0x65, 0x78, 0x69, 0x73, 0x74, 0x73, 0x6e, 0x6f, 0x74, 0x20, 0x73, 
    0x75, 0x70, 0x70, 0x6f, 0x72, 0x74, 0x65, 0x64, 0x74, 0x6f, 0x6f, 0x20, 
    0x6d, 0x61, 0x6e, 0x79, 0x20, 0x68, 0x61, 0x6e, 0x64, 0x6c, 0x65, 0x73, 
    0x63, 0x6f, 0x6e, 0x6e, 0x65, 0x63, 0x74, 0x69, 0x6f, 0x6e, 0x20, 0x72, 
    0x65, 0x73, 0x65, 0x74, 0x69, 0x6e, 0x76, 0x61, 0x6c, 0x69, 0x64, 0x20, 
    0x61, 0x72, 0x67, 0x75, 0x6d, 0x65, 0x6e, 0x74, 0x74, 0x6f, 0x6f, 0x20, 
    0x6d, 0x61, 0x6e, 0x79, 0x20, 0x66, 0x69, 0x6c, 0x65, 0x73, 0x6e, 0x6f, 
    0x74, 0x20, 0x69, 0x6d, 0x70, 0x6c, 0x65, 0x6d, 0x65, 0x6e, 0x74, 0x65, 
    0x64, 0x6d, 0x65, 0x73, 0x73, 0x61, 0x67, 0x65, 0x20, 0x74, 0x6f, 0x6f, 
    0x20, 0x6c, 0x61, 0x72, 0x67, 0x65, 0x6f, 0x70, 0x65, 0x72, 0x61, 0x74, 
    0x69, 0x6f, 0x6e, 0x20, 0x6e, 0x6f, 0x74, 0x20, 0x73, 0x75, 0x70, 0x70, 
    0x6f, 0x72, 0x74, 0x65, 0x64, 0x70, 0x65, 0x65, 0x72, 0x20, 0x63, 0x6c, 
    0x6f, 0x73, 0x65, 0x64, 0x74, 0x69, 0x6d, 0x65, 0x6f, 0x75, 0x74, 0x63, 
    0x6f, 0x6e, 0x6e, 0x65, 0x63, 0x74, 0x69, 0x6f, 0x6e, 0x20, 0x72, 0x65, 
    0x66, 0x75, 0x73, 0x65, 0x64, 0x75, 0x6e, 0x6b, 0x6e, 0x6f, 0x77, 0x6e, 
    0x20, 0x65, 0x72, 0x72, 0x6f, 0x72, 0x00, 0x00, 0x00, 0x00, 0x00, 0x00, 
    0x94, 0x97, 0x01, 0x40, 0x00, 0x00, 0x00, 0x00, 0x46, 0x00, 0x00, 0x00, 
    0x00, 0x00, 0x00, 0x00, 0x1e, 0x02, 0x00, 0x00, 0x1f, 0x00, 0x00, 0x00, 
    0x94, 0x97, 0x01, 0x40, 0x00, 0x00, 0x00, 0x00, 0x46, 0x00, 0x00, 0x00, 
    0x00, 0x00, 0x00, 0x00, 0x03, 0x02, 0x00, 0x00, 0x21, 0x00, 0x00, 0x00, 
    0x62, 0x75, 0x73, 0x70, 0x6f, 0x72, 0x74, 0x5f, 0x6d, 0x75, 0x78, 0x5f, 
    0x61, 0x64, 0x64, 0x5f, 0x66, 0x61, 0x69, 0x6c, 0x65, 0x64, 0x65, 0x72, 
    0x72, 0x00, 0x00, 0x00, 0x00, 0x00, 0x00, 0x00, 0x94, 0x97, 0x01, 0x40, 
    0x00, 0x00, 0x00, 0x00, 0x46, 0x00, 0x00, 0x00, 0x00, 0x00, 0x00, 0x00, 
    0x54, 0x01, 0x00, 0x00, 0x11, 0x00, 0x00, 0x00, 0x94, 0x97, 0x01, 0x40, 
    0x00, 0x00, 0x00, 0x00, 0x46, 0x00, 0x00, 0x00, 0x00, 0x00, 0x00, 0x00, 
    0x54, 0x01, 0x00, 0x00, 0x19, 0x00, 0x00, 0x00, 0x02, 0x00, 0x00, 0x00, 
    0x00, 0x00, 0x00, 0x00, 0x00, 0x00, 0x00, 0x00, 0x00, 0x00, 0x00, 0x00, 
    0x00, 0x00, 0x00, 0x00, 0x00, 0x00, 0x00, 0x00, 0x00, 0x00, 0x00, 0x00, 
    0x00, 0x00, 0x00, 0x00, 0x00, 0x00, 0x00, 0x00, 0x00, 0x00, 0x00, 0x00, 
    0x00, 0x00, 0x00, 0x00, 0x00, 0x00, 0x00, 0x00, 0x00, 0x00, 0x00, 0x00, 
    0x00, 0x00, 0x00, 0x00, 0x00, 0x00, 0x00, 0x00, 0x00, 0x00, 0x00, 0x00, 
    0x00, 0x00, 0x00, 0x00, 0x00, 0x00, 0x00, 0x00, 0x00, 0x00, 0x00, 0x00, 
    0x00, 0x00, 0x00, 0x00, 0x00, 0x00, 0x00, 0x00, 0x00, 0x00, 0x00, 0x00, 
    0x00, 0x00, 0x00, 0x00, 0x00, 0x00, 0x00, 0x00, 0x00, 0x00, 0x00, 0x00, 
    0x00, 0x00, 0x00, 0x00, 0x00, 0x00, 0x00, 0x00, 0x00, 0x00, 0x00, 0x00, 
    0x00, 0x00, 0x00, 0x00, 0x00, 0x00, 0x00, 0x00, 0x00, 0x00, 0x00, 0x00, 
    0x00, 0x00, 0x00, 0x00, 0x00, 0x00, 0x00, 0x00, 0x00, 0x00, 0x00, 0x00, 
    0x00, 0x00, 0x00, 0x00, 0x00, 0x00, 0x00, 0x00, 0x00, 0x00, 0x00, 0x00, 
    0x00, 0x00, 0x00, 0x00, 0x00, 0x00, 0x00, 0x00, 0x00, 0x00, 0x00, 0x00, 
    0x00, 0x00, 0x00, 0x00, 0x00, 0x00, 0x00, 0x00, 0x00, 0x00, 0x00, 0x00, 
    0x00, 0x00, 0x00, 0x00, 0x00, 0x00, 0x00, 0x00, 0x00, 0x00, 0x00, 0x00, 
    0x00, 0x00, 0x00, 0x00, 0x00, 0x00, 0x00, 0x00, 0x00, 0x00, 0x00, 0x00, 
    0x00, 0x00, 0x00, 0x00, 0x00, 0x00, 0x00, 0x00, 0x00, 0x00, 0x00, 0x00, 
    0x00, 0x00, 0x00, 0x00, 0x00, 0x00, 0x00, 0x00, 0x00, 0x00, 0x00, 0x00, 
    0x00, 0x00, 0x00, 0x00, 0x00, 0x00, 0x00, 0x00, 0x00, 0x00, 0x00, 0x00, 
    0x00, 0x00, 0x00, 0x00, 0x00, 0x00, 0x00, 0x00, 0x00, 0x00, 0x00, 0x00, 
    0x00, 0x00, 0x00, 0x00, 0x00, 0x00, 0x00, 0x00, 0x00, 0x00, 0x00, 0x00, 
    0x00, 0x00, 0x00, 0x00, 0x00, 0x00, 0x00, 0x00, 0x00, 0x00, 0x00, 0x00, 
    0x00, 0x00, 0x00, 0x00, 0x00, 0x00, 0x00, 0x00, 0x00, 0x00, 0x00, 0x00, 
    0x00, 0x00, 0x00, 0x00, 0x00, 0x00, 0x00, 0x00, 0x00, 0x00, 0x00, 0x00, 
    0x00, 0x00, 0x00, 0x00, 0x00, 0x00, 0x00, 0x00, 0x00, 0x00, 0x00, 0x00, 
    0x00, 0x00, 0x00, 0x00, 0x00, 0x00, 0x00, 0x00, 0x02, 0x00, 0x00, 0x00, 
    0x00, 0x00, 0x00, 0x00, 0x00, 0x00, 0x00, 0x00, 0x00, 0x00, 0x00, 0x00, 
    0x00, 0x00, 0x00, 0x00, 0x00, 0x00, 0x00, 0x00, 0x00, 0x00, 0x00, 0x00, 
    0x00, 0x00, 0x00, 0x00, 0x00, 0x00, 0x00, 0x00, 0x00, 0x00, 0x00, 0x00, 
    0x00, 0x00, 0x00, 0x00, 0x00, 0x00, 0x00, 0x00, 0x00, 0x00, 0x00, 0x00, 
    0x00, 0x00, 0x00, 0x00, 0x00, 0x00, 0x00, 0x00, 0x00, 0x00, 0x00, 0x00, 
    0x00, 0x00, 0x00, 0x00, 0x00, 0x00, 0x00, 0x00, 0x00, 0x00, 0x00, 0x00, 
    0x00, 0x00, 0x00, 0x00, 0x00, 0x00, 0x00, 0x00, 0x00, 0x00, 0x00, 0x00, 
    0x00, 0x00, 0x00, 0x00, 0x00, 0x00, 0x00, 0x00, 0x00, 0x00, 0x00, 0x00, 
    0x00, 0x00, 0x00, 0x00, 0x00, 0x00, 0x00, 0x00, 0x00, 0x00, 0x00, 0x00, 
    0x00, 0x00, 0x00, 0x00, 0x00, 0x00, 0x00, 0x00, 0x00, 0x00, 0x00, 0x00, 
    0x00, 0x00, 0x00, 0x00, 0x00, 0x00, 0x00, 0x00, 0x00, 0x00, 0x00, 0x00, 
    0x00, 0x00, 0x00, 0x00, 0x00, 0x00, 0x00, 0x00, 0x00, 0x00, 0x00, 0x00, 
    0x00, 0x00, 0x00, 0x00, 0x00, 0x00, 0x00, 0x00, 0x00, 0x00, 0x00, 0x00, 
    0x00, 0x00, 0x00, 0x00, 0x00, 0x00, 0x00, 0x00, 0x00, 0x00, 0x00, 0x00, 
    0x00, 0x00, 0x00, 0x00, 0x00, 0x00, 0x00, 0x00, 0x00, 0x00, 0x00, 0x00, 
    0x00, 0x00, 0x00, 0x00, 0x00, 0x00, 0x00, 0x00, 0x00, 0x00, 0x00, 0x00, 
    0x00, 0x00, 0x00, 0x00, 0x00, 0x00, 0x00, 0x00, 0x00, 0x00, 0x00, 0x00, 
    0x00, 0x00, 0x00, 0x00, 0x00, 0x00, 0x00, 0x00, 0x00, 0x00, 0x00, 0x00, 
    0x00, 0x00, 0x00, 0x00, 0x00, 0x00, 0x00, 0x00, 0x00, 0x00, 0x00, 0x00, 
    0x00, 0x00, 0x00, 0x00, 0x00, 0x00, 0x00, 0x00, 0x00, 0x00, 0x00, 0x00, 
    0x00, 0x00, 0x00, 0x00, 0x00, 0x00, 0x00, 0x00, 0x00, 0x00, 0x00, 0x00, 
    0x00, 0x00, 0x00, 0x00, 0x00, 0x00, 0x00, 0x00, 0x00, 0x00, 0x00, 0x00, 
    0x00, 0x00, 0x00, 0x00, 0x00, 0x00, 0x00, 0x00, 0x00, 0x00, 0x00, 0x00, 
    0x00, 0x00, 0x00, 0x00, 0x00, 0x00, 0x00, 0x00, 0x00, 0x00, 0x00, 0x00, 
    0x00, 0x00, 0x00, 0x00, 0x00, 0x00, 0x00, 0x00, 0x00, 0x00, 0x00, 0x00, 
    0x00, 0x00, 0x00, 0x00, 0x00, 0x00, 0x00, 0x00, 0x00, 0x00, 0x00, 0x00, 
    0x00, 0x00, 0x00, 0x00, 0x00, 0x00, 0x00, 0x00, 0x00, 0x00, 0x00, 0x00, 
    0x00, 0x00, 0x00, 0x00, 0x00, 0x00, 0x00, 0x00, 0x00, 0x00, 0x00, 0x00, 
    0x00, 0x00, 0x00, 0x00, 0x00, 0x00, 0x00, 0x00, 0x00, 0x00, 0x00, 0x00, 
    0x00, 0x00, 0x00, 0x00, 0x00, 0x00, 0x00, 0x00, 0x00, 0x00, 0x00, 0x00, 
    0x00, 0x00, 0x00, 0x00, 0x00, 0x00, 0x00, 0x00, 0x00, 0x00, 0x00, 0x00, 
    0x00, 0x00, 0x00, 0x00, 0x00, 0x00, 0x00, 0x00, 0x00, 0x00, 0x00, 0x00, 
    0x00, 0x00, 0x00, 0x00, 0x00, 0x00, 0x00, 0x00, 0x00, 0x00, 0x00, 0x00, 
    0x00, 0x00, 0x00, 0x00, 0x00, 0x00, 0x00, 0x00, 0x00, 0x00, 0x00, 0x00, 
    0x00, 0x00, 0x00, 0x00, 0x00, 0x00, 0x00, 0x00, 0x00, 0x00, 0x00, 0x00, 
    0x00, 0x00, 0x00, 0x00, 0x00, 0x00, 0x00, 0x00, 0x00, 0x00, 0x00, 0x00, 
    0x00, 0x00, 0x00, 0x00, 0x00, 0x00, 0x00, 0x00, 0x00, 0x00, 0x00, 0x00, 
    0x00, 0x00, 0x00, 0x00, 0x00, 0x00, 0x00, 0x00, 0x00, 0x00, 0x00, 0x00, 
    0x00, 0x00, 0x00, 0x00, 0x00, 0x00, 0x00, 0x00, 0x00, 0x00, 0x00, 0x00, 
    0x00, 0x00, 0x00, 0x00, 0x00, 0x00, 0x00, 0x00, 0x00, 0x00, 0x00, 0x00, 
    0x00, 0x00, 0x00, 0x00, 0x00, 0x00, 0x00, 0x00, 0x00, 0x00, 0x00, 0x00, 
    0x00, 0x00, 0x00, 0x00, 0x00, 0x00, 0x00, 0x00, 0x00, 0x00, 0x00, 0x00, 
    0x00, 0x00, 0x00, 0x00, 0x00, 0x00, 0x00, 0x00, 0x00, 0x00, 0x00, 0x00, 
    0x00, 0x00, 0x00, 0x00, 0x00, 0x00, 0x00, 0x00, 0x00, 0x00, 0x00, 0x00, 
    0x00, 0x00, 0x00, 0x00, 0x00, 0x00, 0x00, 0x00, 0x00, 0x00, 0x00, 0x00, 
    0x00, 0x00, 0x00, 0x00, 0x00, 0x00, 0x00, 0x00, 0x00, 0x00, 0x00, 0x00, 
    0x00, 0x00, 0x00, 0x00, 0x00, 0x00, 0x00, 0x00, 0x00, 0x00, 0x00, 0x00, 
    0x00, 0x00, 0x00, 0x00, 0x00, 0x00, 0x00, 0x00, 0x00, 0x00, 0x00, 0x00, 
    0x00, 0x00, 0x00, 0x00, 0x02, 0x00, 0x00, 0x00, 0x00, 0x00, 0x00, 0x00, 
    0x00, 0x00, 0x00, 0x00, 0x00, 0x00, 0x00, 0x00, 0x00, 0x00, 0x00, 0x00, 
    0x00, 0x00, 0x00, 0x00, 0x00, 0x00, 0x00, 0x00, 0x00, 0x00, 0x00, 0x00, 
    0x00, 0x00, 0x00, 0x00, 0x00, 0x00, 0x00, 0x00, 0x00, 0x00, 0x00, 0x00, 
    0x00, 0x00, 0x00, 0x00, 0x00, 0x00, 0x00, 0x00, 0x00, 0x00, 0x00, 0x00, 
    0x00, 0x00, 0x00, 0x00, 0x00, 0x00, 0x00, 0x00, 0x00, 0x00, 0x00, 0x00, 
    0x00, 0x00, 0x00, 0x00, 0x00, 0x00, 0x00, 0x00, 0x00, 0x00, 0x00, 0x00, 
    0x00, 0x00, 0x00, 0x00, 0x00, 0x00, 0x00, 0x00, 0x00, 0x00, 0x00, 0x00, 
    0x00, 0x00, 0x00, 0x00, 0x00, 0x00, 0x00, 0x00, 0x00, 0x00, 0x00, 0x00, 
    0x00, 0x00, 0x00, 0x00, 0x00, 0x00, 0x00, 0x00, 0x00, 0x00, 0x00, 0x00, 
    0x00, 0x00, 0x00, 0x00, 0x00, 0x00, 0x00, 0x00, 0x00, 0x00, 0x00, 0x00, 
    0x00, 0x00, 0x00, 0x00, 0x00, 0x00, 0x00, 0x00, 0x00, 0x00, 0x00, 0x00, 
    0x00, 0x00, 0x00, 0x00, 0x00, 0x00, 0x00, 0x00, 0x00, 0x00, 0x00, 0x00, 
    0x00, 0x00, 0x00, 0x00, 0x00, 0x00, 0x00, 0x00, 0x00, 0x00, 0x00, 0x00, 
    0x00, 0x00, 0x00, 0x00, 0x00, 0x00, 0x00, 0x00, 0x00, 0x00, 0x00, 0x00, 
    0x00, 0x00, 0x00, 0x00, 0x00, 0x00, 0x00, 0x00, 0x00, 0x00, 0x00, 0x00, 
    0x00, 0x00, 0x00, 0x00, 0x00, 0x00, 0x00, 0x00, 0x00, 0x00, 0x00, 0x00, 
    0x00, 0x00, 0x00, 0x00, 0x00, 0x00, 0x00, 0x00, 0x00, 0x00, 0x00, 0x00, 
    0x00, 0x00, 0x00, 0x00, 0x00, 0x00, 0x00, 0x00, 0x00, 0x00, 0x00, 0x00, 
    0x00, 0x00, 0x00, 0x00, 0x00, 0x00, 0x00, 0x00, 0x00, 0x00, 0x00, 0x00, 
    0x00, 0x00, 0x00, 0x00, 0x00, 0x00, 0x00, 0x00, 0x00, 0x00, 0x00, 0x00, 
    0x00, 0x00, 0x00, 0x00, 0x00, 0x00, 0x00, 0x00, 0x00, 0x00, 0x00, 0x00, 
    0x00, 0x00, 0x00, 0x00, 0x00, 0x00, 0x00, 0x00, 0x00, 0x00, 0x00, 0x00, 
    0x00, 0x00, 0x00, 0x00, 0x00, 0x00, 0x00, 0x00, 0x00, 0x00, 0x00, 0x00, 
    0x00, 0x00, 0x00, 0x00, 0x00, 0x00, 0x00, 0x00, 0x00, 0x00, 0x00, 0x00, 
    0x00, 0x00, 0x00, 0x00, 0x00, 0x00, 0x00, 0x00, 0x00, 0x00, 0x00, 0x00, 
    0x00, 0x00, 0x00, 0x00, 0x00, 0x00, 0x00, 0x00, 0x00, 0x00, 0x00, 0x00, 
    0x00, 0x00, 0x00, 0x00, 0x00, 0x00, 0x00, 0x00, 0x00, 0x00, 0x00, 0x00, 
    0x00, 0x00, 0x00, 0x00, 0x00, 0x00, 0x00, 0x00, 0x00, 0x00, 0x00, 0x00, 
    0x00, 0x00, 0x00, 0x00, 0x00, 0x00, 0x00, 0x00, 0x00, 0x00, 0x00, 0x00, 
    0x00, 0x00, 0x00, 0x00, 0x00, 0x00, 0x00, 0x00, 0x00, 0x00, 0x00, 0x00, 
    0x00, 0x00, 0x00, 0x00, 0x00, 0x00, 0x00, 0x00, 0x00, 0x00, 0x00, 0x00, 
    0x00, 0x00, 0x00, 0x00, 0x00, 0x00, 0x00, 0x00, 0x00, 0x00, 0x00, 0x00, 
    0x00, 0x00, 0x00, 0x00, 0x00, 0x00, 0x00, 0x00, 0x00, 0x00, 0x00, 0x00, 
    0x00, 0x00, 0x00, 0x00, 0x00, 0x00, 0x00, 0x00, 0x00, 0x00, 0x00, 0x00, 
    0x00, 0x00, 0x00, 0x00, 0x00, 0x00, 0x00, 0x00, 0x00, 0x00, 0x00, 0x00, 
    0x00, 0x00, 0x00, 0x00, 0x00, 0x00, 0x00, 0x00, 0x00, 0x00, 0x00, 0x00, 
    0x00, 0x00, 0x00, 0x00, 0x00, 0x00, 0x00, 0x00, 0x00, 0x00, 0x00, 0x00, 
    0x00, 0x00, 0x00, 0x00, 0x00, 0x00, 0x00, 0x00, 0x00, 0x00, 0x00, 0x00, 
    0x00, 0x00, 0x00, 0x00, 0x00, 0x00, 0x00, 0x00, 0x00, 0x00, 0x00, 0x00, 
    0x00, 0x00, 0x00, 0x00, 0x00, 0x00, 0x00, 0x00, 0x00, 0x00, 0x00, 0x00, 
    0x00, 0x00, 0x00, 0x00, 0x00, 0x00, 0x00, 0x00, 0x00, 0x00, 0x00, 0x00, 
    0x00, 0x00, 0x00, 0x00, 0x00, 0x00, 0x00, 0x00, 0x00, 0x00, 0x00, 0x00, 
    0x00, 0x00, 0x00, 0x00, 0x00, 0x00, 0x00, 0x00, 0x00, 0x00, 0x00, 0x00, 
    0x00, 0x00, 0x00, 0x00, 0x00, 0x00, 0x00, 0x00, 0x00, 0x00, 0x00, 0x00, 
    0x00, 0x00, 0x00, 0x00, 0x00, 0x00, 0x00, 0x00, 0x00, 0x00, 0x00, 0x00, 
    0x00, 0x00, 0x00, 0x00, 0x00, 0x00, 0x00, 0x00, 0x00, 0x00, 0x00, 0x00, 
    0x00, 0x00, 0x00, 0x00, 0x00, 0x00, 0x00, 0x00, 0x00, 0x00, 0x00, 0x00, 
    0x00, 0x00, 0x00, 0x00, 0x00, 0x00, 0x00, 0x00, 0x00, 0x00, 0x00, 0x00, 
    0x00, 0x00, 0x00, 0x00, 0x00, 0x00, 0x00, 0x00, 0x00, 0x00, 0x00, 0x00, 
    0x00, 0x00, 0x00, 0x00, 0x00, 0x00, 0x00, 0x00, 0x00, 0x00, 0x00, 0x00, 
    0x00, 0x00, 0x00, 0x00, 0x00, 0x00, 0x00, 0x00, 0x00, 0x00, 0x00, 0x00, 
    0x00, 0x00, 0x00, 0x00, 0x00, 0x00, 0x00, 0x00, 0x00, 0x00, 0x00, 0x00, 
    0x00, 0x00, 0x00, 0x00, 0x00, 0x00, 0x00, 0x00, 0x00, 0x00, 0x00, 0x00, 
    0x00, 0x00, 0x00, 0x00, 0x00, 0x00, 0x00, 0x00, 0x00, 0x00, 0x00, 0x00, 
    0x00, 0x00, 0x00, 0x00, 0x00, 0x00, 0x00, 0x00, 0x00, 0x00, 0x00, 0x00, 
    0x00, 0x00, 0x00, 0x00, 0x00, 0x00, 0x00, 0x00, 0x00, 0x00, 0x00, 0x00, 
    0x00, 0x00, 0x00, 0x00, 0x00, 0x00, 0x00, 0x00, 0x00, 0x00, 0x00, 0x00, 
    0x00, 0x00, 0x00, 0x00, 0x00, 0x00, 0x00, 0x00, 0x00, 0x00, 0x00, 0x00, 
    0x00, 0x00, 0x00, 0x00, 0x00, 0x00, 0x00, 0x00, 0x00, 0x00, 0x00, 0x00, 
    0x00, 0x00, 0x00, 0x00, 0x00, 0x00, 0x00, 0x00, 0x00, 0x00, 0x00, 0x00, 
    0x00, 0x00, 0x00, 0x00, 0x00, 0x00, 0x00, 0x00, 0x00, 0x00, 0x00, 0x00, 
    0x00, 0x00, 0x00, 0x00, 0x00, 0x00, 0x00, 0x00, 0x00, 0x00, 0x00, 0x00, 
    0x00, 0x00, 0x00, 0x00, 0x00, 0x00, 0x00, 0x00, 0x00, 0x00, 0x00, 0x00, 
    0x00, 0x00, 0x00, 0x00, 0x00, 0x00, 0x00, 0x00, 0x00, 0x00, 0x00, 0x00, 
    0x00, 0x00, 0x00, 0x00, 0x00, 0x00, 0x00, 0x00, 0x00, 0x00, 0x00, 0x00, 
    0x00, 0x00, 0x00, 0x00, 0x00, 0x00, 0x00, 0x00, 0x00, 0x00, 0x00, 0x00, 
    0x00, 0x00, 0x00, 0x00, 0x00, 0x00, 0x00, 0x00, 0x00, 0x00, 0x00, 0x00, 
    0x00, 0x00, 0x00, 0x00, 0x00, 0x00, 0x00, 0x00, 0x00, 0x00, 0x00, 0x00, 
    0x00, 0x00, 0x00, 0x00, 0x00, 0x00, 0x00, 0x00, 0x00, 0x00, 0x00, 0x00, 
    0x00, 0x00, 0x00, 0x00, 0x00, 0x00, 0x00, 0x00, 0x00, 0x00, 0x00, 0x00, 
    0x00, 0x00, 0x00, 0x00, 0x00, 0x00, 0x00, 0x00, 0x00, 0x00, 0x00, 0x00, 
    0x00, 0x00, 0x00, 0x00, 0x00, 0x00, 0x00, 0x00, 0x00, 0x00, 0x00, 0x00, 
    0x00, 0x00, 0x00, 0x00, 0x00, 0x00, 0x00, 0x00, 0x00, 0x00, 0x00, 0x00, 
    0x00, 0x00, 0x00, 0x00, 0x00, 0x00, 0x00, 0x00, 0x00, 0x00, 0x00, 0x00, 
    0x00, 0x00, 0x00, 0x00, 0x00, 0x00, 0x00, 0x00, 0x00, 0x00, 0x00, 0x00, 
    0x00, 0x00, 0x00, 0x00, 0x00, 0x00, 0x00, 0x00, 0x00, 0x00, 0x00, 0x00, 
    0x00, 0x00, 0x00, 0x00, 0x00, 0x00, 0x00, 0x00, 0x00, 0x00, 0x00, 0x00, 
    0x00, 0x00, 0x00, 0x00, 0x00, 0x00, 0x00, 0x00, 0x00, 0x00, 0x00, 0x00, 
    0x00, 0x00, 0x00, 0x00, 0x00, 0x00, 0x00, 0x00, 0x00, 0x00, 0x00, 0x00, 
    0x00, 0x00, 0x00, 0x00, 0x00, 0x00, 0x00, 0x00, 0x00, 0x00, 0x00, 0x00, 
    0x00, 0x00, 0x00, 0x00, 0x00, 0x00, 0x00, 0x00, 0x00, 0x00, 0x00, 0x00, 
    0x00, 0x00, 0x00, 0x00, 0x00, 0x00, 0x00, 0x00, 0x00, 0x00, 0x00, 0x00, 
    0x00, 0x00, 0x00, 0x00, 0x00, 0x00, 0x00, 0x00, 0x00, 0x00, 0x00, 0x00, 
    0x00, 0x00, 0x00, 0x00, 0x00, 0x00, 0x00, 0x00, 0x00, 0x00, 0x00, 0x00, 
    0x00, 0x00, 0x00, 0x00, 0x00, 0x00, 0x00, 0x00, 0x00, 0x00, 0x00, 0x00, 
    0x00, 0x00, 0x00, 0x00, 0x00, 0x00, 0x00, 0x00, 0x00, 0x00, 0x00, 0x00, 
    0x00, 0x00, 0x00, 0x00, 0x00, 0x00, 0x00, 0x00, 0x00, 0x00, 0x00, 0x00, 
    0x00, 0x00, 0x00, 0x00, 0x75, 0x6e, 0x6b, 0x6e, 0x6f, 0x77, 0x6e, 0x62, 
    0x6c, 0x6f, 0x63, 0x6b, 0x73, 0x74, 0x6f, 0x72, 0x61, 0x67, 0x65, 0x6e, 
    0x65, 0x74, 0x77, 0x6f, 0x72, 0x6b, 0x75, 0x73, 0x62, 0x65, 0x78, 0x74, 
    0x32, 0x75, 0x61, 0x72, 0x74, 0x70, 0x6f, 0x72, 0x74, 0x70, 0x63, 0x69, 
    0x65, 0x67, 0x70, 0x69, 0x6f, 0x62, 0x75, 0x73, 0x3a, 0x6b, 0x6c, 0x6f, 
    0x67, 0x66, 0x69, 0x6c, 0x65, 0x73, 0x79, 0x73, 0x74, 0x65, 0x6d, 0x63, 
    0x6f, 0x6e, 0x73, 0x6f, 0x6c, 0x65, 0x69, 0x32, 0x63, 0x73, 0x70, 0x69, 
    0x73, 0x65, 0x72, 0x76, 0x69, 0x63, 0x65, 0x63, 0x70, 0x75, 0x70, 0x77, 
    0x6d, 0x00, 0x00, 0x00, 0x94, 0x97, 0x01, 0x40, 0x00, 0x00, 0x00, 0x00, 
    0x46, 0x00, 0x00, 0x00, 0x00, 0x00, 0x00, 0x00, 0x73, 0x09, 0x00, 0x00, 
    0x19, 0x00, 0x00, 0x00, 0x0a, 0x00, 0x00, 0x00, 0x00, 0x00, 0x00, 0x00, 
    0x94, 0x97, 0x01, 0x40, 0x00, 0x00, 0x00, 0x00, 0x46, 0x00, 0x00, 0x00, 
    0x00, 0x00, 0x00, 0x00, 0x75, 0x09, 0x00, 0x00, 0x1c, 0x00, 0x00, 0x00, 
    0x5d, 0x00, 0x00, 0x00, 0x00, 0x00, 0x00, 0x00, 0x94, 0x97, 0x01, 0x40, 
    0x00, 0x00, 0x00, 0x00, 0x46, 0x00, 0x00, 0x00, 0x00, 0x00, 0x00, 0x00, 
    0x8c, 0x09, 0x00, 0x00, 0x18, 0x00, 0x00, 0x00, 0x94, 0x97, 0x01, 0x40, 
    0x00, 0x00, 0x00, 0x00, 0x46, 0x00, 0x00, 0x00, 0x00, 0x00, 0x00, 0x00, 
    0x8c, 0x09, 0x00, 0x00, 0x32, 0x00, 0x00, 0x00, 0x94, 0x97, 0x01, 0x40, 
    0x00, 0x00, 0x00, 0x00, 0x46, 0x00, 0x00, 0x00, 0x00, 0x00, 0x00, 0x00, 
    0x94, 0x09, 0x00, 0x00, 0x14, 0x00, 0x00, 0x00, 0x94, 0x97, 0x01, 0x40, 
    0x00, 0x00, 0x00, 0x00, 0x46, 0x00, 0x00, 0x00, 0x00, 0x00, 0x00, 0x00, 
    0x94, 0x09, 0x00, 0x00, 0x23, 0x00, 0x00, 0x00, 0x94, 0x97, 0x01, 0x40, 
    0x00, 0x00, 0x00, 0x00, 0x46, 0x00, 0x00, 0x00, 0x00, 0x00, 0x00, 0x00, 
    0x7e, 0x09, 0x00, 0x00, 0x14, 0x00, 0x00, 0x00, 0x94, 0x97, 0x01, 0x40, 
    0x00, 0x00, 0x00, 0x00, 0x46, 0x00, 0x00, 0x00, 0x00, 0x00, 0x00, 0x00, 
    0x7e, 0x09, 0x00, 0x00, 0x2e, 0x00, 0x00, 0x00, 0x94, 0x97, 0x01, 0x40, 
    0x00, 0x00, 0x00, 0x00, 0x46, 0x00, 0x00, 0x00, 0x00, 0x00, 0x00, 0x00, 
    0x7f, 0x09, 0x00, 0x00, 0x11, 0x00, 0x00, 0x00, 0x94, 0x97, 0x01, 0x40, 
    0x00, 0x00, 0x00, 0x00, 0x46, 0x00, 0x00, 0x00, 0x00, 0x00, 0x00, 0x00, 
    0x80, 0x09, 0x00, 0x00, 0x14, 0x00, 0x00, 0x00, 0x94, 0x97, 0x01, 0x40, 
    0x00, 0x00, 0x00, 0x00, 0x46, 0x00, 0x00, 0x00, 0x00, 0x00, 0x00, 0x00, 
    0x80, 0x09, 0x00, 0x00, 0x30, 0x00, 0x00, 0x00, 0x94, 0x97, 0x01, 0x40, 
    0x00, 0x00, 0x00, 0x00, 0x46, 0x00, 0x00, 0x00, 0x00, 0x00, 0x00, 0x00, 
    0x81, 0x09, 0x00, 0x00, 0x11, 0x00, 0x00, 0x00, 0x94, 0x97, 0x01, 0x40, 
    0x00, 0x00, 0x00, 0x00, 0x46, 0x00, 0x00, 0x00, 0x00, 0x00, 0x00, 0x00, 
    0x82, 0x09, 0x00, 0x00, 0x11, 0x00, 0x00, 0x00, 0x94, 0x97, 0x01, 0x40, 
    0x00, 0x00, 0x00, 0x00, 0x46, 0x00, 0x00, 0x00, 0x00, 0x00, 0x00, 0x00, 
    0x66, 0x09, 0x00, 0x00, 0x0c, 0x00, 0x00, 0x00, 0x94, 0x97, 0x01, 0x40, 
    0x00, 0x00, 0x00, 0x00, 0x46, 0x00, 0x00, 0x00, 0x00, 0x00, 0x00, 0x00, 
    0x66, 0x09, 0x00, 0x00, 0x1b, 0x00, 0x00, 0x00, 0x94, 0x97, 0x01, 0x40, 
    0x00, 0x00, 0x00, 0x00, 0x46, 0x00, 0x00, 0x00, 0x00, 0x00, 0x00, 0x00, 
    0x47, 0x09, 0x00, 0x00, 0x12, 0x00, 0x00, 0x00, 0x94, 0x97, 0x01, 0x40, 
    0x00, 0x00, 0x00, 0x00, 0x46, 0x00, 0x00, 0x00, 0x00, 0x00, 0x00, 0x00, 
    0x27, 0x09, 0x00, 0x00, 0x14, 0x00, 0x00, 0x00, 0x94, 0x97, 0x01, 0x40, 
    0x00, 0x00, 0x00, 0x00, 0x46, 0x00, 0x00, 0x00, 0x00, 0x00, 0x00, 0x00, 
    0x29, 0x09, 0x00, 0x00, 0x1b, 0x00, 0x00, 0x00, 0x94, 0x97, 0x01, 0x40, 
    0x00, 0x00, 0x00, 0x00, 0x46, 0x00, 0x00, 0x00, 0x00, 0x00, 0x00, 0x00, 
    0x2a, 0x09, 0x00, 0x00, 0x1d, 0x00, 0x00, 0x00, 0x94, 0x97, 0x01, 0x40, 
    0x00, 0x00, 0x00, 0x00, 0x46, 0x00, 0x00, 0x00, 0x00, 0x00, 0x00, 0x00, 
    0x38, 0x09, 0x00, 0x00, 0x24, 0x00, 0x00, 0x00, 0x94, 0x97, 0x01, 0x40, 
    0x00, 0x00, 0x00, 0x00, 0x46, 0x00, 0x00, 0x00, 0x00, 0x00, 0x00, 0x00, 
    0x38, 0x09, 0x00, 0x00, 0x2d, 0x00, 0x00, 0x00, 0x94, 0x97, 0x01, 0x40, 
    0x00, 0x00, 0x00, 0x00, 0x46, 0x00, 0x00, 0x00, 0x00, 0x00, 0x00, 0x00, 
    0x3a, 0x09, 0x00, 0x00, 0x24, 0x00, 0x00, 0x00, 0x94, 0x97, 0x01, 0x40, 
    0x00, 0x00, 0x00, 0x00, 0x46, 0x00, 0x00, 0x00, 0x00, 0x00, 0x00, 0x00, 
    0x3a, 0x09, 0x00, 0x00, 0x2d, 0x00, 0x00, 0x00, 0x94, 0x97, 0x01, 0x40, 
    0x00, 0x00, 0x00, 0x00, 0x46, 0x00, 0x00, 0x00, 0x00, 0x00, 0x00, 0x00, 
    0x35, 0x09, 0x00, 0x00, 0x2c, 0x00, 0x00, 0x00, 0x94, 0x97, 0x01, 0x40, 
    0x00, 0x00, 0x00, 0x00, 0x46, 0x00, 0x00, 0x00, 0x00, 0x00, 0x00, 0x00, 
    0x35, 0x09, 0x00, 0x00, 0x34, 0x00, 0x00, 0x00, 0x94, 0x97, 0x01, 0x40, 
    0x00, 0x00, 0x00, 0x00, 0x46, 0x00, 0x00, 0x00, 0x00, 0x00, 0x00, 0x00, 
    0x35, 0x09, 0x00, 0x00, 0x3c, 0x00, 0x00, 0x00, 0x94, 0x97, 0x01, 0x40, 
    0x00, 0x00, 0x00, 0x00, 0x46, 0x00, 0x00, 0x00, 0x00, 0x00, 0x00, 0x00, 
    0x35, 0x09, 0x00, 0x00, 0x44, 0x00, 0x00, 0x00, 0x94, 0x97, 0x01, 0x40, 
    0x00, 0x00, 0x00, 0x00, 0x46, 0x00, 0x00, 0x00, 0x00, 0x00, 0x00, 0x00, 
    0x32, 0x09, 0x00, 0x00, 0x15, 0x00, 0x00, 0x00, 0x94, 0x97, 0x01, 0x40, 
    0x00, 0x00, 0x00, 0x00, 0x46, 0x00, 0x00, 0x00, 0x00, 0x00, 0x00, 0x00, 
    0x32, 0x09, 0x00, 0x00, 0x1b, 0x00, 0x00, 0x00, 0x94, 0x97, 0x01, 0x40, 
    0x00, 0x00, 0x00, 0x00, 0x46, 0x00, 0x00, 0x00, 0x00, 0x00, 0x00, 0x00, 
    0x2e, 0x09, 0x00, 0x00, 0x16, 0x00, 0x00, 0x00, 0x94, 0x97, 0x01, 0x40, 
    0x00, 0x00, 0x00, 0x00, 0x46, 0x00, 0x00, 0x00, 0x00, 0x00, 0x00, 0x00, 
    0x2e, 0x09, 0x00, 0x00, 0x1c, 0x00, 0x00, 0x00, 0x94, 0x97, 0x01, 0x40, 
    0x00, 0x00, 0x00, 0x00, 0x46, 0x00, 0x00, 0x00, 0x00, 0x00, 0x00, 0x00, 
    0xb3, 0x03, 0x00, 0x00, 0x2a, 0x00, 0x00, 0x00, 0x64, 0x72, 0x69, 0x76, 
    0x65, 0x72, 0x73, 0x74, 0x61, 0x74, 0x65, 0x00, 0x00, 0x00, 0x00, 0x00, 
    0x94, 0x97, 0x01, 0x40, 0x00, 0x00, 0x00, 0x00, 0x46, 0x00, 0x00, 0x00, 
    0x00, 0x00, 0x00, 0x00, 0x79, 0x03, 0x00, 0x00, 0x10, 0x00, 0x00, 0x00, 
    0x94, 0x97, 0x01, 0x40, 0x00, 0x00, 0x00, 0x00, 0x46, 0x00, 0x00, 0x00, 
    0x00, 0x00, 0x00, 0x00, 0x79, 0x03, 0x00, 0x00, 0x40, 0x00, 0x00, 0x00, 
    0x94, 0x97, 0x01, 0x40, 0x00, 0x00, 0x00, 0x00, 0x46, 0x00, 0x00, 0x00, 
    0x00, 0x00, 0x00, 0x00, 0x79, 0x03, 0x00, 0x00, 0x1e, 0x00, 0x00, 0x00, 
    0x70, 0x6f, 0x72, 0x74, 0x2e, 0x72, 0x65, 0x67, 0x69, 0x73, 0x74, 0x65, 
    0x72, 0x65, 0x64, 0x00, 0x94, 0x97, 0x01, 0x40, 0x00, 0x00, 0x00, 0x00, 
    0x46, 0x00, 0x00, 0x00, 0x00, 0x00, 0x00, 0x00, 0x7b, 0x03, 0x00, 0x00, 
    0x35, 0x00, 0x00, 0x00, 0x70, 0x6f, 0x72, 0x74, 0x5f, 0x72, 0x65, 0x67, 
    0x69, 0x73, 0x74, 0x65, 0x72, 0x65, 0x64, 0x00, 0x94, 0x97, 0x01, 0x40, 
    0x00, 0x00, 0x00, 0x00, 0x46, 0x00, 0x00, 0x00, 0x00, 0x00, 0x00, 0x00, 
    0x81, 0x03, 0x00, 0x00, 0x39, 0x00, 0x00, 0x00, 0x63, 0x6c, 0x61, 0x73, 
    0x73, 0x00, 0x00, 0x00, 0xf6, 0x9a, 0x01, 0x40, 0x00, 0x00, 0x00, 0x00, 
    0x3e, 0x00, 0x00, 0x00, 0x00, 0x00, 0x00, 0x00, 0x77, 0x00, 0x00, 0x00, 
    0x0d, 0x00, 0x00, 0x00, 0xf6, 0x9a, 0x01, 0x40, 0x00, 0x00, 0x00, 0x00, 
    0x3e, 0x00, 0x00, 0x00, 0x00, 0x00, 0x00, 0x00, 0x77, 0x00, 0x00, 0x00, 
    0x37, 0x00, 0x00, 0x00, 0xf6, 0x9a, 0x01, 0x40, 0x00, 0x00, 0x00, 0x00, 
    0x3e, 0x00, 0x00, 0x00, 0x00, 0x00, 0x00, 0x00, 0x77, 0x00, 0x00, 0x00, 
    0x1e, 0x00, 0x00, 0x00, 0xf6, 0x9a, 0x01, 0x40, 0x00, 0x00, 0x00, 0x00, 
    0x3e, 0x00, 0x00, 0x00, 0x00, 0x00, 0x00, 0x00, 0x7a, 0x00, 0x00, 0x00, 
    0x15, 0x00, 0x00, 0x00, 0xf6, 0x9a, 0x01, 0x40, 0x00, 0x00, 0x00, 0x00, 
    0x3e, 0x00, 0x00, 0x00, 0x00, 0x00, 0x00, 0x00, 0x7a, 0x00, 0x00, 0x00, 
    0x2b, 0x00, 0x00, 0x00, 0xf6, 0x9a, 0x01, 0x40, 0x00, 0x00, 0x00, 0x00, 
    0x3e, 0x00, 0x00, 0x00, 0x00, 0x00, 0x00, 0x00, 0x9a, 0x00, 0x00, 0x00, 
    0x1b, 0x00, 0x00, 0x00, 0xf6, 0x9a, 0x01, 0x40, 0x00, 0x00, 0x00, 0x00, 
    0x3e, 0x00, 0x00, 0x00, 0x00, 0x00, 0x00, 0x00, 0x95, 0x00, 0x00, 0x00, 
    0x13, 0x00, 0x00, 0x00, 0x4f, 0x97, 0x01, 0x40, 0x00, 0x00, 0x00, 0x00, 
    0x44, 0x00, 0x00, 0x00, 0x00, 0x00, 0x00, 0x00, 0x33, 0x00, 0x00, 0x00, 
    0x0c, 0x00, 0x00, 0x00, 0x4f, 0x97, 0x01, 0x40, 0x00, 0x00, 0x00, 0x00, 
    0x44, 0x00, 0x00, 0x00, 0x00, 0x00, 0x00, 0x00, 0x33, 0x00, 0x00, 0x00, 
    0x12, 0x00, 0x00, 0x00, 0x4f, 0x97, 0x01, 0x40, 0x00, 0x00, 0x00, 0x00, 
    0x44, 0x00, 0x00, 0x00, 0x00, 0x00, 0x00, 0x00, 0x7d, 0x00, 0x00, 0x00, 
    0x09, 0x00, 0x00, 0x00, 0x4f, 0x97, 0x01, 0x40, 0x00, 0x00, 0x00, 0x00, 
    0x44, 0x00, 0x00, 0x00, 0x00, 0x00, 0x00, 0x00, 0x7e, 0x00, 0x00, 0x00, 
    0x0c, 0x00, 0x00, 0x00, 0x4f, 0x97, 0x01, 0x40, 0x00, 0x00, 0x00, 0x00, 
    0x44, 0x00, 0x00, 0x00, 0x00, 0x00, 0x00, 0x00, 0x7e, 0x00, 0x00, 0x00, 
    0x19, 0x00, 0x00, 0x00, 0x4f, 0x97, 0x01, 0x40, 0x00, 0x00, 0x00, 0x00, 
    0x44, 0x00, 0x00, 0x00, 0x00, 0x00, 0x00, 0x00, 0x93, 0x00, 0x00, 0x00, 
    0x0c, 0x00, 0x00, 0x00, 0x4f, 0x97, 0x01, 0x40, 0x00, 0x00, 0x00, 0x00, 
    0x44, 0x00, 0x00, 0x00, 0x00, 0x00, 0x00, 0x00, 0x93, 0x00, 0x00, 0x00, 
    0x12, 0x00, 0x00, 0x00, 0x4f, 0x97, 0x01, 0x40, 0x00, 0x00, 0x00, 0x00, 
    0x44, 0x00, 0x00, 0x00, 0x00, 0x00, 0x00, 0x00, 0x3c, 0x00, 0x00, 0x00, 
    0x0c, 0x00, 0x00, 0x00, 0x4f, 0x97, 0x01, 0x40, 0x00, 0x00, 0x00, 0x00, 
    0x44, 0x00, 0x00, 0x00, 0x00, 0x00, 0x00, 0x00, 0x3c, 0x00, 0x00, 0x00, 
    0x12, 0x00, 0x00, 0x00, 0x06, 0x9a, 0x01, 0x40, 0x00, 0x00, 0x00, 0x00, 
    0x3f, 0x00, 0x00, 0x00, 0x00, 0x00, 0x00, 0x00, 0x73, 0x01, 0x00, 0x00, 
    0x09, 0x00, 0x00, 0x00, 0x06, 0x9a, 0x01, 0x40, 0x00, 0x00, 0x00, 0x00, 
    0x3f, 0x00, 0x00, 0x00, 0x00, 0x00, 0x00, 0x00, 0x77, 0x01, 0x00, 0x00, 
    0x09, 0x00, 0x00, 0x00, 0x06, 0x9a, 0x01, 0x40, 0x00, 0x00, 0x00, 0x00, 
    0x3f, 0x00, 0x00, 0x00, 0x00, 0x00, 0x00, 0x00, 0x7b, 0x01, 0x00, 0x00, 
    0x14, 0x00, 0x00, 0x00, 0x06, 0x9a, 0x01, 0x40, 0x00, 0x00, 0x00, 0x00, 
    0x3f, 0x00, 0x00, 0x00, 0x00, 0x00, 0x00, 0x00, 0x7b, 0x01, 0x00, 0x00, 
    0x33, 0x00, 0x00, 0x00, 0x06, 0x9a, 0x01, 0x40, 0x00, 0x00, 0x00, 0x00, 
    0x3f, 0x00, 0x00, 0x00, 0x00, 0x00, 0x00, 0x00, 0x7f, 0x01, 0x00, 0x00, 
    0x35, 0x00, 0x00, 0x00, 0x06, 0x9a, 0x01, 0x40, 0x00, 0x00, 0x00, 0x00, 
    0x3f, 0x00, 0x00, 0x00, 0x00, 0x00, 0x00, 0x00, 0xaf, 0x00, 0x00, 0x00, 
    0x1a, 0x00, 0x00, 0x00, 0x06, 0x9a, 0x01, 0x40, 0x00, 0x00, 0x00, 0x00, 
    0x3f, 0x00, 0x00, 0x00, 0x00, 0x00, 0x00, 0x00, 0xc8, 0x00, 0x00, 0x00, 
    0x16, 0x00, 0x00, 0x00, 0x06, 0x9a, 0x01, 0x40, 0x00, 0x00, 0x00, 0x00, 
    0x3f, 0x00, 0x00, 0x00, 0x00, 0x00, 0x00, 0x00, 0x9c, 0x00, 0x00, 0x00, 
    0x0d, 0x00, 0x00, 0x00, 0x06, 0x9a, 0x01, 0x40, 0x00, 0x00, 0x00, 0x00, 
    0x3f, 0x00, 0x00, 0x00, 0x00, 0x00, 0x00, 0x00, 0x98, 0x00, 0x00, 0x00, 
    0x0d, 0x00, 0x00, 0x00, 0x06, 0x9a, 0x01, 0x40, 0x00, 0x00, 0x00, 0x00, 
    0x3f, 0x00, 0x00, 0x00, 0x00, 0x00, 0x00, 0x00, 0x59, 0x01, 0x00, 0x00, 
    0x09, 0x00, 0x00, 0x00, 0x06, 0x9a, 0x01, 0x40, 0x00, 0x00, 0x00, 0x00, 
    0x3f, 0x00, 0x00, 0x00, 0x00, 0x00, 0x00, 0x00, 0x5b, 0x01, 0x00, 0x00, 
    0x14, 0x00, 0x00, 0x00, 0x06, 0x9a, 0x01, 0x40, 0x00, 0x00, 0x00, 0x00, 
    0x3f, 0x00, 0x00, 0x00, 0x00, 0x00, 0x00, 0x00, 0x5b, 0x01, 0x00, 0x00, 
    0x2f, 0x00, 0x00, 0x00, 0x06, 0x9a, 0x01, 0x40, 0x00, 0x00, 0x00, 0x00, 
    0x3f, 0x00, 0x00, 0x00, 0x00, 0x00, 0x00, 0x00, 0x89, 0x01, 0x00, 0x00, 
    0x24, 0x00, 0x00, 0x00, 0x06, 0x9a, 0x01, 0x40, 0x00, 0x00, 0x00, 0x00, 
    0x3f, 0x00, 0x00, 0x00, 0x00, 0x00, 0x00, 0x00, 0x51, 0x01, 0x00, 0x00, 
    0x09, 0x00, 0x00, 0x00, 0x06, 0x9a, 0x01, 0x40, 0x00, 0x00, 0x00, 0x00, 
    0x3f, 0x00, 0x00, 0x00, 0x00, 0x00, 0x00, 0x00, 0x53, 0x01, 0x00, 0x00, 
    0x14, 0x00, 0x00, 0x00, 0x06, 0x9a, 0x01, 0x40, 0x00, 0x00, 0x00, 0x00, 
    0x3f, 0x00, 0x00, 0x00, 0x00, 0x00, 0x00, 0x00, 0x53, 0x01, 0x00, 0x00, 
    0x2f, 0x00, 0x00, 0x00, 0x06, 0x9a, 0x01, 0x40, 0x00, 0x00, 0x00, 0x00, 
    0x3f, 0x00, 0x00, 0x00, 0x00, 0x00, 0x00, 0x00, 0x65, 0x01, 0x00, 0x00, 
    0x09, 0x00, 0x00, 0x00, 0x06, 0x9a, 0x01, 0x40, 0x00, 0x00, 0x00, 0x00, 
    0x3f, 0x00, 0x00, 0x00, 0x00, 0x00, 0x00, 0x00, 0x60, 0x01, 0x00, 0x00, 
    0x09, 0x00, 0x00, 0x00, 0x06, 0x9a, 0x01, 0x40, 0x00, 0x00, 0x00, 0x00, 
    0x3f, 0x00, 0x00, 0x00, 0x00, 0x00, 0x00, 0x00, 0xd3, 0x02, 0x00, 0x00, 
    0x2c, 0x00, 0x00, 0x00, 0x4c, 0x98, 0x01, 0x40, 0x00, 0x00, 0x00, 0x00, 
    0x45, 0x00, 0x00, 0x00, 0x00, 0x00, 0x00, 0x00, 0xa2, 0x00, 0x00, 0x00, 
    0x1f, 0x00, 0x00, 0x00, 0x4c, 0x98, 0x01, 0x40, 0x00, 0x00, 0x00, 0x00, 
    0x45, 0x00, 0x00, 0x00, 0x00, 0x00, 0x00, 0x00, 0xb1, 0x00, 0x00, 0x00, 
    0x1f, 0x00, 0x00, 0x00, 0x4c, 0x98, 0x01, 0x40, 0x00, 0x00, 0x00, 0x00, 
    0x45, 0x00, 0x00, 0x00, 0x00, 0x00, 0x00, 0x00, 0x5c, 0x00, 0x00, 0x00, 
    0x1f, 0x00, 0x00, 0x00, 0x4c, 0x98, 0x01, 0x40, 0x00, 0x00, 0x00, 0x00, 
    0x45, 0x00, 0x00, 0x00, 0x00, 0x00, 0x00, 0x00, 0x4c, 0x00, 0x00, 0x00, 
    0x1f, 0x00, 0x00, 0x00, 0x7d, 0x9a, 0x01, 0x40, 0x00, 0x00, 0x00, 0x00, 
    0x3f, 0x00, 0x00, 0x00, 0x00, 0x00, 0x00, 0x00, 0x48, 0x00, 0x00, 0x00, 
    0x22, 0x00, 0x00, 0x00, 0x7d, 0x9a, 0x01, 0x40, 0x00, 0x00, 0x00, 0x00, 
    0x3f, 0x00, 0x00, 0x00, 0x00, 0x00, 0x00, 0x00, 0x48, 0x00, 0x00, 0x00, 
    0x28, 0x00, 0x00, 0x00, 0x7d, 0x9a, 0x01, 0x40, 0x00, 0x00, 0x00, 0x00, 
    0x3f, 0x00, 0x00, 0x00, 0x00, 0x00, 0x00, 0x00, 0x48, 0x00, 0x00, 0x00, 
    0x2e, 0x00, 0x00, 0x00, 0x7d, 0x9a, 0x01, 0x40, 0x00, 0x00, 0x00, 0x00, 
    0x3f, 0x00, 0x00, 0x00, 0x00, 0x00, 0x00, 0x00, 0x48, 0x00, 0x00, 0x00, 
    0x34, 0x00, 0x00, 0x00, 0x7d, 0x9a, 0x01, 0x40, 0x00, 0x00, 0x00, 0x00, 
    0x3f, 0x00, 0x00, 0x00, 0x00, 0x00, 0x00, 0x00, 0x32, 0x00, 0x00, 0x00, 
    0x27, 0x00, 0x00, 0x00, 0x7d, 0x9a, 0x01, 0x40, 0x00, 0x00, 0x00, 0x00, 
    0x3f, 0x00, 0x00, 0x00, 0x00, 0x00, 0x00, 0x00, 0x32, 0x00, 0x00, 0x00, 
    0x3b, 0x00, 0x00, 0x00, 0x7d, 0x9a, 0x01, 0x40, 0x00, 0x00, 0x00, 0x00, 
    0x3f, 0x00, 0x00, 0x00, 0x00, 0x00, 0x00, 0x00, 0x3a, 0x00, 0x00, 0x00, 
    0x22, 0x00, 0x00, 0x00, 0x7d, 0x9a, 0x01, 0x40, 0x00, 0x00, 0x00, 0x00, 
    0x3f, 0x00, 0x00, 0x00, 0x00, 0x00, 0x00, 0x00, 0x3a, 0x00, 0x00, 0x00, 
    0x28, 0x00, 0x00, 0x00, 0x7d, 0x9a, 0x01, 0x40, 0x00, 0x00, 0x00, 0x00, 
    0x3f, 0x00, 0x00, 0x00, 0x00, 0x00, 0x00, 0x00, 0x3a, 0x00, 0x00, 0x00, 
    0x2e, 0x00, 0x00, 0x00, 0x7d, 0x9a, 0x01, 0x40, 0x00, 0x00, 0x00, 0x00, 
    0x3f, 0x00, 0x00, 0x00, 0x00, 0x00, 0x00, 0x00, 0x3a, 0x00, 0x00, 0x00, 
    0x34, 0x00, 0x00, 0x00, 0x7d, 0x9a, 0x01, 0x40, 0x00, 0x00, 0x00, 0x00, 
    0x3f, 0x00, 0x00, 0x00, 0x00, 0x00, 0x00, 0x00, 0x50, 0x00, 0x00, 0x00, 
    0x1e, 0x00, 0x00, 0x00, 0x75, 0x9b, 0x01, 0x40, 0x00, 0x00, 0x00, 0x00, 
    0x45, 0x00, 0x00, 0x00, 0x00, 0x00, 0x00, 0x00, 0xf3, 0x00, 0x00, 0x00, 
    0x41, 0x00, 0x00, 0x00, 0x75, 0x9b, 0x01, 0x40, 0x00, 0x00, 0x00, 0x00, 
    0x45, 0x00, 0x00, 0x00, 0x00, 0x00, 0x00, 0x00, 0xbf, 0x00, 0x00, 0x00, 
    0x22, 0x00, 0x00, 0x00, 0x75, 0x9b, 0x01, 0x40, 0x00, 0x00, 0x00, 0x00, 
    0x45, 0x00, 0x00, 0x00, 0x00, 0x00, 0x00, 0x00, 0xcc, 0x00, 0x00, 0x00, 
    0x43, 0x00, 0x00, 0x00, 0x69, 0x6e, 0x74, 0x65, 0x72, 0x6e, 0x61, 0x6c, 
    0x20, 0x65, 0x72, 0x72, 0x6f, 0x72, 0x3a, 0x20, 0x65, 0x6e, 0x74, 0x65, 
    0x72, 0x65, 0x64, 0x20, 0x75, 0x6e, 0x72, 0x65, 0x61, 0x63, 0x68, 0x61, 
    0x62, 0x6c, 0x65, 0x20, 0x63, 0x6f, 0x64, 0x65, 0x75, 0x9b, 0x01, 0x40, 
    0x00, 0x00, 0x00, 0x00, 0x45, 0x00, 0x00, 0x00, 0x00, 0x00, 0x00, 0x00, 
    0xd0, 0x00, 0x00, 0x00, 0x1d, 0x00, 0x00, 0x00, 0x75, 0x9b, 0x01, 0x40, 
    0x00, 0x00, 0x00, 0x00, 0x45, 0x00, 0x00, 0x00, 0x00, 0x00, 0x00, 0x00, 
    0xc1, 0x00, 0x00, 0x00, 0x33, 0x00, 0x00, 0x00, 0x75, 0x9b, 0x01, 0x40, 
    0x00, 0x00, 0x00, 0x00, 0x45, 0x00, 0x00, 0x00, 0x00, 0x00, 0x00, 0x00, 
    0xc2, 0x00, 0x00, 0x00, 0x23, 0x00, 0x00, 0x00, 0x75, 0x9b, 0x01, 0x40, 
    0x00, 0x00, 0x00, 0x00, 0x45, 0x00, 0x00, 0x00, 0x00, 0x00, 0x00, 0x00, 
    0x09, 0x01, 0x00, 0x00, 0x33, 0x00, 0x00, 0x00, 0x75, 0x9b, 0x01, 0x40, 
    0x00, 0x00, 0x00, 0x00, 0x45, 0x00, 0x00, 0x00, 0x00, 0x00, 0x00, 0x00, 
    0xe9, 0x00, 0x00, 0x00, 0x22, 0x00, 0x00, 0x00, 0xbc, 0x98, 0x01, 0x40, 
    0x00, 0x00, 0x00, 0x00, 0x3f, 0x00, 0x00, 0x00, 0x00, 0x00, 0x00, 0x00, 
    0xa6, 0x01, 0x00, 0x00, 0x13, 0x00, 0x00, 0x00, 0xbc, 0x98, 0x01, 0x40, 
    0x00, 0x00, 0x00, 0x00, 0x3f, 0x00, 0x00, 0x00, 0x00, 0x00, 0x00, 0x00, 
    0x77, 0x01, 0x00, 0x00, 0x13, 0x00, 0x00, 0x00, 0xbc, 0x98, 0x01, 0x40, 
    0x00, 0x00, 0x00, 0x00, 0x3f, 0x00, 0x00, 0x00, 0x00, 0x00, 0x00, 0x00, 
    0x7f, 0x01, 0x00, 0x00, 0x13, 0x00, 0x00, 0x00, 0xbc, 0x98, 0x01, 0x40, 
    0x00, 0x00, 0x00, 0x00, 0x3f, 0x00, 0x00, 0x00, 0x00, 0x00, 0x00, 0x00, 
    0x6d, 0x03, 0x00, 0x00, 0x0d, 0x00, 0x00, 0x00, 0x35, 0x9b, 0x01, 0x40, 
    0x00, 0x00, 0x00, 0x00, 0x3f, 0x00, 0x00, 0x00, 0x00, 0x00, 0x00, 0x00, 
    0x7f, 0x00, 0x00, 0x00, 0x12, 0x00, 0x00, 0x00, 0x50, 0x41, 0x4e, 0x49, 
    0x43, 0x3a, 0x20, 0x00, 0x35, 0x9b, 0x01, 0x40, 0x00, 0x00, 0x00, 0x00, 
    0x3f, 0x00, 0x00, 0x00, 0x00, 0x00, 0x00, 0x00, 0x49, 0x00, 0x00, 0x00, 
    0x12, 0x00, 0x00, 0x00, 0x35, 0x9b, 0x01, 0x40, 0x00, 0x00, 0x00, 0x00, 
    0x3f, 0x00, 0x00, 0x00, 0x00, 0x00, 0x00, 0x00, 0x4a, 0x00, 0x00, 0x00, 
    0x0c, 0x00, 0x00, 0x00, 0x35, 0x9b, 0x01, 0x40, 0x00, 0x00, 0x00, 0x00, 
    0x3f, 0x00, 0x00, 0x00, 0x00, 0x00, 0x00, 0x00, 0x4a, 0x00, 0x00, 0x00, 
    0x1a, 0x00, 0x00, 0x00, 0x35, 0x9b, 0x01, 0x40, 0x00, 0x00, 0x00, 0x00, 
    0x3f, 0x00, 0x00, 0x00, 0x00, 0x00, 0x00, 0x00, 0x55, 0x00, 0x00, 0x00, 
    0x31, 0x00, 0x00, 0x00, 0x35, 0x9b, 0x01, 0x40, 0x00, 0x00, 0x00, 0x00, 
    0x3f, 0x00, 0x00, 0x00, 0x00, 0x00, 0x00, 0x00, 0x6a, 0x00, 0x00, 0x00, 
    0x39, 0x00, 0x00, 0x00, 0x98, 0x96, 0x01, 0x40, 0x00, 0x00, 0x00, 0x00, 
    0x40, 0x00, 0x00, 0x00, 0x00, 0x00, 0x00, 0x00, 0xf6, 0x04, 0x00, 0x00, 
    0x0c, 0x00, 0x00, 0x00, 0x98, 0x96, 0x01, 0x40, 0x00, 0x00, 0x00, 0x00, 
    0x40, 0x00, 0x00, 0x00, 0x00, 0x00, 0x00, 0x00, 0xff, 0x04, 0x00, 0x00, 
    0x09, 0x00, 0x00, 0x00, 0x98, 0x96, 0x01, 0x40, 0x00, 0x00, 0x00, 0x00, 
    0x40, 0x00, 0x00, 0x00, 0x00, 0x00, 0x00, 0x00, 0x08, 0x05, 0x00, 0x00, 
    0x0d, 0x00, 0x00, 0x00, 0x35, 0x9b, 0x01, 0x40, 0x00, 0x00, 0x00, 0x00, 
    0x3f, 0x00, 0x00, 0x00, 0x00, 0x00, 0x00, 0x00, 0x5e, 0x00, 0x00, 0x00, 
    0x15, 0x00, 0x00, 0x00, 0x35, 0x9b, 0x01, 0x40, 0x00, 0x00, 0x00, 0x00, 
    0x3f, 0x00, 0x00, 0x00, 0x00, 0x00, 0x00, 0x00, 0x5e, 0x00, 0x00, 0x00, 
    0x2e, 0x00, 0x00, 0x00, 0x01, 0x00, 0x00, 0x00, 0x00, 0x00, 0x00, 0x00, 
    0x00, 0x00, 0x00, 0x00, 0x00, 0x00, 0x00, 0x00, 0x18, 0x00, 0x00, 0x00, 
    0x00, 0x00, 0x00, 0x00, 0x08, 0x00, 0x00, 0x00, 0x00, 0x00, 0x00, 0x00, 
    0x7c, 0x6a, 0x01, 0x40, 0x00, 0x00, 0x00, 0x00, 0xdc, 0x6a, 0x01, 0x40, 
    0x00, 0x00, 0x00, 0x00, 0x68, 0x6a, 0x01, 0x40, 0x00, 0x00, 0x00, 0x00, 
    0x48, 0x96, 0x01, 0x40, 0x00, 0x00, 0x00, 0x00, 0x43, 0x00, 0x00, 0x00, 
    0x00, 0x00, 0x00, 0x00, 0x58, 0x00, 0x00, 0x00, 0x14, 0x00, 0x00, 0x00, 
    0x48, 0x96, 0x01, 0x40, 0x00, 0x00, 0x00, 0x00, 0x43, 0x00, 0x00, 0x00, 
    0x00, 0x00, 0x00, 0x00, 0x58, 0x00, 0x00, 0x00, 0x1b, 0x00, 0x00, 0x00, 
    0x48, 0x96, 0x01, 0x40, 0x00, 0x00, 0x00, 0x00, 0x43, 0x00, 0x00, 0x00, 
    0x00, 0x00, 0x00, 0x00, 0x61, 0x00, 0x00, 0x00, 0x16, 0x00, 0x00, 0x00, 
    0x48, 0x96, 0x01, 0x40, 0x00, 0x00, 0x00, 0x00, 0x43, 0x00, 0x00, 0x00, 
    0x00, 0x00, 0x00, 0x00, 0x61, 0x00, 0x00, 0x00, 0x1d, 0x00, 0x00, 0x00, 
    0xbb, 0x9b, 0x01, 0x40, 0x00, 0x00, 0x00, 0x00, 0x45, 0x00, 0x00, 0x00, 
    0x00, 0x00, 0x00, 0x00, 0x99, 0x02, 0x00, 0x00, 0x20, 0x00, 0x00, 0x00, 
    0xbb, 0x9b, 0x01, 0x40, 0x00, 0x00, 0x00, 0x00, 0x45, 0x00, 0x00, 0x00, 
    0x00, 0x00, 0x00, 0x00, 0x9a, 0x02, 0x00, 0x00, 0x21, 0x00, 0x00, 0x00, 
    0xbb, 0x9b, 0x01, 0x40, 0x00, 0x00, 0x00, 0x00, 0x45, 0x00, 0x00, 0x00, 
    0x00, 0x00, 0x00, 0x00, 0x9b, 0x02, 0x00, 0x00, 0x22, 0x00, 0x00, 0x00, 
    0xbb, 0x9b, 0x01, 0x40, 0x00, 0x00, 0x00, 0x00, 0x45, 0x00, 0x00, 0x00, 
    0x00, 0x00, 0x00, 0x00, 0xa6, 0x01, 0x00, 0x00, 0x23, 0x00, 0x00, 0x00, 
    0x8c, 0x96, 0x01, 0x40, 0x00, 0x00, 0x00, 0x00, 0x0b, 0x00, 0x00, 0x00, 
    0x00, 0x00, 0x00, 0x00, 0x1e, 0x04, 0x00, 0x00, 0x09, 0x00, 0x00, 0x00, 
    0x8c, 0x96, 0x01, 0x40, 0x00, 0x00, 0x00, 0x00, 0x0b, 0x00, 0x00, 0x00, 
    0x00, 0x00, 0x00, 0x00, 0x2e, 0x04, 0x00, 0x00, 0x09, 0x00, 0x00, 0x00, 
    0x8c, 0x96, 0x01, 0x40, 0x00, 0x00, 0x00, 0x00, 0x0b, 0x00, 0x00, 0x00, 
    0x00, 0x00, 0x00, 0x00, 0xeb, 0x03, 0x00, 0x00, 0x08, 0x00, 0x00, 0x00, 
    0x8c, 0x96, 0x01, 0x40, 0x00, 0x00, 0x00, 0x00, 0x0b, 0x00, 0x00, 0x00, 
    0x00, 0x00, 0x00, 0x00, 0xeb, 0x03, 0x00, 0x00, 0x27, 0x00, 0x00, 0x00, 
    0x8c, 0x96, 0x01, 0x40, 0x00, 0x00, 0x00, 0x00, 0x0b, 0x00, 0x00, 0x00, 
    0x00, 0x00, 0x00, 0x00, 0xeb, 0x03, 0x00, 0x00, 0x13, 0x00, 0x00, 0x00, 
    0x66, 0x61, 0x74, 0x62, 0x6c, 0x6b, 0x00, 0x00, 0x8c, 0x96, 0x01, 0x40, 
    0x00, 0x00, 0x00, 0x00, 0x0b, 0x00, 0x00, 0x00, 0x00, 0x00, 0x00, 0x00, 
    0xea, 0x00, 0x00, 0x00, 0x21, 0x00, 0x00, 0x00, 0x70, 0x61, 0x72, 0x74, 
    0x64, 0x6d, 0x62, 0x72, 0x5f, 0x72, 0x65, 0x61, 0x64, 0x5f, 0x66, 0x61, 
    0x69, 0x6c, 0x65, 0x64, 0x6d, 0x62, 0x72, 0x5f, 0x69, 0x6e, 0x76, 0x61, 
    0x6c, 0x69, 0x64, 0x00, 0x8c, 0x96, 0x01, 0x40, 0x00, 0x00, 0x00, 0x00, 
    0x0b, 0x00, 0x00, 0x00, 0x00, 0x00, 0x00, 0x00, 0x9e, 0x01, 0x00, 0x00, 
    0x19, 0x00, 0x00, 0x00, 0x8c, 0x96, 0x01, 0x40, 0x00, 0x00, 0x00, 0x00, 
    0x0b, 0x00, 0x00, 0x00, 0x00, 0x00, 0x00, 0x00, 0xa3, 0x01, 0x00, 0x00, 
    0x17, 0x00, 0x00, 0x00, 0x8c, 0x96, 0x01, 0x40, 0x00, 0x00, 0x00, 0x00, 
    0x0b, 0x00, 0x00, 0x00, 0x00, 0x00, 0x00, 0x00, 0x02, 0x02, 0x00, 0x00, 
    0x19, 0x00, 0x00, 0x00, 0x8c, 0x96, 0x01, 0x40, 0x00, 0x00, 0x00, 0x00, 
    0x0b, 0x00, 0x00, 0x00, 0x00, 0x00, 0x00, 0x00, 0x06, 0x02, 0x00, 0x00, 
    0x17, 0x00, 0x00, 0x00, 0x8c, 0x96, 0x01, 0x40, 0x00, 0x00, 0x00, 0x00, 
    0x0b, 0x00, 0x00, 0x00, 0x00, 0x00, 0x00, 0x00, 0x6e, 0x02, 0x00, 0x00, 
    0x22, 0x00, 0x00, 0x00, 0x8c, 0x96, 0x01, 0x40, 0x00, 0x00, 0x00, 0x00, 
    0x0b, 0x00, 0x00, 0x00, 0x00, 0x00, 0x00, 0x00, 0x8c, 0x02, 0x00, 0x00, 
    0x26, 0x00, 0x00, 0x00, 0x8c, 0x96, 0x01, 0x40, 0x00, 0x00, 0x00, 0x00, 
    0x0b, 0x00, 0x00, 0x00, 0x00, 0x00, 0x00, 0x00, 0x1f, 0x01, 0x00, 0x00, 
    0x22, 0x00, 0x00, 0x00, 0x8c, 0x96, 0x01, 0x40, 0x00, 0x00, 0x00, 0x00, 
    0x0b, 0x00, 0x00, 0x00, 0x00, 0x00, 0x00, 0x00, 0xc4, 0x03, 0x00, 0x00, 
    0x29, 0x00, 0x00, 0x00, 0x8c, 0x96, 0x01, 0x40, 0x00, 0x00, 0x00, 0x00, 
    0x0b, 0x00, 0x00, 0x00, 0x00, 0x00, 0x00, 0x00, 0xcb, 0x03, 0x00, 0x00, 
    0x22, 0x00, 0x00, 0x00, 0x20, 0x00, 0x00, 0x00, 0x00, 0x00, 0x00, 0x00, 
    0x8c, 0x96, 0x01, 0x40, 0x00, 0x00, 0x00, 0x00, 0x0b, 0x00, 0x00, 0x00, 
    0x00, 0x00, 0x00, 0x00, 0xd0, 0x03, 0x00, 0x00, 0x39, 0x00, 0x00, 0x00, 
    0x3a, 0x40, 0x00, 0x00, 0x00, 0x00, 0x00, 0x00, 0x8c, 0x96, 0x01, 0x40, 
    0x00, 0x00, 0x00, 0x00, 0x0b, 0x00, 0x00, 0x00, 0x00, 0x00, 0x00, 0x00, 
    0xd6, 0x03, 0x00, 0x00, 0x39, 0x00, 0x00, 0x00, 0x2b, 0x00, 0x00, 0x00, 
    0x00, 0x00, 0x00, 0x00, 0x8c, 0x96, 0x01, 0x40, 0x00, 0x00, 0x00, 0x00, 
    0x0b, 0x00, 0x00, 0x00, 0x00, 0x00, 0x00, 0x00, 0xd9, 0x03, 0x00, 0x00, 
    0x39, 0x00, 0x00, 0x00, 0x8c, 0x96, 0x01, 0x40, 0x00, 0x00, 0x00, 0x00, 
    0x0b, 0x00, 0x00, 0x00, 0x00, 0x00, 0x00, 0x00, 0x28, 0x03, 0x00, 0x00, 
    0x1a, 0x00, 0x00, 0x00, 0x8c, 0x96, 0x01, 0x40, 0x00, 0x00, 0x00, 0x00, 
    0x0b, 0x00, 0x00, 0x00, 0x00, 0x00, 0x00, 0x00, 0x28, 0x03, 0x00, 0x00, 
    0x2c, 0x00, 0x00, 0x00, 0x8c, 0x96, 0x01, 0x40, 0x00, 0x00, 0x00, 0x00, 
    0x0b, 0x00, 0x00, 0x00, 0x00, 0x00, 0x00, 0x00, 0x2f, 0x03, 0x00, 0x00, 
    0x0d, 0x00, 0x00, 0x00, 0x8c, 0x96, 0x01, 0x40, 0x00, 0x00, 0x00, 0x00, 
    0x0b, 0x00, 0x00, 0x00, 0x00, 0x00, 0x00, 0x00, 0x2f, 0x03, 0x00, 0x00, 
    0x1a, 0x00, 0x00, 0x00, 0x61, 0x74, 0x74, 0x61, 0x63, 0x68, 0x3f, 0x6e, 
    0x6f, 0x5f, 0x70, 0x61, 0x72, 0x74, 0x69, 0x74, 0x69, 0x6f, 0x6e, 0x73, 
    0x00, 0x00, 0x00, 0x00, 0x8c, 0x96, 0x01, 0x40, 0x00, 0x00, 0x00, 0x00, 
    0x0b, 0x00, 0x00, 0x00, 0x00, 0x00, 0x00, 0x00, 0x6d, 0x03, 0x00, 0x00, 
    0x22, 0x00, 0x00, 0x00, 0x8c, 0x96, 0x01, 0x40, 0x00, 0x00, 0x00, 0x00, 
    0x0b, 0x00, 0x00, 0x00, 0x00, 0x00, 0x00, 0x00, 0x77, 0x03, 0x00, 0x00, 
    0x1e, 0x00, 0x00, 0x00, 0x8c, 0x96, 0x01, 0x40, 0x00, 0x00, 0x00, 0x00, 
    0x0b, 0x00, 0x00, 0x00, 0x00, 0x00, 0x00, 0x00, 0x77, 0x03, 0x00, 0x00, 
    0x27, 0x00, 0x00, 0x00, 0x8c, 0x96, 0x01, 0x40, 0x00, 0x00, 0x00, 0x00, 
    0x0b, 0x00, 0x00, 0x00, 0x00, 0x00, 0x00, 0x00, 0x7c, 0x03, 0x00, 0x00, 
    0x19, 0x00, 0x00, 0x00, 0x70, 0x61, 0x72, 0x74, 0x69, 0x74, 0x69, 0x6f, 
    0x6e, 0x69, 0x64, 0x78, 0x73, 0x74, 0x61, 0x72, 0x74, 0x5f, 0x6c, 0x62, 
    0x61, 0x73, 0x65, 0x63, 0x74, 0x6f, 0x72, 0x73, 0x64, 0x61, 0x74, 0x61, 
    0x70, 0x6f, 0x72, 0x74, 0x5f, 0x61, 0x63, 0x63, 0x65, 0x73, 0x73, 0x5f, 
    0x66, 0x61, 0x69, 0x6c, 0x65, 0x64, 0x64, 0x61, 0x74, 0x61, 0x70, 0x6f, 
    0x72, 0x74, 0x5f, 0x63, 0x72, 0x65, 0x61, 0x74, 0x65, 0x5f, 0x66, 0x61, 
    0x69, 0x6c, 0x65, 0x64, 0x11, 0x00, 0x00, 0x00, 0x00, 0x00, 0x00, 0x00, 
    0x09, 0x00, 0x00, 0x00, 0x00, 0x00, 0x00, 0x00, 0x0f, 0x00, 0x00, 0x00, 
    0x00, 0x00, 0x00, 0x00, 0x0b, 0x00, 0x00, 0x00, 0x00, 0x00, 0x00, 0x00, 
    0x09, 0x00, 0x00, 0x00, 0x00, 0x00, 0x00, 0x00, 0x0e, 0x00, 0x00, 0x00, 
    0x00, 0x00, 0x00, 0x00, 0x11, 0x00, 0x00, 0x00, 0x00, 0x00, 0x00, 0x00, 
    0x13, 0x00, 0x00, 0x00, 0x00, 0x00, 0x00, 0x00, 0x12, 0x00, 0x00, 0x00, 
    0x00, 0x00, 0x00, 0x00, 0x0b, 0x00, 0x00, 0x00, 0x00, 0x00, 0x00, 0x00, 
    0x0d, 0x00, 0x00, 0x00, 0x00, 0x00, 0x00, 0x00, 0x0d, 0x00, 0x00, 0x00, 
    0x00, 0x00, 0x00, 0x00, 0x0b, 0x00, 0x00, 0x00, 0x00, 0x00, 0x00, 0x00, 
    0x0d, 0x00, 0x00, 0x00, 0x00, 0x00, 0x00, 0x00, 0x0e, 0x00, 0x00, 0x00, 
    0x00, 0x00, 0x00, 0x00, 0x0d, 0x00, 0x00, 0x00, 0x00, 0x00, 0x00, 0x00, 
    0x10, 0x00, 0x00, 0x00, 0x00, 0x00, 0x00, 0x00, 0x0e, 0x00, 0x00, 0x00, 
    0x00, 0x00, 0x00, 0x00, 0x10, 0x00, 0x00, 0x00, 0x00, 0x00, 0x00, 0x00, 
    0x08, 0x00, 0x00, 0x00, 0x00, 0x00, 0x00, 0x00, 0x0f, 0x00, 0x00, 0x00, 
    0x00, 0x00, 0x00, 0x00, 0x11, 0x00, 0x00, 0x00, 0x00, 0x00, 0x00, 0x00, 
    0x17, 0x00, 0x00, 0x00, 0x00, 0x00, 0x00, 0x00, 0x0b, 0x00, 0x00, 0x00, 
    0x00, 0x00, 0x00, 0x00, 0x10, 0x00, 0x00, 0x00, 0x00, 0x00, 0x00, 0x00, 
    0x07, 0x00, 0x00, 0x00, 0x00, 0x00, 0x00, 0x00, 0x12, 0x00, 0x00, 0x00, 
    0x00, 0x00, 0x00, 0x00, 0x0d, 0x00, 0x00, 0x00, 0x00, 0x00, 0x00, 0x00, 
    0x8b, 0x9f, 0x01, 0x40, 0x00, 0x00, 0x00, 0x00, 0x9c, 0x9f, 0x01, 0x40, 
    0x00, 0x00, 0x00, 0x00, 0xa5, 0x9f, 0x01, 0x40, 0x00, 0x00, 0x00, 0x00, 
    0xb4, 0x9f, 0x01, 0x40, 0x00, 0x00, 0x00, 0x00, 0xbf, 0x9f, 0x01, 0x40, 
    0x00, 0x00, 0x00, 0x00, 0xc8, 0x9f, 0x01, 0x40, 0x00, 0x00, 0x00, 0x00, 
    0xd6, 0x9f, 0x01, 0x40, 0x00, 0x00, 0x00, 0x00, 0xe7, 0x9f, 0x01, 0x40, 
    0x00, 0x00, 0x00, 0x00, 0xfa, 0x9f, 0x01, 0x40, 0x00, 0x00, 0x00, 0x00, 
    0x0c, 0xa0, 0x01, 0x40, 0x00, 0x00, 0x00, 0x00, 0x17, 0xa0, 0x01, 0x40, 
    0x00, 0x00, 0x00, 0x00, 0x24, 0xa0, 0x01, 0x40, 0x00, 0x00, 0x00, 0x00, 
    0x31, 0xa0, 0x01, 0x40, 0x00, 0x00, 0x00, 0x00, 0x3c, 0xa0, 0x01, 0x40, 
    0x00, 0x00, 0x00, 0x00, 0x49, 0xa0, 0x01, 0x40, 0x00, 0x00, 0x00, 0x00, 
    0x57, 0xa0, 0x01, 0x40, 0x00, 0x00, 0x00, 0x00, 0x84, 0xa0, 0x01, 0x40, 
    0x00, 0x00, 0x00, 0x00, 0x94, 0xa0, 0x01, 0x40, 0x00, 0x00, 0x00, 0x00, 
    0x64, 0xa0, 0x01, 0x40, 0x00, 0x00, 0x00, 0x00, 0x7a, 0x90, 0x01, 0x40, 
    0x00, 0x00, 0x00, 0x00, 0xa2, 0xa0, 0x01, 0x40, 0x00, 0x00, 0x00, 0x00, 
    0xb1, 0xa0, 0x01, 0x40, 0x00, 0x00, 0x00, 0x00, 0xc2, 0xa0, 0x01, 0x40, 
    0x00, 0x00, 0x00, 0x00, 0xd9, 0xa0, 0x01, 0x40, 0x00, 0x00, 0x00, 0x00, 
    0x74, 0xa0, 0x01, 0x40, 0x00, 0x00, 0x00, 0x00, 0xe4, 0xa0, 0x01, 0x40, 
    0x00, 0x00, 0x00, 0x00, 0xeb, 0xa0, 0x01, 0x40, 0x00, 0x00, 0x00, 0x00, 
    0xfd, 0xa0, 0x01, 0x40, 0x00, 0x00, 0x00, 0x00, 0x07, 0x00, 0x00, 0x00, 
    0x00, 0x00, 0x00, 0x00, 0x05, 0x00, 0x00, 0x00, 0x00, 0x00, 0x00, 0x00, 
    0x07, 0x00, 0x00, 0x00, 0x00, 0x00, 0x00, 0x00, 0x07, 0x00, 0x00, 0x00, 
    0x00, 0x00, 0x00, 0x00, 0x03, 0x00, 0x00, 0x00, 0x00, 0x00, 0x00, 0x00, 
    0x04, 0x00, 0x00, 0x00, 0x00, 0x00, 0x00, 0x00, 0x0a, 0x00, 0x00, 0x00, 
    0x00, 0x00, 0x00, 0x00, 0x07, 0x00, 0x00, 0x00, 0x00, 0x00, 0x00, 0x00, 
    0x04, 0x00, 0x00, 0x00, 0x00, 0x00, 0x00, 0x00, 0x03, 0x00, 0x00, 0x00, 
    0x00, 0x00, 0x00, 0x00, 0x03, 0x00, 0x00, 0x00, 0x00, 0x00, 0x00, 0x00, 
    0x07, 0x00, 0x00, 0x00, 0x00, 0x00, 0x00, 0x00, 0x04, 0x00, 0x00, 0x00, 
    0x00, 0x00, 0x00, 0x00, 0x04, 0x00, 0x00, 0x00, 0x00, 0x00, 0x00, 0x00, 
    0x08, 0x00, 0x00, 0x00, 0x00, 0x00, 0x00, 0x00, 0x03, 0x00, 0x00, 0x00, 
    0x00, 0x00, 0x00, 0x00, 0x03, 0x00, 0x00, 0x00, 0x00, 0x00, 0x00, 0x00, 
    0x30, 0xa9, 0x01, 0x40, 0x00, 0x00, 0x00, 0x00, 0x37, 0xa9, 0x01, 0x40, 
    0x00, 0x00, 0x00, 0x00, 0x3c, 0xa9, 0x01, 0x40, 0x00, 0x00, 0x00, 0x00, 
    0x43, 0xa9, 0x01, 0x40, 0x00, 0x00, 0x00, 0x00, 0x4a, 0xa9, 0x01, 0x40, 
    0x00, 0x00, 0x00, 0x00, 0x59, 0xa9, 0x01, 0x40, 0x00, 0x00, 0x00, 0x00, 
    0x69, 0xa9, 0x01, 0x40, 0x00, 0x00, 0x00, 0x00, 0x73, 0xa9, 0x01, 0x40, 
    0x00, 0x00, 0x00, 0x00, 0x5d, 0xa9, 0x01, 0x40, 0x00, 0x00, 0x00, 0x00, 
    0x7a, 0xa9, 0x01, 0x40, 0x00, 0x00, 0x00, 0x00, 0x7d, 0xa9, 0x01, 0x40, 
    0x00, 0x00, 0x00, 0x00, 0x80, 0xa9, 0x01, 0x40, 0x00, 0x00, 0x00, 0x00, 
    0x51, 0xa9, 0x01, 0x40, 0x00, 0x00, 0x00, 0x00, 0x65, 0xa9, 0x01, 0x40, 
    0x00, 0x00, 0x00, 0x00, 0x82, 0x90, 0x01, 0x40, 0x00, 0x00, 0x00, 0x00, 
    0x87, 0xa9, 0x01, 0x40, 0x00, 0x00, 0x00, 0x00, 0x8a, 0xa9, 0x01, 0x40, 
    0x00, 0x00, 0x00, 0x00, 0x00, 0x00, 0x00, 0x00, 0x00, 0x00, 0x00, 0x00, 
    0x00, 0x00, 0x00, 0x00, 0x00, 0x00, 0x00, 0x00, 0x00, 0x00, 0x00, 0x00, 
    0x00, 0x00, 0x00, 0x00, 0x00, 0x00, 0x00, 0x00, 0x00, 0x00, 0x00, 0x00, 
    0x00, 0x00, 0x00, 0x00, 0x00, 0x00, 0x00, 0x00, 0x00, 0x00, 0x00, 0x00, 
    0x00, 0x00, 0x00, 0x00, 0x00, 0x00, 0x00, 0x00, 0x00, 0x00, 0x00, 0x00, 
    0x00, 0x00, 0x00, 0x00, 0x00, 0x00, 0x00, 0x00, 0x00, 0x00, 0x00, 0x00, 
    0x00, 0x00, 0x00, 0x00, 0x00, 0x00, 0x00, 0x00, 0x00, 0x00, 0x00, 0x00, 
    0x00, 0x00, 0x00, 0x00, 0x00, 0x00, 0x00, 0x00, 0x00, 0x00, 0x00, 0x00, 
    0x00, 0x00, 0x00, 0x00, 0x00, 0x00, 0x00, 0x00, 0x00, 0x00, 0x00, 0x00, 
    0x00, 0x00, 0x00, 0x00, 0x00, 0x00, 0x00, 0x00, 0x00, 0x00, 0x00, 0x00, 
    0x00, 0x00, 0x00, 0x00, 0x00, 0x00, 0x00, 0x00, 0x00, 0x00, 0x00, 0x00, 
    0x00, 0x00, 0x00, 0x00, 0x00, 0x00, 0x00, 0x00, 0x00, 0x00, 0x00, 0x00, 
    0x00, 0x00, 0x00, 0x00, 0x00, 0x00, 0x00, 0x00, 0x00, 0x00, 0x00, 0x00, 
    0x00, 0x00, 0x00, 0x00, 0x00, 0x00, 0x00, 0x00, 0x00, 0x00, 0x00, 0x00, 
    0x00, 0x00, 0x00, 0x00, 0x00, 0x00, 0x00, 0x00, 0x00, 0x00, 0x00, 0x00, 
    0x00, 0x00, 0x00, 0x00, 0x00, 0x00, 0x00, 0x00, 0x00, 0x00, 0x00, 0x00, 
    0x00, 0x00, 0x00, 0x00, 0x00, 0x00, 0x00, 0x00, 0x00, 0x00, 0x00, 0x00, 
    0x00, 0x00, 0x00, 0x00, 0x00, 0x00, 0x00, 0x00, 0x00, 0x00, 0x00, 0x00, 
    0x00, 0x00, 0x00, 0x00, 0x00, 0x00, 0x00, 0x00, 0x00, 0x00, 0x00, 0x00, 
    0x00, 0x00, 0x00, 0x00, 0x00, 0x00, 0x00, 0x00, 0x00, 0x00, 0x00, 0x00, 
    0x00, 0x00, 0x00, 0x00, 0x00, 0x00, 0x00, 0x00, 0x00, 0x00, 0x00, 0x00, 
    0x00, 0x00, 0x00, 0x00, 0x00, 0x00, 0x00, 0x00, 0x00, 0x00, 0x00, 0x00, 
    0x00, 0x00, 0x00, 0x00, 0x00, 0x00, 0x00, 0x00, 0x00, 0x00, 0x00, 0x00, 
    0x00, 0x00, 0x00, 0x00, 0x00, 0x00, 0x00, 0x00, 0x00, 0x00, 0x00, 0x00, 
    0x00, 0x00, 0x00, 0x00, 0x00, 0x00, 0x00, 0x00, 0x00, 0x00, 0x00, 0x00, 
    0x00, 0x00, 0x00, 0x00, 0x00, 0x00, 0x00, 0x00, 0x00, 0x00, 0x00, 0x00, 
    0x00, 0x00, 0x00, 0x00, 0x00, 0x00, 0x00, 0x00, 0x00, 0x00, 0x00, 0x00, 
    0x00, 0x00, 0x00, 0x00, 0x00, 0x00, 0x00, 0x00, 0x00, 0x00, 0x00, 0x00, 
    0x00, 0x00, 0x00, 0x00, 0x00, 0x00, 0x00, 0x00, 0x00, 0x00, 0x00, 0x00, 
    0x00, 0x00, 0x00, 0x00, 0x00, 0x00, 0x00, 0x00, 0x00, 0x00, 0x00, 0x00, 
    0x00, 0x00, 0x00, 0x00, 0x00, 0x00, 0x00, 0x00, 0x00, 0x00, 0x00, 0x00, 
    0x00, 0x00, 0x00, 0x00, 0x00, 0x00, 0x00, 0x00, 0x00, 0x00, 0x00, 0x00, 
    0x00, 0x00, 0x00, 0x00, 0x00, 0x00, 0x00, 0x00, 0x00, 0x00, 0x00, 0x00, 
    0x00, 0x00, 0x00, 0x00, 0x00, 0x00, 0x00, 0x00, 0x00, 0x00, 0x00, 0x00, 
    0x00, 0x00, 0x00, 0x00, 0x00, 0x00, 0x00, 0x00, 0x00, 0x00, 0x00, 0x00, 
    0x00, 0x00, 0x00, 0x00, 0x00, 0x00, 0x00, 0x00, 0x00, 0x00, 0x00, 0x00, 
    0x00, 0x00, 0x00, 0x00, 0x00, 0x00, 0x00, 0x00, 0x00, 0x00, 0x00, 0x00, 
    0x00, 0x00, 0x00, 0x00, 0x00, 0x00, 0x00, 0x00, 0x00, 0x00, 0x00, 0x00, 
    0x00, 0x00, 0x00, 0x00, 0x00, 0x00, 0x00, 0x00, 0x00, 0x00, 0x00, 0x00, 
    0x00, 0x00, 0x00, 0x00, 0x00, 0x00, 0x00, 0x00, 0x00, 0x00, 0x00, 0x00, 
    0x00, 0x00, 0x00, 0x00, 0x00, 0x00, 0x00, 0x00, 0x00, 0x00, 0x00, 0x00, 
    0x00, 0x00, 0x00, 0x00, 0x00, 0x00, 0x00, 0x00, 0x00, 0x00, 0x00, 0x00, 
    0x00, 0x00, 0x00, 0x00, 0x00, 0x00, 0x00, 0x00, 0x00, 0x00, 0x00, 0x00, 
    0x00, 0x00, 0x00, 0x00, 0x00, 0x00, 0x00, 0x00, 0x00, 0x00, 0x00, 0x00, 
    0x00, 0x00, 0x00, 0x00, 0x00, 0x00, 0x00, 0x00, 0x00, 0x00, 0x00, 0x00, 
    0x00, 0x00, 0x00, 0x00, 0x00, 0x00, 0x00, 0x00, 0x00, 0x00, 0x00, 0x00, 
    0x00, 0x00, 0x00, 0x00, 0x00, 0x00, 0x00, 0x00, 0x00, 0x00, 0x00, 0x00, 
    0x00, 0x00, 0x00, 0x00, 0x00, 0x00, 0x00, 0x00, 0x00, 0x00, 0x00, 0x00, 
    0x00, 0x00, 0x00, 0x00, 0x00, 0x00, 0x00, 0x00, 0x00, 0x00, 0x00, 0x00, 
    0x00, 0x00, 0x00, 0x00, 0x00, 0x00, 0x00, 0x00, 0x00, 0x00, 0x00, 0x00, 
    0x00, 0x00, 0x00, 0x00, 0x00, 0x00, 0x00, 0x00, 0x00, 0x00, 0x00, 0x00, 
    0x00, 0x00, 0x00, 0x00, 0x00, 0x00, 0x00, 0x00, 0x00, 0x00, 0x00, 0x00, 
    0x00, 0x00, 0x00, 0x00, 0x00, 0x00, 0x00, 0x00, 0x00, 0x00, 0x00, 0x00, 
    0x00, 0x00, 0x00, 0x00, 0x00, 0x00, 0x00, 0x00, 0x00, 0x00, 0x00, 0x00, 
    0x00, 0x00, 0x00, 0x00, 0x00, 0x00, 0x00, 0x00, 0x00, 0x00, 0x00, 0x00, 
    0x00, 0x00, 0x00, 0x00, 0x00, 0x00, 0x00, 0x00, 0x00, 0x00, 0x00, 0x00, 
    0x00, 0x00, 0x00, 0x00, 0x00, 0x00, 0x00, 0x00, 0x00, 0x00, 0x00, 0x00, 
    0x00, 0x00, 0x00, 0x00, 0x00, 0x00, 0x00, 0x00, 0x00, 0x00, 0x00, 0x00, 
    0x00, 0x00, 0x00, 0x00, 0x00, 0x00, 0x00, 0x00, 0x00, 0x00, 0x00, 0x00, 
    0x00, 0x00, 0x00, 0x00, 0x00, 0x00, 0x00, 0x00, 0x00, 0x00, 0x00, 0x00, 
    0x00, 0x00, 0x00, 0x00, 0x00, 0x00, 0x00, 0x00, 0x00, 0x00, 0x00, 0x00, 
    0x00, 0x00, 0x00, 0x00, 0x00, 0x00, 0x00, 0x00, 0x00, 0x00, 0x00, 0x00, 
    0x00, 0x00, 0x00, 0x00, 0x00, 0x00, 0x00, 0x00, 0x00, 0x00, 0x00, 0x00, 
    0x00, 0x00, 0x00, 0x00, 0x00, 0x00, 0x00, 0x00, 0x00, 0x00, 0x00, 0x00, 
    0x00, 0x00, 0x00, 0x00, 0x00, 0x00, 0x00, 0x00, 0x00, 0x00, 0x00, 0x00, 
    0x00, 0x00, 0x00, 0x00, 0x00, 0x00, 0x00, 0x00, 0x00, 0x00, 0x00, 0x00, 
    0x00, 0x00, 0x00, 0x00, 0x00, 0x00, 0x00, 0x00, 0x00, 0x00, 0x00, 0x00, 
    0x00, 0x00, 0x00, 0x00, 0x00, 0x00, 0x00, 0x00, 0x00, 0x00, 0x00, 0x00, 
    0x00, 0x00, 0x00, 0x00, 0x00, 0x00, 0x00, 0x00, 0x00, 0x00, 0x00, 0x00, 
    0x00, 0x00, 0x00, 0x00, 0x00, 0x00, 0x00, 0x00, 0x00, 0x00, 0x00, 0x00, 
    0x00, 0x00, 0x00, 0x00, 0x00, 0x00, 0x00, 0x00, 0x00, 0x00, 0x00, 0x00, 
    0x00, 0x00, 0x00, 0x00, 0x00, 0x00, 0x00, 0x00, 0x00, 0x00, 0x00, 0x00, 
    0x00, 0x00, 0x00, 0x00, 0x00, 0x00, 0x00, 0x00, 0x00, 0x00, 0x00, 0x00, 
    0x00, 0x00, 0x00, 0x00, 0x00, 0x00, 0x00, 0x00, 0x00, 0x00, 0x00, 0x00, 
    0x00, 0x00, 0x00, 0x00, 0x00, 0x00, 0x00, 0x00, 0x00, 0x00, 0x00, 0x00, 
    0x00, 0x00, 0x00, 0x00, 0x00, 0x00, 0x00, 0x00, 0x00, 0x00, 0x00, 0x00, 
    0x00, 0x00, 0x00, 0x00, 0x00, 0x00, 0x00, 0x00, 0x00, 0x00, 0x00, 0x00, 
    0x00, 0x00, 0x00, 0x00, 0x00, 0x00, 0x00, 0x00, 0x00, 0x00, 0x00, 0x00, 
    0x00, 0x00, 0x00, 0x00, 0x00, 0x00, 0x00, 0x00, 0x00, 0x00, 0x00, 0x00, 
    0x00, 0x00, 0x00, 0x00, 0x00, 0x00, 0x00, 0x00, 0x00, 0x00, 0x00, 0x00, 
    0x00, 0x00, 0x00, 0x00, 0x00, 0x00, 0x00, 0x00, 0x00, 0x00, 0x00, 0x00, 
    0x00, 0x00, 0x00, 0x00, 0x00, 0x00, 0x00, 0x00, 0x00, 0x00, 0x00, 0x00, 
    0x00, 0x00, 0x00, 0x00, 0x00, 0x00, 0x00, 0x00, 0x00, 0x00, 0x00, 0x00, 
    0x00, 0x00, 0x00, 0x00, 0x00, 0x00, 0x00, 0x00, 0x00, 0x00, 0x00, 0x00, 
    0x00, 0x00, 0x00, 0x00, 0x00, 0x00, 0x00, 0x00, 0x00, 0x00, 0x00, 0x00, 
    0x00, 0x00, 0x00, 0x00, 0x00, 0x00, 0x00, 0x00, 0x00, 0x00, 0x00, 0x00, 
    0x00, 0x00, 0x00, 0x00, 0x00, 0x00, 0x00, 0x00, 0x00, 0x00, 0x00, 0x00, 
    0x00, 0x00, 0x00, 0x00, 0x00, 0x00, 0x00, 0x00, 0x00, 0x00, 0x00, 0x00, 
    0x00, 0x00, 0x00, 0x00, 0x00, 0x00, 0x00, 0x00, 0x00, 0x00, 0x00, 0x00, 
    0x00, 0x00, 0x00, 0x00, 0x00, 0x00, 0x00, 0x00, 0x00, 0x00, 0x00, 0x00, 
    0x00, 0x00, 0x00, 0x00, 0x00, 0x00, 0x00, 0x00, 0x00, 0x00, 0x00, 0x00, 
    0x00, 0x00, 0x00, 0x00, 0x00, 0x00, 0x00, 0x00, 0x00, 0x00, 0x00, 0x00, 
    0x00, 0x00, 0x00, 0x00, 0x00, 0x00, 0x00, 0x00, 0x00, 0x00, 0x00, 0x00, 
    0x00, 0x00, 0x00, 0x00, 0x00, 0x00, 0x00, 0x00, 0x00, 0x00, 0x00, 0x00, 
    0x00, 0x00, 0x00, 0x00, 0x00, 0x00, 0x00, 0x00, 0x00, 0x00, 0x00, 0x00, 
    0x00, 0x00, 0x00, 0x00, 0x00, 0x00, 0x00, 0x00, 0x00, 0x00, 0x00, 0x00, 
    0x00, 0x00, 0x00, 0x00, 0x00, 0x00, 0x00, 0x00, 0x00, 0x00, 0x00, 0x00, 
    0x00, 0x00, 0x00, 0x00, 0x00, 0x00, 0x00, 0x00, 0x00, 0x00, 0x00, 0x00, 
    0x00, 0x00, 0x00, 0x00, 0x00, 0x00, 0x00, 0x00, 0x00, 0x00, 0x00, 0x00, 
    0x00, 0x00, 0x00, 0x00, 0x00, 0x00, 0x00, 0x00, 0x00, 0x00, 0x00, 0x00, 
    0x00, 0x00, 0x00, 0x00, 0x00, 0x00, 0x00, 0x00, 0x00, 0x00, 0x00, 0x00, 
    0x00, 0x00, 0x00, 0x00, 0x00, 0x00, 0x00, 0x00, 0x00, 0x00, 0x00, 0x00, 
    0x00, 0x00, 0x00, 0x00, 0x00, 0x00, 0x00, 0x00, 0x00, 0x00, 0x00, 0x00, 
    0x00, 0x00, 0x00, 0x00, 0x00, 0x00, 0x00, 0x00, 0x00, 0x00, 0x01, 0x00, 
    0x00, 0x00, 0x00, 0x00, 0x00, 0x00, 0x00, 0x00, 0x00, 0x00, 0x00, 0x00, 
    0x00, 0x00, 0x00, 0x00, 0x00, 0x00, 0x00, 0x00, 0x00, 0x00, 0x00, 0x00, 
    0x00, 0x00, 0x00, 0x00, 0x00, 0x02, 0x00, 0x00, 0x00, 0x00, 0x00, 0x00, 
    0x00, 0x00, 0x00, 0x00, 0x00, 0x00, 0x00, 0x00, 0x00, 0x00, 0x00, 0x00, 
    0x00, 0x02, 0x00, 0x00, 0x00, 0x00, 0x00, 0x00, 0x00, 0x00, 0x00, 0x00, 
    0x00, 0x00, 0x00, 0x00, 0x00, 0x00, 0x00, 0x00, 0x00, 0x02, 0x00, 0x00, 
    0x00, 0x00, 0x00, 0x00, 0x00, 0x00, 0x00, 0x00, 0x00, 0x00, 0x00, 0x00, 
    0x00, 0x00, 0x00, 0x00, 0x00, 0x02, 0x00, 0x00, 0x00, 0x00, 0x00, 0x00, 
    0x00, 0x00, 0x00, 0x00, 0x00, 0x00, 0x00, 0x00, 0x00, 0x00, 0x00, 0x00, 
    0x00, 0x02, 0x00, 0x00, 0x00, 0x00, 0x00, 0x00, 0x00, 0x00, 0x00, 0x00, 
    0x00, 0x00, 0x00, 0x00, 0x00, 0x00, 0x00, 0x00, 0x00, 0x02, 0x00, 0x00, 
    0x00, 0x00, 0x00, 0x00, 0x00, 0x00, 0x00, 0x00, 0x00, 0x00, 0x00, 0x00, 
    0x00, 0x00, 0x00, 0x00, 0x00, 0x02, 0x00, 0x00, 0x00, 0x00, 0x00, 0x00, 
    0x00, 0x00, 0x00, 0x00, 0x00, 0x00, 0x00, 0x00, 0x00, 0x00, 0x00, 0x00, 
    0x00, 0x02, 0x00, 0x00, 0x00, 0x00, 0x00, 0x00, 0x00, 0x00, 0x00, 0x00, 
    0x00, 0x00, 0x00, 0x00, 0x00, 0x00, 0x00, 0x00, 0x00, 0x02, 0x00, 0x00, 
    0x00, 0x00, 0x00, 0x00, 0x00, 0x00, 0x00, 0x00, 0x00, 0x00, 0x00, 0x00, 
    0x00, 0x00, 0x00, 0x00, 0x00, 0x02, 0x00, 0x00, 0x00, 0x00, 0x00, 0x00, 
    0x00, 0x00, 0x00, 0x00, 0x00, 0x00, 0x00, 0x00, 0x00, 0x00, 0x00, 0x00, 
    0x00, 0x02, 0x00, 0x00, 0x00, 0x00, 0x00, 0x00, 0x00, 0x00, 0x00, 0x00, 
    0x00, 0x00, 0x00, 0x00, 0x00, 0x00, 0x00, 0x00, 0x00, 0x02, 0x00, 0x00, 
    0x00, 0x00, 0x00, 0x00, 0x00, 0x00, 0x00, 0x00, 0x00, 0x00, 0x00, 0x00, 
    0x00, 0x00, 0x00, 0x00, 0x00, 0x02, 0x00, 0x00, 0x00, 0x00, 0x00, 0x00, 
    0x00, 0x00, 0x00, 0x00, 0x00, 0x00, 0x00, 0x00, 0x00, 0x00, 0x00, 0x00, 
    0x00, 0x02, 0x00, 0x00, 0x00, 0x00, 0x00, 0x00, 0x00, 0x00, 0x00, 0x00, 
    0x00, 0x00, 0x00, 0x00, 0x00, 0x00, 0x00, 0x00, 0x00, 0x02, 0x00, 0x00, 
    0x00, 0x00, 0x00, 0x00, 0x00, 0x00, 0x00, 0x00, 0x00, 0x00, 0x00, 0x00, 
    0x00, 0x00, 0x00, 0x00, 0x00, 0x02, 0x00, 0x00, 0x00, 0x00, 0x00, 0x00, 
    0x00, 0x00, 0x00, 0x00, 0x00, 0x00, 0x00, 0x00, 0x00, 0x00, 0x00, 0x00, 
    0x00, 0x00, 0x00, 0x00, 0x00, 0x00, 0x00, 0x00, 0x00, 0x00, 0x00, 0x00, 
    0x00, 0x00, 0x00, 0x00, 0x00, 0x00, 0x00, 0x00, 0x00, 0x00, 0x00, 0x00, 
    0x00, 0x00, 0x00, 0x00, 0x00, 0x00, 0x00, 0x00, 0x00, 0x00, 0x00, 0x00, 
    0x00, 0x00, 0x00, 0x00, 0x00, 0x00, 0x00, 0x00, 0x00, 0x00, 0x00, 0x00, 
    0x00, 0x00, 0x00, 0x00, 0x00, 0x00, 0x00, 0x00, 0x00, 0x00, 0x00, 0x00, 
    0x00, 0x00, 0x00, 0x00, 0x00, 0x00, 0x00, 0x00, 0x00, 0x00, 0x00, 0x00, 
    0x00, 0x00, 0x00, 0x00, 0x00, 0x00, 0x00, 0x00, 0x00, 0x00, 0x00, 0x00, 
    0x00, 0x00, 0x00, 0x00, 0x00, 0x00, 0x00, 0x00, 0x00, 0x00, 0x00, 0x00, 
    0x00, 0x00, 0x00, 0x00, 0x00, 0x00, 0x00, 0x00, 0x00, 0x00, 0x00, 0x00, 
    0x00, 0x00, 0x00, 0x00, 0x00, 0x00, 0x00, 0x00, 0x00, 0x00, 0x00, 0x00, 
    0x00, 0x00, 0x00, 0x00, 0x00, 0x00, 0x00, 0x00, 0x00, 0x00, 0x00, 0x00, 
    0x00, 0x02, 0x00, 0x00, 0x00, 0x00, 0x00, 0x00, 0x00, 0x00, 0x00, 0x00, 
    0x00, 0x00, 0x00, 0x00, 0x00, 0x00, 0x00, 0x00, 0x00, 0x00, 0x00, 0x00, 
    0x00, 0x00, 0x00, 0x00, 0x00, 0x00, 0x00, 0x00, 0x00, 0x00, 0x00, 0x00, 
    0x00, 0x00, 0x00, 0x00, 0x00, 0x00, 0x00, 0x00, 0x01, 0x00, 0x00, 0x00, 
    0x04, 0x00, 0xf1, 0xff, 0x00, 0x00, 0x00, 0x00, 0x00, 0x00, 0x00, 0x00, 
    0x00, 0x00, 0x00, 0x00, 0x00, 0x00, 0x00, 0x00, 0x1e, 0x00, 0x00, 0x00, 
    0x00, 0x00, 0x01, 0x00, 0x00, 0x00, 0x01, 0x40, 0x00, 0x00, 0x00, 0x00, 
    0x00, 0x00, 0x00, 0x00, 0x00, 0x00, 0x00, 0x00, 0x21, 0x00, 0x00, 0x00, 
    0x02, 0x00, 0x01, 0x00, 0x10, 0x00, 0x01, 0x40, 0x00, 0x00, 0x00, 0x00, 
    0xbc, 0x00, 0x00, 0x00, 0x00, 0x00, 0x00, 0x00, 0x73, 0x00, 0x00, 0x00, 
    0x00, 0x00, 0x01, 0x00, 0x10, 0x00, 0x01, 0x40, 0x00, 0x00, 0x00, 0x00, 
    0x00, 0x00, 0x00, 0x00, 0x00, 0x00, 0x00, 0x00, 0x76, 0x00, 0x00, 0x00, 
    0x02, 0x00, 0x01, 0x00, 0x30, 0x7b, 0x01, 0x40, 0x00, 0x00, 0x00, 0x00, 
    0x0c, 0x00, 0x00, 0x00, 0x00, 0x00, 0x00, 0x00, 0x8b, 0x00, 0x00, 0x00, 
    0x02, 0x00, 0x01, 0x00, 0xe0, 0x7c, 0x01, 0x40, 0x00, 0x00, 0x00, 0x00, 
    0x18, 0x00, 0x00, 0x00, 0x00, 0x00, 0x00, 0x00, 0xa0, 0x00, 0x00, 0x00, 
    0x02, 0x00, 0x01, 0x00, 0x9c, 0x7c, 0x01, 0x40, 0x00, 0x00, 0x00, 0x00, 
    0x10, 0x00, 0x00, 0x00, 0x00, 0x00, 0x00, 0x00, 0xb5, 0x00, 0x00, 0x00, 
    0x02, 0x00, 0x01, 0x00, 0x4c, 0x7e, 0x01, 0x40, 0x00, 0x00, 0x00, 0x00, 
    0x14, 0x00, 0x00, 0x00, 0x00, 0x00, 0x00, 0x00, 0xca, 0x00, 0x00, 0x00, 
    0x02, 0x00, 0x01, 0x00, 0x60, 0x3b, 0x01, 0x40, 0x00, 0x00, 0x00, 0x00, 
    0x20, 0x00, 0x00, 0x00, 0x00, 0x00, 0x00, 0x00, 0x47, 0x01, 0x00, 0x00, 
    0x02, 0x00, 0x01, 0x00, 0x98, 0x7b, 0x01, 0x40, 0x00, 0x00, 0x00, 0x00, 
    0x08, 0x00, 0x00, 0x00, 0x00, 0x00, 0x00, 0x00, 0x5c, 0x01, 0x00, 0x00, 
    0x02, 0x00, 0x01, 0x00, 0xa0, 0x7b, 0x01, 0x40, 0x00, 0x00, 0x00, 0x00, 
    0x14, 0x00, 0x00, 0x00, 0x00, 0x00, 0x00, 0x00, 0x71, 0x01, 0x00, 0x00, 
    0x02, 0x00, 0x01, 0x00, 0x00, 0x7b, 0x01, 0x40, 0x00, 0x00, 0x00, 0x00, 
    0x0c, 0x00, 0x00, 0x00, 0x00, 0x00, 0x00, 0x00, 0x86, 0x01, 0x00, 0x00, 
    0x02, 0x00, 0x01, 0x00, 0xf4, 0x7b, 0x01, 0x40, 0x00, 0x00, 0x00, 0x00, 
    0x0c, 0x00, 0x00, 0x00, 0x00, 0x00, 0x00, 0x00, 0x9b, 0x01, 0x00, 0x00, 
    0x02, 0x00, 0x01, 0x00, 0xe0, 0x7a, 0x01, 0x40, 0x00, 0x00, 0x00, 0x00, 
    0x08, 0x00, 0x00, 0x00, 0x00, 0x00, 0x00, 0x00, 0xb0, 0x01, 0x00, 0x00, 
    0x02, 0x00, 0x01, 0x00, 0xcc, 0x00, 0x01, 0x40, 0x00, 0x00, 0x00, 0x00, 
    0xb8, 0x00, 0x00, 0x00, 0x00, 0x00, 0x00, 0x00, 0x02, 0x02, 0x00, 0x00, 
    0x00, 0x00, 0x01, 0x00, 0xcc, 0x00, 0x01, 0x40, 0x00, 0x00, 0x00, 0x00, 
    0x00, 0x00, 0x00, 0x00, 0x00, 0x00, 0x00, 0x00, 0x05, 0x02, 0x00, 0x00, 
    0x02, 0x00, 0x01, 0x00, 0x84, 0x01, 0x01, 0x40, 0x00, 0x00, 0x00, 0x00, 
    0xb0, 0x10, 0x00, 0x00, 0x00, 0x00, 0x00, 0x00, 0x67, 0x02, 0x00, 0x00, 
    0x00, 0x00, 0x01, 0x00, 0x84, 0x01, 0x01, 0x40, 0x00, 0x00, 0x00, 0x00, 
    0x00, 0x00, 0x00, 0x00, 0x00, 0x00, 0x00, 0x00, 0x6a, 0x02, 0x00, 0x00, 
    0x02, 0x00, 0x01, 0x00, 0x6c, 0x7b, 0x01, 0x40, 0x00, 0x00, 0x00, 0x00, 
    0x18, 0x00, 0x00, 0x00, 0x00, 0x00, 0x00, 0x00, 0x7f, 0x02, 0x00, 0x00, 
    0x01, 0x00, 0x04, 0x00, 0x20, 0x50, 0x02, 0x40, 0x00, 0x00, 0x00, 0x00, 
    0x08, 0x00, 0x00, 0x00, 0x00, 0x00, 0x00, 0x00, 0xa8, 0x02, 0x00, 0x00, 
    0x02, 0x00, 0x01, 0x00, 0x18, 0x5a, 0x01, 0x40, 0x00, 0x00, 0x00, 0x00, 
    0xf8, 0x00, 0x00, 0x00, 0x00, 0x00, 0x00, 0x00, 0xce, 0x02, 0x00, 0x00, 
    0x02, 0x00, 0x01, 0x00, 0x08, 0x6f, 0x01, 0x40, 0x00, 0x00, 0x00, 0x00, 
    0x5c, 0x00, 0x00, 0x00, 0x00, 0x00, 0x00, 0x00, 0xf6, 0x02, 0x00, 0x00, 
    0x02, 0x00, 0x01, 0x00, 0x94, 0x3d, 0x01, 0x40, 0x00, 0x00, 0x00, 0x00, 
    0x3c, 0x02, 0x00, 0x00, 0x00, 0x00, 0x00, 0x00, 0x29, 0x03, 0x00, 0x00, 
    0x02, 0x00, 0x01, 0x00, 0x6c, 0x3a, 0x01, 0x40, 0x00, 0x00, 0x00, 0x00, 
    0x3c, 0x00, 0x00, 0x00, 0x00, 0x00, 0x00, 0x00, 0x59, 0x03, 0x00, 0x00, 
    0x02, 0x00, 0x01, 0x00, 0xc4, 0x55, 0x01, 0x40, 0x00, 0x00, 0x00, 0x00, 
    0x2c, 0x01, 0x00, 0x00, 0x00, 0x00, 0x00, 0x00, 0x9b, 0x03, 0x00, 0x00, 
    0x02, 0x00, 0x01, 0x00, 0x1c, 0x7a, 0x01, 0x40, 0x00, 0x00, 0x00, 0x00, 
    0x14, 0x00, 0x00, 0x00, 0x00, 0x00, 0x00, 0x00, 0xaf, 0x03, 0x00, 0x00, 
    0x02, 0x00, 0x01, 0x00, 0x3c, 0x7c, 0x01, 0x40, 0x00, 0x00, 0x00, 0x00, 
    0x08, 0x00, 0x00, 0x00, 0x00, 0x00, 0x00, 0x00, 0xc4, 0x03, 0x00, 0x00, 
    0x02, 0x00, 0x01, 0x00, 0x7c, 0x7d, 0x01, 0x40, 0x00, 0x00, 0x00, 0x00, 
    0x08, 0x00, 0x00, 0x00, 0x00, 0x00, 0x00, 0x00, 0xd9, 0x03, 0x00, 0x00, 
    0x02, 0x00, 0x01, 0x00, 0x5c, 0x7d, 0x01, 0x40, 0x00, 0x00, 0x00, 0x00, 
    0x0c, 0x00, 0x00, 0x00, 0x00, 0x00, 0x00, 0x00, 0xee, 0x03, 0x00, 0x00, 
    0x02, 0x00, 0x01, 0x00, 0x38, 0x7d, 0x01, 0x40, 0x00, 0x00, 0x00, 0x00, 
    0x0c, 0x00, 0x00, 0x00, 0x00, 0x00, 0x00, 0x00, 0x03, 0x04, 0x00, 0x00, 
    0x02, 0x00, 0x01, 0x00, 0x90, 0x70, 0x01, 0x40, 0x00, 0x00, 0x00, 0x00, 
    0x24, 0x00, 0x00, 0x00, 0x00, 0x00, 0x00, 0x00, 0x85, 0x04, 0x00, 0x00, 
    0x02, 0x00, 0x01, 0x00, 0xec, 0x4b, 0x01, 0x40, 0x00, 0x00, 0x00, 0x00, 
    0x18, 0x00, 0x00, 0x00, 0x00, 0x00, 0x00, 0x00, 0x00, 0x05, 0x00, 0x00, 
    0x02, 0x00, 0x01, 0x00, 0xd0, 0x4b, 0x01, 0x40, 0x00, 0x00, 0x00, 0x00, 
    0x1c, 0x00, 0x00, 0x00, 0x00, 0x00, 0x00, 0x00, 0x7b, 0x05, 0x00, 0x00, 
    0x02, 0x00, 0x01, 0x00, 0xd4, 0x47, 0x01, 0x40, 0x00, 0x00, 0x00, 0x00, 
    0x18, 0x00, 0x00, 0x00, 0x00, 0x00, 0x00, 0x00, 0xf9, 0x05, 0x00, 0x00, 
    0x02, 0x00, 0x01, 0x00, 0x04, 0x4c, 0x01, 0x40, 0x00, 0x00, 0x00, 0x00, 
    0x18, 0x00, 0x00, 0x00, 0x00, 0x00, 0x00, 0x00, 0x7b, 0x06, 0x00, 0x00, 
    0x02, 0x00, 0x01, 0x00, 0x70, 0x55, 0x01, 0x40, 0x00, 0x00, 0x00, 0x00, 
    0x18, 0x00, 0x00, 0x00, 0x00, 0x00, 0x00, 0x00, 0xfd, 0x06, 0x00, 0x00, 
    0x02, 0x00, 0x01, 0x00, 0x68, 0x7d, 0x01, 0x40, 0x00, 0x00, 0x00, 0x00, 
    0x08, 0x00, 0x00, 0x00, 0x00, 0x00, 0x00, 0x00, 0x12, 0x07, 0x00, 0x00, 
    0x02, 0x00, 0x01, 0x00, 0x1c, 0x7d, 0x01, 0x40, 0x00, 0x00, 0x00, 0x00, 
    0x08, 0x00, 0x00, 0x00, 0x00, 0x00, 0x00, 0x00, 0x27, 0x07, 0x00, 0x00, 
    0x02, 0x00, 0x01, 0x00, 0xc0, 0x65, 0x01, 0x40, 0x00, 0x00, 0x00, 0x00, 
    0x10, 0x00, 0x00, 0x00, 0x00, 0x00, 0x00, 0x00, 0x58, 0x07, 0x00, 0x00, 
    0x02, 0x00, 0x01, 0x00, 0x1c, 0x7e, 0x01, 0x40, 0x00, 0x00, 0x00, 0x00, 
    0x08, 0x00, 0x00, 0x00, 0x00, 0x00, 0x00, 0x00, 0x6d, 0x07, 0x00, 0x00, 
    0x02, 0x00, 0x01, 0x00, 0x14, 0x7e, 0x01, 0x40, 0x00, 0x00, 0x00, 0x00, 
    0x08, 0x00, 0x00, 0x00, 0x00, 0x00, 0x00, 0x00, 0x82, 0x07, 0x00, 0x00, 
    0x02, 0x00, 0x01, 0x00, 0x64, 0x7c, 0x01, 0x40, 0x00, 0x00, 0x00, 0x00, 
    0x08, 0x00, 0x00, 0x00, 0x00, 0x00, 0x00, 0x00, 0x97, 0x07, 0x00, 0x00, 
    0x02, 0x00, 0x01, 0x00, 0x30, 0x71, 0x01, 0x40, 0x00, 0x00, 0x00, 0x00, 
    0x14, 0x00, 0x00, 0x00, 0x00, 0x00, 0x00, 0x00, 0xc0, 0x07, 0x00, 0x00, 
    0x01, 0x00, 0x03, 0x00, 0x18, 0xc0, 0x01, 0x40, 0x00, 0x00, 0x00, 0x00, 
    0xe8, 0x01, 0x00, 0x00, 0x00, 0x00, 0x00, 0x00, 0xe0, 0x07, 0x00, 0x00, 
    0x02, 0x00, 0x01, 0x00, 0x70, 0x67, 0x01, 0x40, 0x00, 0x00, 0x00, 0x00, 
    0x40, 0x00, 0x00, 0x00, 0x00, 0x00, 0x00, 0x00, 0x16, 0x08, 0x00, 0x00, 
    0x02, 0x00, 0x01, 0x00, 0x98, 0x7d, 0x01, 0x40, 0x00, 0x00, 0x00, 0x00, 
    0x08, 0x00, 0x00, 0x00, 0x00, 0x00, 0x00, 0x00, 0x2b, 0x08, 0x00, 0x00, 
    0x02, 0x00, 0x01, 0x00, 0x64, 0x57, 0x01, 0x40, 0x00, 0x00, 0x00, 0x00, 
    0x8c, 0x01, 0x00, 0x00, 0x00, 0x00, 0x00, 0x00, 0x6a, 0x08, 0x00, 0x00, 
    0x02, 0x00, 0x01, 0x00, 0x40, 0x6a, 0x01, 0x40, 0x00, 0x00, 0x00, 0x00, 
    0x18, 0x00, 0x00, 0x00, 0x00, 0x00, 0x00, 0x00, 0xea, 0x08, 0x00, 0x00, 
    0x02, 0x00, 0x01, 0x00, 0xc0, 0x3b, 0x01, 0x40, 0x00, 0x00, 0x00, 0x00, 
    0x58, 0x00, 0x00, 0x00, 0x00, 0x00, 0x00, 0x00, 0x1d, 0x09, 0x00, 0x00, 
    0x02, 0x00, 0x01, 0x00, 0x18, 0x3c, 0x01, 0x40, 0x00, 0x00, 0x00, 0x00, 
    0x58, 0x00, 0x00, 0x00, 0x00, 0x00, 0x00, 0x00, 0x52, 0x09, 0x00, 0x00, 
    0x02, 0x00, 0x01, 0x00, 0x70, 0x3c, 0x01, 0x40, 0x00, 0x00, 0x00, 0x00, 
    0x58, 0x00, 0x00, 0x00, 0x00, 0x00, 0x00, 0x00, 0x88, 0x09, 0x00, 0x00, 
    0x02, 0x00, 0x01, 0x00, 0x0c, 0x5c, 0x01, 0x40, 0x00, 0x00, 0x00, 0x00, 
    0x18, 0x00, 0x00, 0x00, 0x00, 0x00, 0x00, 0x00, 0x00, 0x0a, 0x00, 0x00, 
    0x02, 0x00, 0x01, 0x00, 0x24, 0x67, 0x01, 0x40, 0x00, 0x00, 0x00, 0x00, 
    0x4c, 0x00, 0x00, 0x00, 0x00, 0x00, 0x00, 0x00, 0x33, 0x0a, 0x00, 0x00, 
    0x02, 0x00, 0x01, 0x00, 0x34, 0x12, 0x01, 0x40, 0x00, 0x00, 0x00, 0x00, 
    0x14, 0x00, 0x00, 0x00, 0x00, 0x00, 0x00, 0x00, 0xbb, 0x0a, 0x00, 0x00, 
    0x02, 0x00, 0x01, 0x00, 0xb0, 0x55, 0x01, 0x40, 0x00, 0x00, 0x00, 0x00, 
    0x14, 0x00, 0x00, 0x00, 0x00, 0x00, 0x00, 0x00, 0xf7, 0x0a, 0x00, 0x00, 
    0x02, 0x00, 0x01, 0x00, 0xc4, 0x13, 0x01, 0x40, 0x00, 0x00, 0x00, 0x00, 
    0xa8, 0x26, 0x00, 0x00, 0x00, 0x00, 0x00, 0x00, 0x69, 0x0b, 0x00, 0x00, 
    0x02, 0x00, 0x01, 0x00, 0x04, 0x7d, 0x01, 0x40, 0x00, 0x00, 0x00, 0x00, 
    0x0c, 0x00, 0x00, 0x00, 0x00, 0x00, 0x00, 0x00, 0x7e, 0x0b, 0x00, 0x00, 
    0x02, 0x00, 0x01, 0x00, 0xd0, 0x42, 0x01, 0x40, 0x00, 0x00, 0x00, 0x00, 
    0x28, 0x00, 0x00, 0x00, 0x00, 0x00, 0x00, 0x00, 0xb6, 0x0b, 0x00, 0x00, 
    0x02, 0x00, 0x01, 0x00, 0xf8, 0x7c, 0x01, 0x40, 0x00, 0x00, 0x00, 0x00, 
    0x0c, 0x00, 0x00, 0x00, 0x00, 0x00, 0x00, 0x00, 0xcb, 0x0b, 0x00, 0x00, 
    0x02, 0x00, 0x01, 0x00, 0x6c, 0x42, 0x01, 0x40, 0x00, 0x00, 0x00, 0x00, 
    0x1c, 0x00, 0x00, 0x00, 0x00, 0x00, 0x00, 0x00, 0xfb, 0x0b, 0x00, 0x00, 
    0x02, 0x00, 0x01, 0x00, 0x80, 0x3b, 0x01, 0x40, 0x00, 0x00, 0x00, 0x00, 
    0x30, 0x00, 0x00, 0x00, 0x00, 0x00, 0x00, 0x00, 0x7c, 0x0c, 0x00, 0x00, 
    0x00, 0x00, 0x01, 0x00, 0x34, 0x12, 0x01, 0x40, 0x00, 0x00, 0x00, 0x00, 
    0x00, 0x00, 0x00, 0x00, 0x00, 0x00, 0x00, 0x00, 0x7f, 0x0c, 0x00, 0x00, 
    0x02, 0x00, 0x01, 0x00, 0x08, 0x68, 0x01, 0x40, 0x00, 0x00, 0x00, 0x00, 
    0x28, 0x00, 0x00, 0x00, 0x00, 0x00, 0x00, 0x00, 0xdb, 0x0c, 0x00, 0x00, 
    0x02, 0x00, 0x01, 0x00, 0x48, 0x12, 0x01, 0x40, 0x00, 0x00, 0x00, 0x00, 
    0x14, 0x01, 0x00, 0x00, 0x00, 0x00, 0x00, 0x00, 0x5c, 0x0d, 0x00, 0x00, 
    0x00, 0x00, 0x01, 0x00, 0x48, 0x12, 0x01, 0x40, 0x00, 0x00, 0x00, 0x00, 
    0x00, 0x00, 0x00, 0x00, 0x00, 0x00, 0x00, 0x00, 0x5f, 0x0d, 0x00, 0x00, 
    0x02, 0x00, 0x01, 0x00, 0xd0, 0x7a, 0x01, 0x40, 0x00, 0x00, 0x00, 0x00, 
    0x08, 0x00, 0x00, 0x00, 0x00, 0x00, 0x00, 0x00, 0x74, 0x0d, 0x00, 0x00, 
    0x02, 0x00, 0x01, 0x00, 0xe4, 0x46, 0x01, 0x40, 0x00, 0x00, 0x00, 0x00, 
    0x94, 0x00, 0x00, 0x00, 0x00, 0x00, 0x00, 0x00, 0xc3, 0x0d, 0x00, 0x00, 
    0x02, 0x00, 0x01, 0x00, 0x5c, 0x13, 0x01, 0x40, 0x00, 0x00, 0x00, 0x00, 
    0x68, 0x00, 0x00, 0x00, 0x00, 0x00, 0x00, 0x00, 0x48, 0x0e, 0x00, 0x00, 
    0x00, 0x00, 0x01, 0x00, 0x5c, 0x13, 0x01, 0x40, 0x00, 0x00, 0x00, 0x00, 
    0x00, 0x00, 0x00, 0x00, 0x00, 0x00, 0x00, 0x00, 0x4b, 0x0e, 0x00, 0x00, 
    0x02, 0x00, 0x01, 0x00, 0xf8, 0x42, 0x01, 0x40, 0x00, 0x00, 0x00, 0x00, 
    0x50, 0x00, 0x00, 0x00, 0x00, 0x00, 0x00, 0x00, 0x85, 0x0e, 0x00, 0x00, 
    0x00, 0x00, 0x01, 0x00, 0xc4, 0x13, 0x01, 0x40, 0x00, 0x00, 0x00, 0x00, 
    0x00, 0x00, 0x00, 0x00, 0x00, 0x00, 0x00, 0x00, 0x88, 0x0e, 0x00, 0x00, 
    0x02, 0x00, 0x01, 0x00, 0xd0, 0x65, 0x01, 0x40, 0x00, 0x00, 0x00, 0x00, 
    0x44, 0x00, 0x00, 0x00, 0x00, 0x00, 0x00, 0x00, 0xb9, 0x0e, 0x00, 0x00, 
    0x02, 0x00, 0x01, 0x00, 0x1c, 0x61, 0x01, 0x40, 0x00, 0x00, 0x00, 0x00, 
    0x34, 0x01, 0x00, 0x00, 0x00, 0x00, 0x00, 0x00, 0x35, 0x0f, 0x00, 0x00, 
    0x02, 0x00, 0x01, 0x00, 0x08, 0x7e, 0x01, 0x40, 0x00, 0x00, 0x00, 0x00, 
    0x0c, 0x00, 0x00, 0x00, 0x00, 0x00, 0x00, 0x00, 0x4a, 0x0f, 0x00, 0x00, 
    0x02, 0x00, 0x01, 0x00, 0x54, 0x7a, 0x01, 0x40, 0x00, 0x00, 0x00, 0x00, 
    0x10, 0x00, 0x00, 0x00, 0x00, 0x00, 0x00, 0x00, 0x5e, 0x0f, 0x00, 0x00, 
    0x02, 0x00, 0x01, 0x00, 0x08, 0x7c, 0x01, 0x40, 0x00, 0x00, 0x00, 0x00, 
    0x08, 0x00, 0x00, 0x00, 0x00, 0x00, 0x00, 0x00, 0x73, 0x0f, 0x00, 0x00, 
    0x02, 0x00, 0x01, 0x00, 0x44, 0x4c, 0x01, 0x40, 0x00, 0x00, 0x00, 0x00, 
    0x6c, 0x00, 0x00, 0x00, 0x00, 0x00, 0x00, 0x00, 0xd1, 0x0f, 0x00, 0x00, 
    0x02, 0x00, 0x01, 0x00, 0x7c, 0x79, 0x01, 0x40, 0x00, 0x00, 0x00, 0x00, 
    0x10, 0x00, 0x00, 0x00, 0x00, 0x00, 0x00, 0x00, 0x52, 0x10, 0x00, 0x00, 
    0x02, 0x00, 0x01, 0x00, 0x8c, 0x79, 0x01, 0x40, 0x00, 0x00, 0x00, 0x00, 
    0x18, 0x00, 0x00, 0x00, 0x00, 0x00, 0x00, 0x00, 0xd0, 0x10, 0x00, 0x00, 
    0x02, 0x00, 0x01, 0x00, 0x5c, 0x7b, 0x01, 0x40, 0x00, 0x00, 0x00, 0x00, 
    0x08, 0x00, 0x00, 0x00, 0x00, 0x00, 0x00, 0x00, 0xe5, 0x10, 0x00, 0x00, 
    0x02, 0x00, 0x01, 0x00, 0xa4, 0x79, 0x01, 0x40, 0x00, 0x00, 0x00, 0x00, 
    0x4c, 0x00, 0x00, 0x00, 0x00, 0x00, 0x00, 0x00, 0x19, 0x11, 0x00, 0x00, 
    0x02, 0x00, 0x01, 0x00, 0xa8, 0x3a, 0x01, 0x40, 0x00, 0x00, 0x00, 0x00, 
    0x20, 0x00, 0x00, 0x00, 0x00, 0x00, 0x00, 0x00, 0x77, 0x11, 0x00, 0x00, 
    0x02, 0x00, 0x01, 0x00, 0x8c, 0x50, 0x01, 0x40, 0x00, 0x00, 0x00, 0x00, 
    0x8c, 0x02, 0x00, 0x00, 0x00, 0x00, 0x00, 0x00, 0xda, 0x11, 0x00, 0x00, 
    0x02, 0x00, 0x01, 0x00, 0x1c, 0x63, 0x01, 0x40, 0x00, 0x00, 0x00, 0x00, 
    0x7c, 0x01, 0x00, 0x00, 0x00, 0x00, 0x00, 0x00, 0x42, 0x12, 0x00, 0x00, 
    0x02, 0x00, 0x01, 0x00, 0xc4, 0x74, 0x01, 0x40, 0x00, 0x00, 0x00, 0x00, 
    0x7c, 0x00, 0x00, 0x00, 0x00, 0x00, 0x00, 0x00, 0x7f, 0x12, 0x00, 0x00, 
    0x02, 0x00, 0x01, 0x00, 0x98, 0x62, 0x01, 0x40, 0x00, 0x00, 0x00, 0x00, 
    0x40, 0x00, 0x00, 0x00, 0x00, 0x00, 0x00, 0x00, 0xe4, 0x12, 0x00, 0x00, 
    0x02, 0x00, 0x01, 0x00, 0xb4, 0x72, 0x01, 0x40, 0x00, 0x00, 0x00, 0x00, 
    0x4c, 0x00, 0x00, 0x00, 0x00, 0x00, 0x00, 0x00, 0x22, 0x13, 0x00, 0x00, 
    0x02, 0x00, 0x01, 0x00, 0x98, 0x64, 0x01, 0x40, 0x00, 0x00, 0x00, 0x00, 
    0x5c, 0x00, 0x00, 0x00, 0x00, 0x00, 0x00, 0x00, 0x8b, 0x13, 0x00, 0x00, 
    0x02, 0x00, 0x01, 0x00, 0x00, 0x73, 0x01, 0x40, 0x00, 0x00, 0x00, 0x00, 
    0x34, 0x00, 0x00, 0x00, 0x00, 0x00, 0x00, 0x00, 0xce, 0x13, 0x00, 0x00, 
    0x02, 0x00, 0x01, 0x00, 0x10, 0x7d, 0x01, 0x40, 0x00, 0x00, 0x00, 0x00, 
    0x0c, 0x00, 0x00, 0x00, 0x00, 0x00, 0x00, 0x00, 0xe3, 0x13, 0x00, 0x00, 
    0x02, 0x00, 0x01, 0x00, 0x64, 0x7b, 0x01, 0x40, 0x00, 0x00, 0x00, 0x00, 
    0x08, 0x00, 0x00, 0x00, 0x00, 0x00, 0x00, 0x00, 0xf8, 0x13, 0x00, 0x00, 
    0x02, 0x00, 0x01, 0x00, 0xec, 0x4c, 0x01, 0x40, 0x00, 0x00, 0x00, 0x00, 
    0x9c, 0x02, 0x00, 0x00, 0x00, 0x00, 0x00, 0x00, 0x5a, 0x14, 0x00, 0x00, 
    0x02, 0x00, 0x01, 0x00, 0x24, 0x5c, 0x01, 0x40, 0x00, 0x00, 0x00, 0x00, 
    0xd8, 0x00, 0x00, 0x00, 0x00, 0x00, 0x00, 0x00, 0x96, 0x14, 0x00, 0x00, 
    0x02, 0x00, 0x01, 0x00, 0x44, 0x71, 0x01, 0x40, 0x00, 0x00, 0x00, 0x00, 
    0x44, 0x00, 0x00, 0x00, 0x00, 0x00, 0x00, 0x00, 0xc0, 0x14, 0x00, 0x00, 
    0x02, 0x00, 0x01, 0x00, 0x14, 0x66, 0x01, 0x40, 0x00, 0x00, 0x00, 0x00, 
    0x88, 0x00, 0x00, 0x00, 0x00, 0x00, 0x00, 0x00, 0xf2, 0x14, 0x00, 0x00, 
    0x02, 0x00, 0x01, 0x00, 0x84, 0x60, 0x01, 0x40, 0x00, 0x00, 0x00, 0x00, 
    0x98, 0x00, 0x00, 0x00, 0x00, 0x00, 0x00, 0x00, 0x71, 0x15, 0x00, 0x00, 
    0x02, 0x00, 0x01, 0x00, 0x60, 0x60, 0x01, 0x40, 0x00, 0x00, 0x00, 0x00, 
    0x24, 0x00, 0x00, 0x00, 0x00, 0x00, 0x00, 0x00, 0x37, 0x16, 0x00, 0x00, 
    0x02, 0x00, 0x01, 0x00, 0x44, 0x7d, 0x01, 0x40, 0x00, 0x00, 0x00, 0x00, 
    0x0c, 0x00, 0x00, 0x00, 0x00, 0x00, 0x00, 0x00, 0x4c, 0x16, 0x00, 0x00, 
    0x02, 0x00, 0x01, 0x00, 0xb4, 0x70, 0x01, 0x40, 0x00, 0x00, 0x00, 0x00, 
    0x44, 0x00, 0x00, 0x00, 0x00, 0x00, 0x00, 0x00, 0x75, 0x16, 0x00, 0x00, 
    0x02, 0x00, 0x01, 0x00, 0x8c, 0x4b, 0x01, 0x40, 0x00, 0x00, 0x00, 0x00, 
    0x44, 0x00, 0x00, 0x00, 0x00, 0x00, 0x00, 0x00, 0xb3, 0x16, 0x00, 0x00, 
    0x02, 0x00, 0x01, 0x00, 0xfc, 0x5c, 0x01, 0x40, 0x00, 0x00, 0x00, 0x00, 
    0x78, 0x00, 0x00, 0x00, 0x00, 0x00, 0x00, 0x00, 0xfd, 0x16, 0x00, 0x00, 
    0x02, 0x00, 0x01, 0x00, 0xe0, 0x3a, 0x01, 0x40, 0x00, 0x00, 0x00, 0x00, 
    0x10, 0x00, 0x00, 0x00, 0x00, 0x00, 0x00, 0x00, 0x7a, 0x17, 0x00, 0x00, 
    0x02, 0x00, 0x01, 0x00, 0x9c, 0x66, 0x01, 0x40, 0x00, 0x00, 0x00, 0x00, 
    0x88, 0x00, 0x00, 0x00, 0x00, 0x00, 0x00, 0x00, 0xa3, 0x17, 0x00, 0x00, 
    0x02, 0x00, 0x01, 0x00, 0xc8, 0x3a, 0x01, 0x40, 0x00, 0x00, 0x00, 0x00, 
    0x18, 0x00, 0x00, 0x00, 0x00, 0x00, 0x00, 0x00, 0x1e, 0x18, 0x00, 0x00, 
    0x02, 0x00, 0x01, 0x00, 0x48, 0x3b, 0x01, 0x40, 0x00, 0x00, 0x00, 0x00, 
    0x18, 0x00, 0x00, 0x00, 0x00, 0x00, 0x00, 0x00, 0x96, 0x18, 0x00, 0x00, 
    0x02, 0x00, 0x01, 0x00, 0x74, 0x5d, 0x01, 0x40, 0x00, 0x00, 0x00, 0x00, 
    0x70, 0x00, 0x00, 0x00, 0x00, 0x00, 0x00, 0x00, 0xcc, 0x18, 0x00, 0x00, 
    0x02, 0x00, 0x01, 0x00, 0xd0, 0x7d, 0x01, 0x40, 0x00, 0x00, 0x00, 0x00, 
    0x0c, 0x00, 0x00, 0x00, 0x00, 0x00, 0x00, 0x00, 0xe1, 0x18, 0x00, 0x00, 
    0x02, 0x00, 0x01, 0x00, 0x10, 0x5b, 0x01, 0x40, 0x00, 0x00, 0x00, 0x00, 
    0x4c, 0x00, 0x00, 0x00, 0x00, 0x00, 0x00, 0x00, 0x19, 0x19, 0x00, 0x00, 
    0x02, 0x00, 0x01, 0x00, 0x14, 0x48, 0x01, 0x40, 0x00, 0x00, 0x00, 0x00, 
    0x78, 0x03, 0x00, 0x00, 0x00, 0x00, 0x00, 0x00, 0x55, 0x19, 0x00, 0x00, 
    0x02, 0x00, 0x01, 0x00, 0x0c, 0x3b, 0x01, 0x40, 0x00, 0x00, 0x00, 0x00, 
    0x18, 0x00, 0x00, 0x00, 0x00, 0x00, 0x00, 0x00, 0xcd, 0x19, 0x00, 0x00, 
    0x02, 0x00, 0x01, 0x00, 0x88, 0x71, 0x01, 0x40, 0x00, 0x00, 0x00, 0x00, 
    0x5c, 0x00, 0x00, 0x00, 0x00, 0x00, 0x00, 0x00, 0xfa, 0x19, 0x00, 0x00, 
    0x02, 0x00, 0x01, 0x00, 0x24, 0x3b, 0x01, 0x40, 0x00, 0x00, 0x00, 0x00, 
    0x24, 0x00, 0x00, 0x00, 0x00, 0x00, 0x00, 0x00, 0x70, 0x1a, 0x00, 0x00, 
    0x02, 0x00, 0x01, 0x00, 0xe0, 0x67, 0x01, 0x40, 0x00, 0x00, 0x00, 0x00, 
    0x28, 0x00, 0x00, 0x00, 0x00, 0x00, 0x00, 0x00, 0xa1, 0x1a, 0x00, 0x00, 
    0x02, 0x00, 0x01, 0x00, 0x50, 0x7d, 0x01, 0x40, 0x00, 0x00, 0x00, 0x00, 
    0x0c, 0x00, 0x00, 0x00, 0x00, 0x00, 0x00, 0x00, 0xb6, 0x1a, 0x00, 0x00, 
    0x02, 0x00, 0x01, 0x00, 0x5c, 0x5b, 0x01, 0x40, 0x00, 0x00, 0x00, 0x00, 
    0xb0, 0x00, 0x00, 0x00, 0x00, 0x00, 0x00, 0x00, 0xf9, 0x1a, 0x00, 0x00, 
    0x02, 0x00, 0x01, 0x00, 0x58, 0x73, 0x01, 0x40, 0x00, 0x00, 0x00, 0x00, 
    0x2c, 0x00, 0x00, 0x00, 0x00, 0x00, 0x00, 0x00, 0x40, 0x1b, 0x00, 0x00, 
    0x02, 0x00, 0x01, 0x00, 0x34, 0x73, 0x01, 0x40, 0x00, 0x00, 0x00, 0x00, 
    0x24, 0x00, 0x00, 0x00, 0x00, 0x00, 0x00, 0x00, 0x84, 0x1b, 0x00, 0x00, 
    0x02, 0x00, 0x01, 0x00, 0xbc, 0x65, 0x01, 0x40, 0x00, 0x00, 0x00, 0x00, 
    0x04, 0x00, 0x00, 0x00, 0x00, 0x00, 0x00, 0x00, 0xe3, 0x1b, 0x00, 0x00, 
    0x02, 0x00, 0x01, 0x00, 0xec, 0x6b, 0x01, 0x40, 0x00, 0x00, 0x00, 0x00, 
    0x30, 0x00, 0x00, 0x00, 0x00, 0x00, 0x00, 0x00, 0x2a, 0x1c, 0x00, 0x00, 
    0x02, 0x00, 0x01, 0x00, 0xe8, 0x7a, 0x01, 0x40, 0x00, 0x00, 0x00, 0x00, 
    0x18, 0x00, 0x00, 0x00, 0x00, 0x00, 0x00, 0x00, 0x3f, 0x1c, 0x00, 0x00, 
    0x02, 0x00, 0x01, 0x00, 0xd8, 0x62, 0x01, 0x40, 0x00, 0x00, 0x00, 0x00, 
    0x44, 0x00, 0x00, 0x00, 0x00, 0x00, 0x00, 0x00, 0xa5, 0x1c, 0x00, 0x00, 
    0x02, 0x00, 0x01, 0x00, 0xf4, 0x64, 0x01, 0x40, 0x00, 0x00, 0x00, 0x00, 
    0xc8, 0x00, 0x00, 0x00, 0x00, 0x00, 0x00, 0x00, 0x0f, 0x1d, 0x00, 0x00, 
    0x02, 0x00, 0x01, 0x00, 0x50, 0x62, 0x01, 0x40, 0x00, 0x00, 0x00, 0x00, 
    0x14, 0x00, 0x00, 0x00, 0x00, 0x00, 0x00, 0x00, 0x73, 0x1d, 0x00, 0x00, 
    0x02, 0x00, 0x01, 0x00, 0x4c, 0x74, 0x01, 0x40, 0x00, 0x00, 0x00, 0x00, 
    0x78, 0x00, 0x00, 0x00, 0x00, 0x00, 0x00, 0x00, 0xaf, 0x1d, 0x00, 0x00, 
    0x02, 0x00, 0x01, 0x00, 0x84, 0x73, 0x01, 0x40, 0x00, 0x00, 0x00, 0x00, 
    0x48, 0x00, 0x00, 0x00, 0x00, 0x00, 0x00, 0x00, 0xf9, 0x1d, 0x00, 0x00, 
    0x02, 0x00, 0x01, 0x00, 0x4c, 0x7c, 0x01, 0x40, 0x00, 0x00, 0x00, 0x00, 
    0x08, 0x00, 0x00, 0x00, 0x00, 0x00, 0x00, 0x00, 0x0e, 0x1e, 0x00, 0x00, 
    0x02, 0x00, 0x01, 0x00, 0x68, 0x77, 0x01, 0x40, 0x00, 0x00, 0x00, 0x00, 
    0x84, 0x00, 0x00, 0x00, 0x00, 0x00, 0x00, 0x00, 0x33, 0x1e, 0x00, 0x00, 
    0x02, 0x00, 0x01, 0x00, 0x6c, 0x78, 0x01, 0x40, 0x00, 0x00, 0x00, 0x00, 
    0x1c, 0x00, 0x00, 0x00, 0x00, 0x00, 0x00, 0x00, 0xaa, 0x1e, 0x00, 0x00, 
    0x02, 0x00, 0x01, 0x00, 0x40, 0x7a, 0x01, 0x40, 0x00, 0x00, 0x00, 0x00, 
    0x14, 0x00, 0x00, 0x00, 0x00, 0x00, 0x00, 0x00, 0xbe, 0x1e, 0x00, 0x00, 
    0x02, 0x00, 0x01, 0x00, 0x88, 0x78, 0x01, 0x40, 0x00, 0x00, 0x00, 0x00, 
    0x58, 0x00, 0x00, 0x00, 0x00, 0x00, 0x00, 0x00, 0xeb, 0x1e, 0x00, 0x00, 
    0x02, 0x00, 0x01, 0x00, 0xe8, 0x7d, 0x01, 0x40, 0x00, 0x00, 0x00, 0x00, 
    0x0c, 0x00, 0x00, 0x00, 0x00, 0x00, 0x00, 0x00, 0x00, 0x1f, 0x00, 0x00, 
    0x02, 0x00, 0x01, 0x00, 0xf0, 0x3a, 0x01, 0x40, 0x00, 0x00, 0x00, 0x00, 
    0x1c, 0x00, 0x00, 0x00, 0x00, 0x00, 0x00, 0x00, 0x78, 0x1f, 0x00, 0x00, 
    0x02, 0x00, 0x01, 0x00, 0xec, 0x77, 0x01, 0x40, 0x00, 0x00, 0x00, 0x00, 
    0x80, 0x00, 0x00, 0x00, 0x00, 0x00, 0x00, 0x00, 0x9e, 0x1f, 0x00, 0x00, 
    0x02, 0x00, 0x01, 0x00, 0x30, 0x7d, 0x01, 0x40, 0x00, 0x00, 0x00, 0x00, 
    0x08, 0x00, 0x00, 0x00, 0x00, 0x00, 0x00, 0x00, 0xb3, 0x1f, 0x00, 0x00, 
    0x02, 0x00, 0x01, 0x00, 0xb4, 0x7d, 0x01, 0x40, 0x00, 0x00, 0x00, 0x00, 
    0x0c, 0x00, 0x00, 0x00, 0x00, 0x00, 0x00, 0x00, 0xc8, 0x1f, 0x00, 0x00, 
    0x02, 0x00, 0x01, 0x00, 0xa0, 0x7d, 0x01, 0x40, 0x00, 0x00, 0x00, 0x00, 
    0x08, 0x00, 0x00, 0x00, 0x00, 0x00, 0x00, 0x00, 0xdd, 0x1f, 0x00, 0x00, 
    0x02, 0x00, 0x01, 0x00, 0x64, 0x62, 0x01, 0x40, 0x00, 0x00, 0x00, 0x00, 
    0x34, 0x00, 0x00, 0x00, 0x00, 0x00, 0x00, 0x00, 0x41, 0x20, 0x00, 0x00, 
    0x02, 0x00, 0x01, 0x00, 0x18, 0x53, 0x01, 0x40, 0x00, 0x00, 0x00, 0x00, 
    0x58, 0x02, 0x00, 0x00, 0x00, 0x00, 0x00, 0x00, 0xa9, 0x20, 0x00, 0x00, 
    0x02, 0x00, 0x01, 0x00, 0x3c, 0x3d, 0x01, 0x40, 0x00, 0x00, 0x00, 0x00, 
    0x18, 0x00, 0x00, 0x00, 0x00, 0x00, 0x00, 0x00, 0xf5, 0x20, 0x00, 0x00, 
    0x00, 0x00, 0x02, 0x00, 0x00, 0x90, 0x01, 0x40, 0x00, 0x00, 0x00, 0x00, 
    0x00, 0x00, 0x00, 0x00, 0x00, 0x00, 0x00, 0x00, 0xf8, 0x20, 0x00, 0x00, 
    0x00, 0x00, 0x01, 0x00, 0x6c, 0x3a, 0x01, 0x40, 0x00, 0x00, 0x00, 0x00, 
    0x00, 0x00, 0x00, 0x00, 0x00, 0x00, 0x00, 0x00, 0xfb, 0x20, 0x00, 0x00, 
    0x02, 0x00, 0x01, 0x00, 0x3c, 0x7b, 0x01, 0x40, 0x00, 0x00, 0x00, 0x00, 
    0x0c, 0x00, 0x00, 0x00, 0x00, 0x00, 0x00, 0x00, 0x10, 0x21, 0x00, 0x00, 
    0x02, 0x00, 0x01, 0x00, 0xf8, 0x79, 0x01, 0x40, 0x00, 0x00, 0x00, 0x00, 
    0x24, 0x00, 0x00, 0x00, 0x00, 0x00, 0x00, 0x00, 0x24, 0x21, 0x00, 0x00, 
    0x02, 0x00, 0x01, 0x00, 0x64, 0x7a, 0x01, 0x40, 0x00, 0x00, 0x00, 0x00, 
    0x14, 0x00, 0x00, 0x00, 0x00, 0x00, 0x00, 0x00, 0x38, 0x21, 0x00, 0x00, 
    0x02, 0x00, 0x01, 0x00, 0x84, 0x7b, 0x01, 0x40, 0x00, 0x00, 0x00, 0x00, 
    0x14, 0x00, 0x00, 0x00, 0x00, 0x00, 0x00, 0x00, 0x4d, 0x21, 0x00, 0x00, 
    0x02, 0x00, 0x01, 0x00, 0xb0, 0x7a, 0x01, 0x40, 0x00, 0x00, 0x00, 0x00, 
    0x10, 0x00, 0x00, 0x00, 0x00, 0x00, 0x00, 0x00, 0x62, 0x21, 0x00, 0x00, 
    0x02, 0x00, 0x01, 0x00, 0xf4, 0x7d, 0x01, 0x40, 0x00, 0x00, 0x00, 0x00, 
    0x08, 0x00, 0x00, 0x00, 0x00, 0x00, 0x00, 0x00, 0x77, 0x21, 0x00, 0x00, 
    0x02, 0x00, 0x01, 0x00, 0x0c, 0x7b, 0x01, 0x40, 0x00, 0x00, 0x00, 0x00, 
    0x0c, 0x00, 0x00, 0x00, 0x00, 0x00, 0x00, 0x00, 0x8c, 0x21, 0x00, 0x00, 
    0x02, 0x00, 0x01, 0x00, 0xa0, 0x7a, 0x01, 0x40, 0x00, 0x00, 0x00, 0x00, 
    0x10, 0x00, 0x00, 0x00, 0x00, 0x00, 0x00, 0x00, 0xa0, 0x21, 0x00, 0x00, 
    0x02, 0x00, 0x01, 0x00, 0xe8, 0x7b, 0x01, 0x40, 0x00, 0x00, 0x00, 0x00, 
    0x0c, 0x00, 0x00, 0x00, 0x00, 0x00, 0x00, 0x00, 0xb5, 0x21, 0x00, 0x00, 
    0x02, 0x00, 0x01, 0x00, 0x44, 0x7c, 0x01, 0x40, 0x00, 0x00, 0x00, 0x00, 
    0x08, 0x00, 0x00, 0x00, 0x00, 0x00, 0x00, 0x00, 0xca, 0x21, 0x00, 0x00, 
    0x00, 0x00, 0x01, 0x00, 0xa8, 0x3a, 0x01, 0x40, 0x00, 0x00, 0x00, 0x00, 
    0x00, 0x00, 0x00, 0x00, 0x00, 0x00, 0x00, 0x00, 0xcd, 0x21, 0x00, 0x00, 
    0x00, 0x00, 0x01, 0x00, 0xc8, 0x3a, 0x01, 0x40, 0x00, 0x00, 0x00, 0x00, 
    0x00, 0x00, 0x00, 0x00, 0x00, 0x00, 0x00, 0x00, 0xd0, 0x21, 0x00, 0x00, 
    0x02, 0x00, 0x01, 0x00, 0x84, 0x7a, 0x01, 0x40, 0x00, 0x00, 0x00, 0x00, 
    0x0c, 0x00, 0x00, 0x00, 0x00, 0x00, 0x00, 0x00, 0xe4, 0x21, 0x00, 0x00, 
    0x02, 0x00, 0x01, 0x00, 0x78, 0x7a, 0x01, 0x40, 0x00, 0x00, 0x00, 0x00, 
    0x0c, 0x00, 0x00, 0x00, 0x00, 0x00, 0x00, 0x00, 0xf8, 0x21, 0x00, 0x00, 
    0x00, 0x00, 0x01, 0x00, 0xe0, 0x3a, 0x01, 0x40, 0x00, 0x00, 0x00, 0x00, 
    0x00, 0x00, 0x00, 0x00, 0x00, 0x00, 0x00, 0x00, 0xfb, 0x21, 0x00, 0x00, 
    0x02, 0x00, 0x01, 0x00, 0xac, 0x7c, 0x01, 0x40, 0x00, 0x00, 0x00, 0x00, 
    0x1c, 0x00, 0x00, 0x00, 0x00, 0x00, 0x00, 0x00, 0x10, 0x22, 0x00, 0x00, 
    0x00, 0x00, 0x01, 0x00, 0xf0, 0x3a, 0x01, 0x40, 0x00, 0x00, 0x00, 0x00, 
    0x00, 0x00, 0x00, 0x00, 0x00, 0x00, 0x00, 0x00, 0x13, 0x22, 0x00, 0x00, 
    0x02, 0x00, 0x01, 0x00, 0xdc, 0x7b, 0x01, 0x40, 0x00, 0x00, 0x00, 0x00, 
    0x0c, 0x00, 0x00, 0x00, 0x00, 0x00, 0x00, 0x00, 0x28, 0x22, 0x00, 0x00, 
    0x00, 0x00, 0x01, 0x00, 0x0c, 0x3b, 0x01, 0x40, 0x00, 0x00, 0x00, 0x00, 
    0x00, 0x00, 0x00, 0x00, 0x00, 0x00, 0x00, 0x00, 0x2b, 0x22, 0x00, 0x00, 
    0x02, 0x00, 0x01, 0x00, 0x00, 0x7c, 0x01, 0x40, 0x00, 0x00, 0x00, 0x00, 
    0x08, 0x00, 0x00, 0x00, 0x00, 0x00, 0x00, 0x00, 0x40, 0x22, 0x00, 0x00, 
    0x00, 0x00, 0x01, 0x00, 0x24, 0x3b, 0x01, 0x40, 0x00, 0x00, 0x00, 0x00, 
    0x00, 0x00, 0x00, 0x00, 0x00, 0x00, 0x00, 0x00, 0x43, 0x22, 0x00, 0x00, 
    0x02, 0x00, 0x01, 0x00, 0x90, 0x7d, 0x01, 0x40, 0x00, 0x00, 0x00, 0x00, 
    0x08, 0x00, 0x00, 0x00, 0x00, 0x00, 0x00, 0x00, 0x58, 0x22, 0x00, 0x00, 
    0x00, 0x00, 0x01, 0x00, 0x48, 0x3b, 0x01, 0x40, 0x00, 0x00, 0x00, 0x00, 
    0x00, 0x00, 0x00, 0x00, 0x00, 0x00, 0x00, 0x00, 0x5b, 0x22, 0x00, 0x00, 
    0x00, 0x00, 0x01, 0x00, 0x60, 0x3b, 0x01, 0x40, 0x00, 0x00, 0x00, 0x00, 
    0x00, 0x00, 0x00, 0x00, 0x00, 0x00, 0x00, 0x00, 0x5e, 0x22, 0x00, 0x00, 
    0x00, 0x00, 0x01, 0x00, 0x80, 0x3b, 0x01, 0x40, 0x00, 0x00, 0x00, 0x00, 
    0x00, 0x00, 0x00, 0x00, 0x00, 0x00, 0x00, 0x00, 0x61, 0x22, 0x00, 0x00, 
    0x02, 0x00, 0x01, 0x00, 0xd8, 0x7a, 0x01, 0x40, 0x00, 0x00, 0x00, 0x00, 
    0x08, 0x00, 0x00, 0x00, 0x00, 0x00, 0x00, 0x00, 0x76, 0x22, 0x00, 0x00, 
    0x02, 0x00, 0x01, 0x00, 0xb0, 0x3b, 0x01, 0x40, 0x00, 0x00, 0x00, 0x00, 
    0x10, 0x00, 0x00, 0x00, 0x00, 0x00, 0x00, 0x00, 0xaf, 0x22, 0x00, 0x00, 
    0x00, 0x00, 0x01, 0x00, 0xb0, 0x3b, 0x01, 0x40, 0x00, 0x00, 0x00, 0x00, 
    0x00, 0x00, 0x00, 0x00, 0x00, 0x00, 0x00, 0x00, 0xb2, 0x22, 0x00, 0x00, 
    0x02, 0x00, 0x01, 0x00, 0xc8, 0x3c, 0x01, 0x40, 0x00, 0x00, 0x00, 0x00, 
    0x20, 0x00, 0x00, 0x00, 0x00, 0x00, 0x00, 0x00, 0xea, 0x22, 0x00, 0x00, 
    0x00, 0x00, 0x01, 0x00, 0xc0, 0x3b, 0x01, 0x40, 0x00, 0x00, 0x00, 0x00, 
    0x00, 0x00, 0x00, 0x00, 0x00, 0x00, 0x00, 0x00, 0xed, 0x22, 0x00, 0x00, 
    0x02, 0x00, 0x01, 0x00, 0xc8, 0x7c, 0x01, 0x40, 0x00, 0x00, 0x00, 0x00, 
    0x18, 0x00, 0x00, 0x00, 0x00, 0x00, 0x00, 0x00, 0x02, 0x23, 0x00, 0x00, 
    0x02, 0x00, 0x01, 0x00, 0xdc, 0x7d, 0x01, 0x40, 0x00, 0x00, 0x00, 0x00, 
    0x0c, 0x00, 0x00, 0x00, 0x00, 0x00, 0x00, 0x00, 0x17, 0x23, 0x00, 0x00, 
    0x02, 0x00, 0x01, 0x00, 0x20, 0x7c, 0x01, 0x40, 0x00, 0x00, 0x00, 0x00, 
    0x1c, 0x00, 0x00, 0x00, 0x00, 0x00, 0x00, 0x00, 0x2c, 0x23, 0x00, 0x00, 
    0x00, 0x00, 0x01, 0x00, 0x18, 0x3c, 0x01, 0x40, 0x00, 0x00, 0x00, 0x00, 
    0x00, 0x00, 0x00, 0x00, 0x00, 0x00, 0x00, 0x00, 0x2f, 0x23, 0x00, 0x00, 
    0x00, 0x00, 0x01, 0x00, 0x70, 0x3c, 0x01, 0x40, 0x00, 0x00, 0x00, 0x00, 
    0x00, 0x00, 0x00, 0x00, 0x00, 0x00, 0x00, 0x00, 0x32, 0x23, 0x00, 0x00, 
    0x00, 0x00, 0x01, 0x00, 0xc8, 0x3c, 0x01, 0x40, 0x00, 0x00, 0x00, 0x00, 
    0x00, 0x00, 0x00, 0x00, 0x00, 0x00, 0x00, 0x00, 0x35, 0x23, 0x00, 0x00, 
    0x02, 0x00, 0x01, 0x00, 0xd0, 0x3f, 0x01, 0x40, 0x00, 0x00, 0x00, 0x00, 
    0x78, 0x02, 0x00, 0x00, 0x00, 0x00, 0x00, 0x00, 0x75, 0x23, 0x00, 0x00, 
    0x02, 0x00, 0x01, 0x00, 0x98, 0x42, 0x01, 0x40, 0x00, 0x00, 0x00, 0x00, 
    0x08, 0x00, 0x00, 0x00, 0x00, 0x00, 0x00, 0x00, 0xad, 0x23, 0x00, 0x00, 
    0x02, 0x00, 0x01, 0x00, 0xe8, 0x3c, 0x01, 0x40, 0x00, 0x00, 0x00, 0x00, 
    0x10, 0x00, 0x00, 0x00, 0x00, 0x00, 0x00, 0x00, 0xde, 0x23, 0x00, 0x00, 
    0x00, 0x00, 0x01, 0x00, 0xe8, 0x3c, 0x01, 0x40, 0x00, 0x00, 0x00, 0x00, 
    0x00, 0x00, 0x00, 0x00, 0x00, 0x00, 0x00, 0x00, 0xe1, 0x23, 0x00, 0x00, 
    0x02, 0x00, 0x01, 0x00, 0xf8, 0x3c, 0x01, 0x40, 0x00, 0x00, 0x00, 0x00, 
    0x1c, 0x00, 0x00, 0x00, 0x00, 0x00, 0x00, 0x00, 0x17, 0x24, 0x00, 0x00, 
    0x00, 0x00, 0x01, 0x00, 0xf8, 0x3c, 0x01, 0x40, 0x00, 0x00, 0x00, 0x00, 
    0x00, 0x00, 0x00, 0x00, 0x00, 0x00, 0x00, 0x00, 0x1a, 0x24, 0x00, 0x00, 
    0x02, 0x00, 0x01, 0x00, 0x48, 0x42, 0x01, 0x40, 0x00, 0x00, 0x00, 0x00, 
    0x24, 0x00, 0x00, 0x00, 0x00, 0x00, 0x00, 0x00, 0x48, 0x24, 0x00, 0x00, 
    0x02, 0x00, 0x01, 0x00, 0x14, 0x3d, 0x01, 0x40, 0x00, 0x00, 0x00, 0x00, 
    0x28, 0x00, 0x00, 0x00, 0x00, 0x00, 0x00, 0x00, 0x82, 0x24, 0x00, 0x00, 
    0x00, 0x00, 0x01, 0x00, 0x14, 0x3d, 0x01, 0x40, 0x00, 0x00, 0x00, 0x00, 
    0x00, 0x00, 0x00, 0x00, 0x00, 0x00, 0x00, 0x00, 0x85, 0x24, 0x00, 0x00, 
    0x02, 0x00, 0x01, 0x00, 0x40, 0x75, 0x01, 0x40, 0x00, 0x00, 0x00, 0x00, 
    0xb0, 0x00, 0x00, 0x00, 0x00, 0x00, 0x00, 0x00, 0xfc, 0x24, 0x00, 0x00, 
    0x00, 0x00, 0x01, 0x00, 0x3c, 0x3d, 0x01, 0x40, 0x00, 0x00, 0x00, 0x00, 
    0x00, 0x00, 0x00, 0x00, 0x00, 0x00, 0x00, 0x00, 0xff, 0x24, 0x00, 0x00, 
    0x02, 0x00, 0x01, 0x00, 0x54, 0x3d, 0x01, 0x40, 0x00, 0x00, 0x00, 0x00, 
    0x1c, 0x00, 0x00, 0x00, 0x00, 0x00, 0x00, 0x00, 0x4b, 0x25, 0x00, 0x00, 
    0x00, 0x00, 0x01, 0x00, 0x54, 0x3d, 0x01, 0x40, 0x00, 0x00, 0x00, 0x00, 
    0x00, 0x00, 0x00, 0x00, 0x00, 0x00, 0x00, 0x00, 0x4e, 0x25, 0x00, 0x00, 
    0x02, 0x00, 0x01, 0x00, 0x70, 0x3d, 0x01, 0x40, 0x00, 0x00, 0x00, 0x00, 
    0x24, 0x00, 0x00, 0x00, 0x00, 0x00, 0x00, 0x00, 0x7e, 0x25, 0x00, 0x00, 
    0x00, 0x00, 0x01, 0x00, 0x70, 0x3d, 0x01, 0x40, 0x00, 0x00, 0x00, 0x00, 
    0x00, 0x00, 0x00, 0x00, 0x00, 0x00, 0x00, 0x00, 0x81, 0x25, 0x00, 0x00, 
    0x00, 0x00, 0x01, 0x00, 0x94, 0x3d, 0x01, 0x40, 0x00, 0x00, 0x00, 0x00, 
    0x00, 0x00, 0x00, 0x00, 0x00, 0x00, 0x00, 0x00, 0x84, 0x25, 0x00, 0x00, 
    0x00, 0x00, 0x01, 0x00, 0xd0, 0x3f, 0x01, 0x40, 0x00, 0x00, 0x00, 0x00, 
    0x00, 0x00, 0x00, 0x00, 0x00, 0x00, 0x00, 0x00, 0x87, 0x25, 0x00, 0x00, 
    0x02, 0x00, 0x01, 0x00, 0xfc, 0x7d, 0x01, 0x40, 0x00, 0x00, 0x00, 0x00, 
    0x0c, 0x00, 0x00, 0x00, 0x00, 0x00, 0x00, 0x00, 0x9c, 0x25, 0x00, 0x00, 
    0x02, 0x00, 0x01, 0x00, 0x28, 0x44, 0x01, 0x40, 0x00, 0x00, 0x00, 0x00, 
    0x68, 0x00, 0x00, 0x00, 0x00, 0x00, 0x00, 0x00, 0xeb, 0x25, 0x00, 0x00, 
    0x02, 0x00, 0x01, 0x00, 0xc8, 0x43, 0x01, 0x40, 0x00, 0x00, 0x00, 0x00, 
    0x60, 0x00, 0x00, 0x00, 0x00, 0x00, 0x00, 0x00, 0x25, 0x26, 0x00, 0x00, 
    0x02, 0x00, 0x01, 0x00, 0x54, 0x7c, 0x01, 0x40, 0x00, 0x00, 0x00, 0x00, 
    0x10, 0x00, 0x00, 0x00, 0x00, 0x00, 0x00, 0x00, 0x3a, 0x26, 0x00, 0x00, 
    0x00, 0x00, 0x01, 0x00, 0x48, 0x42, 0x01, 0x40, 0x00, 0x00, 0x00, 0x00, 
    0x00, 0x00, 0x00, 0x00, 0x00, 0x00, 0x00, 0x00, 0x3d, 0x26, 0x00, 0x00, 
    0x02, 0x00, 0x01, 0x00, 0x30, 0x68, 0x01, 0x40, 0x00, 0x00, 0x00, 0x00, 
    0x10, 0x02, 0x00, 0x00, 0x00, 0x00, 0x00, 0x00, 0x6c, 0x26, 0x00, 0x00, 
    0x00, 0x00, 0x01, 0x00, 0x6c, 0x42, 0x01, 0x40, 0x00, 0x00, 0x00, 0x00, 
    0x00, 0x00, 0x00, 0x00, 0x00, 0x00, 0x00, 0x00, 0x6f, 0x26, 0x00, 0x00, 
    0x02, 0x00, 0x01, 0x00, 0x88, 0x42, 0x01, 0x40, 0x00, 0x00, 0x00, 0x00, 
    0x10, 0x00, 0x00, 0x00, 0x00, 0x00, 0x00, 0x00, 0x99, 0x26, 0x00, 0x00, 
    0x00, 0x00, 0x01, 0x00, 0x88, 0x42, 0x01, 0x40, 0x00, 0x00, 0x00, 0x00, 
    0x00, 0x00, 0x00, 0x00, 0x00, 0x00, 0x00, 0x00, 0x9c, 0x26, 0x00, 0x00, 
    0x00, 0x00, 0x01, 0x00, 0x98, 0x42, 0x01, 0x40, 0x00, 0x00, 0x00, 0x00, 
    0x00, 0x00, 0x00, 0x00, 0x00, 0x00, 0x00, 0x00, 0x9f, 0x26, 0x00, 0x00, 
    0x02, 0x00, 0x01, 0x00, 0xa0, 0x42, 0x01, 0x40, 0x00, 0x00, 0x00, 0x00, 
    0x30, 0x00, 0x00, 0x00, 0x00, 0x00, 0x00, 0x00, 0xe1, 0x26, 0x00, 0x00, 
    0x00, 0x00, 0x01, 0x00, 0xa0, 0x42, 0x01, 0x40, 0x00, 0x00, 0x00, 0x00, 
    0x00, 0x00, 0x00, 0x00, 0x00, 0x00, 0x00, 0x00, 0xe4, 0x26, 0x00, 0x00, 
    0x00, 0x00, 0x01, 0x00, 0xd0, 0x42, 0x01, 0x40, 0x00, 0x00, 0x00, 0x00, 
    0x00, 0x00, 0x00, 0x00, 0x00, 0x00, 0x00, 0x00, 0xe7, 0x26, 0x00, 0x00, 
    0x02, 0x00, 0x01, 0x00, 0x30, 0x7a, 0x01, 0x40, 0x00, 0x00, 0x00, 0x00, 
    0x10, 0x00, 0x00, 0x00, 0x00, 0x00, 0x00, 0x00, 0xfb, 0x26, 0x00, 0x00, 
    0x00, 0x00, 0x01, 0x00, 0xf8, 0x42, 0x01, 0x40, 0x00, 0x00, 0x00, 0x00, 
    0x00, 0x00, 0x00, 0x00, 0x00, 0x00, 0x00, 0x00, 0xfe, 0x26, 0x00, 0x00, 
    0x02, 0x00, 0x01, 0x00, 0x48, 0x43, 0x01, 0x40, 0x00, 0x00, 0x00, 0x00, 
    0x20, 0x00, 0x00, 0x00, 0x00, 0x00, 0x00, 0x00, 0x4d, 0x27, 0x00, 0x00, 
    0x02, 0x00, 0x01, 0x00, 0x68, 0x43, 0x01, 0x40, 0x00, 0x00, 0x00, 0x00, 
    0x20, 0x00, 0x00, 0x00, 0x00, 0x00, 0x00, 0x00, 0x9e, 0x27, 0x00, 0x00, 
    0x02, 0x00, 0x01, 0x00, 0xa8, 0x43, 0x01, 0x40, 0x00, 0x00, 0x00, 0x00, 
    0x20, 0x00, 0x00, 0x00, 0x00, 0x00, 0x00, 0x00, 0xf0, 0x27, 0x00, 0x00, 
    0x02, 0x00, 0x01, 0x00, 0x88, 0x43, 0x01, 0x40, 0x00, 0x00, 0x00, 0x00, 
    0x20, 0x00, 0x00, 0x00, 0x00, 0x00, 0x00, 0x00, 0x42, 0x28, 0x00, 0x00, 
    0x00, 0x00, 0x01, 0x00, 0x48, 0x43, 0x01, 0x40, 0x00, 0x00, 0x00, 0x00, 
    0x00, 0x00, 0x00, 0x00, 0x00, 0x00, 0x00, 0x00, 0x45, 0x28, 0x00, 0x00, 
    0x02, 0x00, 0x01, 0x00, 0xb0, 0x7e, 0x01, 0x40, 0x00, 0x00, 0x00, 0x00, 
    0x18, 0x00, 0x00, 0x00, 0x00, 0x00, 0x00, 0x00, 0x5a, 0x28, 0x00, 0x00, 
    0x00, 0x00, 0x01, 0x00, 0x68, 0x43, 0x01, 0x40, 0x00, 0x00, 0x00, 0x00, 
    0x00, 0x00, 0x00, 0x00, 0x00, 0x00, 0x00, 0x00, 0x5d, 0x28, 0x00, 0x00, 
    0x00, 0x00, 0x01, 0x00, 0x88, 0x43, 0x01, 0x40, 0x00, 0x00, 0x00, 0x00, 
    0x00, 0x00, 0x00, 0x00, 0x00, 0x00, 0x00, 0x00, 0x60, 0x28, 0x00, 0x00, 
    0x00, 0x00, 0x01, 0x00, 0xa8, 0x43, 0x01, 0x40, 0x00, 0x00, 0x00, 0x00, 
    0x00, 0x00, 0x00, 0x00, 0x00, 0x00, 0x00, 0x00, 0x63, 0x28, 0x00, 0x00, 
    0x00, 0x00, 0x01, 0x00, 0xc8, 0x43, 0x01, 0x40, 0x00, 0x00, 0x00, 0x00, 
    0x00, 0x00, 0x00, 0x00, 0x00, 0x00, 0x00, 0x00, 0x66, 0x28, 0x00, 0x00, 
    0x00, 0x00, 0x01, 0x00, 0x28, 0x44, 0x01, 0x40, 0x00, 0x00, 0x00, 0x00, 
    0x00, 0x00, 0x00, 0x00, 0x00, 0x00, 0x00, 0x00, 0x69, 0x28, 0x00, 0x00, 
    0x02, 0x00, 0x01, 0x00, 0x90, 0x44, 0x01, 0x40, 0x00, 0x00, 0x00, 0x00, 
    0x94, 0x00, 0x00, 0x00, 0x00, 0x00, 0x00, 0x00, 0xa2, 0x28, 0x00, 0x00, 
    0x00, 0x00, 0x01, 0x00, 0x90, 0x44, 0x01, 0x40, 0x00, 0x00, 0x00, 0x00, 
    0x00, 0x00, 0x00, 0x00, 0x00, 0x00, 0x00, 0x00, 0xa5, 0x28, 0x00, 0x00, 
    0x00, 0x00, 0x02, 0x00, 0x2c, 0x90, 0x01, 0x40, 0x00, 0x00, 0x00, 0x00, 
    0x00, 0x00, 0x00, 0x00, 0x00, 0x00, 0x00, 0x00, 0xa8, 0x28, 0x00, 0x00, 
    0x02, 0x00, 0x01, 0x00, 0x24, 0x45, 0x01, 0x40, 0x00, 0x00, 0x00, 0x00, 
    0xc0, 0x01, 0x00, 0x00, 0x00, 0x00, 0x00, 0x00, 0xcc, 0x28, 0x00, 0x00, 
    0x00, 0x00, 0x01, 0x00, 0x24, 0x45, 0x01, 0x40, 0x00, 0x00, 0x00, 0x00, 
    0x00, 0x00, 0x00, 0x00, 0x00, 0x00, 0x00, 0x00, 0xcf, 0x28, 0x00, 0x00, 
    0x00, 0x00, 0x01, 0x00, 0xe4, 0x46, 0x01, 0x40, 0x00, 0x00, 0x00, 0x00, 
    0x00, 0x00, 0x00, 0x00, 0x00, 0x00, 0x00, 0x00, 0xd2, 0x28, 0x00, 0x00, 
    0x02, 0x00, 0x01, 0x00, 0xb0, 0x67, 0x01, 0x40, 0x00, 0x00, 0x00, 0x00, 
    0x30, 0x00, 0x00, 0x00, 0x00, 0x00, 0x00, 0x00, 0x06, 0x29, 0x00, 0x00, 
    0x02, 0x00, 0x01, 0x00, 0x78, 0x47, 0x01, 0x40, 0x00, 0x00, 0x00, 0x00, 
    0x5c, 0x00, 0x00, 0x00, 0x00, 0x00, 0x00, 0x00, 0x4b, 0x29, 0x00, 0x00, 
    0x00, 0x00, 0x01, 0x00, 0x78, 0x47, 0x01, 0x40, 0x00, 0x00, 0x00, 0x00, 
    0x00, 0x00, 0x00, 0x00, 0x00, 0x00, 0x00, 0x00, 0x4e, 0x29, 0x00, 0x00, 
    0x00, 0x00, 0x01, 0x00, 0xd4, 0x47, 0x01, 0x40, 0x00, 0x00, 0x00, 0x00, 
    0x00, 0x00, 0x00, 0x00, 0x00, 0x00, 0x00, 0x00, 0x51, 0x29, 0x00, 0x00, 
    0x02, 0x00, 0x01, 0x00, 0xec, 0x47, 0x01, 0x40, 0x00, 0x00, 0x00, 0x00, 
    0x10, 0x00, 0x00, 0x00, 0x00, 0x00, 0x00, 0x00, 0xd2, 0x29, 0x00, 0x00, 
    0x00, 0x00, 0x01, 0x00, 0xec, 0x47, 0x01, 0x40, 0x00, 0x00, 0x00, 0x00, 
    0x00, 0x00, 0x00, 0x00, 0x00, 0x00, 0x00, 0x00, 0xd5, 0x29, 0x00, 0x00, 
    0x02, 0x00, 0x01, 0x00, 0xfc, 0x47, 0x01, 0x40, 0x00, 0x00, 0x00, 0x00, 
    0x18, 0x00, 0x00, 0x00, 0x00, 0x00, 0x00, 0x00, 0x54, 0x2a, 0x00, 0x00, 
    0x00, 0x00, 0x01, 0x00, 0xfc, 0x47, 0x01, 0x40, 0x00, 0x00, 0x00, 0x00, 
    0x00, 0x00, 0x00, 0x00, 0x00, 0x00, 0x00, 0x00, 0x57, 0x2a, 0x00, 0x00, 
    0x00, 0x00, 0x01, 0x00, 0x14, 0x48, 0x01, 0x40, 0x00, 0x00, 0x00, 0x00, 
    0x00, 0x00, 0x00, 0x00, 0x00, 0x00, 0x00, 0x00, 0x5a, 0x2a, 0x00, 0x00, 
    0x02, 0x00, 0x01, 0x00, 0x38, 0x7e, 0x01, 0x40, 0x00, 0x00, 0x00, 0x00, 
    0x14, 0x00, 0x00, 0x00, 0x00, 0x00, 0x00, 0x00, 0x6f, 0x2a, 0x00, 0x00, 
    0x00, 0x00, 0x01, 0x00, 0x8c, 0x4b, 0x01, 0x40, 0x00, 0x00, 0x00, 0x00, 
    0x00, 0x00, 0x00, 0x00, 0x00, 0x00, 0x00, 0x00, 0x72, 0x2a, 0x00, 0x00, 
    0x00, 0x00, 0x01, 0x00, 0xd0, 0x4b, 0x01, 0x40, 0x00, 0x00, 0x00, 0x00, 
    0x00, 0x00, 0x00, 0x00, 0x00, 0x00, 0x00, 0x00, 0x75, 0x2a, 0x00, 0x00, 
    0x00, 0x00, 0x01, 0x00, 0xec, 0x4b, 0x01, 0x40, 0x00, 0x00, 0x00, 0x00, 
    0x00, 0x00, 0x00, 0x00, 0x00, 0x00, 0x00, 0x00, 0x78, 0x2a, 0x00, 0x00, 
    0x00, 0x00, 0x01, 0x00, 0x04, 0x4c, 0x01, 0x40, 0x00, 0x00, 0x00, 0x00, 
    0x00, 0x00, 0x00, 0x00, 0x00, 0x00, 0x00, 0x00, 0x7b, 0x2a, 0x00, 0x00, 
    0x02, 0x00, 0x01, 0x00, 0x1c, 0x4c, 0x01, 0x40, 0x00, 0x00, 0x00, 0x00, 
    0x28, 0x00, 0x00, 0x00, 0x00, 0x00, 0x00, 0x00, 0xdf, 0x2a, 0x00, 0x00, 
    0x00, 0x00, 0x01, 0x00, 0x1c, 0x4c, 0x01, 0x40, 0x00, 0x00, 0x00, 0x00, 
    0x00, 0x00, 0x00, 0x00, 0x00, 0x00, 0x00, 0x00, 0xe2, 0x2a, 0x00, 0x00, 
    0x00, 0x00, 0x01, 0x00, 0x44, 0x4c, 0x01, 0x40, 0x00, 0x00, 0x00, 0x00, 
    0x00, 0x00, 0x00, 0x00, 0x00, 0x00, 0x00, 0x00, 0xe5, 0x2a, 0x00, 0x00, 
    0x02, 0x00, 0x01, 0x00, 0xb0, 0x4c, 0x01, 0x40, 0x00, 0x00, 0x00, 0x00, 
    0x3c, 0x00, 0x00, 0x00, 0x00, 0x00, 0x00, 0x00, 0x19, 0x2b, 0x00, 0x00, 
    0x00, 0x00, 0x01, 0x00, 0xb0, 0x4c, 0x01, 0x40, 0x00, 0x00, 0x00, 0x00, 
    0x00, 0x00, 0x00, 0x00, 0x00, 0x00, 0x00, 0x00, 0x1c, 0x2b, 0x00, 0x00, 
    0x00, 0x00, 0x01, 0x00, 0xec, 0x4c, 0x01, 0x40, 0x00, 0x00, 0x00, 0x00, 
    0x00, 0x00, 0x00, 0x00, 0x00, 0x00, 0x00, 0x00, 0x1f, 0x2b, 0x00, 0x00, 
    0x02, 0x00, 0x01, 0x00, 0x7c, 0x7c, 0x01, 0x40, 0x00, 0x00, 0x00, 0x00, 
    0x10, 0x00, 0x00, 0x00, 0x00, 0x00, 0x00, 0x00, 0x34, 0x2b, 0x00, 0x00, 
    0x02, 0x00, 0x01, 0x00, 0xb4, 0x6e, 0x01, 0x40, 0x00, 0x00, 0x00, 0x00, 
    0x54, 0x00, 0x00, 0x00, 0x00, 0x00, 0x00, 0x00, 0x6c, 0x2b, 0x00, 0x00, 
    0x02, 0x00, 0x01, 0x00, 0x60, 0x7e, 0x01, 0x40, 0x00, 0x00, 0x00, 0x00, 
    0x14, 0x00, 0x00, 0x00, 0x00, 0x00, 0x00, 0x00, 0x81, 0x2b, 0x00, 0x00, 
    0x02, 0x00, 0x01, 0x00, 0x88, 0x4f, 0x01, 0x40, 0x00, 0x00, 0x00, 0x00, 
    0x14, 0x00, 0x00, 0x00, 0x00, 0x00, 0x00, 0x00, 0xfd, 0x2b, 0x00, 0x00, 
    0x02, 0x00, 0x01, 0x00, 0x18, 0x7b, 0x01, 0x40, 0x00, 0x00, 0x00, 0x00, 
    0x18, 0x00, 0x00, 0x00, 0x00, 0x00, 0x00, 0x00, 0x12, 0x2c, 0x00, 0x00, 
    0x00, 0x00, 0x01, 0x00, 0x88, 0x4f, 0x01, 0x40, 0x00, 0x00, 0x00, 0x00, 
    0x00, 0x00, 0x00, 0x00, 0x00, 0x00, 0x00, 0x00, 0x15, 0x2c, 0x00, 0x00, 
    0x02, 0x00, 0x01, 0x00, 0x9c, 0x4f, 0x01, 0x40, 0x00, 0x00, 0x00, 0x00, 
    0xf0, 0x00, 0x00, 0x00, 0x00, 0x00, 0x00, 0x00, 0x6e, 0x2c, 0x00, 0x00, 
    0x00, 0x00, 0x01, 0x00, 0x9c, 0x4f, 0x01, 0x40, 0x00, 0x00, 0x00, 0x00, 
    0x00, 0x00, 0x00, 0x00, 0x00, 0x00, 0x00, 0x00, 0x71, 0x2c, 0x00, 0x00, 
    0x00, 0x00, 0x01, 0x00, 0x8c, 0x50, 0x01, 0x40, 0x00, 0x00, 0x00, 0x00, 
    0x00, 0x00, 0x00, 0x00, 0x00, 0x00, 0x00, 0x00, 0x74, 0x2c, 0x00, 0x00, 
    0x02, 0x00, 0x01, 0x00, 0xf8, 0x70, 0x01, 0x40, 0x00, 0x00, 0x00, 0x00, 
    0x38, 0x00, 0x00, 0x00, 0x00, 0x00, 0x00, 0x00, 0x9d, 0x2c, 0x00, 0x00, 
    0x00, 0x00, 0x01, 0x00, 0x18, 0x53, 0x01, 0x40, 0x00, 0x00, 0x00, 0x00, 
    0x00, 0x00, 0x00, 0x00, 0x00, 0x00, 0x00, 0x00, 0xa0, 0x2c, 0x00, 0x00, 
    0x00, 0x00, 0x01, 0x00, 0x70, 0x55, 0x01, 0x40, 0x00, 0x00, 0x00, 0x00, 
    0x00, 0x00, 0x00, 0x00, 0x00, 0x00, 0x00, 0x00, 0xa3, 0x2c, 0x00, 0x00, 
    0x02, 0x00, 0x01, 0x00, 0x88, 0x55, 0x01, 0x40, 0x00, 0x00, 0x00, 0x00, 
    0x10, 0x00, 0x00, 0x00, 0x00, 0x00, 0x00, 0x00, 0x24, 0x2d, 0x00, 0x00, 
    0x00, 0x00, 0x01, 0x00, 0x88, 0x55, 0x01, 0x40, 0x00, 0x00, 0x00, 0x00, 
    0x00, 0x00, 0x00, 0x00, 0x00, 0x00, 0x00, 0x00, 0x27, 0x2d, 0x00, 0x00, 
    0x02, 0x00, 0x01, 0x00, 0x98, 0x55, 0x01, 0x40, 0x00, 0x00, 0x00, 0x00, 
    0x18, 0x00, 0x00, 0x00, 0x00, 0x00, 0x00, 0x00, 0xa6, 0x2d, 0x00, 0x00, 
    0x00, 0x00, 0x01, 0x00, 0x98, 0x55, 0x01, 0x40, 0x00, 0x00, 0x00, 0x00, 
    0x00, 0x00, 0x00, 0x00, 0x00, 0x00, 0x00, 0x00, 0xa9, 0x2d, 0x00, 0x00, 
    0x00, 0x00, 0x01, 0x00, 0xb0, 0x55, 0x01, 0x40, 0x00, 0x00, 0x00, 0x00, 
    0x00, 0x00, 0x00, 0x00, 0x00, 0x00, 0x00, 0x00, 0xac, 0x2d, 0x00, 0x00, 
    0x00, 0x00, 0x01, 0x00, 0xc4, 0x55, 0x01, 0x40, 0x00, 0x00, 0x00, 0x00, 
    0x00, 0x00, 0x00, 0x00, 0x00, 0x00, 0x00, 0x00, 0xaf, 0x2d, 0x00, 0x00, 
    0x02, 0x00, 0x01, 0x00, 0xf0, 0x56, 0x01, 0x40, 0x00, 0x00, 0x00, 0x00, 
    0x28, 0x00, 0x00, 0x00, 0x00, 0x00, 0x00, 0x00, 0x2c, 0x2e, 0x00, 0x00, 
    0x00, 0x00, 0x01, 0x00, 0xf0, 0x56, 0x01, 0x40, 0x00, 0x00, 0x00, 0x00, 
    0x00, 0x00, 0x00, 0x00, 0x00, 0x00, 0x00, 0x00, 0x2f, 0x2e, 0x00, 0x00, 
    0x02, 0x00, 0x01, 0x00, 0x18, 0x57, 0x01, 0x40, 0x00, 0x00, 0x00, 0x00, 
    0x4c, 0x00, 0x00, 0x00, 0x00, 0x00, 0x00, 0x00, 0x6d, 0x2e, 0x00, 0x00, 
    0x00, 0x00, 0x01, 0x00, 0x18, 0x57, 0x01, 0x40, 0x00, 0x00, 0x00, 0x00, 
    0x00, 0x00, 0x00, 0x00, 0x00, 0x00, 0x00, 0x00, 0x70, 0x2e, 0x00, 0x00, 
    0x02, 0x00, 0x01, 0x00, 0x88, 0x7e, 0x01, 0x40, 0x00, 0x00, 0x00, 0x00, 
    0x14, 0x00, 0x00, 0x00, 0x00, 0x00, 0x00, 0x00, 0x85, 0x2e, 0x00, 0x00, 
    0x02, 0x00, 0x01, 0x00, 0x48, 0x7b, 0x01, 0x40, 0x00, 0x00, 0x00, 0x00, 
    0x14, 0x00, 0x00, 0x00, 0x00, 0x00, 0x00, 0x00, 0x9a, 0x2e, 0x00, 0x00, 
    0x02, 0x00, 0x01, 0x00, 0x70, 0x7d, 0x01, 0x40, 0x00, 0x00, 0x00, 0x00, 
    0x0c, 0x00, 0x00, 0x00, 0x00, 0x00, 0x00, 0x00, 0xaf, 0x2e, 0x00, 0x00, 
    0x02, 0x00, 0x01, 0x00, 0x74, 0x7e, 0x01, 0x40, 0x00, 0x00, 0x00, 0x00, 
    0x14, 0x00, 0x00, 0x00, 0x00, 0x00, 0x00, 0x00, 0xc4, 0x2e, 0x00, 0x00, 
    0x00, 0x00, 0x01, 0x00, 0x64, 0x57, 0x01, 0x40, 0x00, 0x00, 0x00, 0x00, 
    0x00, 0x00, 0x00, 0x00, 0x00, 0x00, 0x00, 0x00, 0xc7, 0x2e, 0x00, 0x00, 
    0x01, 0x00, 0x04, 0x00, 0x00, 0xd0, 0x01, 0x40, 0x00, 0x00, 0x00, 0x00, 
    0x18, 0x80, 0x00, 0x00, 0x00, 0x00, 0x00, 0x00, 0xf0, 0x2e, 0x00, 0x00, 
    0x02, 0x00, 0x01, 0x00, 0xf0, 0x58, 0x01, 0x40, 0x00, 0x00, 0x00, 0x00, 
    0x8c, 0x00, 0x00, 0x00, 0x00, 0x00, 0x00, 0x00, 0x2f, 0x2f, 0x00, 0x00, 
    0x00, 0x00, 0x01, 0x00, 0xf0, 0x58, 0x01, 0x40, 0x00, 0x00, 0x00, 0x00, 
    0x00, 0x00, 0x00, 0x00, 0x00, 0x00, 0x00, 0x00, 0x32, 0x2f, 0x00, 0x00, 
    0x01, 0x00, 0x04, 0x00, 0x18, 0x50, 0x02, 0x40, 0x00, 0x00, 0x00, 0x00, 
    0x08, 0x00, 0x00, 0x00, 0x00, 0x00, 0x00, 0x00, 0x5c, 0x2f, 0x00, 0x00, 
    0x02, 0x00, 0x01, 0x00, 0x7c, 0x59, 0x01, 0x40, 0x00, 0x00, 0x00, 0x00, 
    0x4c, 0x00, 0x00, 0x00, 0x00, 0x00, 0x00, 0x00, 0x9b, 0x2f, 0x00, 0x00, 
    0x00, 0x00, 0x01, 0x00, 0x7c, 0x59, 0x01, 0x40, 0x00, 0x00, 0x00, 0x00, 
    0x00, 0x00, 0x00, 0x00, 0x00, 0x00, 0x00, 0x00, 0x9e, 0x2f, 0x00, 0x00, 
    0x02, 0x00, 0x01, 0x00, 0xc8, 0x59, 0x01, 0x40, 0x00, 0x00, 0x00, 0x00, 
    0x28, 0x00, 0x00, 0x00, 0x00, 0x00, 0x00, 0x00, 0xdf, 0x2f, 0x00, 0x00, 
    0x00, 0x00, 0x01, 0x00, 0xc8, 0x59, 0x01, 0x40, 0x00, 0x00, 0x00, 0x00, 
    0x00, 0x00, 0x00, 0x00, 0x00, 0x00, 0x00, 0x00, 0xe2, 0x2f, 0x00, 0x00, 
    0x02, 0x00, 0x01, 0x00, 0x10, 0x7c, 0x01, 0x40, 0x00, 0x00, 0x00, 0x00, 
    0x10, 0x00, 0x00, 0x00, 0x00, 0x00, 0x00, 0x00, 0xf7, 0x2f, 0x00, 0x00, 
    0x02, 0x00, 0x01, 0x00, 0xf0, 0x59, 0x01, 0x40, 0x00, 0x00, 0x00, 0x00, 
    0x28, 0x00, 0x00, 0x00, 0x00, 0x00, 0x00, 0x00, 0x39, 0x30, 0x00, 0x00, 
    0x00, 0x00, 0x01, 0x00, 0xf0, 0x59, 0x01, 0x40, 0x00, 0x00, 0x00, 0x00, 
    0x00, 0x00, 0x00, 0x00, 0x00, 0x00, 0x00, 0x00, 0x3c, 0x30, 0x00, 0x00, 
    0x00, 0x00, 0x01, 0x00, 0x18, 0x5a, 0x01, 0x40, 0x00, 0x00, 0x00, 0x00, 
    0x00, 0x00, 0x00, 0x00, 0x00, 0x00, 0x00, 0x00, 0x3f, 0x30, 0x00, 0x00, 
    0x00, 0x00, 0x01, 0x00, 0x10, 0x5b, 0x01, 0x40, 0x00, 0x00, 0x00, 0x00, 
    0x00, 0x00, 0x00, 0x00, 0x00, 0x00, 0x00, 0x00, 0x42, 0x30, 0x00, 0x00, 
    0x00, 0x00, 0x01, 0x00, 0x5c, 0x5b, 0x01, 0x40, 0x00, 0x00, 0x00, 0x00, 
    0x00, 0x00, 0x00, 0x00, 0x00, 0x00, 0x00, 0x00, 0x45, 0x30, 0x00, 0x00, 
    0x02, 0x00, 0x01, 0x00, 0x8c, 0x7c, 0x01, 0x40, 0x00, 0x00, 0x00, 0x00, 
    0x10, 0x00, 0x00, 0x00, 0x00, 0x00, 0x00, 0x00, 0x5a, 0x30, 0x00, 0x00, 
    0x02, 0x00, 0x01, 0x00, 0x84, 0x7d, 0x01, 0x40, 0x00, 0x00, 0x00, 0x00, 
    0x0c, 0x00, 0x00, 0x00, 0x00, 0x00, 0x00, 0x00, 0x6f, 0x30, 0x00, 0x00, 
    0x02, 0x00, 0x01, 0x00, 0x6c, 0x7c, 0x01, 0x40, 0x00, 0x00, 0x00, 0x00, 
    0x10, 0x00, 0x00, 0x00, 0x00, 0x00, 0x00, 0x00, 0x84, 0x30, 0x00, 0x00, 
    0x00, 0x00, 0x01, 0x00, 0x0c, 0x5c, 0x01, 0x40, 0x00, 0x00, 0x00, 0x00, 
    0x00, 0x00, 0x00, 0x00, 0x00, 0x00, 0x00, 0x00, 0x87, 0x30, 0x00, 0x00, 
    0x00, 0x00, 0x01, 0x00, 0x24, 0x5c, 0x01, 0x40, 0x00, 0x00, 0x00, 0x00, 
    0x00, 0x00, 0x00, 0x00, 0x00, 0x00, 0x00, 0x00, 0x8a, 0x30, 0x00, 0x00, 
    0x00, 0x00, 0x01, 0x00, 0xfc, 0x5c, 0x01, 0x40, 0x00, 0x00, 0x00, 0x00, 
    0x00, 0x00, 0x00, 0x00, 0x00, 0x00, 0x00, 0x00, 0x8d, 0x30, 0x00, 0x00, 
    0x02, 0x00, 0x01, 0x00, 0x24, 0x7e, 0x01, 0x40, 0x00, 0x00, 0x00, 0x00, 
    0x14, 0x00, 0x00, 0x00, 0x00, 0x00, 0x00, 0x00, 0xa2, 0x30, 0x00, 0x00, 
    0x00, 0x00, 0x01, 0x00, 0x74, 0x5d, 0x01, 0x40, 0x00, 0x00, 0x00, 0x00, 
    0x00, 0x00, 0x00, 0x00, 0x00, 0x00, 0x00, 0x00, 0xa5, 0x30, 0x00, 0x00, 
    0x02, 0x00, 0x01, 0x00, 0xe4, 0x5d, 0x01, 0x40, 0x00, 0x00, 0x00, 0x00, 
    0x10, 0x01, 0x00, 0x00, 0x00, 0x00, 0x00, 0x00, 0x49, 0x31, 0x00, 0x00, 
    0x00, 0x00, 0x01, 0x00, 0xe4, 0x5d, 0x01, 0x40, 0x00, 0x00, 0x00, 0x00, 
    0x00, 0x00, 0x00, 0x00, 0x00, 0x00, 0x00, 0x00, 0x4c, 0x31, 0x00, 0x00, 
    0x02, 0x00, 0x01, 0x00, 0x30, 0x77, 0x01, 0x40, 0x00, 0x00, 0x00, 0x00, 
    0x38, 0x00, 0x00, 0x00, 0x00, 0x00, 0x00, 0x00, 0xc5, 0x31, 0x00, 0x00, 
    0x02, 0x00, 0x01, 0x00, 0xf4, 0x5e, 0x01, 0x40, 0x00, 0x00, 0x00, 0x00, 
    0x54, 0x00, 0x00, 0x00, 0x00, 0x00, 0x00, 0x00, 0x8c, 0x32, 0x00, 0x00, 
    0x00, 0x00, 0x01, 0x00, 0xf4, 0x5e, 0x01, 0x40, 0x00, 0x00, 0x00, 0x00, 
    0x00, 0x00, 0x00, 0x00, 0x00, 0x00, 0x00, 0x00, 0x8f, 0x32, 0x00, 0x00, 
    0x02, 0x00, 0x01, 0x00, 0x48, 0x5f, 0x01, 0x40, 0x00, 0x00, 0x00, 0x00, 
    0x1c, 0x00, 0x00, 0x00, 0x00, 0x00, 0x00, 0x00, 0xfa, 0x32, 0x00, 0x00, 
    0x00, 0x00, 0x01, 0x00, 0x48, 0x5f, 0x01, 0x40, 0x00, 0x00, 0x00, 0x00, 
    0x00, 0x00, 0x00, 0x00, 0x00, 0x00, 0x00, 0x00, 0xfd, 0x32, 0x00, 0x00, 
    0x02, 0x00, 0x01, 0x00, 0x64, 0x5f, 0x01, 0x40, 0x00, 0x00, 0x00, 0x00, 
    0xfc, 0x00, 0x00, 0x00, 0x00, 0x00, 0x00, 0x00, 0x82, 0x33, 0x00, 0x00, 
    0x00, 0x00, 0x01, 0x00, 0x64, 0x5f, 0x01, 0x40, 0x00, 0x00, 0x00, 0x00, 
    0x00, 0x00, 0x00, 0x00, 0x00, 0x00, 0x00, 0x00, 0x85, 0x33, 0x00, 0x00, 
    0x02, 0x00, 0x01, 0x00, 0x90, 0x7a, 0x01, 0x40, 0x00, 0x00, 0x00, 0x00, 
    0x10, 0x00, 0x00, 0x00, 0x00, 0x00, 0x00, 0x00, 0x99, 0x33, 0x00, 0x00, 
    0x00, 0x00, 0x01, 0x00, 0x60, 0x60, 0x01, 0x40, 0x00, 0x00, 0x00, 0x00, 
    0x00, 0x00, 0x00, 0x00, 0x00, 0x00, 0x00, 0x00, 0x9c, 0x33, 0x00, 0x00, 
    0x00, 0x00, 0x01, 0x00, 0x84, 0x60, 0x01, 0x40, 0x00, 0x00, 0x00, 0x00, 
    0x00, 0x00, 0x00, 0x00, 0x00, 0x00, 0x00, 0x00, 0x9f, 0x33, 0x00, 0x00, 
    0x00, 0x00, 0x01, 0x00, 0x1c, 0x61, 0x01, 0x40, 0x00, 0x00, 0x00, 0x00, 
    0x00, 0x00, 0x00, 0x00, 0x00, 0x00, 0x00, 0x00, 0xa2, 0x33, 0x00, 0x00, 
    0x00, 0x00, 0x01, 0x00, 0x50, 0x62, 0x01, 0x40, 0x00, 0x00, 0x00, 0x00, 
    0x00, 0x00, 0x00, 0x00, 0x00, 0x00, 0x00, 0x00, 0xa5, 0x33, 0x00, 0x00, 
    0x02, 0x00, 0x01, 0x00, 0x28, 0x6e, 0x01, 0x40, 0x00, 0x00, 0x00, 0x00, 
    0x8c, 0x00, 0x00, 0x00, 0x00, 0x00, 0x00, 0x00, 0xdf, 0x33, 0x00, 0x00, 
    0x00, 0x00, 0x01, 0x00, 0x64, 0x62, 0x01, 0x40, 0x00, 0x00, 0x00, 0x00, 
    0x00, 0x00, 0x00, 0x00, 0x00, 0x00, 0x00, 0x00, 0xe2, 0x33, 0x00, 0x00, 
    0x02, 0x00, 0x01, 0x00, 0xc8, 0x7d, 0x01, 0x40, 0x00, 0x00, 0x00, 0x00, 
    0x08, 0x00, 0x00, 0x00, 0x00, 0x00, 0x00, 0x00, 0xf7, 0x33, 0x00, 0x00, 
    0x00, 0x00, 0x01, 0x00, 0x98, 0x62, 0x01, 0x40, 0x00, 0x00, 0x00, 0x00, 
    0x00, 0x00, 0x00, 0x00, 0x00, 0x00, 0x00, 0x00, 0xfa, 0x33, 0x00, 0x00, 
    0x02, 0x00, 0x01, 0x00, 0xc8, 0x7e, 0x01, 0x40, 0x00, 0x00, 0x00, 0x00, 
    0x24, 0x00, 0x00, 0x00, 0x00, 0x00, 0x00, 0x00, 0x0f, 0x34, 0x00, 0x00, 
    0x02, 0x00, 0x01, 0x00, 0xa8, 0x7d, 0x01, 0x40, 0x00, 0x00, 0x00, 0x00, 
    0x0c, 0x00, 0x00, 0x00, 0x00, 0x00, 0x00, 0x00, 0x24, 0x34, 0x00, 0x00, 
    0x00, 0x00, 0x01, 0x00, 0xd8, 0x62, 0x01, 0x40, 0x00, 0x00, 0x00, 0x00, 
    0x00, 0x00, 0x00, 0x00, 0x00, 0x00, 0x00, 0x00, 0x27, 0x34, 0x00, 0x00, 
    0x00, 0x00, 0x01, 0x00, 0x1c, 0x63, 0x01, 0x40, 0x00, 0x00, 0x00, 0x00, 
    0x00, 0x00, 0x00, 0x00, 0x00, 0x00, 0x00, 0x00, 0x2a, 0x34, 0x00, 0x00, 
    0x02, 0x00, 0x01, 0x00, 0xe4, 0x71, 0x01, 0x40, 0x00, 0x00, 0x00, 0x00, 
    0x88, 0x00, 0x00, 0x00, 0x00, 0x00, 0x00, 0x00, 0x6b, 0x34, 0x00, 0x00, 
    0x02, 0x00, 0x01, 0x00, 0x6c, 0x72, 0x01, 0x40, 0x00, 0x00, 0x00, 0x00, 
    0x48, 0x00, 0x00, 0x00, 0x00, 0x00, 0x00, 0x00, 0xb6, 0x34, 0x00, 0x00, 
    0x02, 0x00, 0x01, 0x00, 0x1c, 0x6c, 0x01, 0x40, 0x00, 0x00, 0x00, 0x00, 
    0x48, 0x00, 0x00, 0x00, 0x00, 0x00, 0x00, 0x00, 0xf2, 0x34, 0x00, 0x00, 
    0x00, 0x00, 0x01, 0x00, 0x98, 0x64, 0x01, 0x40, 0x00, 0x00, 0x00, 0x00, 
    0x00, 0x00, 0x00, 0x00, 0x00, 0x00, 0x00, 0x00, 0xf5, 0x34, 0x00, 0x00, 
    0x00, 0x00, 0x01, 0x00, 0xf4, 0x64, 0x01, 0x40, 0x00, 0x00, 0x00, 0x00, 
    0x00, 0x00, 0x00, 0x00, 0x00, 0x00, 0x00, 0x00, 0xf8, 0x34, 0x00, 0x00, 
    0x00, 0x00, 0x01, 0x00, 0xbc, 0x65, 0x01, 0x40, 0x00, 0x00, 0x00, 0x00, 
    0x00, 0x00, 0x00, 0x00, 0x00, 0x00, 0x00, 0x00, 0xfb, 0x34, 0x00, 0x00, 
    0x00, 0x00, 0x01, 0x00, 0xc0, 0x65, 0x01, 0x40, 0x00, 0x00, 0x00, 0x00, 
    0x00, 0x00, 0x00, 0x00, 0x00, 0x00, 0x00, 0x00, 0xfe, 0x34, 0x00, 0x00, 
    0x00, 0x00, 0x01, 0x00, 0xd0, 0x65, 0x01, 0x40, 0x00, 0x00, 0x00, 0x00, 
    0x00, 0x00, 0x00, 0x00, 0x00, 0x00, 0x00, 0x00, 0x01, 0x35, 0x00, 0x00, 
    0x02, 0x00, 0x01, 0x00, 0x9c, 0x7e, 0x01, 0x40, 0x00, 0x00, 0x00, 0x00, 
    0x14, 0x00, 0x00, 0x00, 0x00, 0x00, 0x00, 0x00, 0x16, 0x35, 0x00, 0x00, 
    0x02, 0x00, 0x01, 0x00, 0xc0, 0x7a, 0x01, 0x40, 0x00, 0x00, 0x00, 0x00, 
    0x10, 0x00, 0x00, 0x00, 0x00, 0x00, 0x00, 0x00, 0x2b, 0x35, 0x00, 0x00, 
    0x02, 0x00, 0x01, 0x00, 0xb4, 0x7b, 0x01, 0x40, 0x00, 0x00, 0x00, 0x00, 
    0x14, 0x00, 0x00, 0x00, 0x00, 0x00, 0x00, 0x00, 0x40, 0x35, 0x00, 0x00, 
    0x00, 0x00, 0x01, 0x00, 0x14, 0x66, 0x01, 0x40, 0x00, 0x00, 0x00, 0x00, 
    0x00, 0x00, 0x00, 0x00, 0x00, 0x00, 0x00, 0x00, 0x43, 0x35, 0x00, 0x00, 
    0x00, 0x00, 0x01, 0x00, 0x9c, 0x66, 0x01, 0x40, 0x00, 0x00, 0x00, 0x00, 
    0x00, 0x00, 0x00, 0x00, 0x00, 0x00, 0x00, 0x00, 0x46, 0x35, 0x00, 0x00, 
    0x00, 0x00, 0x01, 0x00, 0x24, 0x67, 0x01, 0x40, 0x00, 0x00, 0x00, 0x00, 
    0x00, 0x00, 0x00, 0x00, 0x00, 0x00, 0x00, 0x00, 0x49, 0x35, 0x00, 0x00, 
    0x00, 0x00, 0x01, 0x00, 0x70, 0x67, 0x01, 0x40, 0x00, 0x00, 0x00, 0x00, 
    0x00, 0x00, 0x00, 0x00, 0x00, 0x00, 0x00, 0x00, 0x4c, 0x35, 0x00, 0x00, 
    0x00, 0x00, 0x01, 0x00, 0xb0, 0x67, 0x01, 0x40, 0x00, 0x00, 0x00, 0x00, 
    0x00, 0x00, 0x00, 0x00, 0x00, 0x00, 0x00, 0x00, 0x4f, 0x35, 0x00, 0x00, 
    0x00, 0x00, 0x01, 0x00, 0xe0, 0x67, 0x01, 0x40, 0x00, 0x00, 0x00, 0x00, 
    0x00, 0x00, 0x00, 0x00, 0x00, 0x00, 0x00, 0x00, 0x52, 0x35, 0x00, 0x00, 
    0x02, 0x00, 0x01, 0x00, 0xc0, 0x7d, 0x01, 0x40, 0x00, 0x00, 0x00, 0x00, 
    0x08, 0x00, 0x00, 0x00, 0x00, 0x00, 0x00, 0x00, 0x67, 0x35, 0x00, 0x00, 
    0x00, 0x00, 0x01, 0x00, 0x08, 0x68, 0x01, 0x40, 0x00, 0x00, 0x00, 0x00, 
    0x00, 0x00, 0x00, 0x00, 0x00, 0x00, 0x00, 0x00, 0x6a, 0x35, 0x00, 0x00, 
    0x00, 0x00, 0x01, 0x00, 0x30, 0x68, 0x01, 0x40, 0x00, 0x00, 0x00, 0x00, 
    0x00, 0x00, 0x00, 0x00, 0x00, 0x00, 0x00, 0x00, 0x6d, 0x35, 0x00, 0x00, 
    0x02, 0x00, 0x01, 0x00, 0x58, 0x6a, 0x01, 0x40, 0x00, 0x00, 0x00, 0x00, 
    0x10, 0x00, 0x00, 0x00, 0x00, 0x00, 0x00, 0x00, 0xc9, 0x35, 0x00, 0x00, 
    0x02, 0x00, 0x01, 0x00, 0x68, 0x6a, 0x01, 0x40, 0x00, 0x00, 0x00, 0x00, 
    0x14, 0x00, 0x00, 0x00, 0x00, 0x00, 0x00, 0x00, 0x26, 0x36, 0x00, 0x00, 
    0x00, 0x00, 0x01, 0x00, 0x40, 0x6a, 0x01, 0x40, 0x00, 0x00, 0x00, 0x00, 
    0x00, 0x00, 0x00, 0x00, 0x00, 0x00, 0x00, 0x00, 0x29, 0x36, 0x00, 0x00, 
    0x00, 0x00, 0x01, 0x00, 0x58, 0x6a, 0x01, 0x40, 0x00, 0x00, 0x00, 0x00, 
    0x00, 0x00, 0x00, 0x00, 0x00, 0x00, 0x00, 0x00, 0x2c, 0x36, 0x00, 0x00, 
    0x00, 0x00, 0x01, 0x00, 0x68, 0x6a, 0x01, 0x40, 0x00, 0x00, 0x00, 0x00, 
    0x00, 0x00, 0x00, 0x00, 0x00, 0x00, 0x00, 0x00, 0x2f, 0x36, 0x00, 0x00, 
    0x02, 0x00, 0x01, 0x00, 0x7c, 0x6a, 0x01, 0x40, 0x00, 0x00, 0x00, 0x00, 
    0x60, 0x00, 0x00, 0x00, 0x00, 0x00, 0x00, 0x00, 0x8c, 0x36, 0x00, 0x00, 
    0x00, 0x00, 0x01, 0x00, 0x7c, 0x6a, 0x01, 0x40, 0x00, 0x00, 0x00, 0x00, 
    0x00, 0x00, 0x00, 0x00, 0x00, 0x00, 0x00, 0x00, 0x8f, 0x36, 0x00, 0x00, 
    0x02, 0x00, 0x01, 0x00, 0xdc, 0x6a, 0x01, 0x40, 0x00, 0x00, 0x00, 0x00, 
    0xb0, 0x00, 0x00, 0x00, 0x00, 0x00, 0x00, 0x00, 0xee, 0x36, 0x00, 0x00, 
    0x00, 0x00, 0x01, 0x00, 0xdc, 0x6a, 0x01, 0x40, 0x00, 0x00, 0x00, 0x00, 
    0x00, 0x00, 0x00, 0x00, 0x00, 0x00, 0x00, 0x00, 0xf1, 0x36, 0x00, 0x00, 
    0x02, 0x00, 0x01, 0x00, 0x8c, 0x6b, 0x01, 0x40, 0x00, 0x00, 0x00, 0x00, 
    0x60, 0x00, 0x00, 0x00, 0x00, 0x00, 0x00, 0x00, 0x35, 0x37, 0x00, 0x00, 
    0x00, 0x00, 0x01, 0x00, 0x8c, 0x6b, 0x01, 0x40, 0x00, 0x00, 0x00, 0x00, 
    0x00, 0x00, 0x00, 0x00, 0x00, 0x00, 0x00, 0x00, 0x38, 0x37, 0x00, 0x00, 
    0x00, 0x00, 0x01, 0x00, 0xec, 0x6b, 0x01, 0x40, 0x00, 0x00, 0x00, 0x00, 
    0x00, 0x00, 0x00, 0x00, 0x00, 0x00, 0x00, 0x00, 0x3b, 0x37, 0x00, 0x00, 
    0x00, 0x00, 0x01, 0x00, 0x1c, 0x6c, 0x01, 0x40, 0x00, 0x00, 0x00, 0x00, 
    0x00, 0x00, 0x00, 0x00, 0x00, 0x00, 0x00, 0x00, 0x3e, 0x37, 0x00, 0x00, 
    0x02, 0x00, 0x01, 0x00, 0x64, 0x6c, 0x01, 0x40, 0x00, 0x00, 0x00, 0x00, 
    0x64, 0x00, 0x00, 0x00, 0x00, 0x00, 0x00, 0x00, 0x7f, 0x37, 0x00, 0x00, 
    0x00, 0x00, 0x01, 0x00, 0x64, 0x6c, 0x01, 0x40, 0x00, 0x00, 0x00, 0x00, 
    0x00, 0x00, 0x00, 0x00, 0x00, 0x00, 0x00, 0x00, 0x82, 0x37, 0x00, 0x00, 
    0x02, 0x00, 0x01, 0x00, 0xc8, 0x6c, 0x01, 0x40, 0x00, 0x00, 0x00, 0x00, 
    0x00, 0x01, 0x00, 0x00, 0x00, 0x00, 0x00, 0x00, 0xc3, 0x37, 0x00, 0x00, 
    0x00, 0x00, 0x01, 0x00, 0xc8, 0x6c, 0x01, 0x40, 0x00, 0x00, 0x00, 0x00, 
    0x00, 0x00, 0x00, 0x00, 0x00, 0x00, 0x00, 0x00, 0xc6, 0x37, 0x00, 0x00, 
    0x02, 0x00, 0x01, 0x00, 0xc8, 0x6d, 0x01, 0x40, 0x00, 0x00, 0x00, 0x00, 
    0x60, 0x00, 0x00, 0x00, 0x00, 0x00, 0x00, 0x00, 0x07, 0x38, 0x00, 0x00, 
    0x00, 0x00, 0x01, 0x00, 0xc8, 0x6d, 0x01, 0x40, 0x00, 0x00, 0x00, 0x00, 
    0x00, 0x00, 0x00, 0x00, 0x00, 0x00, 0x00, 0x00, 0x0a, 0x38, 0x00, 0x00, 
    0x00, 0x00, 0x01, 0x00, 0x28, 0x6e, 0x01, 0x40, 0x00, 0x00, 0x00, 0x00, 
    0x00, 0x00, 0x00, 0x00, 0x00, 0x00, 0x00, 0x00, 0x0d, 0x38, 0x00, 0x00, 
    0x00, 0x00, 0x01, 0x00, 0xb4, 0x6e, 0x01, 0x40, 0x00, 0x00, 0x00, 0x00, 
    0x00, 0x00, 0x00, 0x00, 0x00, 0x00, 0x00, 0x00, 0x10, 0x38, 0x00, 0x00, 
    0x00, 0x00, 0x01, 0x00, 0x08, 0x6f, 0x01, 0x40, 0x00, 0x00, 0x00, 0x00, 
    0x00, 0x00, 0x00, 0x00, 0x00, 0x00, 0x00, 0x00, 0x13, 0x38, 0x00, 0x00, 
    0x02, 0x00, 0x01, 0x00, 0x64, 0x6f, 0x01, 0x40, 0x00, 0x00, 0x00, 0x00, 
    0x2c, 0x01, 0x00, 0x00, 0x00, 0x00, 0x00, 0x00, 0x50, 0x38, 0x00, 0x00, 
    0x00, 0x00, 0x01, 0x00, 0x64, 0x6f, 0x01, 0x40, 0x00, 0x00, 0x00, 0x00, 
    0x00, 0x00, 0x00, 0x00, 0x00, 0x00, 0x00, 0x00, 0x53, 0x38, 0x00, 0x00, 
    0x00, 0x00, 0x02, 0x00, 0x30, 0x90, 0x01, 0x40, 0x00, 0x00, 0x00, 0x00, 
    0x00, 0x00, 0x00, 0x00, 0x00, 0x00, 0x00, 0x00, 0x56, 0x38, 0x00, 0x00, 
    0x00, 0x00, 0x01, 0x00, 0x90, 0x70, 0x01, 0x40, 0x00, 0x00, 0x00, 0x00, 
    0x00, 0x00, 0x00, 0x00, 0x00, 0x00, 0x00, 0x00, 0x59, 0x38, 0x00, 0x00, 
    0x00, 0x00, 0x01, 0x00, 0xb4, 0x70, 0x01, 0x40, 0x00, 0x00, 0x00, 0x00, 
    0x00, 0x00, 0x00, 0x00, 0x00, 0x00, 0x00, 0x00, 0x5c, 0x38, 0x00, 0x00, 
    0x00, 0x00, 0x01, 0x00, 0xf8, 0x70, 0x01, 0x40, 0x00, 0x00, 0x00, 0x00, 
    0x00, 0x00, 0x00, 0x00, 0x00, 0x00, 0x00, 0x00, 0x5f, 0x38, 0x00, 0x00, 
    0x00, 0x00, 0x01, 0x00, 0x30, 0x71, 0x01, 0x40, 0x00, 0x00, 0x00, 0x00, 
    0x00, 0x00, 0x00, 0x00, 0x00, 0x00, 0x00, 0x00, 0x62, 0x38, 0x00, 0x00, 
    0x00, 0x00, 0x01, 0x00, 0x44, 0x71, 0x01, 0x40, 0x00, 0x00, 0x00, 0x00, 
    0x00, 0x00, 0x00, 0x00, 0x00, 0x00, 0x00, 0x00, 0x65, 0x38, 0x00, 0x00, 
    0x00, 0x00, 0x01, 0x00, 0x88, 0x71, 0x01, 0x40, 0x00, 0x00, 0x00, 0x00, 
    0x00, 0x00, 0x00, 0x00, 0x00, 0x00, 0x00, 0x00, 0x68, 0x38, 0x00, 0x00, 
    0x00, 0x00, 0x01, 0x00, 0xe4, 0x71, 0x01, 0x40, 0x00, 0x00, 0x00, 0x00, 
    0x00, 0x00, 0x00, 0x00, 0x00, 0x00, 0x00, 0x00, 0x6b, 0x38, 0x00, 0x00, 
    0x00, 0x00, 0x01, 0x00, 0x6c, 0x72, 0x01, 0x40, 0x00, 0x00, 0x00, 0x00, 
    0x00, 0x00, 0x00, 0x00, 0x00, 0x00, 0x00, 0x00, 0x6e, 0x38, 0x00, 0x00, 
    0x02, 0x00, 0x01, 0x00, 0xc8, 0x7b, 0x01, 0x40, 0x00, 0x00, 0x00, 0x00, 
    0x14, 0x00, 0x00, 0x00, 0x00, 0x00, 0x00, 0x00, 0x83, 0x38, 0x00, 0x00, 
    0x02, 0x00, 0x01, 0x00, 0x24, 0x7d, 0x01, 0x40, 0x00, 0x00, 0x00, 0x00, 
    0x0c, 0x00, 0x00, 0x00, 0x00, 0x00, 0x00, 0x00, 0x98, 0x38, 0x00, 0x00, 
    0x00, 0x00, 0x01, 0x00, 0xb4, 0x72, 0x01, 0x40, 0x00, 0x00, 0x00, 0x00, 
    0x00, 0x00, 0x00, 0x00, 0x00, 0x00, 0x00, 0x00, 0x9b, 0x38, 0x00, 0x00, 
    0x00, 0x00, 0x01, 0x00, 0x00, 0x73, 0x01, 0x40, 0x00, 0x00, 0x00, 0x00, 
    0x00, 0x00, 0x00, 0x00, 0x00, 0x00, 0x00, 0x00, 0x9e, 0x38, 0x00, 0x00, 
    0x00, 0x00, 0x01, 0x00, 0x34, 0x73, 0x01, 0x40, 0x00, 0x00, 0x00, 0x00, 
    0x00, 0x00, 0x00, 0x00, 0x00, 0x00, 0x00, 0x00, 0xa1, 0x38, 0x00, 0x00, 
    0x00, 0x00, 0x01, 0x00, 0x58, 0x73, 0x01, 0x40, 0x00, 0x00, 0x00, 0x00, 
    0x00, 0x00, 0x00, 0x00, 0x00, 0x00, 0x00, 0x00, 0xa4, 0x38, 0x00, 0x00, 
    0x00, 0x00, 0x01, 0x00, 0x84, 0x73, 0x01, 0x40, 0x00, 0x00, 0x00, 0x00, 
    0x00, 0x00, 0x00, 0x00, 0x00, 0x00, 0x00, 0x00, 0xa7, 0x38, 0x00, 0x00, 
    0x02, 0x00, 0x01, 0x00, 0xcc, 0x73, 0x01, 0x40, 0x00, 0x00, 0x00, 0x00, 
    0x80, 0x00, 0x00, 0x00, 0x00, 0x00, 0x00, 0x00, 0xe3, 0x38, 0x00, 0x00, 
    0x00, 0x00, 0x01, 0x00, 0xcc, 0x73, 0x01, 0x40, 0x00, 0x00, 0x00, 0x00, 
    0x00, 0x00, 0x00, 0x00, 0x00, 0x00, 0x00, 0x00, 0xe6, 0x38, 0x00, 0x00, 
    0x00, 0x00, 0x01, 0x00, 0x4c, 0x74, 0x01, 0x40, 0x00, 0x00, 0x00, 0x00, 
    0x00, 0x00, 0x00, 0x00, 0x00, 0x00, 0x00, 0x00, 0xe9, 0x38, 0x00, 0x00, 
    0x00, 0x00, 0x01, 0x00, 0xc4, 0x74, 0x01, 0x40, 0x00, 0x00, 0x00, 0x00, 
    0x00, 0x00, 0x00, 0x00, 0x00, 0x00, 0x00, 0x00, 0xec, 0x38, 0x00, 0x00, 
    0x00, 0x00, 0x01, 0x00, 0x40, 0x75, 0x01, 0x40, 0x00, 0x00, 0x00, 0x00, 
    0x00, 0x00, 0x00, 0x00, 0x00, 0x00, 0x00, 0x00, 0xef, 0x38, 0x00, 0x00, 
    0x02, 0x00, 0x01, 0x00, 0xf0, 0x75, 0x01, 0x40, 0x00, 0x00, 0x00, 0x00, 
    0x30, 0x00, 0x00, 0x00, 0x00, 0x00, 0x00, 0x00, 0x28, 0x39, 0x00, 0x00, 
    0x02, 0x00, 0x01, 0x00, 0x20, 0x76, 0x01, 0x40, 0x00, 0x00, 0x00, 0x00, 
    0x7c, 0x00, 0x00, 0x00, 0x00, 0x00, 0x00, 0x00, 0x72, 0x39, 0x00, 0x00, 
    0x01, 0x00, 0x03, 0x00, 0x00, 0xc0, 0x01, 0x40, 0x00, 0x00, 0x00, 0x00, 
    0x18, 0x00, 0x00, 0x00, 0x00, 0x00, 0x00, 0x00, 0x96, 0x39, 0x00, 0x00, 
    0x02, 0x00, 0x01, 0x00, 0x9c, 0x76, 0x01, 0x40, 0x00, 0x00, 0x00, 0x00, 
    0x94, 0x00, 0x00, 0x00, 0x00, 0x00, 0x00, 0x00, 0xe1, 0x39, 0x00, 0x00, 
    0x00, 0x00, 0x01, 0x00, 0xf0, 0x75, 0x01, 0x40, 0x00, 0x00, 0x00, 0x00, 
    0x00, 0x00, 0x00, 0x00, 0x00, 0x00, 0x00, 0x00, 0xe4, 0x39, 0x00, 0x00, 
    0x00, 0x00, 0x01, 0x00, 0x20, 0x76, 0x01, 0x40, 0x00, 0x00, 0x00, 0x00, 
    0x00, 0x00, 0x00, 0x00, 0x00, 0x00, 0x00, 0x00, 0xe7, 0x39, 0x00, 0x00, 
    0x00, 0x00, 0x01, 0x00, 0x9c, 0x76, 0x01, 0x40, 0x00, 0x00, 0x00, 0x00, 
    0x00, 0x00, 0x00, 0x00, 0x00, 0x00, 0x00, 0x00, 0xea, 0x39, 0x00, 0x00, 
    0x00, 0x00, 0x01, 0x00, 0x30, 0x77, 0x01, 0x40, 0x00, 0x00, 0x00, 0x00, 
    0x00, 0x00, 0x00, 0x00, 0x00, 0x00, 0x00, 0x00, 0xed, 0x39, 0x00, 0x00, 
    0x00, 0x00, 0x01, 0x00, 0x68, 0x77, 0x01, 0x40, 0x00, 0x00, 0x00, 0x00, 
    0x00, 0x00, 0x00, 0x00, 0x00, 0x00, 0x00, 0x00, 0xf0, 0x39, 0x00, 0x00, 
    0x00, 0x00, 0x01, 0x00, 0xec, 0x77, 0x01, 0x40, 0x00, 0x00, 0x00, 0x00, 
    0x00, 0x00, 0x00, 0x00, 0x00, 0x00, 0x00, 0x00, 0xf3, 0x39, 0x00, 0x00, 
    0x02, 0x00, 0x01, 0x00, 0x64, 0x79, 0x01, 0x40, 0x00, 0x00, 0x00, 0x00, 
    0x18, 0x00, 0x00, 0x00, 0x00, 0x00, 0x00, 0x00, 0x72, 0x3a, 0x00, 0x00, 
    0x00, 0x00, 0x01, 0x00, 0x6c, 0x78, 0x01, 0x40, 0x00, 0x00, 0x00, 0x00, 
    0x00, 0x00, 0x00, 0x00, 0x00, 0x00, 0x00, 0x00, 0x75, 0x3a, 0x00, 0x00, 
    0x00, 0x00, 0x01, 0x00, 0x88, 0x78, 0x01, 0x40, 0x00, 0x00, 0x00, 0x00, 
    0x00, 0x00, 0x00, 0x00, 0x00, 0x00, 0x00, 0x00, 0x78, 0x3a, 0x00, 0x00, 
    0x02, 0x00, 0x01, 0x00, 0xe0, 0x78, 0x01, 0x40, 0x00, 0x00, 0x00, 0x00, 
    0x84, 0x00, 0x00, 0x00, 0x00, 0x00, 0x00, 0x00, 0x9d, 0x3a, 0x00, 0x00, 
    0x00, 0x00, 0x01, 0x00, 0xe0, 0x78, 0x01, 0x40, 0x00, 0x00, 0x00, 0x00, 
    0x00, 0x00, 0x00, 0x00, 0x00, 0x00, 0x00, 0x00, 0xa0, 0x3a, 0x00, 0x00, 
    0x00, 0x00, 0x01, 0x00, 0x64, 0x79, 0x01, 0x40, 0x00, 0x00, 0x00, 0x00, 
    0x00, 0x00, 0x00, 0x00, 0x00, 0x00, 0x00, 0x00, 0xa3, 0x3a, 0x00, 0x00, 
    0x00, 0x00, 0x01, 0x00, 0x7c, 0x79, 0x01, 0x40, 0x00, 0x00, 0x00, 0x00, 
    0x00, 0x00, 0x00, 0x00, 0x00, 0x00, 0x00, 0x00, 0xa6, 0x3a, 0x00, 0x00, 
    0x00, 0x00, 0x01, 0x00, 0x8c, 0x79, 0x01, 0x40, 0x00, 0x00, 0x00, 0x00, 
    0x00, 0x00, 0x00, 0x00, 0x00, 0x00, 0x00, 0x00, 0xa9, 0x3a, 0x00, 0x00, 
    0x00, 0x00, 0x01, 0x00, 0xa4, 0x79, 0x01, 0x40, 0x00, 0x00, 0x00, 0x00, 
    0x00, 0x00, 0x00, 0x00, 0x00, 0x00, 0x00, 0x00, 0xac, 0x3a, 0x00, 0x00, 
    0x00, 0x00, 0x01, 0x00, 0xf0, 0x79, 0x01, 0x40, 0x00, 0x00, 0x00, 0x00, 
    0x00, 0x00, 0x00, 0x00, 0x00, 0x00, 0x00, 0x00, 0xaf, 0x3a, 0x00, 0x00, 
    0x00, 0x00, 0x01, 0x00, 0xf8, 0x79, 0x01, 0x40, 0x00, 0x00, 0x00, 0x00, 
    0x00, 0x00, 0x00, 0x00, 0x00, 0x00, 0x00, 0x00, 0xb2, 0x3a, 0x00, 0x00, 
    0x00, 0x00, 0x01, 0x00, 0x1c, 0x7a, 0x01, 0x40, 0x00, 0x00, 0x00, 0x00, 
    0x00, 0x00, 0x00, 0x00, 0x00, 0x00, 0x00, 0x00, 0xb5, 0x3a, 0x00, 0x00, 
    0x00, 0x00, 0x01, 0x00, 0x30, 0x7a, 0x01, 0x40, 0x00, 0x00, 0x00, 0x00, 
    0x00, 0x00, 0x00, 0x00, 0x00, 0x00, 0x00, 0x00, 0xb8, 0x3a, 0x00, 0x00, 
    0x00, 0x00, 0x01, 0x00, 0x40, 0x7a, 0x01, 0x40, 0x00, 0x00, 0x00, 0x00, 
    0x00, 0x00, 0x00, 0x00, 0x00, 0x00, 0x00, 0x00, 0xbb, 0x3a, 0x00, 0x00, 
    0x00, 0x00, 0x01, 0x00, 0x54, 0x7a, 0x01, 0x40, 0x00, 0x00, 0x00, 0x00, 
    0x00, 0x00, 0x00, 0x00, 0x00, 0x00, 0x00, 0x00, 0xbe, 0x3a, 0x00, 0x00, 
    0x00, 0x00, 0x01, 0x00, 0x64, 0x7a, 0x01, 0x40, 0x00, 0x00, 0x00, 0x00, 
    0x00, 0x00, 0x00, 0x00, 0x00, 0x00, 0x00, 0x00, 0xc1, 0x3a, 0x00, 0x00, 
    0x00, 0x00, 0x01, 0x00, 0x78, 0x7a, 0x01, 0x40, 0x00, 0x00, 0x00, 0x00, 
    0x00, 0x00, 0x00, 0x00, 0x00, 0x00, 0x00, 0x00, 0xc4, 0x3a, 0x00, 0x00, 
    0x00, 0x00, 0x01, 0x00, 0x84, 0x7a, 0x01, 0x40, 0x00, 0x00, 0x00, 0x00, 
    0x00, 0x00, 0x00, 0x00, 0x00, 0x00, 0x00, 0x00, 0xc7, 0x3a, 0x00, 0x00, 
    0x00, 0x00, 0x01, 0x00, 0x90, 0x7a, 0x01, 0x40, 0x00, 0x00, 0x00, 0x00, 
    0x00, 0x00, 0x00, 0x00, 0x00, 0x00, 0x00, 0x00, 0xca, 0x3a, 0x00, 0x00, 
    0x00, 0x00, 0x01, 0x00, 0xa0, 0x7a, 0x01, 0x40, 0x00, 0x00, 0x00, 0x00, 
    0x00, 0x00, 0x00, 0x00, 0x00, 0x00, 0x00, 0x00, 0xcd, 0x3a, 0x00, 0x00, 
    0x00, 0x00, 0x01, 0x00, 0xb0, 0x7a, 0x01, 0x40, 0x00, 0x00, 0x00, 0x00, 
    0x00, 0x00, 0x00, 0x00, 0x00, 0x00, 0x00, 0x00, 0xd0, 0x3a, 0x00, 0x00, 
    0x00, 0x00, 0x01, 0x00, 0xc0, 0x7a, 0x01, 0x40, 0x00, 0x00, 0x00, 0x00, 
    0x00, 0x00, 0x00, 0x00, 0x00, 0x00, 0x00, 0x00, 0xd3, 0x3a, 0x00, 0x00, 
    0x00, 0x00, 0x01, 0x00, 0xd0, 0x7a, 0x01, 0x40, 0x00, 0x00, 0x00, 0x00, 
    0x00, 0x00, 0x00, 0x00, 0x00, 0x00, 0x00, 0x00, 0xd6, 0x3a, 0x00, 0x00, 
    0x00, 0x00, 0x01, 0x00, 0xd8, 0x7a, 0x01, 0x40, 0x00, 0x00, 0x00, 0x00, 
    0x00, 0x00, 0x00, 0x00, 0x00, 0x00, 0x00, 0x00, 0xd9, 0x3a, 0x00, 0x00, 
    0x00, 0x00, 0x01, 0x00, 0xe0, 0x7a, 0x01, 0x40, 0x00, 0x00, 0x00, 0x00, 
    0x00, 0x00, 0x00, 0x00, 0x00, 0x00, 0x00, 0x00, 0xdc, 0x3a, 0x00, 0x00, 
    0x00, 0x00, 0x01, 0x00, 0xe8, 0x7a, 0x01, 0x40, 0x00, 0x00, 0x00, 0x00, 
    0x00, 0x00, 0x00, 0x00, 0x00, 0x00, 0x00, 0x00, 0xdf, 0x3a, 0x00, 0x00, 
    0x00, 0x00, 0x01, 0x00, 0x00, 0x7b, 0x01, 0x40, 0x00, 0x00, 0x00, 0x00, 
    0x00, 0x00, 0x00, 0x00, 0x00, 0x00, 0x00, 0x00, 0xe2, 0x3a, 0x00, 0x00, 
    0x00, 0x00, 0x01, 0x00, 0x0c, 0x7b, 0x01, 0x40, 0x00, 0x00, 0x00, 0x00, 
    0x00, 0x00, 0x00, 0x00, 0x00, 0x00, 0x00, 0x00, 0xe5, 0x3a, 0x00, 0x00, 
    0x00, 0x00, 0x01, 0x00, 0x18, 0x7b, 0x01, 0x40, 0x00, 0x00, 0x00, 0x00, 
    0x00, 0x00, 0x00, 0x00, 0x00, 0x00, 0x00, 0x00, 0xe8, 0x3a, 0x00, 0x00, 
    0x00, 0x00, 0x01, 0x00, 0x30, 0x7b, 0x01, 0x40, 0x00, 0x00, 0x00, 0x00, 
    0x00, 0x00, 0x00, 0x00, 0x00, 0x00, 0x00, 0x00, 0xeb, 0x3a, 0x00, 0x00, 
    0x00, 0x00, 0x01, 0x00, 0x3c, 0x7b, 0x01, 0x40, 0x00, 0x00, 0x00, 0x00, 
    0x00, 0x00, 0x00, 0x00, 0x00, 0x00, 0x00, 0x00, 0xee, 0x3a, 0x00, 0x00, 
    0x00, 0x00, 0x01, 0x00, 0x48, 0x7b, 0x01, 0x40, 0x00, 0x00, 0x00, 0x00, 
    0x00, 0x00, 0x00, 0x00, 0x00, 0x00, 0x00, 0x00, 0xf1, 0x3a, 0x00, 0x00, 
    0x00, 0x00, 0x01, 0x00, 0x5c, 0x7b, 0x01, 0x40, 0x00, 0x00, 0x00, 0x00, 
    0x00, 0x00, 0x00, 0x00, 0x00, 0x00, 0x00, 0x00, 0xf4, 0x3a, 0x00, 0x00, 
    0x00, 0x00, 0x01, 0x00, 0x64, 0x7b, 0x01, 0x40, 0x00, 0x00, 0x00, 0x00, 
    0x00, 0x00, 0x00, 0x00, 0x00, 0x00, 0x00, 0x00, 0xf7, 0x3a, 0x00, 0x00, 
    0x00, 0x00, 0x01, 0x00, 0x6c, 0x7b, 0x01, 0x40, 0x00, 0x00, 0x00, 0x00, 
    0x00, 0x00, 0x00, 0x00, 0x00, 0x00, 0x00, 0x00, 0xfa, 0x3a, 0x00, 0x00, 
    0x00, 0x00, 0x01, 0x00, 0x84, 0x7b, 0x01, 0x40, 0x00, 0x00, 0x00, 0x00, 
    0x00, 0x00, 0x00, 0x00, 0x00, 0x00, 0x00, 0x00, 0xfd, 0x3a, 0x00, 0x00, 
    0x00, 0x00, 0x01, 0x00, 0x98, 0x7b, 0x01, 0x40, 0x00, 0x00, 0x00, 0x00, 
    0x00, 0x00, 0x00, 0x00, 0x00, 0x00, 0x00, 0x00, 0x00, 0x3b, 0x00, 0x00, 
    0x00, 0x00, 0x01, 0x00, 0xa0, 0x7b, 0x01, 0x40, 0x00, 0x00, 0x00, 0x00, 
    0x00, 0x00, 0x00, 0x00, 0x00, 0x00, 0x00, 0x00, 0x03, 0x3b, 0x00, 0x00, 
    0x00, 0x00, 0x01, 0x00, 0xb4, 0x7b, 0x01, 0x40, 0x00, 0x00, 0x00, 0x00, 
    0x00, 0x00, 0x00, 0x00, 0x00, 0x00, 0x00, 0x00, 0x06, 0x3b, 0x00, 0x00, 
    0x00, 0x00, 0x01, 0x00, 0xc8, 0x7b, 0x01, 0x40, 0x00, 0x00, 0x00, 0x00, 
    0x00, 0x00, 0x00, 0x00, 0x00, 0x00, 0x00, 0x00, 0x09, 0x3b, 0x00, 0x00, 
    0x00, 0x00, 0x01, 0x00, 0xdc, 0x7b, 0x01, 0x40, 0x00, 0x00, 0x00, 0x00, 
    0x00, 0x00, 0x00, 0x00, 0x00, 0x00, 0x00, 0x00, 0x0c, 0x3b, 0x00, 0x00, 
    0x00, 0x00, 0x01, 0x00, 0xe8, 0x7b, 0x01, 0x40, 0x00, 0x00, 0x00, 0x00, 
    0x00, 0x00, 0x00, 0x00, 0x00, 0x00, 0x00, 0x00, 0x0f, 0x3b, 0x00, 0x00, 
    0x00, 0x00, 0x01, 0x00, 0xf4, 0x7b, 0x01, 0x40, 0x00, 0x00, 0x00, 0x00, 
    0x00, 0x00, 0x00, 0x00, 0x00, 0x00, 0x00, 0x00, 0x12, 0x3b, 0x00, 0x00, 
    0x00, 0x00, 0x01, 0x00, 0x00, 0x7c, 0x01, 0x40, 0x00, 0x00, 0x00, 0x00, 
    0x00, 0x00, 0x00, 0x00, 0x00, 0x00, 0x00, 0x00, 0x15, 0x3b, 0x00, 0x00, 
    0x00, 0x00, 0x01, 0x00, 0x08, 0x7c, 0x01, 0x40, 0x00, 0x00, 0x00, 0x00, 
    0x00, 0x00, 0x00, 0x00, 0x00, 0x00, 0x00, 0x00, 0x18, 0x3b, 0x00, 0x00, 
    0x00, 0x00, 0x01, 0x00, 0x10, 0x7c, 0x01, 0x40, 0x00, 0x00, 0x00, 0x00, 
    0x00, 0x00, 0x00, 0x00, 0x00, 0x00, 0x00, 0x00, 0x1b, 0x3b, 0x00, 0x00, 
    0x00, 0x00, 0x01, 0x00, 0x20, 0x7c, 0x01, 0x40, 0x00, 0x00, 0x00, 0x00, 
    0x00, 0x00, 0x00, 0x00, 0x00, 0x00, 0x00, 0x00, 0x1e, 0x3b, 0x00, 0x00, 
    0x00, 0x00, 0x01, 0x00, 0x3c, 0x7c, 0x01, 0x40, 0x00, 0x00, 0x00, 0x00, 
    0x00, 0x00, 0x00, 0x00, 0x00, 0x00, 0x00, 0x00, 0x21, 0x3b, 0x00, 0x00, 
    0x00, 0x00, 0x01, 0x00, 0x44, 0x7c, 0x01, 0x40, 0x00, 0x00, 0x00, 0x00, 
    0x00, 0x00, 0x00, 0x00, 0x00, 0x00, 0x00, 0x00, 0x24, 0x3b, 0x00, 0x00, 
    0x00, 0x00, 0x01, 0x00, 0x4c, 0x7c, 0x01, 0x40, 0x00, 0x00, 0x00, 0x00, 
    0x00, 0x00, 0x00, 0x00, 0x00, 0x00, 0x00, 0x00, 0x27, 0x3b, 0x00, 0x00, 
    0x00, 0x00, 0x01, 0x00, 0x54, 0x7c, 0x01, 0x40, 0x00, 0x00, 0x00, 0x00, 
    0x00, 0x00, 0x00, 0x00, 0x00, 0x00, 0x00, 0x00, 0x2a, 0x3b, 0x00, 0x00, 
    0x00, 0x00, 0x01, 0x00, 0x64, 0x7c, 0x01, 0x40, 0x00, 0x00, 0x00, 0x00, 
    0x00, 0x00, 0x00, 0x00, 0x00, 0x00, 0x00, 0x00, 0x2d, 0x3b, 0x00, 0x00, 
    0x00, 0x00, 0x01, 0x00, 0x6c, 0x7c, 0x01, 0x40, 0x00, 0x00, 0x00, 0x00, 
    0x00, 0x00, 0x00, 0x00, 0x00, 0x00, 0x00, 0x00, 0x30, 0x3b, 0x00, 0x00, 
    0x00, 0x00, 0x01, 0x00, 0x7c, 0x7c, 0x01, 0x40, 0x00, 0x00, 0x00, 0x00, 
    0x00, 0x00, 0x00, 0x00, 0x00, 0x00, 0x00, 0x00, 0x33, 0x3b, 0x00, 0x00, 
    0x00, 0x00, 0x01, 0x00, 0x8c, 0x7c, 0x01, 0x40, 0x00, 0x00, 0x00, 0x00, 
    0x00, 0x00, 0x00, 0x00, 0x00, 0x00, 0x00, 0x00, 0x36, 0x3b, 0x00, 0x00, 
    0x00, 0x00, 0x01, 0x00, 0x9c, 0x7c, 0x01, 0x40, 0x00, 0x00, 0x00, 0x00, 
    0x00, 0x00, 0x00, 0x00, 0x00, 0x00, 0x00, 0x00, 0x39, 0x3b, 0x00, 0x00, 
    0x00, 0x00, 0x01, 0x00, 0xac, 0x7c, 0x01, 0x40, 0x00, 0x00, 0x00, 0x00, 
    0x00, 0x00, 0x00, 0x00, 0x00, 0x00, 0x00, 0x00, 0x3c, 0x3b, 0x00, 0x00, 
    0x00, 0x00, 0x01, 0x00, 0xc8, 0x7c, 0x01, 0x40, 0x00, 0x00, 0x00, 0x00, 
    0x00, 0x00, 0x00, 0x00, 0x00, 0x00, 0x00, 0x00, 0x3f, 0x3b, 0x00, 0x00, 
    0x00, 0x00, 0x01, 0x00, 0xe0, 0x7c, 0x01, 0x40, 0x00, 0x00, 0x00, 0x00, 
    0x00, 0x00, 0x00, 0x00, 0x00, 0x00, 0x00, 0x00, 0x42, 0x3b, 0x00, 0x00, 
    0x00, 0x00, 0x01, 0x00, 0xf8, 0x7c, 0x01, 0x40, 0x00, 0x00, 0x00, 0x00, 
    0x00, 0x00, 0x00, 0x00, 0x00, 0x00, 0x00, 0x00, 0x45, 0x3b, 0x00, 0x00, 
    0x00, 0x00, 0x01, 0x00, 0x04, 0x7d, 0x01, 0x40, 0x00, 0x00, 0x00, 0x00, 
    0x00, 0x00, 0x00, 0x00, 0x00, 0x00, 0x00, 0x00, 0x48, 0x3b, 0x00, 0x00, 
    0x00, 0x00, 0x01, 0x00, 0x10, 0x7d, 0x01, 0x40, 0x00, 0x00, 0x00, 0x00, 
    0x00, 0x00, 0x00, 0x00, 0x00, 0x00, 0x00, 0x00, 0x4b, 0x3b, 0x00, 0x00, 
    0x00, 0x00, 0x01, 0x00, 0x1c, 0x7d, 0x01, 0x40, 0x00, 0x00, 0x00, 0x00, 
    0x00, 0x00, 0x00, 0x00, 0x00, 0x00, 0x00, 0x00, 0x4e, 0x3b, 0x00, 0x00, 
    0x00, 0x00, 0x01, 0x00, 0x24, 0x7d, 0x01, 0x40, 0x00, 0x00, 0x00, 0x00, 
    0x00, 0x00, 0x00, 0x00, 0x00, 0x00, 0x00, 0x00, 0x51, 0x3b, 0x00, 0x00, 
    0x00, 0x00, 0x01, 0x00, 0x30, 0x7d, 0x01, 0x40, 0x00, 0x00, 0x00, 0x00, 
    0x00, 0x00, 0x00, 0x00, 0x00, 0x00, 0x00, 0x00, 0x54, 0x3b, 0x00, 0x00, 
    0x00, 0x00, 0x01, 0x00, 0x38, 0x7d, 0x01, 0x40, 0x00, 0x00, 0x00, 0x00, 
    0x00, 0x00, 0x00, 0x00, 0x00, 0x00, 0x00, 0x00, 0x57, 0x3b, 0x00, 0x00, 
    0x00, 0x00, 0x01, 0x00, 0x44, 0x7d, 0x01, 0x40, 0x00, 0x00, 0x00, 0x00, 
    0x00, 0x00, 0x00, 0x00, 0x00, 0x00, 0x00, 0x00, 0x5a, 0x3b, 0x00, 0x00, 
    0x00, 0x00, 0x01, 0x00, 0x50, 0x7d, 0x01, 0x40, 0x00, 0x00, 0x00, 0x00, 
    0x00, 0x00, 0x00, 0x00, 0x00, 0x00, 0x00, 0x00, 0x5d, 0x3b, 0x00, 0x00, 
    0x00, 0x00, 0x01, 0x00, 0x5c, 0x7d, 0x01, 0x40, 0x00, 0x00, 0x00, 0x00, 
    0x00, 0x00, 0x00, 0x00, 0x00, 0x00, 0x00, 0x00, 0x60, 0x3b, 0x00, 0x00, 
    0x00, 0x00, 0x01, 0x00, 0x68, 0x7d, 0x01, 0x40, 0x00, 0x00, 0x00, 0x00, 
    0x00, 0x00, 0x00, 0x00, 0x00, 0x00, 0x00, 0x00, 0x63, 0x3b, 0x00, 0x00, 
    0x00, 0x00, 0x01, 0x00, 0x70, 0x7d, 0x01, 0x40, 0x00, 0x00, 0x00, 0x00, 
    0x00, 0x00, 0x00, 0x00, 0x00, 0x00, 0x00, 0x00, 0x66, 0x3b, 0x00, 0x00, 
    0x00, 0x00, 0x01, 0x00, 0x7c, 0x7d, 0x01, 0x40, 0x00, 0x00, 0x00, 0x00, 
    0x00, 0x00, 0x00, 0x00, 0x00, 0x00, 0x00, 0x00, 0x69, 0x3b, 0x00, 0x00, 
    0x00, 0x00, 0x01, 0x00, 0x84, 0x7d, 0x01, 0x40, 0x00, 0x00, 0x00, 0x00, 
    0x00, 0x00, 0x00, 0x00, 0x00, 0x00, 0x00, 0x00, 0x6c, 0x3b, 0x00, 0x00, 
    0x00, 0x00, 0x01, 0x00, 0x90, 0x7d, 0x01, 0x40, 0x00, 0x00, 0x00, 0x00, 
    0x00, 0x00, 0x00, 0x00, 0x00, 0x00, 0x00, 0x00, 0x6f, 0x3b, 0x00, 0x00, 
    0x00, 0x00, 0x01, 0x00, 0x98, 0x7d, 0x01, 0x40, 0x00, 0x00, 0x00, 0x00, 
    0x00, 0x00, 0x00, 0x00, 0x00, 0x00, 0x00, 0x00, 0x72, 0x3b, 0x00, 0x00, 
    0x00, 0x00, 0x01, 0x00, 0xa0, 0x7d, 0x01, 0x40, 0x00, 0x00, 0x00, 0x00, 
    0x00, 0x00, 0x00, 0x00, 0x00, 0x00, 0x00, 0x00, 0x75, 0x3b, 0x00, 0x00, 
    0x00, 0x00, 0x01, 0x00, 0xa8, 0x7d, 0x01, 0x40, 0x00, 0x00, 0x00, 0x00, 
    0x00, 0x00, 0x00, 0x00, 0x00, 0x00, 0x00, 0x00, 0x78, 0x3b, 0x00, 0x00, 
    0x00, 0x00, 0x01, 0x00, 0xb4, 0x7d, 0x01, 0x40, 0x00, 0x00, 0x00, 0x00, 
    0x00, 0x00, 0x00, 0x00, 0x00, 0x00, 0x00, 0x00, 0x7b, 0x3b, 0x00, 0x00, 
    0x00, 0x00, 0x01, 0x00, 0xc0, 0x7d, 0x01, 0x40, 0x00, 0x00, 0x00, 0x00, 
    0x00, 0x00, 0x00, 0x00, 0x00, 0x00, 0x00, 0x00, 0x7e, 0x3b, 0x00, 0x00, 
    0x00, 0x00, 0x01, 0x00, 0xc8, 0x7d, 0x01, 0x40, 0x00, 0x00, 0x00, 0x00, 
    0x00, 0x00, 0x00, 0x00, 0x00, 0x00, 0x00, 0x00, 0x81, 0x3b, 0x00, 0x00, 
    0x00, 0x00, 0x01, 0x00, 0xd0, 0x7d, 0x01, 0x40, 0x00, 0x00, 0x00, 0x00, 
    0x00, 0x00, 0x00, 0x00, 0x00, 0x00, 0x00, 0x00, 0x84, 0x3b, 0x00, 0x00, 
    0x00, 0x00, 0x01, 0x00, 0xdc, 0x7d, 0x01, 0x40, 0x00, 0x00, 0x00, 0x00, 
    0x00, 0x00, 0x00, 0x00, 0x00, 0x00, 0x00, 0x00, 0x87, 0x3b, 0x00, 0x00, 
    0x00, 0x00, 0x01, 0x00, 0xe8, 0x7d, 0x01, 0x40, 0x00, 0x00, 0x00, 0x00, 
    0x00, 0x00, 0x00, 0x00, 0x00, 0x00, 0x00, 0x00, 0x8a, 0x3b, 0x00, 0x00, 
    0x00, 0x00, 0x01, 0x00, 0xf4, 0x7d, 0x01, 0x40, 0x00, 0x00, 0x00, 0x00, 
    0x00, 0x00, 0x00, 0x00, 0x00, 0x00, 0x00, 0x00, 0x8d, 0x3b, 0x00, 0x00, 
    0x00, 0x00, 0x01, 0x00, 0xfc, 0x7d, 0x01, 0x40, 0x00, 0x00, 0x00, 0x00, 
    0x00, 0x00, 0x00, 0x00, 0x00, 0x00, 0x00, 0x00, 0x90, 0x3b, 0x00, 0x00, 
    0x00, 0x00, 0x01, 0x00, 0x08, 0x7e, 0x01, 0x40, 0x00, 0x00, 0x00, 0x00, 
    0x00, 0x00, 0x00, 0x00, 0x00, 0x00, 0x00, 0x00, 0x93, 0x3b, 0x00, 0x00, 
    0x00, 0x00, 0x01, 0x00, 0x14, 0x7e, 0x01, 0x40, 0x00, 0x00, 0x00, 0x00, 
    0x00, 0x00, 0x00, 0x00, 0x00, 0x00, 0x00, 0x00, 0x96, 0x3b, 0x00, 0x00, 
    0x00, 0x00, 0x01, 0x00, 0x1c, 0x7e, 0x01, 0x40, 0x00, 0x00, 0x00, 0x00, 
    0x00, 0x00, 0x00, 0x00, 0x00, 0x00, 0x00, 0x00, 0x99, 0x3b, 0x00, 0x00, 
    0x00, 0x00, 0x01, 0x00, 0x24, 0x7e, 0x01, 0x40, 0x00, 0x00, 0x00, 0x00, 
    0x00, 0x00, 0x00, 0x00, 0x00, 0x00, 0x00, 0x00, 0x9c, 0x3b, 0x00, 0x00, 
    0x00, 0x00, 0x01, 0x00, 0x38, 0x7e, 0x01, 0x40, 0x00, 0x00, 0x00, 0x00, 
    0x00, 0x00, 0x00, 0x00, 0x00, 0x00, 0x00, 0x00, 0x9f, 0x3b, 0x00, 0x00, 
    0x00, 0x00, 0x01, 0x00, 0x4c, 0x7e, 0x01, 0x40, 0x00, 0x00, 0x00, 0x00, 
    0x00, 0x00, 0x00, 0x00, 0x00, 0x00, 0x00, 0x00, 0xa2, 0x3b, 0x00, 0x00, 
    0x00, 0x00, 0x01, 0x00, 0x60, 0x7e, 0x01, 0x40, 0x00, 0x00, 0x00, 0x00, 
    0x00, 0x00, 0x00, 0x00, 0x00, 0x00, 0x00, 0x00, 0xa5, 0x3b, 0x00, 0x00, 
    0x00, 0x00, 0x01, 0x00, 0x74, 0x7e, 0x01, 0x40, 0x00, 0x00, 0x00, 0x00, 
    0x00, 0x00, 0x00, 0x00, 0x00, 0x00, 0x00, 0x00, 0xa8, 0x3b, 0x00, 0x00, 
    0x00, 0x00, 0x01, 0x00, 0x88, 0x7e, 0x01, 0x40, 0x00, 0x00, 0x00, 0x00, 
    0x00, 0x00, 0x00, 0x00, 0x00, 0x00, 0x00, 0x00, 0xab, 0x3b, 0x00, 0x00, 
    0x00, 0x00, 0x01, 0x00, 0x9c, 0x7e, 0x01, 0x40, 0x00, 0x00, 0x00, 0x00, 
    0x00, 0x00, 0x00, 0x00, 0x00, 0x00, 0x00, 0x00, 0xae, 0x3b, 0x00, 0x00, 
    0x00, 0x00, 0x01, 0x00, 0xb0, 0x7e, 0x01, 0x40, 0x00, 0x00, 0x00, 0x00, 
    0x00, 0x00, 0x00, 0x00, 0x00, 0x00, 0x00, 0x00, 0xb1, 0x3b, 0x00, 0x00, 
    0x00, 0x00, 0x01, 0x00, 0xc8, 0x7e, 0x01, 0x40, 0x00, 0x00, 0x00, 0x00, 
    0x00, 0x00, 0x00, 0x00, 0x00, 0x00, 0x00, 0x00, 0xb4, 0x3b, 0x00, 0x00, 
    0x00, 0x00, 0x02, 0x00, 0x56, 0x90, 0x01, 0x40, 0x00, 0x00, 0x00, 0x00, 
    0x00, 0x00, 0x00, 0x00, 0x00, 0x00, 0x00, 0x00, 0xb7, 0x3b, 0x00, 0x00, 
    0x00, 0x00, 0x02, 0x00, 0x61, 0x90, 0x01, 0x40, 0x00, 0x00, 0x00, 0x00, 
    0x00, 0x00, 0x00, 0x00, 0x00, 0x00, 0x00, 0x00, 0xba, 0x3b, 0x00, 0x00, 
    0x00, 0x00, 0x02, 0x00, 0xa2, 0x90, 0x01, 0x40, 0x00, 0x00, 0x00, 0x00, 
    0x00, 0x00, 0x00, 0x00, 0x00, 0x00, 0x00, 0x00, 0xbd, 0x3b, 0x00, 0x00, 
    0x00, 0x00, 0x02, 0x00, 0xba, 0x90, 0x01, 0x40, 0x00, 0x00, 0x00, 0x00, 
    0x00, 0x00, 0x00, 0x00, 0x00, 0x00, 0x00, 0x00, 0xc0, 0x3b, 0x00, 0x00, 
    0x00, 0x00, 0x02, 0x00, 0xc9, 0x90, 0x01, 0x40, 0x00, 0x00, 0x00, 0x00, 
    0x00, 0x00, 0x00, 0x00, 0x00, 0x00, 0x00, 0x00, 0xc3, 0x3b, 0x00, 0x00, 
    0x00, 0x00, 0x02, 0x00, 0xce, 0x90, 0x01, 0x40, 0x00, 0x00, 0x00, 0x00, 
    0x00, 0x00, 0x00, 0x00, 0x00, 0x00, 0x00, 0x00, 0xc6, 0x3b, 0x00, 0x00, 
    0x00, 0x00, 0x02, 0x00, 0xd8, 0x90, 0x01, 0x40, 0x00, 0x00, 0x00, 0x00, 
    0x00, 0x00, 0x00, 0x00, 0x00, 0x00, 0x00, 0x00, 0xc9, 0x3b, 0x00, 0x00, 
    0x00, 0x00, 0x02, 0x00, 0xf0, 0x90, 0x01, 0x40, 0x00, 0x00, 0x00, 0x00, 
    0x00, 0x00, 0x00, 0x00, 0x00, 0x00, 0x00, 0x00, 0xcc, 0x3b, 0x00, 0x00, 
    0x00, 0x00, 0x02, 0x00, 0xfb, 0x90, 0x01, 0x40, 0x00, 0x00, 0x00, 0x00, 
    0x00, 0x00, 0x00, 0x00, 0x00, 0x00, 0x00, 0x00, 0xcf, 0x3b, 0x00, 0x00, 
    0x00, 0x00, 0x02, 0x00, 0x04, 0x91, 0x01, 0x40, 0x00, 0x00, 0x00, 0x00, 
    0x00, 0x00, 0x00, 0x00, 0x00, 0x00, 0x00, 0x00, 0xd2, 0x3b, 0x00, 0x00, 
    0x00, 0x00, 0x02, 0x00, 0x12, 0x91, 0x01, 0x40, 0x00, 0x00, 0x00, 0x00, 
    0x00, 0x00, 0x00, 0x00, 0x00, 0x00, 0x00, 0x00, 0xd5, 0x3b, 0x00, 0x00, 
    0x00, 0x00, 0x02, 0x00, 0x24, 0x91, 0x01, 0x40, 0x00, 0x00, 0x00, 0x00, 
    0x00, 0x00, 0x00, 0x00, 0x00, 0x00, 0x00, 0x00, 0xd8, 0x3b, 0x00, 0x00, 
    0x00, 0x00, 0x02, 0x00, 0x35, 0x91, 0x01, 0x40, 0x00, 0x00, 0x00, 0x00, 
    0x00, 0x00, 0x00, 0x00, 0x00, 0x00, 0x00, 0x00, 0xdb, 0x3b, 0x00, 0x00, 
    0x00, 0x00, 0x02, 0x00, 0x44, 0x91, 0x01, 0x40, 0x00, 0x00, 0x00, 0x00, 
    0x00, 0x00, 0x00, 0x00, 0x00, 0x00, 0x00, 0x00, 0xde, 0x3b, 0x00, 0x00, 
    0x00, 0x00, 0x02, 0x00, 0x55, 0x91, 0x01, 0x40, 0x00, 0x00, 0x00, 0x00, 
    0x00, 0x00, 0x00, 0x00, 0x00, 0x00, 0x00, 0x00, 0xe1, 0x3b, 0x00, 0x00, 
    0x00, 0x00, 0x02, 0x00, 0x61, 0x91, 0x01, 0x40, 0x00, 0x00, 0x00, 0x00, 
    0x00, 0x00, 0x00, 0x00, 0x00, 0x00, 0x00, 0x00, 0xe4, 0x3b, 0x00, 0x00, 
    0x00, 0x00, 0x02, 0x00, 0x68, 0x91, 0x01, 0x40, 0x00, 0x00, 0x00, 0x00, 
    0x00, 0x00, 0x00, 0x00, 0x00, 0x00, 0x00, 0x00, 0xe7, 0x3b, 0x00, 0x00, 
    0x00, 0x00, 0x02, 0x00, 0x80, 0x91, 0x01, 0x40, 0x00, 0x00, 0x00, 0x00, 
    0x00, 0x00, 0x00, 0x00, 0x00, 0x00, 0x00, 0x00, 0xea, 0x3b, 0x00, 0x00, 
    0x00, 0x00, 0x02, 0x00, 0x98, 0x91, 0x01, 0x40, 0x00, 0x00, 0x00, 0x00, 
    0x00, 0x00, 0x00, 0x00, 0x00, 0x00, 0x00, 0x00, 0xed, 0x3b, 0x00, 0x00, 
    0x00, 0x00, 0x02, 0x00, 0xa8, 0x91, 0x01, 0x40, 0x00, 0x00, 0x00, 0x00, 
    0x00, 0x00, 0x00, 0x00, 0x00, 0x00, 0x00, 0x00, 0xf0, 0x3b, 0x00, 0x00, 
    0x00, 0x00, 0x02, 0x00, 0xc0, 0x91, 0x01, 0x40, 0x00, 0x00, 0x00, 0x00, 
    0x00, 0x00, 0x00, 0x00, 0x00, 0x00, 0x00, 0x00, 0xf3, 0x3b, 0x00, 0x00, 
    0x00, 0x00, 0x02, 0x00, 0xd8, 0x91, 0x01, 0x40, 0x00, 0x00, 0x00, 0x00, 
    0x00, 0x00, 0x00, 0x00, 0x00, 0x00, 0x00, 0x00, 0xf6, 0x3b, 0x00, 0x00, 
    0x00, 0x00, 0x02, 0x00, 0xf0, 0x91, 0x01, 0x40, 0x00, 0x00, 0x00, 0x00, 
    0x00, 0x00, 0x00, 0x00, 0x00, 0x00, 0x00, 0x00, 0xf9, 0x3b, 0x00, 0x00, 
    0x00, 0x00, 0x02, 0x00, 0xf8, 0x91, 0x01, 0x40, 0x00, 0x00, 0x00, 0x00, 
    0x00, 0x00, 0x00, 0x00, 0x00, 0x00, 0x00, 0x00, 0xfc, 0x3b, 0x00, 0x00, 
    0x00, 0x00, 0x02, 0x00, 0x10, 0x92, 0x01, 0x40, 0x00, 0x00, 0x00, 0x00, 
    0x00, 0x00, 0x00, 0x00, 0x00, 0x00, 0x00, 0x00, 0xff, 0x3b, 0x00, 0x00, 
    0x00, 0x00, 0x02, 0x00, 0x28, 0x92, 0x01, 0x40, 0x00, 0x00, 0x00, 0x00, 
    0x00, 0x00, 0x00, 0x00, 0x00, 0x00, 0x00, 0x00, 0x02, 0x3c, 0x00, 0x00, 
    0x00, 0x00, 0x02, 0x00, 0x40, 0x92, 0x01, 0x40, 0x00, 0x00, 0x00, 0x00, 
    0x00, 0x00, 0x00, 0x00, 0x00, 0x00, 0x00, 0x00, 0x05, 0x3c, 0x00, 0x00, 
    0x00, 0x00, 0x02, 0x00, 0x58, 0x92, 0x01, 0x40, 0x00, 0x00, 0x00, 0x00, 
    0x00, 0x00, 0x00, 0x00, 0x00, 0x00, 0x00, 0x00, 0x08, 0x3c, 0x00, 0x00, 
    0x00, 0x00, 0x02, 0x00, 0x70, 0x92, 0x01, 0x40, 0x00, 0x00, 0x00, 0x00, 
    0x00, 0x00, 0x00, 0x00, 0x00, 0x00, 0x00, 0x00, 0x0b, 0x3c, 0x00, 0x00, 
    0x00, 0x00, 0x02, 0x00, 0x88, 0x92, 0x01, 0x40, 0x00, 0x00, 0x00, 0x00, 
    0x00, 0x00, 0x00, 0x00, 0x00, 0x00, 0x00, 0x00, 0x0e, 0x3c, 0x00, 0x00, 
    0x00, 0x00, 0x02, 0x00, 0xa0, 0x92, 0x01, 0x40, 0x00, 0x00, 0x00, 0x00, 
    0x00, 0x00, 0x00, 0x00, 0x00, 0x00, 0x00, 0x00, 0x11, 0x3c, 0x00, 0x00, 
    0x00, 0x00, 0x02, 0x00, 0xb8, 0x92, 0x01, 0x40, 0x00, 0x00, 0x00, 0x00, 
    0x00, 0x00, 0x00, 0x00, 0x00, 0x00, 0x00, 0x00, 0x14, 0x3c, 0x00, 0x00, 
    0x00, 0x00, 0x02, 0x00, 0xd0, 0x92, 0x01, 0x40, 0x00, 0x00, 0x00, 0x00, 
    0x00, 0x00, 0x00, 0x00, 0x00, 0x00, 0x00, 0x00, 0x17, 0x3c, 0x00, 0x00, 
    0x00, 0x00, 0x02, 0x00, 0xe8, 0x92, 0x01, 0x40, 0x00, 0x00, 0x00, 0x00, 
    0x00, 0x00, 0x00, 0x00, 0x00, 0x00, 0x00, 0x00, 0x1a, 0x3c, 0x00, 0x00, 
    0x00, 0x00, 0x02, 0x00, 0x00, 0x93, 0x01, 0x40, 0x00, 0x00, 0x00, 0x00, 
    0x00, 0x00, 0x00, 0x00, 0x00, 0x00, 0x00, 0x00, 0x1d, 0x3c, 0x00, 0x00, 
    0x00, 0x00, 0x02, 0x00, 0x18, 0x93, 0x01, 0x40, 0x00, 0x00, 0x00, 0x00, 
    0x00, 0x00, 0x00, 0x00, 0x00, 0x00, 0x00, 0x00, 0x20, 0x3c, 0x00, 0x00, 
    0x00, 0x00, 0x02, 0x00, 0x30, 0x93, 0x01, 0x40, 0x00, 0x00, 0x00, 0x00, 
    0x00, 0x00, 0x00, 0x00, 0x00, 0x00, 0x00, 0x00, 0x23, 0x3c, 0x00, 0x00, 
    0x00, 0x00, 0x02, 0x00, 0x48, 0x93, 0x01, 0x40, 0x00, 0x00, 0x00, 0x00, 
    0x00, 0x00, 0x00, 0x00, 0x00, 0x00, 0x00, 0x00, 0x26, 0x3c, 0x00, 0x00, 
    0x00, 0x00, 0x02, 0x00, 0x60, 0x93, 0x01, 0x40, 0x00, 0x00, 0x00, 0x00, 
    0x00, 0x00, 0x00, 0x00, 0x00, 0x00, 0x00, 0x00, 0x29, 0x3c, 0x00, 0x00, 
    0x00, 0x00, 0x02, 0x00, 0x78, 0x93, 0x01, 0x40, 0x00, 0x00, 0x00, 0x00, 
    0x00, 0x00, 0x00, 0x00, 0x00, 0x00, 0x00, 0x00, 0x2c, 0x3c, 0x00, 0x00, 
    0x00, 0x00, 0x02, 0x00, 0x90, 0x93, 0x01, 0x40, 0x00, 0x00, 0x00, 0x00, 
    0x00, 0x00, 0x00, 0x00, 0x00, 0x00, 0x00, 0x00, 0x2f, 0x3c, 0x00, 0x00, 
    0x00, 0x00, 0x02, 0x00, 0xa8, 0x93, 0x01, 0x40, 0x00, 0x00, 0x00, 0x00, 
    0x00, 0x00, 0x00, 0x00, 0x00, 0x00, 0x00, 0x00, 0x32, 0x3c, 0x00, 0x00, 
    0x00, 0x00, 0x02, 0x00, 0xc0, 0x93, 0x01, 0x40, 0x00, 0x00, 0x00, 0x00, 
    0x00, 0x00, 0x00, 0x00, 0x00, 0x00, 0x00, 0x00, 0x35, 0x3c, 0x00, 0x00, 
    0x00, 0x00, 0x02, 0x00, 0xd8, 0x93, 0x01, 0x40, 0x00, 0x00, 0x00, 0x00, 
    0x00, 0x00, 0x00, 0x00, 0x00, 0x00, 0x00, 0x00, 0x38, 0x3c, 0x00, 0x00, 
    0x00, 0x00, 0x02, 0x00, 0xf0, 0x93, 0x01, 0x40, 0x00, 0x00, 0x00, 0x00, 
    0x00, 0x00, 0x00, 0x00, 0x00, 0x00, 0x00, 0x00, 0x3b, 0x3c, 0x00, 0x00, 
    0x00, 0x00, 0x02, 0x00, 0x03, 0x94, 0x01, 0x40, 0x00, 0x00, 0x00, 0x00, 
    0x00, 0x00, 0x00, 0x00, 0x00, 0x00, 0x00, 0x00, 0x3e, 0x3c, 0x00, 0x00, 
    0x00, 0x00, 0x02, 0x00, 0x0d, 0x94, 0x01, 0x40, 0x00, 0x00, 0x00, 0x00, 
    0x00, 0x00, 0x00, 0x00, 0x00, 0x00, 0x00, 0x00, 0x41, 0x3c, 0x00, 0x00, 
    0x00, 0x00, 0x02, 0x00, 0x1b, 0x94, 0x01, 0x40, 0x00, 0x00, 0x00, 0x00, 
    0x00, 0x00, 0x00, 0x00, 0x00, 0x00, 0x00, 0x00, 0x44, 0x3c, 0x00, 0x00, 
    0x00, 0x00, 0x02, 0x00, 0x22, 0x94, 0x01, 0x40, 0x00, 0x00, 0x00, 0x00, 
    0x00, 0x00, 0x00, 0x00, 0x00, 0x00, 0x00, 0x00, 0x47, 0x3c, 0x00, 0x00, 
    0x00, 0x00, 0x02, 0x00, 0x29, 0x94, 0x01, 0x40, 0x00, 0x00, 0x00, 0x00, 
    0x00, 0x00, 0x00, 0x00, 0x00, 0x00, 0x00, 0x00, 0x4a, 0x3c, 0x00, 0x00, 
    0x00, 0x00, 0x02, 0x00, 0x34, 0x94, 0x01, 0x40, 0x00, 0x00, 0x00, 0x00, 
    0x00, 0x00, 0x00, 0x00, 0x00, 0x00, 0x00, 0x00, 0x4d, 0x3c, 0x00, 0x00, 
    0x00, 0x00, 0x02, 0x00, 0x3e, 0x94, 0x01, 0x40, 0x00, 0x00, 0x00, 0x00, 
    0x00, 0x00, 0x00, 0x00, 0x00, 0x00, 0x00, 0x00, 0x50, 0x3c, 0x00, 0x00, 
    0x00, 0x00, 0x02, 0x00, 0x48, 0x94, 0x01, 0x40, 0x00, 0x00, 0x00, 0x00, 
    0x00, 0x00, 0x00, 0x00, 0x00, 0x00, 0x00, 0x00, 0x53, 0x3c, 0x00, 0x00, 
    0x00, 0x00, 0x02, 0x00, 0x54, 0x94, 0x01, 0x40, 0x00, 0x00, 0x00, 0x00, 
    0x00, 0x00, 0x00, 0x00, 0x00, 0x00, 0x00, 0x00, 0x56, 0x3c, 0x00, 0x00, 
    0x00, 0x00, 0x02, 0x00, 0x59, 0x94, 0x01, 0x40, 0x00, 0x00, 0x00, 0x00, 
    0x00, 0x00, 0x00, 0x00, 0x00, 0x00, 0x00, 0x00, 0x59, 0x3c, 0x00, 0x00, 
    0x00, 0x00, 0x02, 0x00, 0x70, 0x94, 0x01, 0x40, 0x00, 0x00, 0x00, 0x00, 
    0x00, 0x00, 0x00, 0x00, 0x00, 0x00, 0x00, 0x00, 0x5c, 0x3c, 0x00, 0x00, 
    0x00, 0x00, 0x02, 0x00, 0x88, 0x94, 0x01, 0x40, 0x00, 0x00, 0x00, 0x00, 
    0x00, 0x00, 0x00, 0x00, 0x00, 0x00, 0x00, 0x00, 0x5f, 0x3c, 0x00, 0x00, 
    0x00, 0x00, 0x02, 0x00, 0x68, 0x95, 0x01, 0x40, 0x00, 0x00, 0x00, 0x00, 
    0x00, 0x00, 0x00, 0x00, 0x00, 0x00, 0x00, 0x00, 0x62, 0x3c, 0x00, 0x00, 
    0x00, 0x00, 0x02, 0x00, 0xfc, 0x98, 0x01, 0x40, 0x00, 0x00, 0x00, 0x00, 
    0x00, 0x00, 0x00, 0x00, 0x00, 0x00, 0x00, 0x00, 0x65, 0x3c, 0x00, 0x00, 
    0x00, 0x00, 0x02, 0x00, 0x08, 0x9c, 0x01, 0x40, 0x00, 0x00, 0x00, 0x00, 
    0x00, 0x00, 0x00, 0x00, 0x00, 0x00, 0x00, 0x00, 0x68, 0x3c, 0x00, 0x00, 
    0x00, 0x00, 0x02, 0x00, 0x20, 0x9c, 0x01, 0x40, 0x00, 0x00, 0x00, 0x00, 
    0x00, 0x00, 0x00, 0x00, 0x00, 0x00, 0x00, 0x00, 0x6b, 0x3c, 0x00, 0x00, 
    0x00, 0x00, 0x02, 0x00, 0x38, 0x9c, 0x01, 0x40, 0x00, 0x00, 0x00, 0x00, 
    0x00, 0x00, 0x00, 0x00, 0x00, 0x00, 0x00, 0x00, 0x6e, 0x3c, 0x00, 0x00, 
    0x00, 0x00, 0x02, 0x00, 0x50, 0x9c, 0x01, 0x40, 0x00, 0x00, 0x00, 0x00, 
    0x00, 0x00, 0x00, 0x00, 0x00, 0x00, 0x00, 0x00, 0x71, 0x3c, 0x00, 0x00, 
    0x00, 0x00, 0x02, 0x00, 0x68, 0x9c, 0x01, 0x40, 0x00, 0x00, 0x00, 0x00, 
    0x00, 0x00, 0x00, 0x00, 0x00, 0x00, 0x00, 0x00, 0x74, 0x3c, 0x00, 0x00, 
    0x00, 0x00, 0x02, 0x00, 0x80, 0x9c, 0x01, 0x40, 0x00, 0x00, 0x00, 0x00, 
    0x00, 0x00, 0x00, 0x00, 0x00, 0x00, 0x00, 0x00, 0x77, 0x3c, 0x00, 0x00, 
    0x00, 0x00, 0x02, 0x00, 0x98, 0x9c, 0x01, 0x40, 0x00, 0x00, 0x00, 0x00, 
    0x00, 0x00, 0x00, 0x00, 0x00, 0x00, 0x00, 0x00, 0x7a, 0x3c, 0x00, 0x00, 
    0x00, 0x00, 0x02, 0x00, 0xb0, 0x9c, 0x01, 0x40, 0x00, 0x00, 0x00, 0x00, 
    0x00, 0x00, 0x00, 0x00, 0x00, 0x00, 0x00, 0x00, 0x7d, 0x3c, 0x00, 0x00, 
    0x00, 0x00, 0x02, 0x00, 0xc8, 0x9c, 0x01, 0x40, 0x00, 0x00, 0x00, 0x00, 
    0x00, 0x00, 0x00, 0x00, 0x00, 0x00, 0x00, 0x00, 0x80, 0x3c, 0x00, 0x00, 
    0x00, 0x00, 0x02, 0x00, 0xe0, 0x9c, 0x01, 0x40, 0x00, 0x00, 0x00, 0x00, 
    0x00, 0x00, 0x00, 0x00, 0x00, 0x00, 0x00, 0x00, 0x83, 0x3c, 0x00, 0x00, 
    0x00, 0x00, 0x02, 0x00, 0xf8, 0x9c, 0x01, 0x40, 0x00, 0x00, 0x00, 0x00, 
    0x00, 0x00, 0x00, 0x00, 0x00, 0x00, 0x00, 0x00, 0x86, 0x3c, 0x00, 0x00, 
    0x00, 0x00, 0x02, 0x00, 0x10, 0x9d, 0x01, 0x40, 0x00, 0x00, 0x00, 0x00, 
    0x00, 0x00, 0x00, 0x00, 0x00, 0x00, 0x00, 0x00, 0x89, 0x3c, 0x00, 0x00, 
    0x00, 0x00, 0x02, 0x00, 0x28, 0x9d, 0x01, 0x40, 0x00, 0x00, 0x00, 0x00, 
    0x00, 0x00, 0x00, 0x00, 0x00, 0x00, 0x00, 0x00, 0x8c, 0x3c, 0x00, 0x00, 
    0x00, 0x00, 0x02, 0x00, 0xf0, 0x9d, 0x01, 0x40, 0x00, 0x00, 0x00, 0x00, 
    0x00, 0x00, 0x00, 0x00, 0x00, 0x00, 0x00, 0x00, 0x8f, 0x3c, 0x00, 0x00, 
    0x00, 0x00, 0x02, 0x00, 0x09, 0x9e, 0x01, 0x40, 0x00, 0x00, 0x00, 0x00, 
    0x00, 0x00, 0x00, 0x00, 0x00, 0x00, 0x00, 0x00, 0x92, 0x3c, 0x00, 0x00, 
    0x00, 0x00, 0x02, 0x00, 0x48, 0x9e, 0x01, 0x40, 0x00, 0x00, 0x00, 0x00, 
    0x00, 0x00, 0x00, 0x00, 0x00, 0x00, 0x00, 0x00, 0x95, 0x3c, 0x00, 0x00, 
    0x00, 0x00, 0x02, 0x00, 0x60, 0x9e, 0x01, 0x40, 0x00, 0x00, 0x00, 0x00, 
    0x00, 0x00, 0x00, 0x00, 0x00, 0x00, 0x00, 0x00, 0x98, 0x3c, 0x00, 0x00, 
    0x00, 0x00, 0x02, 0x00, 0x60, 0x9f, 0x01, 0x40, 0x00, 0x00, 0x00, 0x00, 
    0x00, 0x00, 0x00, 0x00, 0x00, 0x00, 0x00, 0x00, 0x9b, 0x3c, 0x00, 0x00, 
    0x00, 0x00, 0x02, 0x00, 0x8b, 0x9f, 0x01, 0x40, 0x00, 0x00, 0x00, 0x00, 
    0x00, 0x00, 0x00, 0x00, 0x00, 0x00, 0x00, 0x00, 0x9e, 0x3c, 0x00, 0x00, 
    0x00, 0x00, 0x02, 0x00, 0x9c, 0x9f, 0x01, 0x40, 0x00, 0x00, 0x00, 0x00, 
    0x00, 0x00, 0x00, 0x00, 0x00, 0x00, 0x00, 0x00, 0xa1, 0x3c, 0x00, 0x00, 
    0x00, 0x00, 0x02, 0x00, 0xa5, 0x9f, 0x01, 0x40, 0x00, 0x00, 0x00, 0x00, 
    0x00, 0x00, 0x00, 0x00, 0x00, 0x00, 0x00, 0x00, 0xa4, 0x3c, 0x00, 0x00, 
    0x00, 0x00, 0x02, 0x00, 0xb4, 0x9f, 0x01, 0x40, 0x00, 0x00, 0x00, 0x00, 
    0x00, 0x00, 0x00, 0x00, 0x00, 0x00, 0x00, 0x00, 0xa7, 0x3c, 0x00, 0x00, 
    0x00, 0x00, 0x02, 0x00, 0xbf, 0x9f, 0x01, 0x40, 0x00, 0x00, 0x00, 0x00, 
    0x00, 0x00, 0x00, 0x00, 0x00, 0x00, 0x00, 0x00, 0xaa, 0x3c, 0x00, 0x00, 
    0x00, 0x00, 0x02, 0x00, 0xc8, 0x9f, 0x01, 0x40, 0x00, 0x00, 0x00, 0x00, 
    0x00, 0x00, 0x00, 0x00, 0x00, 0x00, 0x00, 0x00, 0xad, 0x3c, 0x00, 0x00, 
    0x00, 0x00, 0x02, 0x00, 0xd6, 0x9f, 0x01, 0x40, 0x00, 0x00, 0x00, 0x00, 
    0x00, 0x00, 0x00, 0x00, 0x00, 0x00, 0x00, 0x00, 0xb0, 0x3c, 0x00, 0x00, 
    0x00, 0x00, 0x02, 0x00, 0xe7, 0x9f, 0x01, 0x40, 0x00, 0x00, 0x00, 0x00, 
    0x00, 0x00, 0x00, 0x00, 0x00, 0x00, 0x00, 0x00, 0xb3, 0x3c, 0x00, 0x00, 
    0x00, 0x00, 0x02, 0x00, 0xfa, 0x9f, 0x01, 0x40, 0x00, 0x00, 0x00, 0x00, 
    0x00, 0x00, 0x00, 0x00, 0x00, 0x00, 0x00, 0x00, 0xb6, 0x3c, 0x00, 0x00, 
    0x00, 0x00, 0x02, 0x00, 0x0c, 0xa0, 0x01, 0x40, 0x00, 0x00, 0x00, 0x00, 
    0x00, 0x00, 0x00, 0x00, 0x00, 0x00, 0x00, 0x00, 0xb9, 0x3c, 0x00, 0x00, 
    0x00, 0x00, 0x02, 0x00, 0x17, 0xa0, 0x01, 0x40, 0x00, 0x00, 0x00, 0x00, 
    0x00, 0x00, 0x00, 0x00, 0x00, 0x00, 0x00, 0x00, 0xbc, 0x3c, 0x00, 0x00, 
    0x00, 0x00, 0x02, 0x00, 0x24, 0xa0, 0x01, 0x40, 0x00, 0x00, 0x00, 0x00, 
    0x00, 0x00, 0x00, 0x00, 0x00, 0x00, 0x00, 0x00, 0xbf, 0x3c, 0x00, 0x00, 
    0x00, 0x00, 0x02, 0x00, 0x31, 0xa0, 0x01, 0x40, 0x00, 0x00, 0x00, 0x00, 
    0x00, 0x00, 0x00, 0x00, 0x00, 0x00, 0x00, 0x00, 0xc2, 0x3c, 0x00, 0x00, 
    0x00, 0x00, 0x02, 0x00, 0x3c, 0xa0, 0x01, 0x40, 0x00, 0x00, 0x00, 0x00, 
    0x00, 0x00, 0x00, 0x00, 0x00, 0x00, 0x00, 0x00, 0xc5, 0x3c, 0x00, 0x00, 
    0x00, 0x00, 0x02, 0x00, 0x49, 0xa0, 0x01, 0x40, 0x00, 0x00, 0x00, 0x00, 
    0x00, 0x00, 0x00, 0x00, 0x00, 0x00, 0x00, 0x00, 0xc8, 0x3c, 0x00, 0x00, 
    0x00, 0x00, 0x02, 0x00, 0x57, 0xa0, 0x01, 0x40, 0x00, 0x00, 0x00, 0x00, 
    0x00, 0x00, 0x00, 0x00, 0x00, 0x00, 0x00, 0x00, 0xcb, 0x3c, 0x00, 0x00, 
    0x00, 0x00, 0x02, 0x00, 0x84, 0xa0, 0x01, 0x40, 0x00, 0x00, 0x00, 0x00, 
    0x00, 0x00, 0x00, 0x00, 0x00, 0x00, 0x00, 0x00, 0xce, 0x3c, 0x00, 0x00, 
    0x00, 0x00, 0x02, 0x00, 0x94, 0xa0, 0x01, 0x40, 0x00, 0x00, 0x00, 0x00, 
    0x00, 0x00, 0x00, 0x00, 0x00, 0x00, 0x00, 0x00, 0xd1, 0x3c, 0x00, 0x00, 
    0x00, 0x00, 0x02, 0x00, 0xa2, 0xa0, 0x01, 0x40, 0x00, 0x00, 0x00, 0x00, 
    0x00, 0x00, 0x00, 0x00, 0x00, 0x00, 0x00, 0x00, 0xd4, 0x3c, 0x00, 0x00, 
    0x00, 0x00, 0x02, 0x00, 0xb1, 0xa0, 0x01, 0x40, 0x00, 0x00, 0x00, 0x00, 
    0x00, 0x00, 0x00, 0x00, 0x00, 0x00, 0x00, 0x00, 0xd7, 0x3c, 0x00, 0x00, 
    0x00, 0x00, 0x02, 0x00, 0xc2, 0xa0, 0x01, 0x40, 0x00, 0x00, 0x00, 0x00, 
    0x00, 0x00, 0x00, 0x00, 0x00, 0x00, 0x00, 0x00, 0xda, 0x3c, 0x00, 0x00, 
    0x00, 0x00, 0x02, 0x00, 0xd9, 0xa0, 0x01, 0x40, 0x00, 0x00, 0x00, 0x00, 
    0x00, 0x00, 0x00, 0x00, 0x00, 0x00, 0x00, 0x00, 0xdd, 0x3c, 0x00, 0x00, 
    0x00, 0x00, 0x02, 0x00, 0xe4, 0xa0, 0x01, 0x40, 0x00, 0x00, 0x00, 0x00, 
    0x00, 0x00, 0x00, 0x00, 0x00, 0x00, 0x00, 0x00, 0xe0, 0x3c, 0x00, 0x00, 
    0x00, 0x00, 0x02, 0x00, 0xeb, 0xa0, 0x01, 0x40, 0x00, 0x00, 0x00, 0x00, 
    0x00, 0x00, 0x00, 0x00, 0x00, 0x00, 0x00, 0x00, 0xe3, 0x3c, 0x00, 0x00, 
    0x00, 0x00, 0x02, 0x00, 0xfd, 0xa0, 0x01, 0x40, 0x00, 0x00, 0x00, 0x00, 
    0x00, 0x00, 0x00, 0x00, 0x00, 0x00, 0x00, 0x00, 0xe6, 0x3c, 0x00, 0x00, 
    0x00, 0x00, 0x02, 0x00, 0x10, 0xa1, 0x01, 0x40, 0x00, 0x00, 0x00, 0x00, 
    0x00, 0x00, 0x00, 0x00, 0x00, 0x00, 0x00, 0x00, 0xe9, 0x3c, 0x00, 0x00, 
    0x00, 0x00, 0x02, 0x00, 0x28, 0xa1, 0x01, 0x40, 0x00, 0x00, 0x00, 0x00, 
    0x00, 0x00, 0x00, 0x00, 0x00, 0x00, 0x00, 0x00, 0xec, 0x3c, 0x00, 0x00, 
    0x00, 0x00, 0x02, 0x00, 0x40, 0xa1, 0x01, 0x40, 0x00, 0x00, 0x00, 0x00, 
    0x00, 0x00, 0x00, 0x00, 0x00, 0x00, 0x00, 0x00, 0xef, 0x3c, 0x00, 0x00, 
    0x00, 0x00, 0x02, 0x00, 0x43, 0xa1, 0x01, 0x40, 0x00, 0x00, 0x00, 0x00, 
    0x00, 0x00, 0x00, 0x00, 0x00, 0x00, 0x00, 0x00, 0xf2, 0x3c, 0x00, 0x00, 
    0x00, 0x00, 0x02, 0x00, 0x56, 0xa1, 0x01, 0x40, 0x00, 0x00, 0x00, 0x00, 
    0x00, 0x00, 0x00, 0x00, 0x00, 0x00, 0x00, 0x00, 0xf5, 0x3c, 0x00, 0x00, 
    0x00, 0x00, 0x02, 0x00, 0x60, 0xa1, 0x01, 0x40, 0x00, 0x00, 0x00, 0x00, 
    0x00, 0x00, 0x00, 0x00, 0x00, 0x00, 0x00, 0x00, 0xf8, 0x3c, 0x00, 0x00, 
    0x00, 0x00, 0x02, 0x00, 0x78, 0xa1, 0x01, 0x40, 0x00, 0x00, 0x00, 0x00, 
    0x00, 0x00, 0x00, 0x00, 0x00, 0x00, 0x00, 0x00, 0xfb, 0x3c, 0x00, 0x00, 
    0x00, 0x00, 0x02, 0x00, 0x90, 0xa1, 0x01, 0x40, 0x00, 0x00, 0x00, 0x00, 
    0x00, 0x00, 0x00, 0x00, 0x00, 0x00, 0x00, 0x00, 0xfe, 0x3c, 0x00, 0x00, 
    0x00, 0x00, 0x02, 0x00, 0xc8, 0xa2, 0x01, 0x40, 0x00, 0x00, 0x00, 0x00, 
    0x00, 0x00, 0x00, 0x00, 0x00, 0x00, 0x00, 0x00, 0x01, 0x3d, 0x00, 0x00, 
    0x00, 0x00, 0x02, 0x00, 0x10, 0xa5, 0x01, 0x40, 0x00, 0x00, 0x00, 0x00, 
    0x00, 0x00, 0x00, 0x00, 0x00, 0x00, 0x00, 0x00, 0x04, 0x3d, 0x00, 0x00, 
    0x00, 0x00, 0x02, 0x00, 0x30, 0xa9, 0x01, 0x40, 0x00, 0x00, 0x00, 0x00, 
    0x00, 0x00, 0x00, 0x00, 0x00, 0x00, 0x00, 0x00, 0x07, 0x3d, 0x00, 0x00, 
    0x00, 0x00, 0x02, 0x00, 0x37, 0xa9, 0x01, 0x40, 0x00, 0x00, 0x00, 0x00, 
    0x00, 0x00, 0x00, 0x00, 0x00, 0x00, 0x00, 0x00, 0x0a, 0x3d, 0x00, 0x00, 
    0x00, 0x00, 0x02, 0x00, 0x3c, 0xa9, 0x01, 0x40, 0x00, 0x00, 0x00, 0x00, 
    0x00, 0x00, 0x00, 0x00, 0x00, 0x00, 0x00, 0x00, 0x0d, 0x3d, 0x00, 0x00, 
    0x00, 0x00, 0x02, 0x00, 0x43, 0xa9, 0x01, 0x40, 0x00, 0x00, 0x00, 0x00, 
    0x00, 0x00, 0x00, 0x00, 0x00, 0x00, 0x00, 0x00, 0x10, 0x3d, 0x00, 0x00, 
    0x00, 0x00, 0x02, 0x00, 0x4a, 0xa9, 0x01, 0x40, 0x00, 0x00, 0x00, 0x00, 
    0x00, 0x00, 0x00, 0x00, 0x00, 0x00, 0x00, 0x00, 0x13, 0x3d, 0x00, 0x00, 
    0x00, 0x00, 0x02, 0x00, 0x59, 0xa9, 0x01, 0x40, 0x00, 0x00, 0x00, 0x00, 
    0x00, 0x00, 0x00, 0x00, 0x00, 0x00, 0x00, 0x00, 0x16, 0x3d, 0x00, 0x00, 
    0x00, 0x00, 0x02, 0x00, 0x69, 0xa9, 0x01, 0x40, 0x00, 0x00, 0x00, 0x00, 
    0x00, 0x00, 0x00, 0x00, 0x00, 0x00, 0x00, 0x00, 0x19, 0x3d, 0x00, 0x00, 
    0x00, 0x00, 0x02, 0x00, 0x73, 0xa9, 0x01, 0x40, 0x00, 0x00, 0x00, 0x00, 
    0x00, 0x00, 0x00, 0x00, 0x00, 0x00, 0x00, 0x00, 0x1c, 0x3d, 0x00, 0x00, 
    0x00, 0x00, 0x02, 0x00, 0x7a, 0xa9, 0x01, 0x40, 0x00, 0x00, 0x00, 0x00, 
    0x00, 0x00, 0x00, 0x00, 0x00, 0x00, 0x00, 0x00, 0x1f, 0x3d, 0x00, 0x00, 
    0x00, 0x00, 0x02, 0x00, 0x7d, 0xa9, 0x01, 0x40, 0x00, 0x00, 0x00, 0x00, 
    0x00, 0x00, 0x00, 0x00, 0x00, 0x00, 0x00, 0x00, 0x22, 0x3d, 0x00, 0x00, 
    0x00, 0x00, 0x02, 0x00, 0x80, 0xa9, 0x01, 0x40, 0x00, 0x00, 0x00, 0x00, 
    0x00, 0x00, 0x00, 0x00, 0x00, 0x00, 0x00, 0x00, 0x25, 0x3d, 0x00, 0x00, 
    0x00, 0x00, 0x02, 0x00, 0x87, 0xa9, 0x01, 0x40, 0x00, 0x00, 0x00, 0x00, 
    0x00, 0x00, 0x00, 0x00, 0x00, 0x00, 0x00, 0x00, 0x28, 0x3d, 0x00, 0x00, 
    0x00, 0x00, 0x02, 0x00, 0x8a, 0xa9, 0x01, 0x40, 0x00, 0x00, 0x00, 0x00, 
    0x00, 0x00, 0x00, 0x00, 0x00, 0x00, 0x00, 0x00, 0x2b, 0x3d, 0x00, 0x00, 
    0x00, 0x00, 0x02, 0x00, 0x90, 0xa9, 0x01, 0x40, 0x00, 0x00, 0x00, 0x00, 
    0x00, 0x00, 0x00, 0x00, 0x00, 0x00, 0x00, 0x00, 0x2e, 0x3d, 0x00, 0x00, 
    0x00, 0x00, 0x02, 0x00, 0xa8, 0xa9, 0x01, 0x40, 0x00, 0x00, 0x00, 0x00, 
    0x00, 0x00, 0x00, 0x00, 0x00, 0x00, 0x00, 0x00, 0x31, 0x3d, 0x00, 0x00, 
    0x00, 0x00, 0x02, 0x00, 0xb0, 0xa9, 0x01, 0x40, 0x00, 0x00, 0x00, 0x00, 
    0x00, 0x00, 0x00, 0x00, 0x00, 0x00, 0x00, 0x00, 0x34, 0x3d, 0x00, 0x00, 
    0x00, 0x00, 0x02, 0x00, 0xc8, 0xa9, 0x01, 0x40, 0x00, 0x00, 0x00, 0x00, 
    0x00, 0x00, 0x00, 0x00, 0x00, 0x00, 0x00, 0x00, 0x37, 0x3d, 0x00, 0x00, 
    0x00, 0x00, 0x02, 0x00, 0xd0, 0xa9, 0x01, 0x40, 0x00, 0x00, 0x00, 0x00, 
    0x00, 0x00, 0x00, 0x00, 0x00, 0x00, 0x00, 0x00, 0x3a, 0x3d, 0x00, 0x00, 
    0x00, 0x00, 0x02, 0x00, 0xe8, 0xa9, 0x01, 0x40, 0x00, 0x00, 0x00, 0x00, 
    0x00, 0x00, 0x00, 0x00, 0x00, 0x00, 0x00, 0x00, 0x3d, 0x3d, 0x00, 0x00, 
    0x00, 0x00, 0x02, 0x00, 0x00, 0xaa, 0x01, 0x40, 0x00, 0x00, 0x00, 0x00, 
    0x00, 0x00, 0x00, 0x00, 0x00, 0x00, 0x00, 0x00, 0x40, 0x3d, 0x00, 0x00, 
    0x00, 0x00, 0x02, 0x00, 0x18, 0xaa, 0x01, 0x40, 0x00, 0x00, 0x00, 0x00, 
    0x00, 0x00, 0x00, 0x00, 0x00, 0x00, 0x00, 0x00, 0x43, 0x3d, 0x00, 0x00, 
    0x00, 0x00, 0x02, 0x00, 0x30, 0xaa, 0x01, 0x40, 0x00, 0x00, 0x00, 0x00, 
    0x00, 0x00, 0x00, 0x00, 0x00, 0x00, 0x00, 0x00, 0x46, 0x3d, 0x00, 0x00, 
    0x00, 0x00, 0x02, 0x00, 0x48, 0xaa, 0x01, 0x40, 0x00, 0x00, 0x00, 0x00, 
    0x00, 0x00, 0x00, 0x00, 0x00, 0x00, 0x00, 0x00, 0x49, 0x3d, 0x00, 0x00, 
    0x00, 0x00, 0x02, 0x00, 0x60, 0xaa, 0x01, 0x40, 0x00, 0x00, 0x00, 0x00, 
    0x00, 0x00, 0x00, 0x00, 0x00, 0x00, 0x00, 0x00, 0x4c, 0x3d, 0x00, 0x00, 
    0x00, 0x00, 0x02, 0x00, 0x78, 0xaa, 0x01, 0x40, 0x00, 0x00, 0x00, 0x00, 
    0x00, 0x00, 0x00, 0x00, 0x00, 0x00, 0x00, 0x00, 0x4f, 0x3d, 0x00, 0x00, 
    0x00, 0x00, 0x02, 0x00, 0x90, 0xaa, 0x01, 0x40, 0x00, 0x00, 0x00, 0x00, 
    0x00, 0x00, 0x00, 0x00, 0x00, 0x00, 0x00, 0x00, 0x52, 0x3d, 0x00, 0x00, 
    0x00, 0x00, 0x02, 0x00, 0xa8, 0xaa, 0x01, 0x40, 0x00, 0x00, 0x00, 0x00, 
    0x00, 0x00, 0x00, 0x00, 0x00, 0x00, 0x00, 0x00, 0x55, 0x3d, 0x00, 0x00, 
    0x00, 0x00, 0x02, 0x00, 0xc0, 0xaa, 0x01, 0x40, 0x00, 0x00, 0x00, 0x00, 
    0x00, 0x00, 0x00, 0x00, 0x00, 0x00, 0x00, 0x00, 0x58, 0x3d, 0x00, 0x00, 
    0x00, 0x00, 0x02, 0x00, 0xd8, 0xaa, 0x01, 0x40, 0x00, 0x00, 0x00, 0x00, 
    0x00, 0x00, 0x00, 0x00, 0x00, 0x00, 0x00, 0x00, 0x5b, 0x3d, 0x00, 0x00, 
    0x00, 0x00, 0x02, 0x00, 0xf0, 0xaa, 0x01, 0x40, 0x00, 0x00, 0x00, 0x00, 
    0x00, 0x00, 0x00, 0x00, 0x00, 0x00, 0x00, 0x00, 0x5e, 0x3d, 0x00, 0x00, 
    0x00, 0x00, 0x02, 0x00, 0x08, 0xab, 0x01, 0x40, 0x00, 0x00, 0x00, 0x00, 
    0x00, 0x00, 0x00, 0x00, 0x00, 0x00, 0x00, 0x00, 0x61, 0x3d, 0x00, 0x00, 
    0x00, 0x00, 0x02, 0x00, 0x20, 0xab, 0x01, 0x40, 0x00, 0x00, 0x00, 0x00, 
    0x00, 0x00, 0x00, 0x00, 0x00, 0x00, 0x00, 0x00, 0x64, 0x3d, 0x00, 0x00, 
    0x00, 0x00, 0x02, 0x00, 0x38, 0xab, 0x01, 0x40, 0x00, 0x00, 0x00, 0x00, 
    0x00, 0x00, 0x00, 0x00, 0x00, 0x00, 0x00, 0x00, 0x67, 0x3d, 0x00, 0x00, 
    0x00, 0x00, 0x02, 0x00, 0x50, 0xab, 0x01, 0x40, 0x00, 0x00, 0x00, 0x00, 
    0x00, 0x00, 0x00, 0x00, 0x00, 0x00, 0x00, 0x00, 0x6a, 0x3d, 0x00, 0x00, 
    0x00, 0x00, 0x02, 0x00, 0x68, 0xab, 0x01, 0x40, 0x00, 0x00, 0x00, 0x00, 
    0x00, 0x00, 0x00, 0x00, 0x00, 0x00, 0x00, 0x00, 0x6d, 0x3d, 0x00, 0x00, 
    0x00, 0x00, 0x02, 0x00, 0x80, 0xab, 0x01, 0x40, 0x00, 0x00, 0x00, 0x00, 
    0x00, 0x00, 0x00, 0x00, 0x00, 0x00, 0x00, 0x00, 0x70, 0x3d, 0x00, 0x00, 
    0x00, 0x00, 0x02, 0x00, 0x98, 0xab, 0x01, 0x40, 0x00, 0x00, 0x00, 0x00, 
    0x00, 0x00, 0x00, 0x00, 0x00, 0x00, 0x00, 0x00, 0x73, 0x3d, 0x00, 0x00, 
    0x00, 0x00, 0x02, 0x00, 0xb0, 0xab, 0x01, 0x40, 0x00, 0x00, 0x00, 0x00, 
    0x00, 0x00, 0x00, 0x00, 0x00, 0x00, 0x00, 0x00, 0x76, 0x3d, 0x00, 0x00, 
    0x00, 0x00, 0x02, 0x00, 0xc8, 0xab, 0x01, 0x40, 0x00, 0x00, 0x00, 0x00, 
    0x00, 0x00, 0x00, 0x00, 0x00, 0x00, 0x00, 0x00, 0x79, 0x3d, 0x00, 0x00, 
    0x00, 0x00, 0x02, 0x00, 0xe0, 0xab, 0x01, 0x40, 0x00, 0x00, 0x00, 0x00, 
    0x00, 0x00, 0x00, 0x00, 0x00, 0x00, 0x00, 0x00, 0x7c, 0x3d, 0x00, 0x00, 
    0x00, 0x00, 0x02, 0x00, 0xf8, 0xab, 0x01, 0x40, 0x00, 0x00, 0x00, 0x00, 
    0x00, 0x00, 0x00, 0x00, 0x00, 0x00, 0x00, 0x00, 0x7f, 0x3d, 0x00, 0x00, 
    0x00, 0x00, 0x02, 0x00, 0x10, 0xac, 0x01, 0x40, 0x00, 0x00, 0x00, 0x00, 
    0x00, 0x00, 0x00, 0x00, 0x00, 0x00, 0x00, 0x00, 0x82, 0x3d, 0x00, 0x00, 
    0x00, 0x00, 0x02, 0x00, 0x28, 0xac, 0x01, 0x40, 0x00, 0x00, 0x00, 0x00, 
    0x00, 0x00, 0x00, 0x00, 0x00, 0x00, 0x00, 0x00, 0x85, 0x3d, 0x00, 0x00, 
    0x00, 0x00, 0x02, 0x00, 0x40, 0xac, 0x01, 0x40, 0x00, 0x00, 0x00, 0x00, 
    0x00, 0x00, 0x00, 0x00, 0x00, 0x00, 0x00, 0x00, 0x88, 0x3d, 0x00, 0x00, 
    0x00, 0x00, 0x02, 0x00, 0x58, 0xac, 0x01, 0x40, 0x00, 0x00, 0x00, 0x00, 
    0x00, 0x00, 0x00, 0x00, 0x00, 0x00, 0x00, 0x00, 0x8b, 0x3d, 0x00, 0x00, 
    0x00, 0x00, 0x02, 0x00, 0x70, 0xac, 0x01, 0x40, 0x00, 0x00, 0x00, 0x00, 
    0x00, 0x00, 0x00, 0x00, 0x00, 0x00, 0x00, 0x00, 0x8e, 0x3d, 0x00, 0x00, 
    0x00, 0x00, 0x02, 0x00, 0x88, 0xac, 0x01, 0x40, 0x00, 0x00, 0x00, 0x00, 
    0x00, 0x00, 0x00, 0x00, 0x00, 0x00, 0x00, 0x00, 0x91, 0x3d, 0x00, 0x00, 
    0x00, 0x00, 0x02, 0x00, 0xa0, 0xac, 0x01, 0x40, 0x00, 0x00, 0x00, 0x00, 
    0x00, 0x00, 0x00, 0x00, 0x00, 0x00, 0x00, 0x00, 0x94, 0x3d, 0x00, 0x00, 
    0x00, 0x00, 0x02, 0x00, 0xa6, 0xac, 0x01, 0x40, 0x00, 0x00, 0x00, 0x00, 
    0x00, 0x00, 0x00, 0x00, 0x00, 0x00, 0x00, 0x00, 0x97, 0x3d, 0x00, 0x00, 
    0x00, 0x00, 0x02, 0x00, 0xb0, 0xac, 0x01, 0x40, 0x00, 0x00, 0x00, 0x00, 
    0x00, 0x00, 0x00, 0x00, 0x00, 0x00, 0x00, 0x00, 0x9a, 0x3d, 0x00, 0x00, 
    0x00, 0x00, 0x02, 0x00, 0xc8, 0xac, 0x01, 0x40, 0x00, 0x00, 0x00, 0x00, 
    0x00, 0x00, 0x00, 0x00, 0x00, 0x00, 0x00, 0x00, 0x9d, 0x3d, 0x00, 0x00, 
    0x00, 0x00, 0x02, 0x00, 0xe0, 0xac, 0x01, 0x40, 0x00, 0x00, 0x00, 0x00, 
    0x00, 0x00, 0x00, 0x00, 0x00, 0x00, 0x00, 0x00, 0xa0, 0x3d, 0x00, 0x00, 
    0x00, 0x00, 0x02, 0x00, 0xf8, 0xac, 0x01, 0x40, 0x00, 0x00, 0x00, 0x00, 
    0x00, 0x00, 0x00, 0x00, 0x00, 0x00, 0x00, 0x00, 0xa3, 0x3d, 0x00, 0x00, 
    0x00, 0x00, 0x02, 0x00, 0x08, 0xad, 0x01, 0x40, 0x00, 0x00, 0x00, 0x00, 
    0x00, 0x00, 0x00, 0x00, 0x00, 0x00, 0x00, 0x00, 0xa6, 0x3d, 0x00, 0x00, 
    0x00, 0x00, 0x02, 0x00, 0x20, 0xad, 0x01, 0x40, 0x00, 0x00, 0x00, 0x00, 
    0x00, 0x00, 0x00, 0x00, 0x00, 0x00, 0x00, 0x00, 0xa9, 0x3d, 0x00, 0x00, 
    0x00, 0x00, 0x02, 0x00, 0x30, 0xad, 0x01, 0x40, 0x00, 0x00, 0x00, 0x00, 
    0x00, 0x00, 0x00, 0x00, 0x00, 0x00, 0x00, 0x00, 0xac, 0x3d, 0x00, 0x00, 
    0x00, 0x00, 0x02, 0x00, 0x48, 0xad, 0x01, 0x40, 0x00, 0x00, 0x00, 0x00, 
    0x00, 0x00, 0x00, 0x00, 0x00, 0x00, 0x00, 0x00, 0xaf, 0x3d, 0x00, 0x00, 
    0x00, 0x00, 0x02, 0x00, 0x50, 0xad, 0x01, 0x40, 0x00, 0x00, 0x00, 0x00, 
    0x00, 0x00, 0x00, 0x00, 0x00, 0x00, 0x00, 0x00, 0xb2, 0x3d, 0x00, 0x00, 
    0x00, 0x00, 0x02, 0x00, 0x68, 0xad, 0x01, 0x40, 0x00, 0x00, 0x00, 0x00, 
    0x00, 0x00, 0x00, 0x00, 0x00, 0x00, 0x00, 0x00, 0xb5, 0x3d, 0x00, 0x00, 
    0x00, 0x00, 0x02, 0x00, 0x80, 0xad, 0x01, 0x40, 0x00, 0x00, 0x00, 0x00, 
    0x00, 0x00, 0x00, 0x00, 0x00, 0x00, 0x00, 0x00, 0xb8, 0x3d, 0x00, 0x00, 
    0x00, 0x00, 0x02, 0x00, 0x98, 0xad, 0x01, 0x40, 0x00, 0x00, 0x00, 0x00, 
    0x00, 0x00, 0x00, 0x00, 0x00, 0x00, 0x00, 0x00, 0xbb, 0x3d, 0x00, 0x00, 
    0x00, 0x00, 0x02, 0x00, 0xb0, 0xad, 0x01, 0x40, 0x00, 0x00, 0x00, 0x00, 
    0x00, 0x00, 0x00, 0x00, 0x00, 0x00, 0x00, 0x00, 0xbe, 0x3d, 0x00, 0x00, 
    0x00, 0x00, 0x02, 0x00, 0xc8, 0xad, 0x01, 0x40, 0x00, 0x00, 0x00, 0x00, 
    0x00, 0x00, 0x00, 0x00, 0x00, 0x00, 0x00, 0x00, 0xc1, 0x3d, 0x00, 0x00, 
    0x00, 0x00, 0x02, 0x00, 0xe0, 0xad, 0x01, 0x40, 0x00, 0x00, 0x00, 0x00, 
    0x00, 0x00, 0x00, 0x00, 0x00, 0x00, 0x00, 0x00, 0xc4, 0x3d, 0x00, 0x00, 
    0x00, 0x00, 0x02, 0x00, 0xf8, 0xad, 0x01, 0x40, 0x00, 0x00, 0x00, 0x00, 
    0x00, 0x00, 0x00, 0x00, 0x00, 0x00, 0x00, 0x00, 0xc7, 0x3d, 0x00, 0x00, 
    0x00, 0x00, 0x02, 0x00, 0x10, 0xae, 0x01, 0x40, 0x00, 0x00, 0x00, 0x00, 
    0x00, 0x00, 0x00, 0x00, 0x00, 0x00, 0x00, 0x00, 0xca, 0x3d, 0x00, 0x00, 
    0x00, 0x00, 0x02, 0x00, 0x28, 0xae, 0x01, 0x40, 0x00, 0x00, 0x00, 0x00, 
    0x00, 0x00, 0x00, 0x00, 0x00, 0x00, 0x00, 0x00, 0xcd, 0x3d, 0x00, 0x00, 
    0x00, 0x00, 0x02, 0x00, 0x40, 0xae, 0x01, 0x40, 0x00, 0x00, 0x00, 0x00, 
    0x00, 0x00, 0x00, 0x00, 0x00, 0x00, 0x00, 0x00, 0xd0, 0x3d, 0x00, 0x00, 
    0x00, 0x00, 0x02, 0x00, 0x58, 0xae, 0x01, 0x40, 0x00, 0x00, 0x00, 0x00, 
    0x00, 0x00, 0x00, 0x00, 0x00, 0x00, 0x00, 0x00, 0xd3, 0x3d, 0x00, 0x00, 
    0x00, 0x00, 0x02, 0x00, 0x70, 0xae, 0x01, 0x40, 0x00, 0x00, 0x00, 0x00, 
    0x00, 0x00, 0x00, 0x00, 0x00, 0x00, 0x00, 0x00, 0xd6, 0x3d, 0x00, 0x00, 
    0x00, 0x00, 0x02, 0x00, 0x88, 0xae, 0x01, 0x40, 0x00, 0x00, 0x00, 0x00, 
    0x00, 0x00, 0x00, 0x00, 0x00, 0x00, 0x00, 0x00, 0xd9, 0x3d, 0x00, 0x00, 
    0x00, 0x00, 0x02, 0x00, 0xa0, 0xae, 0x01, 0x40, 0x00, 0x00, 0x00, 0x00, 
    0x00, 0x00, 0x00, 0x00, 0x00, 0x00, 0x00, 0x00, 0xdc, 0x3d, 0x00, 0x00, 
    0x00, 0x00, 0x02, 0x00, 0xb8, 0xae, 0x01, 0x40, 0x00, 0x00, 0x00, 0x00, 
    0x00, 0x00, 0x00, 0x00, 0x00, 0x00, 0x00, 0x00, 0xdf, 0x3d, 0x00, 0x00, 
    0x00, 0x00, 0x02, 0x00, 0xd0, 0xae, 0x01, 0x40, 0x00, 0x00, 0x00, 0x00, 
    0x00, 0x00, 0x00, 0x00, 0x00, 0x00, 0x00, 0x00, 0xe2, 0x3d, 0x00, 0x00, 
    0x00, 0x00, 0x02, 0x00, 0xe8, 0xae, 0x01, 0x40, 0x00, 0x00, 0x00, 0x00, 
    0x00, 0x00, 0x00, 0x00, 0x00, 0x00, 0x00, 0x00, 0xe5, 0x3d, 0x00, 0x00, 
    0x00, 0x00, 0x02, 0x00, 0x00, 0xaf, 0x01, 0x40, 0x00, 0x00, 0x00, 0x00, 
    0x00, 0x00, 0x00, 0x00, 0x00, 0x00, 0x00, 0x00, 0xe8, 0x3d, 0x00, 0x00, 
    0x00, 0x00, 0x02, 0x00, 0x18, 0xaf, 0x01, 0x40, 0x00, 0x00, 0x00, 0x00, 
    0x00, 0x00, 0x00, 0x00, 0x00, 0x00, 0x00, 0x00, 0xeb, 0x3d, 0x00, 0x00, 
    0x00, 0x00, 0x02, 0x00, 0x30, 0xaf, 0x01, 0x40, 0x00, 0x00, 0x00, 0x00, 
    0x00, 0x00, 0x00, 0x00, 0x00, 0x00, 0x00, 0x00, 0xee, 0x3d, 0x00, 0x00, 
    0x00, 0x00, 0x02, 0x00, 0x48, 0xaf, 0x01, 0x40, 0x00, 0x00, 0x00, 0x00, 
    0x00, 0x00, 0x00, 0x00, 0x00, 0x00, 0x00, 0x00, 0xf1, 0x3d, 0x00, 0x00, 
    0x00, 0x00, 0x02, 0x00, 0x60, 0xaf, 0x01, 0x40, 0x00, 0x00, 0x00, 0x00, 
    0x00, 0x00, 0x00, 0x00, 0x00, 0x00, 0x00, 0x00, 0xf4, 0x3d, 0x00, 0x00, 
    0x00, 0x00, 0x02, 0x00, 0x78, 0xaf, 0x01, 0x40, 0x00, 0x00, 0x00, 0x00, 
    0x00, 0x00, 0x00, 0x00, 0x00, 0x00, 0x00, 0x00, 0xf7, 0x3d, 0x00, 0x00, 
    0x00, 0x00, 0x02, 0x00, 0x90, 0xaf, 0x01, 0x40, 0x00, 0x00, 0x00, 0x00, 
    0x00, 0x00, 0x00, 0x00, 0x00, 0x00, 0x00, 0x00, 0xfa, 0x3d, 0x00, 0x00, 
    0x00, 0x00, 0x02, 0x00, 0xa8, 0xaf, 0x01, 0x40, 0x00, 0x00, 0x00, 0x00, 
    0x00, 0x00, 0x00, 0x00, 0x00, 0x00, 0x00, 0x00, 0xfd, 0x3d, 0x00, 0x00, 
    0x00, 0x00, 0x02, 0x00, 0xc0, 0xaf, 0x01, 0x40, 0x00, 0x00, 0x00, 0x00, 
    0x00, 0x00, 0x00, 0x00, 0x00, 0x00, 0x00, 0x00, 0x00, 0x3e, 0x00, 0x00, 
    0x00, 0x00, 0x02, 0x00, 0xd8, 0xaf, 0x01, 0x40, 0x00, 0x00, 0x00, 0x00, 
    0x00, 0x00, 0x00, 0x00, 0x00, 0x00, 0x00, 0x00, 0x03, 0x3e, 0x00, 0x00, 
    0x00, 0x00, 0x02, 0x00, 0xf0, 0xaf, 0x01, 0x40, 0x00, 0x00, 0x00, 0x00, 
    0x00, 0x00, 0x00, 0x00, 0x00, 0x00, 0x00, 0x00, 0x06, 0x3e, 0x00, 0x00, 
    0x00, 0x00, 0x02, 0x00, 0x08, 0xb0, 0x01, 0x40, 0x00, 0x00, 0x00, 0x00, 
    0x00, 0x00, 0x00, 0x00, 0x00, 0x00, 0x00, 0x00, 0x09, 0x3e, 0x00, 0x00, 
    0x00, 0x00, 0x02, 0x00, 0x20, 0xb0, 0x01, 0x40, 0x00, 0x00, 0x00, 0x00, 
    0x00, 0x00, 0x00, 0x00, 0x00, 0x00, 0x00, 0x00, 0x0c, 0x3e, 0x00, 0x00, 
    0x00, 0x00, 0x02, 0x00, 0x38, 0xb0, 0x01, 0x40, 0x00, 0x00, 0x00, 0x00, 
    0x00, 0x00, 0x00, 0x00, 0x00, 0x00, 0x00, 0x00, 0x0f, 0x3e, 0x00, 0x00, 
    0x00, 0x00, 0x02, 0x00, 0x50, 0xb0, 0x01, 0x40, 0x00, 0x00, 0x00, 0x00, 
    0x00, 0x00, 0x00, 0x00, 0x00, 0x00, 0x00, 0x00, 0x12, 0x3e, 0x00, 0x00, 
    0x00, 0x00, 0x02, 0x00, 0x68, 0xb0, 0x01, 0x40, 0x00, 0x00, 0x00, 0x00, 
    0x00, 0x00, 0x00, 0x00, 0x00, 0x00, 0x00, 0x00, 0x15, 0x3e, 0x00, 0x00, 
    0x00, 0x00, 0x04, 0x00, 0x00, 0xd0, 0x01, 0x40, 0x00, 0x00, 0x00, 0x00, 
    0x00, 0x00, 0x00, 0x00, 0x00, 0x00, 0x00, 0x00, 0x18, 0x3e, 0x00, 0x00, 
    0x00, 0x00, 0x04, 0x00, 0x18, 0x50, 0x02, 0x40, 0x00, 0x00, 0x00, 0x00, 
    0x00, 0x00, 0x00, 0x00, 0x00, 0x00, 0x00, 0x00, 0x1b, 0x3e, 0x00, 0x00, 
    0x00, 0x00, 0x02, 0x00, 0x80, 0xb0, 0x01, 0x40, 0x00, 0x00, 0x00, 0x00, 
    0x00, 0x00, 0x00, 0x00, 0x00, 0x00, 0x00, 0x00, 0x1e, 0x3e, 0x00, 0x00, 
    0x00, 0x00, 0x02, 0x00, 0x98, 0xb0, 0x01, 0x40, 0x00, 0x00, 0x00, 0x00, 
    0x00, 0x00, 0x00, 0x00, 0x00, 0x00, 0x00, 0x00, 0x21, 0x3e, 0x00, 0x00, 
    0x00, 0x00, 0x02, 0x00, 0xb0, 0xb0, 0x01, 0x40, 0x00, 0x00, 0x00, 0x00, 
    0x00, 0x00, 0x00, 0x00, 0x00, 0x00, 0x00, 0x00, 0x24, 0x3e, 0x00, 0x00, 
    0x00, 0x00, 0x02, 0x00, 0xc8, 0xb0, 0x01, 0x40, 0x00, 0x00, 0x00, 0x00, 
    0x00, 0x00, 0x00, 0x00, 0x00, 0x00, 0x00, 0x00, 0x27, 0x3e, 0x00, 0x00, 
    0x00, 0x00, 0x02, 0x00, 0xe0, 0xb0, 0x01, 0x40, 0x00, 0x00, 0x00, 0x00, 
    0x00, 0x00, 0x00, 0x00, 0x00, 0x00, 0x00, 0x00, 0x2a, 0x3e, 0x00, 0x00, 
    0x00, 0x00, 0x02, 0x00, 0xf8, 0xb0, 0x01, 0x40, 0x00, 0x00, 0x00, 0x00, 
    0x00, 0x00, 0x00, 0x00, 0x00, 0x00, 0x00, 0x00, 0x2d, 0x3e, 0x00, 0x00, 
    0x00, 0x00, 0x02, 0x00, 0x10, 0xb1, 0x01, 0x40, 0x00, 0x00, 0x00, 0x00, 
    0x00, 0x00, 0x00, 0x00, 0x00, 0x00, 0x00, 0x00, 0x30, 0x3e, 0x00, 0x00, 
    0x00, 0x00, 0x02, 0x00, 0x28, 0xb1, 0x01, 0x40, 0x00, 0x00, 0x00, 0x00, 
    0x00, 0x00, 0x00, 0x00, 0x00, 0x00, 0x00, 0x00, 0x33, 0x3e, 0x00, 0x00, 
    0x00, 0x00, 0x02, 0x00, 0x40, 0xb1, 0x01, 0x40, 0x00, 0x00, 0x00, 0x00, 
    0x00, 0x00, 0x00, 0x00, 0x00, 0x00, 0x00, 0x00, 0x36, 0x3e, 0x00, 0x00, 
    0x00, 0x00, 0x02, 0x00, 0x58, 0xb1, 0x01, 0x40, 0x00, 0x00, 0x00, 0x00, 
    0x00, 0x00, 0x00, 0x00, 0x00, 0x00, 0x00, 0x00, 0x39, 0x3e, 0x00, 0x00, 
    0x00, 0x00, 0x02, 0x00, 0x70, 0xb1, 0x01, 0x40, 0x00, 0x00, 0x00, 0x00, 
    0x00, 0x00, 0x00, 0x00, 0x00, 0x00, 0x00, 0x00, 0x3c, 0x3e, 0x00, 0x00, 
    0x00, 0x00, 0x02, 0x00, 0x88, 0xb1, 0x01, 0x40, 0x00, 0x00, 0x00, 0x00, 
    0x00, 0x00, 0x00, 0x00, 0x00, 0x00, 0x00, 0x00, 0x3f, 0x3e, 0x00, 0x00, 
    0x00, 0x00, 0x02, 0x00, 0xa0, 0xb1, 0x01, 0x40, 0x00, 0x00, 0x00, 0x00, 
    0x00, 0x00, 0x00, 0x00, 0x00, 0x00, 0x00, 0x00, 0x42, 0x3e, 0x00, 0x00, 
    0x00, 0x00, 0x02, 0x00, 0xb8, 0xb1, 0x01, 0x40, 0x00, 0x00, 0x00, 0x00, 
    0x00, 0x00, 0x00, 0x00, 0x00, 0x00, 0x00, 0x00, 0x45, 0x3e, 0x00, 0x00, 
    0x00, 0x00, 0x02, 0x00, 0xd0, 0xb1, 0x01, 0x40, 0x00, 0x00, 0x00, 0x00, 
    0x00, 0x00, 0x00, 0x00, 0x00, 0x00, 0x00, 0x00, 0x48, 0x3e, 0x00, 0x00, 
    0x00, 0x00, 0x02, 0x00, 0xe8, 0xb1, 0x01, 0x40, 0x00, 0x00, 0x00, 0x00, 
    0x00, 0x00, 0x00, 0x00, 0x00, 0x00, 0x00, 0x00, 0x4b, 0x3e, 0x00, 0x00, 
    0x00, 0x00, 0x02, 0x00, 0x00, 0xb2, 0x01, 0x40, 0x00, 0x00, 0x00, 0x00, 
    0x00, 0x00, 0x00, 0x00, 0x00, 0x00, 0x00, 0x00, 0x4e, 0x3e, 0x00, 0x00, 
    0x00, 0x00, 0x02, 0x00, 0x18, 0xb2, 0x01, 0x40, 0x00, 0x00, 0x00, 0x00, 
    0x00, 0x00, 0x00, 0x00, 0x00, 0x00, 0x00, 0x00, 0x51, 0x3e, 0x00, 0x00, 
    0x00, 0x00, 0x02, 0x00, 0x30, 0xb2, 0x01, 0x40, 0x00, 0x00, 0x00, 0x00, 
    0x00, 0x00, 0x00, 0x00, 0x00, 0x00, 0x00, 0x00, 0x54, 0x3e, 0x00, 0x00, 
    0x00, 0x00, 0x02, 0x00, 0x48, 0xb2, 0x01, 0x40, 0x00, 0x00, 0x00, 0x00, 
    0x00, 0x00, 0x00, 0x00, 0x00, 0x00, 0x00, 0x00, 0x57, 0x3e, 0x00, 0x00, 
    0x00, 0x00, 0x02, 0x00, 0x70, 0xb2, 0x01, 0x40, 0x00, 0x00, 0x00, 0x00, 
    0x00, 0x00, 0x00, 0x00, 0x00, 0x00, 0x00, 0x00, 0x5a, 0x3e, 0x00, 0x00, 
    0x00, 0x00, 0x02, 0x00, 0x88, 0xb2, 0x01, 0x40, 0x00, 0x00, 0x00, 0x00, 
    0x00, 0x00, 0x00, 0x00, 0x00, 0x00, 0x00, 0x00, 0x5d, 0x3e, 0x00, 0x00, 
    0x00, 0x00, 0x02, 0x00, 0xa0, 0xb2, 0x01, 0x40, 0x00, 0x00, 0x00, 0x00, 
    0x00, 0x00, 0x00, 0x00, 0x00, 0x00, 0x00, 0x00, 0x60, 0x3e, 0x00, 0x00, 
    0x00, 0x00, 0x02, 0x00, 0xb8, 0xb2, 0x01, 0x40, 0x00, 0x00, 0x00, 0x00, 
    0x00, 0x00, 0x00, 0x00, 0x00, 0x00, 0x00, 0x00, 0x63, 0x3e, 0x00, 0x00, 
    0x00, 0x00, 0x02, 0x00, 0xd0, 0xb2, 0x01, 0x40, 0x00, 0x00, 0x00, 0x00, 
    0x00, 0x00, 0x00, 0x00, 0x00, 0x00, 0x00, 0x00, 0x66, 0x3e, 0x00, 0x00, 
    0x00, 0x00, 0x02, 0x00, 0xe8, 0xb2, 0x01, 0x40, 0x00, 0x00, 0x00, 0x00, 
    0x00, 0x00, 0x00, 0x00, 0x00, 0x00, 0x00, 0x00, 0x69, 0x3e, 0x00, 0x00, 
    0x00, 0x00, 0x02, 0x00, 0x00, 0xb3, 0x01, 0x40, 0x00, 0x00, 0x00, 0x00, 
    0x00, 0x00, 0x00, 0x00, 0x00, 0x00, 0x00, 0x00, 0x6c, 0x3e, 0x00, 0x00, 
    0x00, 0x00, 0x02, 0x00, 0x18, 0xb3, 0x01, 0x40, 0x00, 0x00, 0x00, 0x00, 
    0x00, 0x00, 0x00, 0x00, 0x00, 0x00, 0x00, 0x00, 0x6f, 0x3e, 0x00, 0x00, 
    0x00, 0x00, 0x02, 0x00, 0x30, 0xb3, 0x01, 0x40, 0x00, 0x00, 0x00, 0x00, 
    0x00, 0x00, 0x00, 0x00, 0x00, 0x00, 0x00, 0x00, 0x72, 0x3e, 0x00, 0x00, 
    0x00, 0x00, 0x04, 0x00, 0x20, 0x50, 0x02, 0x40, 0x00, 0x00, 0x00, 0x00, 
    0x00, 0x00, 0x00, 0x00, 0x00, 0x00, 0x00, 0x00, 0x75, 0x3e, 0x00, 0x00, 
    0x00, 0x00, 0x02, 0x00, 0x48, 0xb3, 0x01, 0x40, 0x00, 0x00, 0x00, 0x00, 
    0x00, 0x00, 0x00, 0x00, 0x00, 0x00, 0x00, 0x00, 0x78, 0x3e, 0x00, 0x00, 
    0x00, 0x00, 0x03, 0x00, 0x00, 0xc0, 0x01, 0x40, 0x00, 0x00, 0x00, 0x00, 
    0x00, 0x00, 0x00, 0x00, 0x00, 0x00, 0x00, 0x00, 0x7b, 0x3e, 0x00, 0x00, 
    0x00, 0x00, 0x02, 0x00, 0x60, 0xb3, 0x01, 0x40, 0x00, 0x00, 0x00, 0x00, 
    0x00, 0x00, 0x00, 0x00, 0x00, 0x00, 0x00, 0x00, 0x7e, 0x3e, 0x00, 0x00, 
    0x00, 0x00, 0x02, 0x00, 0x68, 0xb3, 0x01, 0x40, 0x00, 0x00, 0x00, 0x00, 
    0x00, 0x00, 0x00, 0x00, 0x00, 0x00, 0x00, 0x00, 0x81, 0x3e, 0x00, 0x00, 
    0x00, 0x00, 0x02, 0x00, 0x80, 0xb3, 0x01, 0x40, 0x00, 0x00, 0x00, 0x00, 
    0x00, 0x00, 0x00, 0x00, 0x00, 0x00, 0x00, 0x00, 0x84, 0x3e, 0x00, 0x00, 
    0x00, 0x00, 0x02, 0x00, 0x98, 0xb3, 0x01, 0x40, 0x00, 0x00, 0x00, 0x00, 
    0x00, 0x00, 0x00, 0x00, 0x00, 0x00, 0x00, 0x00, 0x87, 0x3e, 0x00, 0x00, 
    0x00, 0x00, 0x02, 0x00, 0xb0, 0xb3, 0x01, 0x40, 0x00, 0x00, 0x00, 0x00, 
    0x00, 0x00, 0x00, 0x00, 0x00, 0x00, 0x00, 0x00, 0x8a, 0x3e, 0x00, 0x00, 
    0x00, 0x00, 0x02, 0x00, 0xc8, 0xb3, 0x01, 0x40, 0x00, 0x00, 0x00, 0x00, 
    0x00, 0x00, 0x00, 0x00, 0x00, 0x00, 0x00, 0x00, 0x8d, 0x3e, 0x00, 0x00, 
    0x00, 0x00, 0x02, 0x00, 0xe0, 0xb3, 0x01, 0x40, 0x00, 0x00, 0x00, 0x00, 
    0x00, 0x00, 0x00, 0x00, 0x00, 0x00, 0x00, 0x00, 0x90, 0x3e, 0x00, 0x00, 
    0x00, 0x00, 0x02, 0x00, 0xf8, 0xb3, 0x01, 0x40, 0x00, 0x00, 0x00, 0x00, 
    0x00, 0x00, 0x00, 0x00, 0x00, 0x00, 0x00, 0x00, 0x93, 0x3e, 0x00, 0x00, 
    0x00, 0x00, 0x02, 0x00, 0x10, 0xb4, 0x01, 0x40, 0x00, 0x00, 0x00, 0x00, 
    0x00, 0x00, 0x00, 0x00, 0x00, 0x00, 0x00, 0x00, 0x96, 0x3e, 0x00, 0x00, 
    0x00, 0x00, 0x02, 0x00, 0x28, 0xb4, 0x01, 0x40, 0x00, 0x00, 0x00, 0x00, 
    0x00, 0x00, 0x00, 0x00, 0x00, 0x00, 0x00, 0x00, 0x99, 0x3e, 0x00, 0x00, 
    0x00, 0x00, 0x02, 0x00, 0x40, 0xb4, 0x01, 0x40, 0x00, 0x00, 0x00, 0x00, 
    0x00, 0x00, 0x00, 0x00, 0x00, 0x00, 0x00, 0x00, 0x9c, 0x3e, 0x00, 0x00, 
    0x00, 0x00, 0x02, 0x00, 0x58, 0xb4, 0x01, 0x40, 0x00, 0x00, 0x00, 0x00, 
    0x00, 0x00, 0x00, 0x00, 0x00, 0x00, 0x00, 0x00, 0x9f, 0x3e, 0x00, 0x00, 
    0x00, 0x00, 0x02, 0x00, 0x60, 0xb4, 0x01, 0x40, 0x00, 0x00, 0x00, 0x00, 
    0x00, 0x00, 0x00, 0x00, 0x00, 0x00, 0x00, 0x00, 0xa2, 0x3e, 0x00, 0x00, 
    0x00, 0x00, 0x02, 0x00, 0x90, 0xb4, 0x01, 0x40, 0x00, 0x00, 0x00, 0x00, 
    0x00, 0x00, 0x00, 0x00, 0x00, 0x00, 0x00, 0x00, 0xa5, 0x3e, 0x00, 0x00, 
    0x00, 0x00, 0x02, 0x00, 0xa8, 0xb4, 0x01, 0x40, 0x00, 0x00, 0x00, 0x00, 
    0x00, 0x00, 0x00, 0x00, 0x00, 0x00, 0x00, 0x00, 0xa8, 0x3e, 0x00, 0x00, 
    0x00, 0x00, 0x02, 0x00, 0xc0, 0xb4, 0x01, 0x40, 0x00, 0x00, 0x00, 0x00, 
    0x00, 0x00, 0x00, 0x00, 0x00, 0x00, 0x00, 0x00, 0xab, 0x3e, 0x00, 0x00, 
    0x00, 0x00, 0x02, 0x00, 0xd8, 0xb4, 0x01, 0x40, 0x00, 0x00, 0x00, 0x00, 
    0x00, 0x00, 0x00, 0x00, 0x00, 0x00, 0x00, 0x00, 0xae, 0x3e, 0x00, 0x00, 
    0x00, 0x00, 0x02, 0x00, 0xf0, 0xb4, 0x01, 0x40, 0x00, 0x00, 0x00, 0x00, 
    0x00, 0x00, 0x00, 0x00, 0x00, 0x00, 0x00, 0x00, 0xb1, 0x3e, 0x00, 0x00, 
    0x00, 0x00, 0x02, 0x00, 0x08, 0xb5, 0x01, 0x40, 0x00, 0x00, 0x00, 0x00, 
    0x00, 0x00, 0x00, 0x00, 0x00, 0x00, 0x00, 0x00, 0xb4, 0x3e, 0x00, 0x00, 
    0x00, 0x00, 0x02, 0x00, 0x20, 0xb5, 0x01, 0x40, 0x00, 0x00, 0x00, 0x00, 
    0x00, 0x00, 0x00, 0x00, 0x00, 0x00, 0x00, 0x00, 0xb7, 0x3e, 0x00, 0x00, 
    0x00, 0x00, 0x02, 0x00, 0x38, 0xb5, 0x01, 0x40, 0x00, 0x00, 0x00, 0x00, 
    0x00, 0x00, 0x00, 0x00, 0x00, 0x00, 0x00, 0x00, 0xba, 0x3e, 0x00, 0x00, 
    0x00, 0x00, 0x02, 0x00, 0x50, 0xb5, 0x01, 0x40, 0x00, 0x00, 0x00, 0x00, 
    0x00, 0x00, 0x00, 0x00, 0x00, 0x00, 0x00, 0x00, 0xbd, 0x3e, 0x00, 0x00, 
    0x00, 0x00, 0x02, 0x00, 0x68, 0xb5, 0x01, 0x40, 0x00, 0x00, 0x00, 0x00, 
    0x00, 0x00, 0x00, 0x00, 0x00, 0x00, 0x00, 0x00, 0xc0, 0x3e, 0x00, 0x00, 
    0x00, 0x00, 0x02, 0x00, 0x80, 0xb5, 0x01, 0x40, 0x00, 0x00, 0x00, 0x00, 
    0x00, 0x00, 0x00, 0x00, 0x00, 0x00, 0x00, 0x00, 0xc3, 0x3e, 0x00, 0x00, 
    0x00, 0x00, 0x02, 0x00, 0x98, 0xb5, 0x01, 0x40, 0x00, 0x00, 0x00, 0x00, 
    0x00, 0x00, 0x00, 0x00, 0x00, 0x00, 0x00, 0x00, 0xc6, 0x3e, 0x00, 0x00, 
    0x00, 0x00, 0x02, 0x00, 0xb0, 0xb5, 0x01, 0x40, 0x00, 0x00, 0x00, 0x00, 
    0x00, 0x00, 0x00, 0x00, 0x00, 0x00, 0x00, 0x00, 0xc9, 0x3e, 0x00, 0x00, 
    0x00, 0x00, 0x02, 0x00, 0xc8, 0xb5, 0x01, 0x40, 0x00, 0x00, 0x00, 0x00, 
    0x00, 0x00, 0x00, 0x00, 0x00, 0x00, 0x00, 0x00, 0xcc, 0x3e, 0x00, 0x00, 
    0x00, 0x00, 0x02, 0x00, 0xcb, 0xb5, 0x01, 0x40, 0x00, 0x00, 0x00, 0x00, 
    0x00, 0x00, 0x00, 0x00, 0x00, 0x00, 0x00, 0x00, 0xcf, 0x3e, 0x00, 0x00, 
    0x00, 0x00, 0x03, 0x00, 0x18, 0xc0, 0x01, 0x40, 0x00, 0x00, 0x00, 0x00, 
    0x00, 0x00, 0x00, 0x00, 0x00, 0x00, 0x00, 0x00, 0xd2, 0x3e, 0x00, 0x00, 
    0x00, 0x00, 0x02, 0x00, 0xd0, 0xb5, 0x01, 0x40, 0x00, 0x00, 0x00, 0x00, 
    0x00, 0x00, 0x00, 0x00, 0x00, 0x00, 0x00, 0x00, 0xd5, 0x3e, 0x00, 0x00, 
    0x00, 0x00, 0x02, 0x00, 0xe8, 0xb5, 0x01, 0x40, 0x00, 0x00, 0x00, 0x00, 
    0x00, 0x00, 0x00, 0x00, 0x00, 0x00, 0x00, 0x00, 0xd8, 0x3e, 0x00, 0x00, 
    0x00, 0x00, 0x02, 0x00, 0xed, 0xb5, 0x01, 0x40, 0x00, 0x00, 0x00, 0x00, 
    0x00, 0x00, 0x00, 0x00, 0x00, 0x00, 0x00, 0x00, 0xdb, 0x3e, 0x00, 0x00, 
    0x00, 0x00, 0x02, 0x00, 0xfc, 0xb5, 0x01, 0x40, 0x00, 0x00, 0x00, 0x00, 
    0x00, 0x00, 0x00, 0x00, 0x00, 0x00, 0x00, 0x00, 0xde, 0x3e, 0x00, 0x00, 
    0x00, 0x00, 0x02, 0x00, 0x08, 0xb6, 0x01, 0x40, 0x00, 0x00, 0x00, 0x00, 
    0x00, 0x00, 0x00, 0x00, 0x00, 0x00, 0x00, 0x00, 0xe1, 0x3e, 0x00, 0x00, 
    0x00, 0x00, 0x02, 0x00, 0x20, 0xb6, 0x01, 0x40, 0x00, 0x00, 0x00, 0x00, 
    0x00, 0x00, 0x00, 0x00, 0x00, 0x00, 0x00, 0x00, 0xe4, 0x3e, 0x00, 0x00, 
    0x00, 0x00, 0x02, 0x00, 0x38, 0xb6, 0x01, 0x40, 0x00, 0x00, 0x00, 0x00, 
    0x00, 0x00, 0x00, 0x00, 0x00, 0x00, 0x00, 0x00, 0xe7, 0x3e, 0x00, 0x00, 
    0x00, 0x00, 0x02, 0x00, 0x50, 0xb6, 0x01, 0x40, 0x00, 0x00, 0x00, 0x00, 
    0x00, 0x00, 0x00, 0x00, 0x00, 0x00, 0x00, 0x00, 0xea, 0x3e, 0x00, 0x00, 
    0x00, 0x00, 0x02, 0x00, 0x68, 0xb6, 0x01, 0x40, 0x00, 0x00, 0x00, 0x00, 
    0x00, 0x00, 0x00, 0x00, 0x00, 0x00, 0x00, 0x00, 0xed, 0x3e, 0x00, 0x00, 
    0x00, 0x00, 0x02, 0x00, 0x80, 0xb6, 0x01, 0x40, 0x00, 0x00, 0x00, 0x00, 
    0x00, 0x00, 0x00, 0x00, 0x00, 0x00, 0x00, 0x00, 0xf0, 0x3e, 0x00, 0x00, 
    0x00, 0x00, 0x02, 0x00, 0x98, 0xb6, 0x01, 0x40, 0x00, 0x00, 0x00, 0x00, 
    0x00, 0x00, 0x00, 0x00, 0x00, 0x00, 0x00, 0x00, 0xf3, 0x3e, 0x00, 0x00, 
    0x00, 0x00, 0x02, 0x00, 0xb0, 0xb6, 0x01, 0x40, 0x00, 0x00, 0x00, 0x00, 
    0x00, 0x00, 0x00, 0x00, 0x00, 0x00, 0x00, 0x00, 0xf6, 0x3e, 0x00, 0x00, 
    0x00, 0x00, 0x02, 0x00, 0xc8, 0xb6, 0x01, 0x40, 0x00, 0x00, 0x00, 0x00, 
    0x00, 0x00, 0x00, 0x00, 0x00, 0x00, 0x00, 0x00, 0xf9, 0x3e, 0x00, 0x00, 
    0x00, 0x00, 0x02, 0x00, 0xe0, 0xb6, 0x01, 0x40, 0x00, 0x00, 0x00, 0x00, 
    0x00, 0x00, 0x00, 0x00, 0x00, 0x00, 0x00, 0x00, 0xfc, 0x3e, 0x00, 0x00, 
    0x00, 0x00, 0x02, 0x00, 0xe8, 0xb6, 0x01, 0x40, 0x00, 0x00, 0x00, 0x00, 
    0x00, 0x00, 0x00, 0x00, 0x00, 0x00, 0x00, 0x00, 0xff, 0x3e, 0x00, 0x00, 
    0x00, 0x00, 0x02, 0x00, 0x00, 0xb7, 0x01, 0x40, 0x00, 0x00, 0x00, 0x00, 
    0x00, 0x00, 0x00, 0x00, 0x00, 0x00, 0x00, 0x00, 0x02, 0x3f, 0x00, 0x00, 
    0x00, 0x00, 0x02, 0x00, 0x01, 0xb7, 0x01, 0x40, 0x00, 0x00, 0x00, 0x00, 
    0x00, 0x00, 0x00, 0x00, 0x00, 0x00, 0x00, 0x00, 0x05, 0x3f, 0x00, 0x00, 
    0x00, 0x00, 0x02, 0x00, 0x08, 0xb7, 0x01, 0x40, 0x00, 0x00, 0x00, 0x00, 
    0x00, 0x00, 0x00, 0x00, 0x00, 0x00, 0x00, 0x00, 0x08, 0x3f, 0x00, 0x00, 
    0x00, 0x00, 0x02, 0x00, 0x20, 0xb7, 0x01, 0x40, 0x00, 0x00, 0x00, 0x00, 
    0x00, 0x00, 0x00, 0x00, 0x00, 0x00, 0x00, 0x00, 0x0b, 0x3f, 0x00, 0x00, 
    0x00, 0x00, 0x02, 0x00, 0x28, 0xb7, 0x01, 0x40, 0x00, 0x00, 0x00, 0x00, 
    0x00, 0x00, 0x00, 0x00, 0x00, 0x00, 0x00, 0x00, 0x0e, 0x3f, 0x00, 0x00, 
    0x00, 0x00, 0x02, 0x00, 0x40, 0xb7, 0x01, 0x40, 0x00, 0x00, 0x00, 0x00, 
    0x00, 0x00, 0x00, 0x00, 0x00, 0x00, 0x00, 0x00, 0x11, 0x3f, 0x00, 0x00, 
    0x00, 0x00, 0x02, 0x00, 0x58, 0xb7, 0x01, 0x40, 0x00, 0x00, 0x00, 0x00, 
    0x00, 0x00, 0x00, 0x00, 0x00, 0x00, 0x00, 0x00, 0x14, 0x3f, 0x00, 0x00, 
    0x00, 0x00, 0x02, 0x00, 0x70, 0xb7, 0x01, 0x40, 0x00, 0x00, 0x00, 0x00, 
    0x00, 0x00, 0x00, 0x00, 0x00, 0x00, 0x00, 0x00, 0x17, 0x3f, 0x00, 0x00, 
    0x00, 0x00, 0x02, 0x00, 0x88, 0xb7, 0x01, 0x40, 0x00, 0x00, 0x00, 0x00, 
    0x00, 0x00, 0x00, 0x00, 0x00, 0x00, 0x00, 0x00, 0x1a, 0x3f, 0x00, 0x00, 
    0x00, 0x00, 0x02, 0x00, 0xa0, 0xb7, 0x01, 0x40, 0x00, 0x00, 0x00, 0x00, 
    0x00, 0x00, 0x00, 0x00, 0x00, 0x00, 0x00, 0x00, 0x1d, 0x3f, 0x00, 0x00, 
    0x00, 0x00, 0x02, 0x00, 0xa6, 0xb7, 0x01, 0x40, 0x00, 0x00, 0x00, 0x00, 
    0x00, 0x00, 0x00, 0x00, 0x00, 0x00, 0x00, 0x00, 0x20, 0x3f, 0x00, 0x00, 
    0x00, 0x00, 0x02, 0x00, 0xa7, 0xb7, 0x01, 0x40, 0x00, 0x00, 0x00, 0x00, 
    0x00, 0x00, 0x00, 0x00, 0x00, 0x00, 0x00, 0x00, 0x23, 0x3f, 0x00, 0x00, 
    0x00, 0x00, 0x02, 0x00, 0xb8, 0xb7, 0x01, 0x40, 0x00, 0x00, 0x00, 0x00, 
    0x00, 0x00, 0x00, 0x00, 0x00, 0x00, 0x00, 0x00, 0x26, 0x3f, 0x00, 0x00, 
    0x00, 0x00, 0x02, 0x00, 0xd0, 0xb7, 0x01, 0x40, 0x00, 0x00, 0x00, 0x00, 
    0x00, 0x00, 0x00, 0x00, 0x00, 0x00, 0x00, 0x00, 0x29, 0x3f, 0x00, 0x00, 
    0x00, 0x00, 0x02, 0x00, 0xe8, 0xb7, 0x01, 0x40, 0x00, 0x00, 0x00, 0x00, 
    0x00, 0x00, 0x00, 0x00, 0x00, 0x00, 0x00, 0x00, 0x2c, 0x3f, 0x00, 0x00, 
    0x00, 0x00, 0x02, 0x00, 0x00, 0xb8, 0x01, 0x40, 0x00, 0x00, 0x00, 0x00, 
    0x00, 0x00, 0x00, 0x00, 0x00, 0x00, 0x00, 0x00, 0x2f, 0x3f, 0x00, 0x00, 
    0x00, 0x00, 0x02, 0x00, 0x18, 0xb8, 0x01, 0x40, 0x00, 0x00, 0x00, 0x00, 
    0x00, 0x00, 0x00, 0x00, 0x00, 0x00, 0x00, 0x00, 0x32, 0x3f, 0x00, 0x00, 
    0x00, 0x00, 0x02, 0x00, 0x21, 0xb8, 0x01, 0x40, 0x00, 0x00, 0x00, 0x00, 
    0x00, 0x00, 0x00, 0x00, 0x00, 0x00, 0x00, 0x00, 0x35, 0x3f, 0x00, 0x00, 
    0x00, 0x00, 0x02, 0x00, 0x24, 0xb8, 0x01, 0x40, 0x00, 0x00, 0x00, 0x00, 
    0x00, 0x00, 0x00, 0x00, 0x00, 0x00, 0x00, 0x00, 0x38, 0x3f, 0x00, 0x00, 
    0x00, 0x00, 0x02, 0x00, 0x2d, 0xb8, 0x01, 0x40, 0x00, 0x00, 0x00, 0x00, 
    0x00, 0x00, 0x00, 0x00, 0x00, 0x00, 0x00, 0x00, 0x3b, 0x3f, 0x00, 0x00, 
    0x00, 0x00, 0x02, 0x00, 0x34, 0xb8, 0x01, 0x40, 0x00, 0x00, 0x00, 0x00, 
    0x00, 0x00, 0x00, 0x00, 0x00, 0x00, 0x00, 0x00, 0x3e, 0x3f, 0x00, 0x00, 
    0x00, 0x00, 0x02, 0x00, 0x4a, 0xb8, 0x01, 0x40, 0x00, 0x00, 0x00, 0x00, 
    0x00, 0x00, 0x00, 0x00, 0x00, 0x00, 0x00, 0x00, 0x41, 0x3f, 0x00, 0x00, 
    0x00, 0x00, 0x02, 0x00, 0x60, 0xb8, 0x01, 0x40, 0x00, 0x00, 0x00, 0x00, 
    0x00, 0x00, 0x00, 0x00, 0x00, 0x00, 0x00, 0x00, 0x44, 0x3f, 0x00, 0x00, 
    0x00, 0x00, 0x02, 0x00, 0x40, 0xb9, 0x01, 0x40, 0x00, 0x00, 0x00, 0x00, 
    0x00, 0x00, 0x00, 0x00, 0x00, 0x00, 0x00, 0x00, 0x47, 0x3f, 0x00, 0x00, 
    0x00, 0x00, 0x02, 0x00, 0x20, 0xba, 0x01, 0x40, 0x00, 0x00, 0x00, 0x00, 
    0x00, 0x00, 0x00, 0x00, 0x00, 0x00, 0x00, 0x00, 0x4a, 0x3f, 0x00, 0x00, 
    0x00, 0x00, 0x02, 0x00, 0xa8, 0xba, 0x01, 0x40, 0x00, 0x00, 0x00, 0x00, 
    0x00, 0x00, 0x00, 0x00, 0x00, 0x00, 0x00, 0x00, 0x4d, 0x3f, 0x00, 0x00, 
    0x00, 0x00, 0xf1, 0xff, 0x00, 0x00, 0x00, 0x00, 0x00, 0x00, 0x00, 0x00, 
    0x00, 0x00, 0x00, 0x00, 0x00, 0x00, 0x00, 0x00, 0x50, 0x3f, 0x00, 0x00, 
    0x04, 0x00, 0xf1, 0xff, 0x00, 0x00, 0x00, 0x00, 0x00, 0x00, 0x00, 0x00, 
    0x00, 0x00, 0x00, 0x00, 0x00, 0x00, 0x00, 0x00, 0x79, 0x3f, 0x00, 0x00, 
    0x00, 0x00, 0x01, 0x00, 0xec, 0x7e, 0x01, 0x40, 0x00, 0x00, 0x00, 0x00, 
    0x00, 0x00, 0x00, 0x00, 0x00, 0x00, 0x00, 0x00, 0x7c, 0x3f, 0x00, 0x00, 
    0x00, 0x00, 0xf1, 0xff, 0x00, 0x00, 0x00, 0x00, 0x00, 0x00, 0x00, 0x00, 
    0x00, 0x00, 0x00, 0x00, 0x00, 0x00, 0x00, 0x00, 0x8b, 0x42, 0x00, 0x00, 
    0x02, 0x02, 0x01, 0x00, 0xec, 0x7e, 0x01, 0x40, 0x00, 0x00, 0x00, 0x00, 
    0x1c, 0x00, 0x00, 0x00, 0x00, 0x00, 0x00, 0x00, 0x7f, 0x3f, 0x00, 0x00, 
    0x04, 0x00, 0xf1, 0xff, 0x00, 0x00, 0x00, 0x00, 0x00, 0x00, 0x00, 0x00, 
    0x00, 0x00, 0x00, 0x00, 0x00, 0x00, 0x00, 0x00, 0xa8, 0x3f, 0x00, 0x00, 
    0x00, 0x00, 0xf1, 0xff, 0x00, 0x00, 0x00, 0x00, 0x00, 0x00, 0x00, 0x00, 
    0x00, 0x00, 0x00, 0x00, 0x00, 0x00, 0x00, 0x00, 0xab, 0x3f, 0x00, 0x00, 
    0x04, 0x00, 0xf1, 0xff, 0x00, 0x00, 0x00, 0x00, 0x00, 0x00, 0x00, 0x00, 
    0x00, 0x00, 0x00, 0x00, 0x00, 0x00, 0x00, 0x00, 0xd4, 0x3f, 0x00, 0x00, 
    0x00, 0x00, 0xf1, 0xff, 0x00, 0x00, 0x00, 0x00, 0x00, 0x00, 0x00, 0x00, 
    0x00, 0x00, 0x00, 0x00, 0x00, 0x00, 0x00, 0x00, 0xd7, 0x3f, 0x00, 0x00, 
    0x04, 0x00, 0xf1, 0xff, 0x00, 0x00, 0x00, 0x00, 0x00, 0x00, 0x00, 0x00, 
    0x00, 0x00, 0x00, 0x00, 0x00, 0x00, 0x00, 0x00, 0x00, 0x40, 0x00, 0x00, 
    0x00, 0x00, 0xf1, 0xff, 0x00, 0x00, 0x00, 0x00, 0x00, 0x00, 0x00, 0x00, 
    0x00, 0x00, 0x00, 0x00, 0x00, 0x00, 0x00, 0x00, 0x03, 0x40, 0x00, 0x00, 
    0x04, 0x00, 0xf1, 0xff, 0x00, 0x00, 0x00, 0x00, 0x00, 0x00, 0x00, 0x00, 
    0x00, 0x00, 0x00, 0x00, 0x00, 0x00, 0x00, 0x00, 0x2c, 0x40, 0x00, 0x00, 
    0x00, 0x00, 0x01, 0x00, 0x08, 0x7f, 0x01, 0x40, 0x00, 0x00, 0x00, 0x00, 
    0x00, 0x00, 0x00, 0x00, 0x00, 0x00, 0x00, 0x00, 0x2f, 0x40, 0x00, 0x00, 
    0x02, 0x00, 0x01, 0x00, 0x60, 0x80, 0x01, 0x40, 0x00, 0x00, 0x00, 0x00, 
    0x18, 0x00, 0x00, 0x00, 0x00, 0x00, 0x00, 0x00, 0x43, 0x40, 0x00, 0x00, 
    0x02, 0x00, 0x01, 0x00, 0x80, 0x80, 0x01, 0x40, 0x00, 0x00, 0x00, 0x00, 
    0x14, 0x00, 0x00, 0x00, 0x00, 0x00, 0x00, 0x00, 0x58, 0x40, 0x00, 0x00, 
    0x02, 0x00, 0x01, 0x00, 0x78, 0x80, 0x01, 0x40, 0x00, 0x00, 0x00, 0x00, 
    0x08, 0x00, 0x00, 0x00, 0x00, 0x00, 0x00, 0x00, 0x6c, 0x40, 0x00, 0x00, 
    0x02, 0x00, 0x01, 0x00, 0x48, 0x80, 0x01, 0x40, 0x00, 0x00, 0x00, 0x00, 
    0x18, 0x00, 0x00, 0x00, 0x00, 0x00, 0x00, 0x00, 0x80, 0x40, 0x00, 0x00, 
    0x00, 0x00, 0x01, 0x00, 0xc0, 0x7f, 0x01, 0x40, 0x00, 0x00, 0x00, 0x00, 
    0x00, 0x00, 0x00, 0x00, 0x00, 0x00, 0x00, 0x00, 0x83, 0x40, 0x00, 0x00, 
    0x00, 0x00, 0x01, 0x00, 0x48, 0x80, 0x01, 0x40, 0x00, 0x00, 0x00, 0x00, 
    0x00, 0x00, 0x00, 0x00, 0x00, 0x00, 0x00, 0x00, 0x86, 0x40, 0x00, 0x00, 
    0x00, 0x00, 0x01, 0x00, 0x60, 0x80, 0x01, 0x40, 0x00, 0x00, 0x00, 0x00, 
    0x00, 0x00, 0x00, 0x00, 0x00, 0x00, 0x00, 0x00, 0x89, 0x40, 0x00, 0x00, 
    0x00, 0x00, 0x01, 0x00, 0x78, 0x80, 0x01, 0x40, 0x00, 0x00, 0x00, 0x00, 
    0x00, 0x00, 0x00, 0x00, 0x00, 0x00, 0x00, 0x00, 0x8c, 0x40, 0x00, 0x00, 
    0x00, 0x00, 0x01, 0x00, 0x80, 0x80, 0x01, 0x40, 0x00, 0x00, 0x00, 0x00, 
    0x00, 0x00, 0x00, 0x00, 0x00, 0x00, 0x00, 0x00, 0x8f, 0x40, 0x00, 0x00, 
    0x00, 0x00, 0xf1, 0xff, 0x00, 0x00, 0x00, 0x00, 0x00, 0x00, 0x00, 0x00, 
    0x00, 0x00, 0x00, 0x00, 0x00, 0x00, 0x00, 0x00, 0xf2, 0x42, 0x00, 0x00, 
    0x02, 0x02, 0x01, 0x00, 0x08, 0x7f, 0x01, 0x40, 0x00, 0x00, 0x00, 0x00, 
    0xb8, 0x00, 0x00, 0x00, 0x00, 0x00, 0x00, 0x00, 0x24, 0x43, 0x00, 0x00, 
    0x02, 0x02, 0x01, 0x00, 0xc0, 0x7f, 0x01, 0x40, 0x00, 0x00, 0x00, 0x00, 
    0x88, 0x00, 0x00, 0x00, 0x00, 0x00, 0x00, 0x00, 0x92, 0x40, 0x00, 0x00, 
    0x04, 0x00, 0xf1, 0xff, 0x00, 0x00, 0x00, 0x00, 0x00, 0x00, 0x00, 0x00, 
    0x00, 0x00, 0x00, 0x00, 0x00, 0x00, 0x00, 0x00, 0xbb, 0x40, 0x00, 0x00, 
    0x00, 0x00, 0xf1, 0xff, 0x00, 0x00, 0x00, 0x00, 0x00, 0x00, 0x00, 0x00, 
    0x00, 0x00, 0x00, 0x00, 0x00, 0x00, 0x00, 0x00, 0xbe, 0x40, 0x00, 0x00, 
    0x04, 0x00, 0xf1, 0xff, 0x00, 0x00, 0x00, 0x00, 0x00, 0x00, 0x00, 0x00, 
    0x00, 0x00, 0x00, 0x00, 0x00, 0x00, 0x00, 0x00, 0xe7, 0x40, 0x00, 0x00, 
    0x00, 0x00, 0xf1, 0xff, 0x00, 0x00, 0x00, 0x00, 0x00, 0x00, 0x00, 0x00, 
    0x00, 0x00, 0x00, 0x00, 0x00, 0x00, 0x00, 0x00, 0xea, 0x40, 0x00, 0x00, 
    0x04, 0x00, 0xf1, 0xff, 0x00, 0x00, 0x00, 0x00, 0x00, 0x00, 0x00, 0x00, 
    0x00, 0x00, 0x00, 0x00, 0x00, 0x00, 0x00, 0x00, 0x13, 0x41, 0x00, 0x00, 
    0x00, 0x00, 0x01, 0x00, 0x94, 0x80, 0x01, 0x40, 0x00, 0x00, 0x00, 0x00, 
    0x00, 0x00, 0x00, 0x00, 0x00, 0x00, 0x00, 0x00, 0x16, 0x41, 0x00, 0x00, 
    0x00, 0x00, 0xf1, 0xff, 0x00, 0x00, 0x00, 0x00, 0x00, 0x00, 0x00, 0x00, 
    0x00, 0x00, 0x00, 0x00, 0x00, 0x00, 0x00, 0x00, 0x56, 0x43, 0x00, 0x00, 
    0x02, 0x02, 0x01, 0x00, 0x94, 0x80, 0x01, 0x40, 0x00, 0x00, 0x00, 0x00, 
    0x48, 0x00, 0x00, 0x00, 0x00, 0x00, 0x00, 0x00, 0x19, 0x41, 0x00, 0x00, 
    0x04, 0x00, 0xf1, 0xff, 0x00, 0x00, 0x00, 0x00, 0x00, 0x00, 0x00, 0x00, 
    0x00, 0x00, 0x00, 0x00, 0x00, 0x00, 0x00, 0x00, 0x42, 0x41, 0x00, 0x00, 
    0x00, 0x00, 0xf1, 0xff, 0x00, 0x00, 0x00, 0x00, 0x00, 0x00, 0x00, 0x00, 
    0x00, 0x00, 0x00, 0x00, 0x00, 0x00, 0x00, 0x00, 0x45, 0x41, 0x00, 0x00, 
    0x04, 0x00, 0xf1, 0xff, 0x00, 0x00, 0x00, 0x00, 0x00, 0x00, 0x00, 0x00, 
    0x00, 0x00, 0x00, 0x00, 0x00, 0x00, 0x00, 0x00, 0x6e, 0x41, 0x00, 0x00, 
    0x00, 0x00, 0xf1, 0xff, 0x00, 0x00, 0x00, 0x00, 0x00, 0x00, 0x00, 0x00, 
    0x00, 0x00, 0x00, 0x00, 0x00, 0x00, 0x00, 0x00, 0x71, 0x41, 0x00, 0x00, 
    0x04, 0x00, 0xf1, 0xff, 0x00, 0x00, 0x00, 0x00, 0x00, 0x00, 0x00, 0x00, 
    0x00, 0x00, 0x00, 0x00, 0x00, 0x00, 0x00, 0x00, 0x9a, 0x41, 0x00, 0x00, 
    0x00, 0x00, 0xf1, 0xff, 0x00, 0x00, 0x00, 0x00, 0x00, 0x00, 0x00, 0x00, 
    0x00, 0x00, 0x00, 0x00, 0x00, 0x00, 0x00, 0x00, 0x9d, 0x41, 0x00, 0x00, 
    0x04, 0x00, 0xf1, 0xff, 0x00, 0x00, 0x00, 0x00, 0x00, 0x00, 0x00, 0x00, 
    0x00, 0x00, 0x00, 0x00, 0x00, 0x00, 0x00, 0x00, 0xc6, 0x41, 0x00, 0x00, 
    0x00, 0x00, 0xf1, 0xff, 0x00, 0x00, 0x00, 0x00, 0x00, 0x00, 0x00, 0x00, 
    0x00, 0x00, 0x00, 0x00, 0x00, 0x00, 0x00, 0x00, 0xc9, 0x41, 0x00, 0x00, 
    0x04, 0x00, 0xf1, 0xff, 0x00, 0x00, 0x00, 0x00, 0x00, 0x00, 0x00, 0x00, 
    0x00, 0x00, 0x00, 0x00, 0x00, 0x00, 0x00, 0x00, 0xf2, 0x41, 0x00, 0x00, 
    0x00, 0x00, 0x01, 0x00, 0xdc, 0x80, 0x01, 0x40, 0x00, 0x00, 0x00, 0x00, 
    0x00, 0x00, 0x00, 0x00, 0x00, 0x00, 0x00, 0x00, 0xf5, 0x41, 0x00, 0x00, 
    0x00, 0x00, 0xf1, 0xff, 0x00, 0x00, 0x00, 0x00, 0x00, 0x00, 0x00, 0x00, 
    0x00, 0x00, 0x00, 0x00, 0x00, 0x00, 0x00, 0x00, 0xeb, 0x42, 0x00, 0x00, 
    0x02, 0x02, 0x01, 0x00, 0xdc, 0x80, 0x01, 0x40, 0x00, 0x00, 0x00, 0x00, 
    0x04, 0x00, 0x00, 0x00, 0x00, 0x00, 0x00, 0x00, 0xf8, 0x41, 0x00, 0x00, 
    0x04, 0x00, 0xf1, 0xff, 0x00, 0x00, 0x00, 0x00, 0x00, 0x00, 0x00, 0x00, 
    0x00, 0x00, 0x00, 0x00, 0x00, 0x00, 0x00, 0x00, 0x21, 0x42, 0x00, 0x00, 
    0x00, 0x00, 0xf1, 0xff, 0x00, 0x00, 0x00, 0x00, 0x00, 0x00, 0x00, 0x00, 
    0x00, 0x00, 0x00, 0x00, 0x00, 0x00, 0x00, 0x00, 0x24, 0x42, 0x00, 0x00, 
    0x04, 0x00, 0xf1, 0xff, 0x00, 0x00, 0x00, 0x00, 0x00, 0x00, 0x00, 0x00, 
    0x00, 0x00, 0x00, 0x00, 0x00, 0x00, 0x00, 0x00, 0x4d, 0x42, 0x00, 0x00, 
    0x00, 0x00, 0xf1, 0xff, 0x00, 0x00, 0x00, 0x00, 0x00, 0x00, 0x00, 0x00, 
    0x00, 0x00, 0x00, 0x00, 0x00, 0x00, 0x00, 0x00, 0x50, 0x42, 0x00, 0x00, 
    0x04, 0x00, 0xf1, 0xff, 0x00, 0x00, 0x00, 0x00, 0x00, 0x00, 0x00, 0x00, 
    0x00, 0x00, 0x00, 0x00, 0x00, 0x00, 0x00, 0x00, 0x79, 0x42, 0x00, 0x00, 
    0x00, 0x00, 0x01, 0x00, 0xe0, 0x80, 0x01, 0x40, 0x00, 0x00, 0x00, 0x00, 
    0x00, 0x00, 0x00, 0x00, 0x00, 0x00, 0x00, 0x00, 0x7c, 0x42, 0x00, 0x00, 
    0x00, 0x00, 0xf1, 0xff, 0x00, 0x00, 0x00, 0x00, 0x00, 0x00, 0x00, 0x00, 
    0x00, 0x00, 0x00, 0x00, 0x00, 0x00, 0x00, 0x00, 0xe4, 0x42, 0x00, 0x00, 
    0x02, 0x02, 0x01, 0x00, 0xe0, 0x80, 0x01, 0x40, 0x00, 0x00, 0x00, 0x00, 
    0x04, 0x00, 0x00, 0x00, 0x00, 0x00, 0x00, 0x00, 0x7f, 0x42, 0x00, 0x00, 
    0x12, 0x00, 0x01, 0x00, 0x00, 0x00, 0x01, 0x40, 0x00, 0x00, 0x00, 0x00, 
    0x10, 0x00, 0x00, 0x00, 0x00, 0x00, 0x00, 0x00, 0x86, 0x42, 0x00, 0x00, 
    0x12, 0x00, 0x01, 0x00, 0xf0, 0x79, 0x01, 0x40, 0x00, 0x00, 0x00, 0x00, 
    0x08, 0x00, 0x00, 0x00, 0x00, 0x00, 0x00, 0x00, 0x9f, 0x43, 0x00, 0x00, 
    0x10, 0x00, 0xf1, 0xff, 0x00, 0x00, 0x01, 0x40, 0x00, 0x00, 0x00, 0x00, 
    0x00, 0x00, 0x00, 0x00, 0x00, 0x00, 0x00, 0x00, 0xa9, 0x43, 0x00, 0x00, 
    0x10, 0x00, 0x04, 0x00, 0x00, 0xd0, 0x01, 0x40, 0x00, 0x00, 0x00, 0x00, 
    0x00, 0x00, 0x00, 0x00, 0x00, 0x00, 0x00, 0x00, 0xb5, 0x43, 0x00, 0x00, 
    0x10, 0x00, 0x04, 0x00, 0x28, 0x50, 0x02, 0x40, 0x00, 0x00, 0x00, 0x00, 
    0x00, 0x00, 0x00, 0x00, 0x00, 0x00, 0x00, 0x00, 0x00, 0x2e, 0x74, 0x65, 
    0x78, 0x74, 0x00, 0x2e, 0x72, 0x6f, 0x64, 0x61, 0x74, 0x61, 0x00, 0x2e, 
    0x64, 0x61, 0x74, 0x61, 0x00, 0x2e, 0x62, 0x73, 0x73, 0x00, 0x2e, 0x73, 
    0x79, 0x6d, 0x74, 0x61, 0x62, 0x00, 0x2e, 0x73, 0x68, 0x73, 0x74, 0x72, 
    0x74, 0x61, 0x62, 0x00, 0x2e, 0x73, 0x74, 0x72, 0x74, 0x61, 0x62, 0x00, 
    0x00, 0x70, 0x61, 0x72, 0x74, 0x64, 0x2e, 0x38, 0x38, 0x61, 0x34, 0x39, 
    0x63, 0x30, 0x32, 0x65, 0x32, 0x34, 0x63, 0x62, 0x39, 0x61, 0x62, 0x2d, 
    0x63, 0x67, 0x75, 0x2e, 0x31, 0x00, 0x24, 0x78, 0x00, 0x5f, 0x52, 0x49, 
    0x4e, 0x76, 0x4d, 0x73, 0x31, 0x5f, 0x4e, 0x74, 0x43, 0x73, 0x64, 0x31, 
    0x51, 0x4d, 0x75, 0x67, 0x79, 0x68, 0x69, 0x6f, 0x68, 0x5f, 0x35, 0x6c, 
    0x69, 0x62, 0x6f, 0x73, 0x34, 0x75, 0x6c, 0x6f, 0x67, 0x4e, 0x74, 0x42, 
    0x36, 0x5f, 0x31, 0x33, 0x52, 0x65, 0x63, 0x6f, 0x72, 0x64, 0x42, 0x75, 
    0x69, 0x6c, 0x64, 0x65, 0x72, 0x32, 0x6b, 0x76, 0x6d, 0x45, 0x43, 0x73, 
    0x62, 0x4a, 0x6c, 0x78, 0x50, 0x53, 0x47, 0x61, 0x57, 0x56, 0x7a, 0x5f, 
    0x35, 0x70, 0x61, 0x72, 0x74, 0x64, 0x00, 0x24, 0x78, 0x00, 0x4f, 0x55, 
    0x54, 0x4c, 0x49, 0x4e, 0x45, 0x44, 0x5f, 0x46, 0x55, 0x4e, 0x43, 0x54, 
    0x49, 0x4f, 0x4e, 0x5f, 0x31, 0x39, 0x00, 0x4f, 0x55, 0x54, 0x4c, 0x49, 
    0x4e, 0x45, 0x44, 0x5f, 0x46, 0x55, 0x4e, 0x43, 0x54, 0x49, 0x4f, 0x4e, 
    0x5f, 0x34, 0x38, 0x00, 0x4f, 0x55, 0x54, 0x4c, 0x49, 0x4e, 0x45, 0x44, 
    0x5f, 0x46, 0x55, 0x4e, 0x43, 0x54, 0x49, 0x4f, 0x4e, 0x5f, 0x34, 0x35, 
    0x00, 0x4f, 0x55, 0x54, 0x4c, 0x49, 0x4e, 0x45, 0x44, 0x5f, 0x46, 0x55, 
    0x4e, 0x43, 0x54, 0x49, 0x4f, 0x4e, 0x5f, 0x38, 0x30, 0x00, 0x5f, 0x52, 
    0x4e, 0x76, 0x58, 0x73, 0x65, 0x5f, 0x4e, 0x74, 0x43, 0x73, 0x6a, 0x75, 
    0x65, 0x6c, 0x76, 0x63, 0x4a, 0x38, 0x4a, 0x68, 0x35, 0x5f, 0x34, 0x63, 
    0x6f, 0x72, 0x65, 0x35, 0x61, 0x72, 0x72, 0x61, 0x79, 0x41, 0x68, 0x6a, 
    0x32, 0x30, 0x30, 0x5f, 0x49, 0x4e, 0x74, 0x4e, 0x74, 0x4e, 0x74, 0x42, 
    0x37, 0x5f, 0x33, 0x6f, 0x70, 0x73, 0x35, 0x69, 0x6e, 0x64, 0x65, 0x78, 
    0x38, 0x49, 0x6e, 0x64, 0x65, 0x78, 0x4d, 0x75, 0x74, 0x49, 0x4e, 0x74, 
    0x4e, 0x74, 0x42, 0x49, 0x5f, 0x35, 0x72, 0x61, 0x6e, 0x67, 0x65, 0x35, 
    0x52, 0x61, 0x6e, 0x67, 0x65, 0x6a, 0x45, 0x45, 0x39, 0x69, 0x6e, 0x64, 
    0x65, 0x78, 0x5f, 0x6d, 0x75, 0x74, 0x43, 0x73, 0x62, 0x4a, 0x6c, 0x78, 
    0x50, 0x53, 0x47, 0x61, 0x57, 0x56, 0x7a, 0x5f, 0x35, 0x70, 0x61, 0x72, 
    0x74, 0x64, 0x00, 0x4f, 0x55, 0x54, 0x4c, 0x49, 0x4e, 0x45, 0x44, 0x5f, 
    0x46, 0x55, 0x4e, 0x43, 0x54, 0x49, 0x4f, 0x4e, 0x5f, 0x32, 0x36, 0x00, 
    0x4f, 0x55, 0x54, 0x4c, 0x49, 0x4e, 0x45, 0x44, 0x5f, 0x46, 0x55, 0x4e, 
    0x43, 0x54, 0x49, 0x4f, 0x4e, 0x5f, 0x32, 0x37, 0x00, 0x4f, 0x55, 0x54, 
    0x4c, 0x49, 0x4e, 0x45, 0x44, 0x5f, 0x46, 0x55, 0x4e, 0x43, 0x54, 0x49, 
    0x4f, 0x4e, 0x5f, 0x31, 0x36, 0x00, 0x4f, 0x55, 0x54, 0x4c, 0x49, 0x4e, 
    0x45, 0x44, 0x5f, 0x46, 0x55, 0x4e, 0x43, 0x54, 0x49, 0x4f, 0x4e, 0x5f, 
    0x33, 0x32, 0x00, 0x4f, 0x55, 0x54, 0x4c, 0x49, 0x4e, 0x45, 0x44, 0x5f, 
    0x46, 0x55, 0x4e, 0x43, 0x54, 0x49, 0x4f, 0x4e, 0x5f, 0x31, 0x34, 0x00, 
    0x5f, 0x52, 0x49, 0x4e, 0x76, 0x4d, 0x73, 0x31, 0x5f, 0x4e, 0x74, 0x43, 
    0x73, 0x64, 0x31, 0x51, 0x4d, 0x75, 0x67, 0x79, 0x68, 0x69, 0x6f, 0x68, 
    0x5f, 0x35, 0x6c, 0x69, 0x62, 0x6f, 0x73, 0x34, 0x75, 0x6c, 0x6f, 0x67, 
    0x4e, 0x74, 0x42, 0x36, 0x5f, 0x31, 0x33, 0x52, 0x65, 0x63, 0x6f, 0x72, 
    0x64, 0x42, 0x75, 0x69, 0x6c, 0x64, 0x65, 0x72, 0x32, 0x6b, 0x76, 0x79, 
    0x45, 0x43, 0x73, 0x62, 0x4a, 0x6c, 0x78, 0x50, 0x53, 0x47, 0x61, 0x57, 
    0x56, 0x7a, 0x5f, 0x35, 0x70, 0x61, 0x72, 0x74, 0x64, 0x00, 0x24, 0x78, 
    0x00, 0x5f, 0x52, 0x49, 0x4e, 0x76, 0x4e, 0x74, 0x43, 0x73, 0x64, 0x31, 
    0x51, 0x4d, 0x75, 0x67, 0x79, 0x68, 0x69, 0x6f, 0x68, 0x5f, 0x35, 0x6c, 
    0x69, 0x62, 0x6f, 0x73, 0x31, 0x31, 0x62, 0x75, 0x73, 0x5f, 0x72, 0x75, 
    0x6e, 0x74, 0x69, 0x6d, 0x65, 0x31, 0x31, 0x64, 0x72, 0x69, 0x76, 0x65, 
    0x72, 0x5f, 0x6d, 0x61, 0x69, 0x6e, 0x51, 0x4e, 0x74, 0x43, 0x73, 0x62, 
    0x4a, 0x6c, 0x78, 0x50, 0x53, 0x47, 0x61, 0x57, 0x56, 0x7a, 0x5f, 0x35, 
    0x70, 0x61, 0x72, 0x74, 0x64, 0x31, 0x35, 0x50, 0x61, 0x72, 0x74, 0x69, 
    0x74, 0x69, 0x6f, 0x6e, 0x44, 0x72, 0x69, 0x76, 0x65, 0x72, 0x45, 0x42, 
    0x52, 0x5f, 0x00, 0x24, 0x78, 0x00, 0x4f, 0x55, 0x54, 0x4c, 0x49, 0x4e, 
    0x45, 0x44, 0x5f, 0x46, 0x55, 0x4e, 0x43, 0x54, 0x49, 0x4f, 0x4e, 0x5f, 
    0x32, 0x34, 0x00, 0x5f, 0x52, 0x4e, 0x76, 0x43, 0x73, 0x32, 0x70, 0x69, 
    0x5a, 0x71, 0x4c, 0x43, 0x37, 0x6f, 0x45, 0x34, 0x5f, 0x36, 0x6c, 0x69, 
    0x62, 0x73, 0x79, 0x73, 0x31, 0x31, 0x50, 0x41, 0x4e, 0x49, 0x43, 0x5f, 
    0x46, 0x4c, 0x55, 0x53, 0x48, 0x2e, 0x30, 0x00, 0x5f, 0x52, 0x4e, 0x76, 
    0x4e, 0x74, 0x43, 0x73, 0x64, 0x31, 0x51, 0x4d, 0x75, 0x67, 0x79, 0x68, 
    0x69, 0x6f, 0x68, 0x5f, 0x35, 0x6c, 0x69, 0x62, 0x6f, 0x73, 0x34, 0x75, 
    0x6c, 0x6f, 0x67, 0x35, 0x66, 0x6c, 0x75, 0x73, 0x68, 0x00, 0x5f, 0x52, 
    0x4e, 0x76, 0x4e, 0x74, 0x43, 0x73, 0x32, 0x70, 0x69, 0x5a, 0x71, 0x4c, 
    0x43, 0x37, 0x6f, 0x45, 0x34, 0x5f, 0x36, 0x6c, 0x69, 0x62, 0x73, 0x79, 
    0x73, 0x37, 0x73, 0x79, 0x73, 0x63, 0x61, 0x6c, 0x6c, 0x33, 0x6d, 0x61, 
    0x70, 0x00, 0x5f, 0x52, 0x4e, 0x76, 0x4e, 0x74, 0x4e, 0x74, 0x43, 0x73, 
    0x6a, 0x75, 0x65, 0x6c, 0x76, 0x63, 0x4a, 0x38, 0x4a, 0x68, 0x35, 0x5f, 
    0x34, 0x63, 0x6f, 0x72, 0x65, 0x33, 0x73, 0x74, 0x72, 0x38, 0x63, 0x6f, 
    0x6e, 0x76, 0x65, 0x72, 0x74, 0x73, 0x39, 0x66, 0x72, 0x6f, 0x6d, 0x5f, 
    0x75, 0x74, 0x66, 0x38, 0x00, 0x5f, 0x52, 0x4e, 0x76, 0x4e, 0x74, 0x43, 
    0x73, 0x64, 0x31, 0x51, 0x4d, 0x75, 0x67, 0x79, 0x68, 0x69, 0x6f, 0x68, 
    0x5f, 0x35, 0x6c, 0x69, 0x62, 0x6f, 0x73, 0x34, 0x75, 0x6c, 0x6f, 0x67, 
    0x31, 0x33, 0x5f, 0x5f, 0x73, 0x74, 0x61, 0x72, 0x74, 0x5f, 0x72, 0x65, 
    0x63, 0x6f, 0x72, 0x64, 0x00, 0x5f, 0x52, 0x49, 0x4e, 0x76, 0x4d, 0x73, 
    0x31, 0x5f, 0x4e, 0x74, 0x43, 0x73, 0x64, 0x31, 0x51, 0x4d, 0x75, 0x67, 
    0x79, 0x68, 0x69, 0x6f, 0x68, 0x5f, 0x35, 0x6c, 0x69, 0x62, 0x6f, 0x73, 
    0x34, 0x75, 0x6c, 0x6f, 0x67, 0x4e, 0x74, 0x42, 0x36, 0x5f, 0x31, 0x33, 
    0x52, 0x65, 0x63, 0x6f, 0x72, 0x64, 0x42, 0x75, 0x69, 0x6c, 0x64, 0x65, 
    0x72, 0x32, 0x6b, 0x76, 0x52, 0x65, 0x45, 0x42, 0x38, 0x5f, 0x00, 0x4f, 
    0x55, 0x54, 0x4c, 0x49, 0x4e, 0x45, 0x44, 0x5f, 0x46, 0x55, 0x4e, 0x43, 
    0x54, 0x49, 0x4f, 0x4e, 0x5f, 0x31, 0x00, 0x4f, 0x55, 0x54, 0x4c, 0x49, 
    0x4e, 0x45, 0x44, 0x5f, 0x46, 0x55, 0x4e, 0x43, 0x54, 0x49, 0x4f, 0x4e, 
    0x5f, 0x33, 0x37, 0x00, 0x4f, 0x55, 0x54, 0x4c, 0x49, 0x4e, 0x45, 0x44, 
    0x5f, 0x46, 0x55, 0x4e, 0x43, 0x54, 0x49, 0x4f, 0x4e, 0x5f, 0x36, 0x31, 
    0x00, 0x4f, 0x55, 0x54, 0x4c, 0x49, 0x4e, 0x45, 0x44, 0x5f, 0x46, 0x55, 
    0x4e, 0x43, 0x54, 0x49, 0x4f, 0x4e, 0x5f, 0x35, 0x38, 0x00, 0x4f, 0x55, 
    0x54, 0x4c, 0x49, 0x4e, 0x45, 0x44, 0x5f, 0x46, 0x55, 0x4e, 0x43, 0x54, 
    0x49, 0x4f, 0x4e, 0x5f, 0x35, 0x35, 0x00, 0x5f, 0x52, 0x4e, 0x76, 0x58, 
    0x73, 0x34, 0x5f, 0x4e, 0x74, 0x4e, 0x74, 0x43, 0x73, 0x6a, 0x75, 0x65, 
    0x6c, 0x76, 0x63, 0x4a, 0x38, 0x4a, 0x68, 0x35, 0x5f, 0x34, 0x63, 0x6f, 
    0x72, 0x65, 0x35, 0x73, 0x6c, 0x69, 0x63, 0x65, 0x35, 0x69, 0x6e, 0x64, 
    0x65, 0x78, 0x49, 0x4e, 0x74, 0x4e, 0x74, 0x4e, 0x74, 0x42, 0x39, 0x5f, 
    0x33, 0x6f, 0x70, 0x73, 0x35, 0x72, 0x61, 0x6e, 0x67, 0x65, 0x37, 0x52, 
    0x61, 0x6e, 0x67, 0x65, 0x54, 0x6f, 0x6a, 0x45, 0x49, 0x4e, 0x74, 0x42, 
    0x35, 0x5f, 0x31, 0x30, 0x53, 0x6c, 0x69, 0x63, 0x65, 0x49, 0x6e, 0x64, 
    0x65, 0x78, 0x53, 0x68, 0x45, 0x39, 0x69, 0x6e, 0x64, 0x65, 0x78, 0x5f, 
    0x6d, 0x75, 0x74, 0x43, 0x73, 0x32, 0x70, 0x69, 0x5a, 0x71, 0x4c, 0x43, 
    0x37, 0x6f, 0x45, 0x34, 0x5f, 0x36, 0x6c, 0x69, 0x62, 0x73, 0x79, 0x73, 
    0x2e, 0x38, 0x31, 0x34, 0x00, 0x5f, 0x52, 0x4e, 0x76, 0x58, 0x73, 0x64, 
    0x5f, 0x4e, 0x74, 0x43, 0x73, 0x6a, 0x75, 0x65, 0x6c, 0x76, 0x63, 0x4a, 
    0x38, 0x4a, 0x68, 0x35, 0x5f, 0x34, 0x63, 0x6f, 0x72, 0x65, 0x35, 0x61, 
    0x72, 0x72, 0x61, 0x79, 0x41, 0x68, 0x6a, 0x32, 0x30, 0x5f, 0x49, 0x4e, 
    0x74, 0x4e, 0x74, 0x4e, 0x74, 0x42, 0x37, 0x5f, 0x33, 0x6f, 0x70, 0x73, 
    0x35, 0x69, 0x6e, 0x64, 0x65, 0x78, 0x35, 0x49, 0x6e, 0x64, 0x65, 0x78, 
    0x49, 0x4e, 0x74, 0x4e, 0x74, 0x42, 0x48, 0x5f, 0x35, 0x72, 0x61, 0x6e, 
    0x67, 0x65, 0x37, 0x52, 0x61, 0x6e, 0x67, 0x65, 0x54, 0x6f, 0x6a, 0x45, 
    0x45, 0x35, 0x69, 0x6e, 0x64, 0x65, 0x78, 0x43, 0x73, 0x64, 0x31, 0x51, 
    0x4d, 0x75, 0x67, 0x79, 0x68, 0x69, 0x6f, 0x68, 0x5f, 0x35, 0x6c, 0x69, 
    0x62, 0x6f, 0x73, 0x2e, 0x34, 0x37, 0x33, 0x00, 0x5f, 0x52, 0x4e, 0x76, 
    0x58, 0x73, 0x64, 0x5f, 0x4e, 0x74, 0x43, 0x73, 0x6a, 0x75, 0x65, 0x6c, 
    0x76, 0x63, 0x4a, 0x38, 0x4a, 0x68, 0x35, 0x5f, 0x34, 0x63, 0x6f, 0x72, 
    0x65, 0x35, 0x61, 0x72, 0x72, 0x61, 0x79, 0x41, 0x68, 0x6a, 0x34, 0x30, 
    0x5f, 0x49, 0x4e, 0x74, 0x4e, 0x74, 0x4e, 0x74, 0x42, 0x37, 0x5f, 0x33, 
    0x6f, 0x70, 0x73, 0x35, 0x69, 0x6e, 0x64, 0x65, 0x78, 0x35, 0x49, 0x6e, 
    0x64, 0x65, 0x78, 0x49, 0x4e, 0x74, 0x4e, 0x74, 0x42, 0x48, 0x5f, 0x35, 
    0x72, 0x61, 0x6e, 0x67, 0x65, 0x37, 0x52, 0x61, 0x6e, 0x67, 0x65, 0x54, 
    0x6f, 0x6a, 0x45, 0x45, 0x35, 0x69, 0x6e, 0x64, 0x65, 0x78, 0x43, 0x73, 
    0x64, 0x31, 0x51, 0x4d, 0x75, 0x67, 0x79, 0x68, 0x69, 0x6f, 0x68, 0x5f, 
    0x35, 0x6c, 0x69, 0x62, 0x6f, 0x73, 0x2e, 0x34, 0x37, 0x32, 0x00, 0x5f, 
    0x52, 0x4e, 0x76, 0x58, 0x73, 0x65, 0x5f, 0x4e, 0x74, 0x43, 0x73, 0x6a, 
    0x75, 0x65, 0x6c, 0x76, 0x63, 0x4a, 0x38, 0x4a, 0x68, 0x35, 0x5f, 0x34, 
    0x63, 0x6f, 0x72, 0x65, 0x35, 0x61, 0x72, 0x72, 0x61, 0x79, 0x41, 0x68, 
    0x6a, 0x32, 0x30, 0x5f, 0x49, 0x4e, 0x74, 0x4e, 0x74, 0x4e, 0x74, 0x42, 
    0x37, 0x5f, 0x33, 0x6f, 0x70, 0x73, 0x35, 0x69, 0x6e, 0x64, 0x65, 0x78, 
    0x38, 0x49, 0x6e, 0x64, 0x65, 0x78, 0x4d, 0x75, 0x74, 0x49, 0x4e, 0x74, 
    0x4e, 0x74, 0x42, 0x48, 0x5f, 0x35, 0x72, 0x61, 0x6e, 0x67, 0x65, 0x37, 
    0x52, 0x61, 0x6e, 0x67, 0x65, 0x54, 0x6f, 0x6a, 0x45, 0x45, 0x39, 0x69, 
    0x6e, 0x64, 0x65, 0x78, 0x5f, 0x6d, 0x75, 0x74, 0x43, 0x73, 0x64, 0x31, 
    0x51, 0x4d, 0x75, 0x67, 0x79, 0x68, 0x69, 0x6f, 0x68, 0x5f, 0x35, 0x6c, 
    0x69, 0x62, 0x6f, 0x73, 0x00, 0x5f, 0x52, 0x4e, 0x76, 0x58, 0x73, 0x65, 
    0x5f, 0x4e, 0x74, 0x43, 0x73, 0x6a, 0x75, 0x65, 0x6c, 0x76, 0x63, 0x4a, 
    0x38, 0x4a, 0x68, 0x35, 0x5f, 0x34, 0x63, 0x6f, 0x72, 0x65, 0x35, 0x61, 
    0x72, 0x72, 0x61, 0x79, 0x41, 0x68, 0x6a, 0x34, 0x30, 0x5f, 0x49, 0x4e, 
    0x74, 0x4e, 0x74, 0x4e, 0x74, 0x42, 0x37, 0x5f, 0x33, 0x6f, 0x70, 0x73, 
    0x35, 0x69, 0x6e, 0x64, 0x65, 0x78, 0x38, 0x49, 0x6e, 0x64, 0x65, 0x78, 
    0x4d, 0x75, 0x74, 0x49, 0x4e, 0x74, 0x4e, 0x74, 0x42, 0x48, 0x5f, 0x35, 
    0x72, 0x61, 0x6e, 0x67, 0x65, 0x37, 0x52, 0x61, 0x6e, 0x67, 0x65, 0x54, 
    0x6f, 0x6a, 0x45, 0x45, 0x39, 0x69, 0x6e, 0x64, 0x65, 0x78, 0x5f, 0x6d, 
    0x75, 0x74, 0x43, 0x73, 0x64, 0x31, 0x51, 0x4d, 0x75, 0x67, 0x79, 0x68, 
    0x69, 0x6f, 0x68, 0x5f, 0x35, 0x6c, 0x69, 0x62, 0x6f, 0x73, 0x2e, 0x34, 
    0x37, 0x34, 0x00, 0x5f, 0x52, 0x4e, 0x76, 0x58, 0x73, 0x65, 0x5f, 0x4e, 
    0x74, 0x43, 0x73, 0x6a, 0x75, 0x65, 0x6c, 0x76, 0x63, 0x4a, 0x38, 0x4a, 
    0x68, 0x35, 0x5f, 0x34, 0x63, 0x6f, 0x72, 0x65, 0x35, 0x61, 0x72, 0x72, 
    0x61, 0x79, 0x41, 0x68, 0x6a, 0x34, 0x30, 0x5f, 0x49, 0x4e, 0x74, 0x4e, 
    0x74, 0x4e, 0x74, 0x42, 0x37, 0x5f, 0x33, 0x6f, 0x70, 0x73, 0x35, 0x69, 
    0x6e, 0x64, 0x65, 0x78, 0x38, 0x49, 0x6e, 0x64, 0x65, 0x78, 0x4d, 0x75, 
    0x74, 0x49, 0x4e, 0x74, 0x4e, 0x74, 0x42, 0x48, 0x5f, 0x35, 0x72, 0x61, 
    0x6e, 0x67, 0x65, 0x37, 0x52, 0x61, 0x6e, 0x67, 0x65, 0x54, 0x6f, 0x6a, 
    0x45, 0x45, 0x39, 0x69, 0x6e, 0x64, 0x65, 0x78, 0x5f, 0x6d, 0x75, 0x74, 
    0x43, 0x73, 0x64, 0x31, 0x51, 0x4d, 0x75, 0x67, 0x79, 0x68, 0x69, 0x6f, 
    0x68, 0x5f, 0x35, 0x6c, 0x69, 0x62, 0x6f, 0x73, 0x2e, 0x35, 0x33, 0x31, 
    0x00, 0x4f, 0x55, 0x54, 0x4c, 0x49, 0x4e, 0x45, 0x44, 0x5f, 0x46, 0x55, 
    0x4e, 0x43, 0x54, 0x49, 0x4f, 0x4e, 0x5f, 0x35, 0x39, 0x00, 0x4f, 0x55, 
    0x54, 0x4c, 0x49, 0x4e, 0x45, 0x44, 0x5f, 0x46, 0x55, 0x4e, 0x43, 0x54, 
    0x49, 0x4f, 0x4e, 0x5f, 0x35, 0x32, 0x00, 0x5f, 0x52, 0x4e, 0x76, 0x4d, 
    0x73, 0x34, 0x5f, 0x4e, 0x74, 0x43, 0x73, 0x32, 0x70, 0x69, 0x5a, 0x71, 
    0x4c, 0x43, 0x37, 0x6f, 0x45, 0x34, 0x5f, 0x36, 0x6c, 0x69, 0x62, 0x73, 
    0x79, 0x73, 0x33, 0x69, 0x70, 0x63, 0x4e, 0x74, 0x42, 0x35, 0x5f, 0x33, 
    0x4d, 0x75, 0x78, 0x33, 0x6e, 0x65, 0x77, 0x00, 0x4f, 0x55, 0x54, 0x4c, 
    0x49, 0x4e, 0x45, 0x44, 0x5f, 0x46, 0x55, 0x4e, 0x43, 0x54, 0x49, 0x4f, 
    0x4e, 0x5f, 0x37, 0x37, 0x00, 0x4f, 0x55, 0x54, 0x4c, 0x49, 0x4e, 0x45, 
    0x44, 0x5f, 0x46, 0x55, 0x4e, 0x43, 0x54, 0x49, 0x4f, 0x4e, 0x5f, 0x37, 
    0x36, 0x00, 0x4f, 0x55, 0x54, 0x4c, 0x49, 0x4e, 0x45, 0x44, 0x5f, 0x46, 
    0x55, 0x4e, 0x43, 0x54, 0x49, 0x4f, 0x4e, 0x5f, 0x34, 0x31, 0x00, 0x5f, 
    0x52, 0x4e, 0x76, 0x4e, 0x74, 0x43, 0x73, 0x32, 0x70, 0x69, 0x5a, 0x71, 
    0x4c, 0x43, 0x37, 0x6f, 0x45, 0x34, 0x5f, 0x36, 0x6c, 0x69, 0x62, 0x73, 
    0x79, 0x73, 0x37, 0x73, 0x79, 0x73, 0x63, 0x61, 0x6c, 0x6c, 0x34, 0x65, 
    0x78, 0x69, 0x74, 0x00, 0x5f, 0x52, 0x4e, 0x76, 0x43, 0x73, 0x62, 0x4a, 
    0x6c, 0x78, 0x50, 0x53, 0x47, 0x61, 0x57, 0x56, 0x7a, 0x5f, 0x35, 0x70, 
    0x61, 0x72, 0x74, 0x64, 0x36, 0x44, 0x52, 0x49, 0x56, 0x45, 0x52, 0x00, 
    0x5f, 0x52, 0x4e, 0x76, 0x4d, 0x4e, 0x74, 0x43, 0x73, 0x32, 0x70, 0x69, 
    0x5a, 0x71, 0x4c, 0x43, 0x37, 0x6f, 0x45, 0x34, 0x5f, 0x36, 0x6c, 0x69, 
    0x62, 0x73, 0x79, 0x73, 0x33, 0x69, 0x70, 0x63, 0x4e, 0x74, 0x42, 0x32, 
    0x5f, 0x37, 0x43, 0x68, 0x61, 0x6e, 0x6e, 0x65, 0x6c, 0x37, 0x63, 0x6f, 
    0x6e, 0x6e, 0x65, 0x63, 0x74, 0x00, 0x4f, 0x55, 0x54, 0x4c, 0x49, 0x4e, 
    0x45, 0x44, 0x5f, 0x46, 0x55, 0x4e, 0x43, 0x54, 0x49, 0x4f, 0x4e, 0x5f, 
    0x36, 0x34, 0x00, 0x5f, 0x52, 0x4e, 0x76, 0x4d, 0x73, 0x31, 0x5f, 0x4e, 
    0x74, 0x43, 0x73, 0x64, 0x31, 0x51, 0x4d, 0x75, 0x67, 0x79, 0x68, 0x69, 
    0x6f, 0x68, 0x5f, 0x35, 0x6c, 0x69, 0x62, 0x6f, 0x73, 0x34, 0x75, 0x6c, 
    0x6f, 0x67, 0x4e, 0x74, 0x42, 0x35, 0x5f, 0x31, 0x33, 0x52, 0x65, 0x63, 
    0x6f, 0x72, 0x64, 0x42, 0x75, 0x69, 0x6c, 0x64, 0x65, 0x72, 0x36, 0x66, 
    0x69, 0x6e, 0x69, 0x73, 0x68, 0x00, 0x5f, 0x52, 0x4e, 0x76, 0x58, 0x73, 
    0x32, 0x5f, 0x4e, 0x74, 0x4e, 0x74, 0x43, 0x73, 0x6a, 0x75, 0x65, 0x6c, 
    0x76, 0x63, 0x4a, 0x38, 0x4a, 0x68, 0x35, 0x5f, 0x34, 0x63, 0x6f, 0x72, 
    0x65, 0x35, 0x73, 0x6c, 0x69, 0x63, 0x65, 0x35, 0x69, 0x6e, 0x64, 0x65, 
    0x78, 0x49, 0x4e, 0x74, 0x4e, 0x74, 0x4e, 0x74, 0x42, 0x39, 0x5f, 0x33, 
    0x6f, 0x70, 0x73, 0x35, 0x72, 0x61, 0x6e, 0x67, 0x65, 0x35, 0x52, 0x61, 
    0x6e, 0x67, 0x65, 0x6a, 0x45, 0x49, 0x4e, 0x74, 0x42, 0x35, 0x5f, 0x31, 
    0x30, 0x53, 0x6c, 0x69, 0x63, 0x65, 0x49, 0x6e, 0x64, 0x65, 0x78, 0x53, 
    0x68, 0x45, 0x39, 0x69, 0x6e, 0x64, 0x65, 0x78, 0x5f, 0x6d, 0x75, 0x74, 
    0x43, 0x73, 0x32, 0x70, 0x69, 0x5a, 0x71, 0x4c, 0x43, 0x37, 0x6f, 0x45, 
    0x34, 0x5f, 0x36, 0x6c, 0x69, 0x62, 0x73, 0x79, 0x73, 0x2e, 0x38, 0x30, 
    0x31, 0x00, 0x5f, 0x52, 0x4e, 0x76, 0x4d, 0x73, 0x73, 0x5f, 0x43, 0x73, 
    0x36, 0x48, 0x54, 0x41, 0x76, 0x4e, 0x79, 0x74, 0x30, 0x69, 0x74, 0x5f, 
    0x33, 0x61, 0x62, 0x69, 0x4e, 0x74, 0x42, 0x35, 0x5f, 0x31, 0x33, 0x42, 
    0x75, 0x73, 0x4d, 0x73, 0x67, 0x42, 0x75, 0x69, 0x6c, 0x64, 0x65, 0x72, 
    0x33, 0x6b, 0x65, 0x79, 0x00, 0x5f, 0x52, 0x4e, 0x76, 0x4d, 0x73, 0x73, 
    0x5f, 0x43, 0x73, 0x36, 0x48, 0x54, 0x41, 0x76, 0x4e, 0x79, 0x74, 0x30, 
    0x69, 0x74, 0x5f, 0x33, 0x61, 0x62, 0x69, 0x4e, 0x74, 0x42, 0x35, 0x5f, 
    0x31, 0x33, 0x42, 0x75, 0x73, 0x4d, 0x73, 0x67, 0x42, 0x75, 0x69, 0x6c, 
    0x64, 0x65, 0x72, 0x35, 0x76, 0x61, 0x6c, 0x75, 0x65, 0x00, 0x5f, 0x52, 
    0x4e, 0x76, 0x4d, 0x73, 0x73, 0x5f, 0x43, 0x73, 0x36, 0x48, 0x54, 0x41, 
    0x76, 0x4e, 0x79, 0x74, 0x30, 0x69, 0x74, 0x5f, 0x33, 0x61, 0x62, 0x69, 
    0x4e, 0x74, 0x42, 0x35, 0x5f, 0x31, 0x33, 0x42, 0x75, 0x73, 0x4d, 0x73, 
    0x67, 0x42, 0x75, 0x69, 0x6c, 0x64, 0x65, 0x72, 0x36, 0x66, 0x69, 0x6e, 
    0x69, 0x73, 0x68, 0x00, 0x5f, 0x52, 0x4e, 0x76, 0x58, 0x73, 0x64, 0x5f, 
    0x4e, 0x74, 0x43, 0x73, 0x6a, 0x75, 0x65, 0x6c, 0x76, 0x63, 0x4a, 0x38, 
    0x4a, 0x68, 0x35, 0x5f, 0x34, 0x63, 0x6f, 0x72, 0x65, 0x35, 0x61, 0x72, 
    0x72, 0x61, 0x79, 0x41, 0x68, 0x6a, 0x32, 0x34, 0x30, 0x5f, 0x49, 0x4e, 
    0x74, 0x4e, 0x74, 0x4e, 0x74, 0x42, 0x37, 0x5f, 0x33, 0x6f, 0x70, 0x73, 
    0x35, 0x69, 0x6e, 0x64, 0x65, 0x78, 0x35, 0x49, 0x6e, 0x64, 0x65, 0x78, 
    0x49, 0x4e, 0x74, 0x4e, 0x74, 0x42, 0x49, 0x5f, 0x35, 0x72, 0x61, 0x6e, 
    0x67, 0x65, 0x37, 0x52, 0x61, 0x6e, 0x67, 0x65, 0x54, 0x6f, 0x6a, 0x45, 
    0x45, 0x35, 0x69, 0x6e, 0x64, 0x65, 0x78, 0x43, 0x73, 0x64, 0x31, 0x51, 
    0x4d, 0x75, 0x67, 0x79, 0x68, 0x69, 0x6f, 0x68, 0x5f, 0x35, 0x6c, 0x69, 
    0x62, 0x6f, 0x73, 0x00, 0x5f, 0x52, 0x4e, 0x76, 0x4d, 0x4e, 0x74, 0x43, 
    0x73, 0x32, 0x70, 0x69, 0x5a, 0x71, 0x4c, 0x43, 0x37, 0x6f, 0x45, 0x34, 
    0x5f, 0x36, 0x6c, 0x69, 0x62, 0x73, 0x79, 0x73, 0x33, 0x69, 0x70, 0x63, 
    0x4e, 0x74, 0x42, 0x32, 0x5f, 0x37, 0x43, 0x68, 0x61, 0x6e, 0x6e, 0x65, 
    0x6c, 0x34, 0x73, 0x65, 0x6e, 0x64, 0x00, 0x5f, 0x52, 0x49, 0x4e, 0x76, 
    0x4e, 0x74, 0x43, 0x73, 0x6a, 0x75, 0x65, 0x6c, 0x76, 0x63, 0x4a, 0x38, 
    0x4a, 0x68, 0x35, 0x5f, 0x34, 0x63, 0x6f, 0x72, 0x65, 0x33, 0x70, 0x74, 
    0x72, 0x31, 0x33, 0x64, 0x72, 0x6f, 0x70, 0x5f, 0x69, 0x6e, 0x5f, 0x70, 
    0x6c, 0x61, 0x63, 0x65, 0x49, 0x4e, 0x74, 0x4e, 0x74, 0x42, 0x34, 0x5f, 
    0x36, 0x6f, 0x70, 0x74, 0x69, 0x6f, 0x6e, 0x36, 0x4f, 0x70, 0x74, 0x69, 
    0x6f, 0x6e, 0x4e, 0x74, 0x4e, 0x74, 0x43, 0x73, 0x64, 0x31, 0x51, 0x4d, 
    0x75, 0x67, 0x79, 0x68, 0x69, 0x6f, 0x68, 0x5f, 0x35, 0x6c, 0x69, 0x62, 
    0x6f, 0x73, 0x31, 0x30, 0x62, 0x75, 0x73, 0x5f, 0x63, 0x6c, 0x69, 0x65, 
    0x6e, 0x74, 0x39, 0x42, 0x75, 0x73, 0x43, 0x6c, 0x69, 0x65, 0x6e, 0x74, 
    0x45, 0x45, 0x43, 0x73, 0x62, 0x4a, 0x6c, 0x78, 0x50, 0x53, 0x47, 0x61, 
    0x57, 0x56, 0x7a, 0x5f, 0x35, 0x70, 0x61, 0x72, 0x74, 0x64, 0x00, 0x5f, 
    0x52, 0x4e, 0x76, 0x4d, 0x4e, 0x74, 0x43, 0x73, 0x64, 0x31, 0x51, 0x4d, 
    0x75, 0x67, 0x79, 0x68, 0x69, 0x6f, 0x68, 0x5f, 0x35, 0x6c, 0x69, 0x62, 
    0x6f, 0x73, 0x33, 0x62, 0x75, 0x73, 0x4e, 0x74, 0x42, 0x32, 0x5f, 0x31, 
    0x32, 0x53, 0x70, 0x61, 0x77, 0x6e, 0x43, 0x6f, 0x6e, 0x74, 0x65, 0x78, 
    0x74, 0x38, 0x6d, 0x65, 0x74, 0x61, 0x64, 0x61, 0x74, 0x61, 0x00, 0x5f, 
    0x52, 0x4e, 0x76, 0x4d, 0x73, 0x33, 0x5f, 0x4e, 0x74, 0x43, 0x73, 0x64, 
    0x31, 0x51, 0x4d, 0x75, 0x67, 0x79, 0x68, 0x69, 0x6f, 0x68, 0x5f, 0x35, 
    0x6c, 0x69, 0x62, 0x6f, 0x73, 0x31, 0x31, 0x62, 0x75, 0x73, 0x5f, 0x72, 
    0x75, 0x6e, 0x74, 0x69, 0x6d, 0x65, 0x49, 0x4e, 0x74, 0x42, 0x35, 0x5f, 
    0x31, 0x33, 0x44, 0x72, 0x69, 0x76, 0x65, 0x72, 0x52, 0x75, 0x6e, 0x74, 
    0x69, 0x6d, 0x65, 0x51, 0x4e, 0x74, 0x43, 0x73, 0x62, 0x4a, 0x6c, 0x78, 
    0x50, 0x53, 0x47, 0x61, 0x57, 0x56, 0x7a, 0x5f, 0x35, 0x70, 0x61, 0x72, 
    0x74, 0x64, 0x31, 0x35, 0x50, 0x61, 0x72, 0x74, 0x69, 0x74, 0x69, 0x6f, 
    0x6e, 0x44, 0x72, 0x69, 0x76, 0x65, 0x72, 0x45, 0x33, 0x72, 0x75, 0x6e, 
    0x42, 0x31, 0x32, 0x5f, 0x00, 0x4f, 0x55, 0x54, 0x4c, 0x49, 0x4e, 0x45, 
    0x44, 0x5f, 0x46, 0x55, 0x4e, 0x43, 0x54, 0x49, 0x4f, 0x4e, 0x5f, 0x35, 
    0x30, 0x00, 0x5f, 0x52, 0x4e, 0x76, 0x4e, 0x74, 0x43, 0x73, 0x6a, 0x75, 
    0x65, 0x6c, 0x76, 0x63, 0x4a, 0x38, 0x4a, 0x68, 0x35, 0x5f, 0x34, 0x63, 
    0x6f, 0x72, 0x65, 0x39, 0x70, 0x61, 0x6e, 0x69, 0x63, 0x6b, 0x69, 0x6e, 
    0x67, 0x31, 0x38, 0x70, 0x61, 0x6e, 0x69, 0x63, 0x5f, 0x62, 0x6f, 0x75, 
    0x6e, 0x64, 0x73, 0x5f, 0x63, 0x68, 0x65, 0x63, 0x6b, 0x00, 0x4f, 0x55, 
    0x54, 0x4c, 0x49, 0x4e, 0x45, 0x44, 0x5f, 0x46, 0x55, 0x4e, 0x43, 0x54, 
    0x49, 0x4f, 0x4e, 0x5f, 0x34, 0x39, 0x00, 0x5f, 0x52, 0x4e, 0x76, 0x4e, 
    0x74, 0x43, 0x73, 0x6a, 0x75, 0x65, 0x6c, 0x76, 0x63, 0x4a, 0x38, 0x4a, 
    0x68, 0x35, 0x5f, 0x34, 0x63, 0x6f, 0x72, 0x65, 0x36, 0x6f, 0x70, 0x74, 
    0x69, 0x6f, 0x6e, 0x31, 0x33, 0x75, 0x6e, 0x77, 0x72, 0x61, 0x70, 0x5f, 
    0x66, 0x61, 0x69, 0x6c, 0x65, 0x64, 0x00, 0x5f, 0x52, 0x4e, 0x76, 0x58, 
    0x73, 0x65, 0x5f, 0x4e, 0x74, 0x43, 0x73, 0x6a, 0x75, 0x65, 0x6c, 0x76, 
    0x63, 0x4a, 0x38, 0x4a, 0x68, 0x35, 0x5f, 0x34, 0x63, 0x6f, 0x72, 0x65, 
    0x35, 0x61, 0x72, 0x72, 0x61, 0x79, 0x41, 0x68, 0x6a, 0x32, 0x30, 0x30, 
    0x5f, 0x49, 0x4e, 0x74, 0x4e, 0x74, 0x4e, 0x74, 0x42, 0x37, 0x5f, 0x33, 
    0x6f, 0x70, 0x73, 0x35, 0x69, 0x6e, 0x64, 0x65, 0x78, 0x38, 0x49, 0x6e, 
    0x64, 0x65, 0x78, 0x4d, 0x75, 0x74, 0x49, 0x4e, 0x74, 0x4e, 0x74, 0x42, 
    0x49, 0x5f, 0x35, 0x72, 0x61, 0x6e, 0x67, 0x65, 0x39, 0x52, 0x61, 0x6e, 
    0x67, 0x65, 0x46, 0x72, 0x6f, 0x6d, 0x6a, 0x45, 0x45, 0x39, 0x69, 0x6e, 
    0x64, 0x65, 0x78, 0x5f, 0x6d, 0x75, 0x74, 0x43, 0x73, 0x62, 0x4a, 0x6c, 
    0x78, 0x50, 0x53, 0x47, 0x61, 0x57, 0x56, 0x7a, 0x5f, 0x35, 0x70, 0x61, 
    0x72, 0x74, 0x64, 0x00, 0x24, 0x78, 0x00, 0x5f, 0x52, 0x4e, 0x76, 0x58, 
    0x73, 0x5f, 0x4e, 0x74, 0x43, 0x73, 0x32, 0x70, 0x69, 0x5a, 0x71, 0x4c, 
    0x43, 0x37, 0x6f, 0x45, 0x34, 0x5f, 0x36, 0x6c, 0x69, 0x62, 0x73, 0x79, 
    0x73, 0x33, 0x69, 0x70, 0x63, 0x4e, 0x74, 0x42, 0x34, 0x5f, 0x37, 0x43, 
    0x68, 0x61, 0x6e, 0x6e, 0x65, 0x6c, 0x4e, 0x74, 0x4e, 0x74, 0x4e, 0x74, 
    0x43, 0x73, 0x6a, 0x75, 0x65, 0x6c, 0x76, 0x63, 0x4a, 0x38, 0x4a, 0x68, 
    0x35, 0x5f, 0x34, 0x63, 0x6f, 0x72, 0x65, 0x33, 0x6f, 0x70, 0x73, 0x34, 
    0x64, 0x72, 0x6f, 0x70, 0x34, 0x44, 0x72, 0x6f, 0x70, 0x34, 0x64, 0x72, 
    0x6f, 0x70, 0x00, 0x5f, 0x52, 0x4e, 0x76, 0x4d, 0x73, 0x33, 0x5f, 0x4e, 
    0x74, 0x43, 0x73, 0x64, 0x31, 0x51, 0x4d, 0x75, 0x67, 0x79, 0x68, 0x69, 
    0x6f, 0x68, 0x5f, 0x35, 0x6c, 0x69, 0x62, 0x6f, 0x73, 0x31, 0x31, 0x62, 
    0x75, 0x73, 0x5f, 0x72, 0x75, 0x6e, 0x74, 0x69, 0x6d, 0x65, 0x49, 0x4e, 
    0x74, 0x42, 0x35, 0x5f, 0x31, 0x33, 0x44, 0x72, 0x69, 0x76, 0x65, 0x72, 
    0x52, 0x75, 0x6e, 0x74, 0x69, 0x6d, 0x65, 0x51, 0x4e, 0x74, 0x43, 0x73, 
    0x62, 0x4a, 0x6c, 0x78, 0x50, 0x53, 0x47, 0x61, 0x57, 0x56, 0x7a, 0x5f, 
    0x35, 0x70, 0x61, 0x72, 0x74, 0x64, 0x31, 0x35, 0x50, 0x61, 0x72, 0x74, 
    0x69, 0x74, 0x69, 0x6f, 0x6e, 0x44, 0x72, 0x69, 0x76, 0x65, 0x72, 0x45, 
    0x31, 0x37, 0x68, 0x61, 0x6e, 0x64, 0x6c, 0x65, 0x5f, 0x63, 0x68, 0x69, 
    0x6c, 0x64, 0x5f, 0x65, 0x78, 0x69, 0x74, 0x42, 0x31, 0x32, 0x5f, 0x00, 
    0x24, 0x78, 0x00, 0x4f, 0x55, 0x54, 0x4c, 0x49, 0x4e, 0x45, 0x44, 0x5f, 
    0x46, 0x55, 0x4e, 0x43, 0x54, 0x49, 0x4f, 0x4e, 0x5f, 0x31, 0x32, 0x00, 
    0x5f, 0x52, 0x4e, 0x76, 0x4d, 0x73, 0x30, 0x5f, 0x4e, 0x74, 0x43, 0x73, 
    0x64, 0x31, 0x51, 0x4d, 0x75, 0x67, 0x79, 0x68, 0x69, 0x6f, 0x68, 0x5f, 
    0x35, 0x6c, 0x69, 0x62, 0x6f, 0x73, 0x31, 0x31, 0x62, 0x75, 0x73, 0x5f, 
    0x72, 0x75, 0x6e, 0x74, 0x69, 0x6d, 0x65, 0x4e, 0x74, 0x42, 0x35, 0x5f, 
    0x31, 0x30, 0x52, 0x75, 0x6e, 0x74, 0x69, 0x6d, 0x65, 0x43, 0x74, 0x78, 
    0x31, 0x36, 0x64, 0x72, 0x6f, 0x70, 0x5f, 0x63, 0x68, 0x69, 0x6c, 0x64, 
    0x5f, 0x65, 0x6e, 0x74, 0x72, 0x79, 0x00, 0x5f, 0x52, 0x4e, 0x76, 0x4d, 
    0x73, 0x33, 0x5f, 0x4e, 0x74, 0x43, 0x73, 0x64, 0x31, 0x51, 0x4d, 0x75, 
    0x67, 0x79, 0x68, 0x69, 0x6f, 0x68, 0x5f, 0x35, 0x6c, 0x69, 0x62, 0x6f, 
    0x73, 0x31, 0x31, 0x62, 0x75, 0x73, 0x5f, 0x72, 0x75, 0x6e, 0x74, 0x69, 
    0x6d, 0x65, 0x49, 0x4e, 0x74, 0x42, 0x35, 0x5f, 0x31, 0x33, 0x44, 0x72, 
    0x69, 0x76, 0x65, 0x72, 0x52, 0x75, 0x6e, 0x74, 0x69, 0x6d, 0x65, 0x51, 
    0x4e, 0x74, 0x43, 0x73, 0x62, 0x4a, 0x6c, 0x78, 0x50, 0x53, 0x47, 0x61, 
    0x57, 0x56, 0x7a, 0x5f, 0x35, 0x70, 0x61, 0x72, 0x74, 0x64, 0x31, 0x35, 
    0x50, 0x61, 0x72, 0x74, 0x69, 0x74, 0x69, 0x6f, 0x6e, 0x44, 0x72, 0x69, 
    0x76, 0x65, 0x72, 0x45, 0x32, 0x31, 0x63, 0x6f, 0x6d, 0x70, 0x6c, 0x65, 
    0x74, 0x65, 0x5f, 0x63, 0x6f, 0x6e, 0x66, 0x69, 0x67, 0x5f, 0x71, 0x75, 
    0x65, 0x72, 0x79, 0x42, 0x31, 0x32, 0x5f, 0x00, 0x24, 0x78, 0x00, 0x5f, 
    0x52, 0x4e, 0x76, 0x4e, 0x74, 0x4e, 0x74, 0x43, 0x73, 0x6a, 0x75, 0x65, 
    0x6c, 0x76, 0x63, 0x4a, 0x38, 0x4a, 0x68, 0x35, 0x5f, 0x34, 0x63, 0x6f, 
    0x72, 0x65, 0x35, 0x73, 0x6c, 0x69, 0x63, 0x65, 0x35, 0x69, 0x6e, 0x64, 
    0x65, 0x78, 0x31, 0x36, 0x73, 0x6c, 0x69, 0x63, 0x65, 0x5f, 0x69, 0x6e, 
    0x64, 0x65, 0x78, 0x5f, 0x66, 0x61, 0x69, 0x6c, 0x00, 0x24, 0x78, 0x00, 
    0x5f, 0x52, 0x4e, 0x76, 0x4d, 0x73, 0x34, 0x5f, 0x4e, 0x74, 0x43, 0x73, 
    0x32, 0x70, 0x69, 0x5a, 0x71, 0x4c, 0x43, 0x37, 0x6f, 0x45, 0x34, 0x5f, 
    0x36, 0x6c, 0x69, 0x62, 0x73, 0x79, 0x73, 0x33, 0x69, 0x70, 0x63, 0x4e, 
    0x74, 0x42, 0x35, 0x5f, 0x33, 0x4d, 0x75, 0x78, 0x33, 0x61, 0x64, 0x64, 
    0x00, 0x5f, 0x52, 0x4e, 0x76, 0x4d, 0x73, 0x31, 0x5f, 0x4e, 0x74, 0x4e, 
    0x74, 0x43, 0x73, 0x39, 0x72, 0x49, 0x58, 0x75, 0x74, 0x6d, 0x38, 0x58, 
    0x4f, 0x7a, 0x5f, 0x34, 0x6c, 0x69, 0x62, 0x66, 0x31, 0x31, 0x63, 0x6f, 
    0x6c, 0x6c, 0x65, 0x63, 0x74, 0x69, 0x6f, 0x6e, 0x73, 0x38, 0x68, 0x61, 
    0x73, 0x68, 0x5f, 0x6d, 0x61, 0x70, 0x49, 0x4e, 0x74, 0x42, 0x35, 0x5f, 
    0x37, 0x48, 0x61, 0x73, 0x68, 0x4d, 0x61, 0x70, 0x4e, 0x74, 0x43, 0x73, 
    0x36, 0x48, 0x54, 0x41, 0x76, 0x4e, 0x79, 0x74, 0x30, 0x69, 0x74, 0x5f, 
    0x33, 0x61, 0x62, 0x69, 0x36, 0x48, 0x61, 0x6e, 0x64, 0x6c, 0x65, 0x6d, 
    0x45, 0x36, 0x69, 0x6e, 0x73, 0x65, 0x72, 0x74, 0x43, 0x73, 0x64, 0x31, 
    0x51, 0x4d, 0x75, 0x67, 0x79, 0x68, 0x69, 0x6f, 0x68, 0x5f, 0x35, 0x6c, 
    0x69, 0x62, 0x6f, 0x73, 0x00, 0x4f, 0x55, 0x54, 0x4c, 0x49, 0x4e, 0x45, 
    0x44, 0x5f, 0x46, 0x55, 0x4e, 0x43, 0x54, 0x49, 0x4f, 0x4e, 0x5f, 0x37, 
    0x35, 0x00, 0x4f, 0x55, 0x54, 0x4c, 0x49, 0x4e, 0x45, 0x44, 0x5f, 0x46, 
    0x55, 0x4e, 0x43, 0x54, 0x49, 0x4f, 0x4e, 0x5f, 0x34, 0x00, 0x4f, 0x55, 
    0x54, 0x4c, 0x49, 0x4e, 0x45, 0x44, 0x5f, 0x46, 0x55, 0x4e, 0x43, 0x54, 
    0x49, 0x4f, 0x4e, 0x5f, 0x33, 0x34, 0x00, 0x5f, 0x52, 0x4e, 0x76, 0x58, 
    0x73, 0x31, 0x5f, 0x4e, 0x74, 0x43, 0x73, 0x64, 0x31, 0x51, 0x4d, 0x75, 
    0x67, 0x79, 0x68, 0x69, 0x6f, 0x68, 0x5f, 0x35, 0x6c, 0x69, 0x62, 0x6f, 
    0x73, 0x31, 0x31, 0x62, 0x75, 0x73, 0x5f, 0x72, 0x75, 0x6e, 0x74, 0x69, 
    0x6d, 0x65, 0x4e, 0x74, 0x42, 0x35, 0x5f, 0x31, 0x30, 0x52, 0x75, 0x6e, 
    0x74, 0x69, 0x6d, 0x65, 0x43, 0x74, 0x78, 0x4e, 0x74, 0x4e, 0x74, 0x42, 
    0x37, 0x5f, 0x33, 0x62, 0x75, 0x73, 0x36, 0x42, 0x75, 0x73, 0x43, 0x74, 
    0x78, 0x31, 0x33, 0x73, 0x70, 0x61, 0x77, 0x6e, 0x5f, 0x63, 0x6f, 0x6e, 
    0x74, 0x65, 0x78, 0x74, 0x00, 0x5f, 0x52, 0x4e, 0x76, 0x58, 0x73, 0x34, 
    0x5f, 0x4e, 0x74, 0x4e, 0x74, 0x43, 0x73, 0x6a, 0x75, 0x65, 0x6c, 0x76, 
    0x63, 0x4a, 0x38, 0x4a, 0x68, 0x35, 0x5f, 0x34, 0x63, 0x6f, 0x72, 0x65, 
    0x35, 0x73, 0x6c, 0x69, 0x63, 0x65, 0x35, 0x69, 0x6e, 0x64, 0x65, 0x78, 
    0x49, 0x4e, 0x74, 0x4e, 0x74, 0x4e, 0x74, 0x42, 0x39, 0x5f, 0x33, 0x6f, 
    0x70, 0x73, 0x35, 0x72, 0x61, 0x6e, 0x67, 0x65, 0x37, 0x52, 0x61, 0x6e, 
    0x67, 0x65, 0x54, 0x6f, 0x6a, 0x45, 0x49, 0x4e, 0x74, 0x42, 0x35, 0x5f, 
    0x31, 0x30, 0x53, 0x6c, 0x69, 0x63, 0x65, 0x49, 0x6e, 0x64, 0x65, 0x78, 
    0x53, 0x68, 0x45, 0x39, 0x69, 0x6e, 0x64, 0x65, 0x78, 0x5f, 0x6d, 0x75, 
    0x74, 0x43, 0x73, 0x62, 0x4a, 0x6c, 0x78, 0x50, 0x53, 0x47, 0x61, 0x57, 
    0x56, 0x7a, 0x5f, 0x35, 0x70, 0x61, 0x72, 0x74, 0x64, 0x2e, 0x39, 0x34, 
    0x39, 0x00, 0x5f, 0x52, 0x4e, 0x76, 0x58, 0x73, 0x65, 0x5f, 0x4e, 0x74, 
    0x43, 0x73, 0x6a, 0x75, 0x65, 0x6c, 0x76, 0x63, 0x4a, 0x38, 0x4a, 0x68, 
    0x35, 0x5f, 0x34, 0x63, 0x6f, 0x72, 0x65, 0x35, 0x61, 0x72, 0x72, 0x61, 
    0x79, 0x41, 0x68, 0x6a, 0x32, 0x30, 0x5f, 0x49, 0x4e, 0x74, 0x4e, 0x74, 
    0x4e, 0x74, 0x42, 0x37, 0x5f, 0x33, 0x6f, 0x70, 0x73, 0x35, 0x69, 0x6e, 
    0x64, 0x65, 0x78, 0x38, 0x49, 0x6e, 0x64, 0x65, 0x78, 0x4d, 0x75, 0x74, 
    0x49, 0x4e, 0x74, 0x4e, 0x74, 0x42, 0x48, 0x5f, 0x35, 0x72, 0x61, 0x6e, 
    0x67, 0x65, 0x37, 0x52, 0x61, 0x6e, 0x67, 0x65, 0x54, 0x6f, 0x6a, 0x45, 
    0x45, 0x39, 0x69, 0x6e, 0x64, 0x65, 0x78, 0x5f, 0x6d, 0x75, 0x74, 0x43, 
    0x73, 0x62, 0x4a, 0x6c, 0x78, 0x50, 0x53, 0x47, 0x61, 0x57, 0x56, 0x7a, 
    0x5f, 0x35, 0x70, 0x61, 0x72, 0x74, 0x64, 0x00, 0x4f, 0x55, 0x54, 0x4c, 
    0x49, 0x4e, 0x45, 0x44, 0x5f, 0x46, 0x55, 0x4e, 0x43, 0x54, 0x49, 0x4f, 
    0x4e, 0x5f, 0x32, 0x32, 0x00, 0x5f, 0x52, 0x4e, 0x76, 0x4e, 0x74, 0x43, 
    0x73, 0x64, 0x31, 0x51, 0x4d, 0x75, 0x67, 0x79, 0x68, 0x69, 0x6f, 0x68, 
    0x5f, 0x35, 0x6c, 0x69, 0x62, 0x6f, 0x73, 0x34, 0x75, 0x6c, 0x6f, 0x67, 
    0x31, 0x33, 0x5f, 0x5f, 0x73, 0x74, 0x61, 0x72, 0x74, 0x5f, 0x72, 0x65, 
    0x63, 0x6f, 0x72, 0x64, 0x2e, 0x39, 0x35, 0x30, 0x00, 0x5f, 0x52, 0x4e, 
    0x76, 0x58, 0x73, 0x31, 0x5f, 0x4e, 0x74, 0x43, 0x73, 0x64, 0x31, 0x51, 
    0x4d, 0x75, 0x67, 0x79, 0x68, 0x69, 0x6f, 0x68, 0x5f, 0x35, 0x6c, 0x69, 
    0x62, 0x6f, 0x73, 0x31, 0x31, 0x62, 0x75, 0x73, 0x5f, 0x72, 0x75, 0x6e, 
    0x74, 0x69, 0x6d, 0x65, 0x4e, 0x74, 0x42, 0x35, 0x5f, 0x31, 0x30, 0x52, 
    0x75, 0x6e, 0x74, 0x69, 0x6d, 0x65, 0x43, 0x74, 0x78, 0x4e, 0x74, 0x4e, 
    0x74, 0x42, 0x37, 0x5f, 0x33, 0x62, 0x75, 0x73, 0x36, 0x42, 0x75, 0x73, 
    0x43, 0x74, 0x78, 0x31, 0x33, 0x64, 0x69, 0x73, 0x63, 0x6f, 0x76, 0x65, 
    0x72, 0x5f, 0x70, 0x6f, 0x72, 0x74, 0x00, 0x5f, 0x52, 0x4e, 0x76, 0x58, 
    0x73, 0x31, 0x5f, 0x4e, 0x74, 0x43, 0x73, 0x64, 0x31, 0x51, 0x4d, 0x75, 
    0x67, 0x79, 0x68, 0x69, 0x6f, 0x68, 0x5f, 0x35, 0x6c, 0x69, 0x62, 0x6f, 
    0x73, 0x31, 0x31, 0x62, 0x75, 0x73, 0x5f, 0x72, 0x75, 0x6e, 0x74, 0x69, 
    0x6d, 0x65, 0x4e, 0x74, 0x42, 0x35, 0x5f, 0x31, 0x30, 0x52, 0x75, 0x6e, 
    0x74, 0x69, 0x6d, 0x65, 0x43, 0x74, 0x78, 0x4e, 0x74, 0x4e, 0x74, 0x42, 
    0x37, 0x5f, 0x33, 0x62, 0x75, 0x73, 0x36, 0x42, 0x75, 0x73, 0x43, 0x74, 
    0x78, 0x31, 0x38, 0x63, 0x6f, 0x6e, 0x6e, 0x65, 0x63, 0x74, 0x5f, 0x62, 
    0x6c, 0x6f, 0x63, 0x6b, 0x5f, 0x70, 0x6f, 0x72, 0x74, 0x00, 0x5f, 0x52, 
    0x4e, 0x76, 0x58, 0x73, 0x5f, 0x4e, 0x74, 0x43, 0x73, 0x64, 0x31, 0x51, 
    0x4d, 0x75, 0x67, 0x79, 0x68, 0x69, 0x6f, 0x68, 0x5f, 0x35, 0x6c, 0x69, 
    0x62, 0x6f, 0x73, 0x39, 0x62, 0x75, 0x73, 0x5f, 0x62, 0x6c, 0x6f, 0x63, 
    0x6b, 0x4e, 0x74, 0x42, 0x34, 0x5f, 0x31, 0x34, 0x53, 0x68, 0x6d, 0x65, 
    0x6d, 0x42, 0x6c, 0x6f, 0x63, 0x6b, 0x50, 0x6f, 0x72, 0x74, 0x4e, 0x74, 
    0x4e, 0x74, 0x42, 0x36, 0x5f, 0x33, 0x62, 0x75, 0x73, 0x31, 0x34, 0x42, 
    0x6c, 0x6f, 0x63, 0x6b, 0x54, 0x72, 0x61, 0x6e, 0x73, 0x70, 0x6f, 0x72, 
    0x74, 0x31, 0x34, 0x71, 0x75, 0x65, 0x72, 0x79, 0x5f, 0x67, 0x65, 0x6f, 
    0x6d, 0x65, 0x74, 0x72, 0x79, 0x00, 0x5f, 0x52, 0x4e, 0x76, 0x4d, 0x73, 
    0x5f, 0x4e, 0x74, 0x43, 0x73, 0x32, 0x70, 0x69, 0x5a, 0x71, 0x4c, 0x43, 
    0x37, 0x6f, 0x45, 0x34, 0x5f, 0x36, 0x6c, 0x69, 0x62, 0x73, 0x79, 0x73, 
    0x39, 0x64, 0x61, 0x74, 0x61, 0x5f, 0x70, 0x6f, 0x72, 0x74, 0x4e, 0x74, 
    0x42, 0x34, 0x5f, 0x38, 0x44, 0x61, 0x74, 0x61, 0x50, 0x6f, 0x72, 0x74, 
    0x35, 0x61, 0x6c, 0x6c, 0x6f, 0x63, 0x00, 0x5f, 0x52, 0x4e, 0x76, 0x58, 
    0x73, 0x5f, 0x4e, 0x74, 0x43, 0x73, 0x64, 0x31, 0x51, 0x4d, 0x75, 0x67, 
    0x79, 0x68, 0x69, 0x6f, 0x68, 0x5f, 0x35, 0x6c, 0x69, 0x62, 0x6f, 0x73, 
    0x39, 0x62, 0x75, 0x73, 0x5f, 0x62, 0x6c, 0x6f, 0x63, 0x6b, 0x4e, 0x74, 
    0x42, 0x34, 0x5f, 0x31, 0x34, 0x53, 0x68, 0x6d, 0x65, 0x6d, 0x42, 0x6c, 
    0x6f, 0x63, 0x6b, 0x50, 0x6f, 0x72, 0x74, 0x4e, 0x74, 0x4e, 0x74, 0x42, 
    0x36, 0x5f, 0x33, 0x62, 0x75, 0x73, 0x31, 0x34, 0x42, 0x6c, 0x6f, 0x63, 
    0x6b, 0x54, 0x72, 0x61, 0x6e, 0x73, 0x70, 0x6f, 0x72, 0x74, 0x31, 0x31, 
    0x73, 0x75, 0x62, 0x6d, 0x69, 0x74, 0x5f, 0x72, 0x65, 0x61, 0x64, 0x00, 
    0x5f, 0x52, 0x4e, 0x76, 0x4d, 0x73, 0x5f, 0x4e, 0x74, 0x43, 0x73, 0x32, 
    0x70, 0x69, 0x5a, 0x71, 0x4c, 0x43, 0x37, 0x6f, 0x45, 0x34, 0x5f, 0x36, 
    0x6c, 0x69, 0x62, 0x73, 0x79, 0x73, 0x39, 0x64, 0x61, 0x74, 0x61, 0x5f, 
    0x70, 0x6f, 0x72, 0x74, 0x4e, 0x74, 0x42, 0x34, 0x5f, 0x38, 0x44, 0x61, 
    0x74, 0x61, 0x50, 0x6f, 0x72, 0x74, 0x36, 0x6e, 0x6f, 0x74, 0x69, 0x66, 
    0x79, 0x00, 0x5f, 0x52, 0x4e, 0x76, 0x58, 0x73, 0x5f, 0x4e, 0x74, 0x43, 
    0x73, 0x64, 0x31, 0x51, 0x4d, 0x75, 0x67, 0x79, 0x68, 0x69, 0x6f, 0x68, 
    0x5f, 0x35, 0x6c, 0x69, 0x62, 0x6f, 0x73, 0x39, 0x62, 0x75, 0x73, 0x5f, 
    0x62, 0x6c, 0x6f, 0x63, 0x6b, 0x4e, 0x74, 0x42, 0x34, 0x5f, 0x31, 0x34, 
    0x53, 0x68, 0x6d, 0x65, 0x6d, 0x42, 0x6c, 0x6f, 0x63, 0x6b, 0x50, 0x6f, 
    0x72, 0x74, 0x4e, 0x74, 0x4e, 0x74, 0x42, 0x36, 0x5f, 0x33, 0x62, 0x75, 
    0x73, 0x31, 0x34, 0x42, 0x6c, 0x6f, 0x63, 0x6b, 0x54, 0x72, 0x61, 0x6e, 
    0x73, 0x70, 0x6f, 0x72, 0x74, 0x31, 0x35, 0x70, 0x6f, 0x6c, 0x6c, 0x5f, 
    0x63, 0x6f, 0x6d, 0x70, 0x6c, 0x65, 0x74, 0x69, 0x6f, 0x6e, 0x00, 0x5f, 
    0x52, 0x4e, 0x76, 0x4d, 0x73, 0x5f, 0x4e, 0x74, 0x43, 0x73, 0x32, 0x70, 
    0x69, 0x5a, 0x71, 0x4c, 0x43, 0x37, 0x6f, 0x45, 0x34, 0x5f, 0x36, 0x6c, 
    0x69, 0x62, 0x73, 0x79, 0x73, 0x39, 0x64, 0x61, 0x74, 0x61, 0x5f, 0x70, 
    0x6f, 0x72, 0x74, 0x4e, 0x74, 0x42, 0x34, 0x5f, 0x38, 0x44, 0x61, 0x74, 
    0x61, 0x50, 0x6f, 0x72, 0x74, 0x31, 0x30, 0x70, 0x6f, 0x6f, 0x6c, 0x5f, 
    0x73, 0x6c, 0x69, 0x63, 0x65, 0x00, 0x4f, 0x55, 0x54, 0x4c, 0x49, 0x4e, 
    0x45, 0x44, 0x5f, 0x46, 0x55, 0x4e, 0x43, 0x54, 0x49, 0x4f, 0x4e, 0x5f, 
    0x35, 0x31, 0x00, 0x4f, 0x55, 0x54, 0x4c, 0x49, 0x4e, 0x45, 0x44, 0x5f, 
    0x46, 0x55, 0x4e, 0x43, 0x54, 0x49, 0x4f, 0x4e, 0x5f, 0x32, 0x33, 0x00, 
    0x5f, 0x52, 0x4e, 0x76, 0x58, 0x73, 0x31, 0x5f, 0x4e, 0x74, 0x43, 0x73, 
    0x64, 0x31, 0x51, 0x4d, 0x75, 0x67, 0x79, 0x68, 0x69, 0x6f, 0x68, 0x5f, 
    0x35, 0x6c, 0x69, 0x62, 0x6f, 0x73, 0x31, 0x31, 0x62, 0x75, 0x73, 0x5f, 
    0x72, 0x75, 0x6e, 0x74, 0x69, 0x6d, 0x65, 0x4e, 0x74, 0x42, 0x35, 0x5f, 
    0x31, 0x30, 0x52, 0x75, 0x6e, 0x74, 0x69, 0x6d, 0x65, 0x43, 0x74, 0x78, 
    0x4e, 0x74, 0x4e, 0x74, 0x42, 0x37, 0x5f, 0x33, 0x62, 0x75, 0x73, 0x36, 
    0x42, 0x75, 0x73, 0x43, 0x74, 0x78, 0x31, 0x37, 0x63, 0x72, 0x65, 0x61, 
    0x74, 0x65, 0x5f, 0x62, 0x6c, 0x6f, 0x63, 0x6b, 0x5f, 0x70, 0x6f, 0x72, 
    0x74, 0x00, 0x5f, 0x52, 0x4e, 0x76, 0x4d, 0x4e, 0x74, 0x43, 0x73, 0x64, 
    0x31, 0x51, 0x4d, 0x75, 0x67, 0x79, 0x68, 0x69, 0x6f, 0x68, 0x5f, 0x35, 
    0x6c, 0x69, 0x62, 0x6f, 0x73, 0x31, 0x30, 0x62, 0x75, 0x73, 0x5f, 0x63, 
    0x6c, 0x69, 0x65, 0x6e, 0x74, 0x4e, 0x74, 0x42, 0x32, 0x5f, 0x39, 0x42, 
    0x75, 0x73, 0x43, 0x6c, 0x69, 0x65, 0x6e, 0x74, 0x34, 0x65, 0x6d, 0x69, 
    0x74, 0x00, 0x5f, 0x52, 0x4e, 0x76, 0x4e, 0x74, 0x43, 0x73, 0x32, 0x70, 
    0x69, 0x5a, 0x71, 0x4c, 0x43, 0x37, 0x6f, 0x45, 0x34, 0x5f, 0x36, 0x6c, 
    0x69, 0x62, 0x73, 0x79, 0x73, 0x37, 0x73, 0x79, 0x73, 0x63, 0x61, 0x6c, 
    0x6c, 0x35, 0x77, 0x72, 0x69, 0x74, 0x65, 0x00, 0x5f, 0x52, 0x4e, 0x76, 
    0x4d, 0x73, 0x34, 0x5f, 0x4e, 0x74, 0x43, 0x73, 0x32, 0x70, 0x69, 0x5a, 
    0x71, 0x4c, 0x43, 0x37, 0x6f, 0x45, 0x34, 0x5f, 0x36, 0x6c, 0x69, 0x62, 
    0x73, 0x79, 0x73, 0x33, 0x69, 0x70, 0x63, 0x4e, 0x74, 0x42, 0x35, 0x5f, 
    0x33, 0x4d, 0x75, 0x78, 0x34, 0x77, 0x61, 0x69, 0x74, 0x00, 0x5f, 0x52, 
    0x4e, 0x76, 0x4d, 0x73, 0x31, 0x5f, 0x4e, 0x74, 0x4e, 0x74, 0x43, 0x73, 
    0x39, 0x72, 0x49, 0x58, 0x75, 0x74, 0x6d, 0x38, 0x58, 0x4f, 0x7a, 0x5f, 
    0x34, 0x6c, 0x69, 0x62, 0x66, 0x31, 0x31, 0x63, 0x6f, 0x6c, 0x6c, 0x65, 
    0x63, 0x74, 0x69, 0x6f, 0x6e, 0x73, 0x38, 0x68, 0x61, 0x73, 0x68, 0x5f, 
    0x6d, 0x61, 0x70, 0x49, 0x4e, 0x74, 0x42, 0x35, 0x5f, 0x37, 0x48, 0x61, 
    0x73, 0x68, 0x4d, 0x61, 0x70, 0x4e, 0x74, 0x43, 0x73, 0x36, 0x48, 0x54, 
    0x41, 0x76, 0x4e, 0x79, 0x74, 0x30, 0x69, 0x74, 0x5f, 0x33, 0x61, 0x62, 
    0x69, 0x36, 0x48, 0x61, 0x6e, 0x64, 0x6c, 0x65, 0x6d, 0x45, 0x39, 0x66, 
    0x69, 0x6e, 0x64, 0x5f, 0x73, 0x6c, 0x6f, 0x74, 0x43, 0x73, 0x64, 0x31, 
    0x51, 0x4d, 0x75, 0x67, 0x79, 0x68, 0x69, 0x6f, 0x68, 0x5f, 0x35, 0x6c, 
    0x69, 0x62, 0x6f, 0x73, 0x00, 0x5f, 0x52, 0x4e, 0x76, 0x58, 0x73, 0x63, 
    0x5f, 0x4e, 0x74, 0x43, 0x73, 0x31, 0x61, 0x37, 0x54, 0x59, 0x51, 0x74, 
    0x6d, 0x61, 0x39, 0x6e, 0x5f, 0x35, 0x61, 0x6c, 0x6c, 0x6f, 0x63, 0x33, 
    0x76, 0x65, 0x63, 0x49, 0x4e, 0x74, 0x42, 0x35, 0x5f, 0x33, 0x56, 0x65, 
    0x63, 0x49, 0x4e, 0x74, 0x4e, 0x74, 0x4e, 0x74, 0x43, 0x73, 0x39, 0x72, 
    0x49, 0x58, 0x75, 0x74, 0x6d, 0x38, 0x58, 0x4f, 0x7a, 0x5f, 0x34, 0x6c, 
    0x69, 0x62, 0x66, 0x31, 0x31, 0x63, 0x6f, 0x6c, 0x6c, 0x65, 0x63, 0x74, 
    0x69, 0x6f, 0x6e, 0x73, 0x38, 0x68, 0x61, 0x73, 0x68, 0x5f, 0x6d, 0x61, 
    0x70, 0x34, 0x53, 0x6c, 0x6f, 0x74, 0x4e, 0x74, 0x43, 0x73, 0x36, 0x48, 
    0x54, 0x41, 0x76, 0x4e, 0x79, 0x74, 0x30, 0x69, 0x74, 0x5f, 0x33, 0x61, 
    0x62, 0x69, 0x36, 0x48, 0x61, 0x6e, 0x64, 0x6c, 0x65, 0x6d, 0x45, 0x45, 
    0x49, 0x4e, 0x74, 0x4e, 0x74, 0x4e, 0x74, 0x43, 0x73, 0x6a, 0x75, 0x65, 
    0x6c, 0x76, 0x63, 0x4a, 0x38, 0x4a, 0x68, 0x35, 0x5f, 0x34, 0x63, 0x6f, 
    0x72, 0x65, 0x33, 0x6f, 0x70, 0x73, 0x35, 0x69, 0x6e, 0x64, 0x65, 0x78, 
    0x35, 0x49, 0x6e, 0x64, 0x65, 0x78, 0x6a, 0x45, 0x35, 0x69, 0x6e, 0x64, 
    0x65, 0x78, 0x43, 0x73, 0x64, 0x31, 0x51, 0x4d, 0x75, 0x67, 0x79, 0x68, 
    0x69, 0x6f, 0x68, 0x5f, 0x35, 0x6c, 0x69, 0x62, 0x6f, 0x73, 0x00, 0x4f, 
    0x55, 0x54, 0x4c, 0x49, 0x4e, 0x45, 0x44, 0x5f, 0x46, 0x55, 0x4e, 0x43, 
    0x54, 0x49, 0x4f, 0x4e, 0x5f, 0x35, 0x36, 0x00, 0x5f, 0x52, 0x4e, 0x76, 
    0x4e, 0x74, 0x43, 0x73, 0x32, 0x70, 0x69, 0x5a, 0x71, 0x4c, 0x43, 0x37, 
    0x6f, 0x45, 0x34, 0x5f, 0x36, 0x6c, 0x69, 0x62, 0x73, 0x79, 0x73, 0x37, 
    0x73, 0x79, 0x73, 0x63, 0x61, 0x6c, 0x6c, 0x34, 0x72, 0x65, 0x61, 0x64, 
    0x00, 0x5f, 0x52, 0x4e, 0x76, 0x4e, 0x74, 0x43, 0x73, 0x64, 0x31, 0x51, 
    0x4d, 0x75, 0x67, 0x79, 0x68, 0x69, 0x6f, 0x68, 0x5f, 0x35, 0x6c, 0x69, 
    0x62, 0x6f, 0x73, 0x31, 0x31, 0x62, 0x75, 0x73, 0x5f, 0x72, 0x75, 0x6e, 
    0x74, 0x69, 0x6d, 0x65, 0x32, 0x30, 0x70, 0x61, 0x72, 0x73, 0x65, 0x5f, 
    0x73, 0x74, 0x61, 0x74, 0x65, 0x5f, 0x73, 0x6e, 0x61, 0x70, 0x73, 0x68, 
    0x6f, 0x74, 0x00, 0x5f, 0x52, 0x4e, 0x76, 0x4d, 0x4e, 0x74, 0x43, 0x73, 
    0x64, 0x31, 0x51, 0x4d, 0x75, 0x67, 0x79, 0x68, 0x69, 0x6f, 0x68, 0x5f, 
    0x35, 0x6c, 0x69, 0x62, 0x6f, 0x73, 0x31, 0x31, 0x73, 0x75, 0x70, 0x65, 
    0x72, 0x76, 0x69, 0x73, 0x69, 0x6f, 0x6e, 0x4e, 0x74, 0x42, 0x32, 0x5f, 
    0x31, 0x37, 0x53, 0x75, 0x70, 0x65, 0x72, 0x76, 0x69, 0x73, 0x69, 0x6f, 
    0x6e, 0x48, 0x61, 0x6e, 0x64, 0x6c, 0x65, 0x38, 0x74, 0x72, 0x79, 0x5f, 
    0x72, 0x65, 0x63, 0x76, 0x00, 0x5f, 0x52, 0x4e, 0x76, 0x58, 0x73, 0x34, 
    0x5f, 0x4e, 0x74, 0x4e, 0x74, 0x43, 0x73, 0x6a, 0x75, 0x65, 0x6c, 0x76, 
    0x63, 0x4a, 0x38, 0x4a, 0x68, 0x35, 0x5f, 0x34, 0x63, 0x6f, 0x72, 0x65, 
    0x35, 0x73, 0x6c, 0x69, 0x63, 0x65, 0x35, 0x69, 0x6e, 0x64, 0x65, 0x78, 
    0x49, 0x4e, 0x74, 0x4e, 0x74, 0x4e, 0x74, 0x42, 0x39, 0x5f, 0x33, 0x6f, 
    0x70, 0x73, 0x35, 0x72, 0x61, 0x6e, 0x67, 0x65, 0x37, 0x52, 0x61, 0x6e, 
    0x67, 0x65, 0x54, 0x6f, 0x6a, 0x45, 0x49, 0x4e, 0x74, 0x42, 0x35, 0x5f, 
    0x31, 0x30, 0x53, 0x6c, 0x69, 0x63, 0x65, 0x49, 0x6e, 0x64, 0x65, 0x78, 
    0x53, 0x68, 0x45, 0x39, 0x69, 0x6e, 0x64, 0x65, 0x78, 0x5f, 0x6d, 0x75, 
    0x74, 0x43, 0x73, 0x62, 0x4a, 0x6c, 0x78, 0x50, 0x53, 0x47, 0x61, 0x57, 
    0x56, 0x7a, 0x5f, 0x35, 0x70, 0x61, 0x72, 0x74, 0x64, 0x00, 0x5f, 0x52, 
    0x4e, 0x76, 0x4e, 0x74, 0x43, 0x73, 0x32, 0x70, 0x69, 0x5a, 0x71, 0x4c, 
    0x43, 0x37, 0x6f, 0x45, 0x34, 0x5f, 0x36, 0x6c, 0x69, 0x62, 0x73, 0x79, 
    0x73, 0x33, 0x69, 0x70, 0x63, 0x38, 0x77, 0x61, 0x69, 0x74, 0x5f, 0x6f, 
    0x6e, 0x65, 0x00, 0x5f, 0x52, 0x4e, 0x76, 0x58, 0x73, 0x32, 0x5f, 0x4e, 
    0x74, 0x4e, 0x74, 0x43, 0x73, 0x6a, 0x75, 0x65, 0x6c, 0x76, 0x63, 0x4a, 
    0x38, 0x4a, 0x68, 0x35, 0x5f, 0x34, 0x63, 0x6f, 0x72, 0x65, 0x35, 0x73, 
    0x6c, 0x69, 0x63, 0x65, 0x35, 0x69, 0x6e, 0x64, 0x65, 0x78, 0x49, 0x4e, 
    0x74, 0x4e, 0x74, 0x4e, 0x74, 0x42, 0x39, 0x5f, 0x33, 0x6f, 0x70, 0x73, 
    0x35, 0x72, 0x61, 0x6e, 0x67, 0x65, 0x35, 0x52, 0x61, 0x6e, 0x67, 0x65, 
    0x6a, 0x45, 0x49, 0x4e, 0x74, 0x42, 0x35, 0x5f, 0x31, 0x30, 0x53, 0x6c, 
    0x69, 0x63, 0x65, 0x49, 0x6e, 0x64, 0x65, 0x78, 0x53, 0x68, 0x45, 0x39, 
    0x69, 0x6e, 0x64, 0x65, 0x78, 0x5f, 0x6d, 0x75, 0x74, 0x43, 0x73, 0x62, 
    0x4a, 0x6c, 0x78, 0x50, 0x53, 0x47, 0x61, 0x57, 0x56, 0x7a, 0x5f, 0x35, 
    0x70, 0x61, 0x72, 0x74, 0x64, 0x00, 0x5f, 0x52, 0x4e, 0x76, 0x58, 0x73, 
    0x64, 0x5f, 0x4e, 0x74, 0x43, 0x73, 0x6a, 0x75, 0x65, 0x6c, 0x76, 0x63, 
    0x4a, 0x38, 0x4a, 0x68, 0x35, 0x5f, 0x34, 0x63, 0x6f, 0x72, 0x65, 0x35, 
    0x61, 0x72, 0x72, 0x61, 0x79, 0x41, 0x68, 0x6a, 0x32, 0x34, 0x30, 0x5f, 
    0x49, 0x4e, 0x74, 0x4e, 0x74, 0x4e, 0x74, 0x42, 0x37, 0x5f, 0x33, 0x6f, 
    0x70, 0x73, 0x35, 0x69, 0x6e, 0x64, 0x65, 0x78, 0x35, 0x49, 0x6e, 0x64, 
    0x65, 0x78, 0x49, 0x4e, 0x74, 0x4e, 0x74, 0x42, 0x49, 0x5f, 0x35, 0x72, 
    0x61, 0x6e, 0x67, 0x65, 0x37, 0x52, 0x61, 0x6e, 0x67, 0x65, 0x54, 0x6f, 
    0x6a, 0x45, 0x45, 0x35, 0x69, 0x6e, 0x64, 0x65, 0x78, 0x43, 0x73, 0x62, 
    0x4a, 0x6c, 0x78, 0x50, 0x53, 0x47, 0x61, 0x57, 0x56, 0x7a, 0x5f, 0x35, 
    0x70, 0x61, 0x72, 0x74, 0x64, 0x00, 0x5f, 0x52, 0x4e, 0x76, 0x4d, 0x4e, 
    0x74, 0x43, 0x73, 0x64, 0x31, 0x51, 0x4d, 0x75, 0x67, 0x79, 0x68, 0x69, 
    0x6f, 0x68, 0x5f, 0x35, 0x6c, 0x69, 0x62, 0x6f, 0x73, 0x34, 0x77, 0x69, 
    0x72, 0x65, 0x4e, 0x74, 0x42, 0x32, 0x5f, 0x31, 0x30, 0x57, 0x69, 0x72, 
    0x65, 0x52, 0x65, 0x61, 0x64, 0x65, 0x72, 0x33, 0x75, 0x31, 0x36, 0x00, 
    0x4f, 0x55, 0x54, 0x4c, 0x49, 0x4e, 0x45, 0x44, 0x5f, 0x46, 0x55, 0x4e, 
    0x43, 0x54, 0x49, 0x4f, 0x4e, 0x5f, 0x37, 0x30, 0x00, 0x5f, 0x52, 0x4e, 
    0x76, 0x4d, 0x4e, 0x74, 0x43, 0x73, 0x64, 0x31, 0x51, 0x4d, 0x75, 0x67, 
    0x79, 0x68, 0x69, 0x6f, 0x68, 0x5f, 0x35, 0x6c, 0x69, 0x62, 0x6f, 0x73, 
    0x34, 0x77, 0x69, 0x72, 0x65, 0x4e, 0x74, 0x42, 0x32, 0x5f, 0x31, 0x30, 
    0x57, 0x69, 0x72, 0x65, 0x52, 0x65, 0x61, 0x64, 0x65, 0x72, 0x35, 0x62, 
    0x79, 0x74, 0x65, 0x73, 0x00, 0x5f, 0x52, 0x4e, 0x76, 0x4e, 0x74, 0x43, 
    0x73, 0x64, 0x31, 0x51, 0x4d, 0x75, 0x67, 0x79, 0x68, 0x69, 0x6f, 0x68, 
    0x5f, 0x35, 0x6c, 0x69, 0x62, 0x6f, 0x73, 0x31, 0x31, 0x62, 0x75, 0x73, 
    0x5f, 0x72, 0x75, 0x6e, 0x74, 0x69, 0x6d, 0x65, 0x31, 0x38, 0x61, 0x70, 
    0x70, 0x65, 0x6e, 0x64, 0x5f, 0x77, 0x69, 0x74, 0x68, 0x5f, 0x73, 0x6f, 
    0x75, 0x72, 0x63, 0x65, 0x00, 0x5f, 0x52, 0x4e, 0x76, 0x58, 0x73, 0x64, 
    0x5f, 0x4e, 0x74, 0x43, 0x73, 0x6a, 0x75, 0x65, 0x6c, 0x76, 0x63, 0x4a, 
    0x38, 0x4a, 0x68, 0x35, 0x5f, 0x34, 0x63, 0x6f, 0x72, 0x65, 0x35, 0x61, 
    0x72, 0x72, 0x61, 0x79, 0x41, 0x68, 0x6a, 0x32, 0x30, 0x30, 0x5f, 0x49, 
    0x4e, 0x74, 0x4e, 0x74, 0x4e, 0x74, 0x42, 0x37, 0x5f, 0x33, 0x6f, 0x70, 
    0x73, 0x35, 0x69, 0x6e, 0x64, 0x65, 0x78, 0x35, 0x49, 0x6e, 0x64, 0x65, 
    0x78, 0x49, 0x4e, 0x74, 0x4e, 0x74, 0x42, 0x49, 0x5f, 0x35, 0x72, 0x61, 
    0x6e, 0x67, 0x65, 0x37, 0x52, 0x61, 0x6e, 0x67, 0x65, 0x54, 0x6f, 0x6a, 
    0x45, 0x45, 0x35, 0x69, 0x6e, 0x64, 0x65, 0x78, 0x43, 0x73, 0x62, 0x4a, 
    0x6c, 0x78, 0x50, 0x53, 0x47, 0x61, 0x57, 0x56, 0x7a, 0x5f, 0x35, 0x70, 
    0x61, 0x72, 0x74, 0x64, 0x00, 0x5f, 0x52, 0x4e, 0x76, 0x4e, 0x74, 0x43, 
    0x73, 0x32, 0x70, 0x69, 0x5a, 0x71, 0x4c, 0x43, 0x37, 0x6f, 0x45, 0x34, 
    0x5f, 0x36, 0x6c, 0x69, 0x62, 0x73, 0x79, 0x73, 0x37, 0x73, 0x79, 0x73, 
    0x63, 0x61, 0x6c, 0x6c, 0x38, 0x74, 0x72, 0x79, 0x5f, 0x72, 0x65, 0x61, 
    0x64, 0x00, 0x5f, 0x52, 0x4e, 0x76, 0x58, 0x73, 0x64, 0x5f, 0x4e, 0x74, 
    0x43, 0x73, 0x6a, 0x75, 0x65, 0x6c, 0x76, 0x63, 0x4a, 0x38, 0x4a, 0x68, 
    0x35, 0x5f, 0x34, 0x63, 0x6f, 0x72, 0x65, 0x35, 0x61, 0x72, 0x72, 0x61, 
    0x79, 0x41, 0x68, 0x6a, 0x32, 0x34, 0x30, 0x5f, 0x49, 0x4e, 0x74, 0x4e, 
    0x74, 0x4e, 0x74, 0x42, 0x37, 0x5f, 0x33, 0x6f, 0x70, 0x73, 0x35, 0x69, 
    0x6e, 0x64, 0x65, 0x78, 0x35, 0x49, 0x6e, 0x64, 0x65, 0x78, 0x49, 0x4e, 
    0x74, 0x4e, 0x74, 0x42, 0x49, 0x5f, 0x35, 0x72, 0x61, 0x6e, 0x67, 0x65, 
    0x35, 0x52, 0x61, 0x6e, 0x67, 0x65, 0x6a, 0x45, 0x45, 0x35, 0x69, 0x6e, 
    0x64, 0x65, 0x78, 0x43, 0x73, 0x62, 0x4a, 0x6c, 0x78, 0x50, 0x53, 0x47, 
    0x61, 0x57, 0x56, 0x7a, 0x5f, 0x35, 0x70, 0x61, 0x72, 0x74, 0x64, 0x00, 
    0x5f, 0x52, 0x4e, 0x76, 0x4d, 0x73, 0x38, 0x5f, 0x4e, 0x74, 0x43, 0x73, 
    0x32, 0x70, 0x69, 0x5a, 0x71, 0x4c, 0x43, 0x37, 0x6f, 0x45, 0x34, 0x5f, 
    0x36, 0x6c, 0x69, 0x62, 0x73, 0x79, 0x73, 0x33, 0x69, 0x70, 0x63, 0x4e, 
    0x74, 0x42, 0x35, 0x5f, 0x33, 0x49, 0x72, 0x71, 0x33, 0x61, 0x63, 0x6b, 
    0x00, 0x4f, 0x55, 0x54, 0x4c, 0x49, 0x4e, 0x45, 0x44, 0x5f, 0x46, 0x55, 
    0x4e, 0x43, 0x54, 0x49, 0x4f, 0x4e, 0x5f, 0x35, 0x37, 0x00, 0x5f, 0x52, 
    0x4e, 0x76, 0x4d, 0x4e, 0x74, 0x43, 0x73, 0x64, 0x31, 0x51, 0x4d, 0x75, 
    0x67, 0x79, 0x68, 0x69, 0x6f, 0x68, 0x5f, 0x35, 0x6c, 0x69, 0x62, 0x6f, 
    0x73, 0x31, 0x30, 0x62, 0x75, 0x73, 0x5f, 0x63, 0x6c, 0x69, 0x65, 0x6e, 
    0x74, 0x4e, 0x74, 0x42, 0x32, 0x5f, 0x39, 0x42, 0x75, 0x73, 0x43, 0x6c, 
    0x69, 0x65, 0x6e, 0x74, 0x31, 0x30, 0x73, 0x65, 0x6e, 0x64, 0x5f, 0x72, 
    0x65, 0x70, 0x6c, 0x79, 0x00, 0x5f, 0x52, 0x4e, 0x76, 0x4d, 0x73, 0x5f, 
    0x4e, 0x74, 0x43, 0x73, 0x32, 0x70, 0x69, 0x5a, 0x71, 0x4c, 0x43, 0x37, 
    0x6f, 0x45, 0x34, 0x5f, 0x36, 0x6c, 0x69, 0x62, 0x73, 0x79, 0x73, 0x39, 
    0x64, 0x61, 0x74, 0x61, 0x5f, 0x70, 0x6f, 0x72, 0x74, 0x4e, 0x74, 0x42, 
    0x34, 0x5f, 0x38, 0x44, 0x61, 0x74, 0x61, 0x50, 0x6f, 0x72, 0x74, 0x31, 
    0x34, 0x63, 0x6f, 0x6d, 0x70, 0x6c, 0x65, 0x74, 0x65, 0x5f, 0x65, 0x72, 
    0x72, 0x6f, 0x72, 0x00, 0x5f, 0x52, 0x4e, 0x76, 0x4d, 0x73, 0x5f, 0x4e, 
    0x74, 0x43, 0x73, 0x32, 0x70, 0x69, 0x5a, 0x71, 0x4c, 0x43, 0x37, 0x6f, 
    0x45, 0x34, 0x5f, 0x36, 0x6c, 0x69, 0x62, 0x73, 0x79, 0x73, 0x39, 0x64, 
    0x61, 0x74, 0x61, 0x5f, 0x70, 0x6f, 0x72, 0x74, 0x4e, 0x74, 0x42, 0x34, 
    0x5f, 0x38, 0x44, 0x61, 0x74, 0x61, 0x50, 0x6f, 0x72, 0x74, 0x31, 0x31, 
    0x63, 0x6f, 0x6d, 0x70, 0x6c, 0x65, 0x74, 0x65, 0x5f, 0x6f, 0x6b, 0x00, 
    0x5f, 0x52, 0x4e, 0x76, 0x58, 0x73, 0x5f, 0x4e, 0x74, 0x43, 0x73, 0x64, 
    0x31, 0x51, 0x4d, 0x75, 0x67, 0x79, 0x68, 0x69, 0x6f, 0x68, 0x5f, 0x35, 
    0x6c, 0x69, 0x62, 0x6f, 0x73, 0x39, 0x62, 0x75, 0x73, 0x5f, 0x62, 0x6c, 
    0x6f, 0x63, 0x6b, 0x4e, 0x74, 0x42, 0x34, 0x5f, 0x31, 0x34, 0x53, 0x68, 
    0x6d, 0x65, 0x6d, 0x42, 0x6c, 0x6f, 0x63, 0x6b, 0x50, 0x6f, 0x72, 0x74, 
    0x4e, 0x74, 0x4e, 0x74, 0x42, 0x36, 0x5f, 0x33, 0x62, 0x75, 0x73, 0x31, 
    0x34, 0x42, 0x6c, 0x6f, 0x63, 0x6b, 0x54, 0x72, 0x61, 0x6e, 0x73, 0x70, 
    0x6f, 0x72, 0x74, 0x36, 0x6e, 0x6f, 0x74, 0x69, 0x66, 0x79, 0x00, 0x5f, 
    0x52, 0x4e, 0x76, 0x4d, 0x73, 0x36, 0x5f, 0x4e, 0x74, 0x43, 0x73, 0x32, 
    0x70, 0x69, 0x5a, 0x71, 0x4c, 0x43, 0x37, 0x6f, 0x45, 0x34, 0x5f, 0x36, 
    0x6c, 0x69, 0x62, 0x73, 0x79, 0x73, 0x34, 0x72, 0x69, 0x6e, 0x67, 0x4e, 
    0x74, 0x42, 0x35, 0x5f, 0x31, 0x31, 0x4c, 0x61, 0x79, 0x65, 0x72, 0x65, 
    0x64, 0x52, 0x69, 0x6e, 0x67, 0x31, 0x34, 0x70, 0x6f, 0x6f, 0x6c, 0x5f, 
    0x73, 0x6c, 0x69, 0x63, 0x65, 0x5f, 0x6d, 0x75, 0x74, 0x00, 0x4f, 0x55, 
    0x54, 0x4c, 0x49, 0x4e, 0x45, 0x44, 0x5f, 0x46, 0x55, 0x4e, 0x43, 0x54, 
    0x49, 0x4f, 0x4e, 0x5f, 0x31, 0x35, 0x00, 0x5f, 0x52, 0x4e, 0x76, 0x58, 
    0x73, 0x5f, 0x4e, 0x74, 0x43, 0x73, 0x64, 0x31, 0x51, 0x4d, 0x75, 0x67, 
    0x79, 0x68, 0x69, 0x6f, 0x68, 0x5f, 0x35, 0x6c, 0x69, 0x62, 0x6f, 0x73, 
    0x39, 0x62, 0x75, 0x73, 0x5f, 0x62, 0x6c, 0x6f, 0x63, 0x6b, 0x4e, 0x74, 
    0x42, 0x34, 0x5f, 0x31, 0x34, 0x53, 0x68, 0x6d, 0x65, 0x6d, 0x42, 0x6c, 
    0x6f, 0x63, 0x6b, 0x50, 0x6f, 0x72, 0x74, 0x4e, 0x74, 0x4e, 0x74, 0x42, 
    0x36, 0x5f, 0x33, 0x62, 0x75, 0x73, 0x31, 0x34, 0x42, 0x6c, 0x6f, 0x63, 
    0x6b, 0x54, 0x72, 0x61, 0x6e, 0x73, 0x70, 0x6f, 0x72, 0x74, 0x31, 0x32, 
    0x73, 0x75, 0x62, 0x6d, 0x69, 0x74, 0x5f, 0x77, 0x72, 0x69, 0x74, 0x65, 
    0x00, 0x5f, 0x52, 0x4e, 0x76, 0x58, 0x73, 0x5f, 0x4e, 0x74, 0x43, 0x73, 
    0x64, 0x31, 0x51, 0x4d, 0x75, 0x67, 0x79, 0x68, 0x69, 0x6f, 0x68, 0x5f, 
    0x35, 0x6c, 0x69, 0x62, 0x6f, 0x73, 0x39, 0x62, 0x75, 0x73, 0x5f, 0x62, 
    0x6c, 0x6f, 0x63, 0x6b, 0x4e, 0x74, 0x42, 0x34, 0x5f, 0x31, 0x34, 0x53, 
    0x68, 0x6d, 0x65, 0x6d, 0x42, 0x6c, 0x6f, 0x63, 0x6b, 0x50, 0x6f, 0x72, 
    0x74, 0x4e, 0x74, 0x4e, 0x74, 0x42, 0x36, 0x5f, 0x33, 0x62, 0x75, 0x73, 
    0x31, 0x34, 0x42, 0x6c, 0x6f, 0x63, 0x6b, 0x54, 0x72, 0x61, 0x6e, 0x73, 
    0x70, 0x6f, 0x72, 0x74, 0x31, 0x36, 0x72, 0x65, 0x73, 0x70, 0x6f, 0x6e, 
    0x64, 0x5f, 0x67, 0x65, 0x6f, 0x6d, 0x65, 0x74, 0x72, 0x79, 0x00, 0x5f, 
    0x52, 0x4e, 0x76, 0x58, 0x73, 0x5f, 0x4e, 0x74, 0x43, 0x73, 0x64, 0x31, 
    0x51, 0x4d, 0x75, 0x67, 0x79, 0x68, 0x69, 0x6f, 0x68, 0x5f, 0x35, 0x6c, 
    0x69, 0x62, 0x6f, 0x73, 0x39, 0x62, 0x75, 0x73, 0x5f, 0x62, 0x6c, 0x6f, 
    0x63, 0x6b, 0x4e, 0x74, 0x42, 0x34, 0x5f, 0x31, 0x34, 0x53, 0x68, 0x6d, 
    0x65, 0x6d, 0x42, 0x6c, 0x6f, 0x63, 0x6b, 0x50, 0x6f, 0x72, 0x74, 0x4e, 
    0x74, 0x4e, 0x74, 0x42, 0x36, 0x5f, 0x33, 0x62, 0x75, 0x73, 0x31, 0x34, 
    0x42, 0x6c, 0x6f, 0x63, 0x6b, 0x54, 0x72, 0x61, 0x6e, 0x73, 0x70, 0x6f, 
    0x72, 0x74, 0x31, 0x30, 0x72, 0x65, 0x73, 0x65, 0x74, 0x5f, 0x70, 0x6f, 
    0x6f, 0x6c, 0x00, 0x5f, 0x52, 0x4e, 0x76, 0x4d, 0x73, 0x5f, 0x4e, 0x74, 
    0x43, 0x73, 0x32, 0x70, 0x69, 0x5a, 0x71, 0x4c, 0x43, 0x37, 0x6f, 0x45, 
    0x34, 0x5f, 0x36, 0x6c, 0x69, 0x62, 0x73, 0x79, 0x73, 0x39, 0x64, 0x61, 
    0x74, 0x61, 0x5f, 0x70, 0x6f, 0x72, 0x74, 0x4e, 0x74, 0x42, 0x34, 0x5f, 
    0x38, 0x44, 0x61, 0x74, 0x61, 0x50, 0x6f, 0x72, 0x74, 0x34, 0x72, 0x65, 
    0x63, 0x76, 0x00, 0x5f, 0x52, 0x4e, 0x76, 0x4d, 0x73, 0x5f, 0x4e, 0x74, 
    0x43, 0x73, 0x32, 0x70, 0x69, 0x5a, 0x71, 0x4c, 0x43, 0x37, 0x6f, 0x45, 
    0x34, 0x5f, 0x36, 0x6c, 0x69, 0x62, 0x73, 0x79, 0x73, 0x39, 0x64, 0x61, 
    0x74, 0x61, 0x5f, 0x70, 0x6f, 0x72, 0x74, 0x4e, 0x74, 0x42, 0x34, 0x5f, 
    0x38, 0x44, 0x61, 0x74, 0x61, 0x50, 0x6f, 0x72, 0x74, 0x31, 0x37, 0x70, 
    0x6f, 0x6c, 0x6c, 0x5f, 0x73, 0x69, 0x64, 0x65, 0x5f, 0x72, 0x65, 0x71, 
    0x75, 0x65, 0x73, 0x74, 0x00, 0x4f, 0x55, 0x54, 0x4c, 0x49, 0x4e, 0x45, 
    0x44, 0x5f, 0x46, 0x55, 0x4e, 0x43, 0x54, 0x49, 0x4f, 0x4e, 0x5f, 0x33, 
    0x39, 0x00, 0x5f, 0x52, 0x4e, 0x76, 0x43, 0x73, 0x62, 0x4a, 0x6c, 0x78, 
    0x50, 0x53, 0x47, 0x61, 0x57, 0x56, 0x7a, 0x5f, 0x35, 0x70, 0x61, 0x72, 
    0x74, 0x64, 0x31, 0x30, 0x66, 0x6f, 0x72, 0x6d, 0x61, 0x74, 0x5f, 0x75, 
    0x33, 0x32, 0x00, 0x5f, 0x52, 0x4e, 0x76, 0x58, 0x73, 0x64, 0x5f, 0x4e, 
    0x74, 0x43, 0x73, 0x6a, 0x75, 0x65, 0x6c, 0x76, 0x63, 0x4a, 0x38, 0x4a, 
    0x68, 0x35, 0x5f, 0x34, 0x63, 0x6f, 0x72, 0x65, 0x35, 0x61, 0x72, 0x72, 
    0x61, 0x79, 0x41, 0x68, 0x6a, 0x31, 0x38, 0x5f, 0x49, 0x4e, 0x74, 0x4e, 
    0x74, 0x4e, 0x74, 0x42, 0x37, 0x5f, 0x33, 0x6f, 0x70, 0x73, 0x35, 0x69, 
    0x6e, 0x64, 0x65, 0x78, 0x35, 0x49, 0x6e, 0x64, 0x65, 0x78, 0x49, 0x4e, 
    0x74, 0x4e, 0x74, 0x42, 0x48, 0x5f, 0x35, 0x72, 0x61, 0x6e, 0x67, 0x65, 
    0x37, 0x52, 0x61, 0x6e, 0x67, 0x65, 0x54, 0x6f, 0x6a, 0x45, 0x45, 0x35, 
    0x69, 0x6e, 0x64, 0x65, 0x78, 0x43, 0x73, 0x62, 0x4a, 0x6c, 0x78, 0x50, 
    0x53, 0x47, 0x61, 0x57, 0x56, 0x7a, 0x5f, 0x35, 0x70, 0x61, 0x72, 0x74, 
    0x64, 0x00, 0x4f, 0x55, 0x54, 0x4c, 0x49, 0x4e, 0x45, 0x44, 0x5f, 0x46, 
    0x55, 0x4e, 0x43, 0x54, 0x49, 0x4f, 0x4e, 0x5f, 0x33, 0x00, 0x5f, 0x52, 
    0x4e, 0x76, 0x43, 0x73, 0x62, 0x4a, 0x6c, 0x78, 0x50, 0x53, 0x47, 0x61, 
    0x57, 0x56, 0x7a, 0x5f, 0x35, 0x70, 0x61, 0x72, 0x74, 0x64, 0x31, 0x38, 
    0x6d, 0x62, 0x72, 0x5f, 0x74, 0x79, 0x70, 0x65, 0x5f, 0x74, 0x6f, 0x5f, 
    0x73, 0x75, 0x66, 0x66, 0x69, 0x78, 0x00, 0x4f, 0x55, 0x54, 0x4c, 0x49, 
    0x4e, 0x45, 0x44, 0x5f, 0x46, 0x55, 0x4e, 0x43, 0x54, 0x49, 0x4f, 0x4e, 
    0x5f, 0x37, 0x32, 0x00, 0x5f, 0x52, 0x4e, 0x76, 0x58, 0x73, 0x64, 0x5f, 
    0x4e, 0x74, 0x43, 0x73, 0x6a, 0x75, 0x65, 0x6c, 0x76, 0x63, 0x4a, 0x38, 
    0x4a, 0x68, 0x35, 0x5f, 0x34, 0x63, 0x6f, 0x72, 0x65, 0x35, 0x61, 0x72, 
    0x72, 0x61, 0x79, 0x41, 0x68, 0x6a, 0x31, 0x30, 0x30, 0x5f, 0x49, 0x4e, 
    0x74, 0x4e, 0x74, 0x4e, 0x74, 0x42, 0x37, 0x5f, 0x33, 0x6f, 0x70, 0x73, 
    0x35, 0x69, 0x6e, 0x64, 0x65, 0x78, 0x35, 0x49, 0x6e, 0x64, 0x65, 0x78, 
    0x49, 0x4e, 0x74, 0x4e, 0x74, 0x42, 0x49, 0x5f, 0x35, 0x72, 0x61, 0x6e, 
    0x67, 0x65, 0x37, 0x52, 0x61, 0x6e, 0x67, 0x65, 0x54, 0x6f, 0x6a, 0x45, 
    0x45, 0x35, 0x69, 0x6e, 0x64, 0x65, 0x78, 0x43, 0x73, 0x62, 0x4a, 0x6c, 
    0x78, 0x50, 0x53, 0x47, 0x61, 0x57, 0x56, 0x7a, 0x5f, 0x35, 0x70, 0x61, 
    0x72, 0x74, 0x64, 0x00, 0x5f, 0x52, 0x4e, 0x76, 0x43, 0x73, 0x62, 0x4a, 
    0x6c, 0x78, 0x50, 0x53, 0x47, 0x61, 0x57, 0x56, 0x7a, 0x5f, 0x35, 0x70, 
    0x61, 0x72, 0x74, 0x64, 0x31, 0x31, 0x63, 0x6f, 0x70, 0x79, 0x5f, 0x74, 
    0x6f, 0x5f, 0x62, 0x75, 0x66, 0x00, 0x4f, 0x55, 0x54, 0x4c, 0x49, 0x4e, 
    0x45, 0x44, 0x5f, 0x46, 0x55, 0x4e, 0x43, 0x54, 0x49, 0x4f, 0x4e, 0x5f, 
    0x35, 0x34, 0x00, 0x4f, 0x55, 0x54, 0x4c, 0x49, 0x4e, 0x45, 0x44, 0x5f, 
    0x46, 0x55, 0x4e, 0x43, 0x54, 0x49, 0x4f, 0x4e, 0x5f, 0x36, 0x37, 0x00, 
    0x4f, 0x55, 0x54, 0x4c, 0x49, 0x4e, 0x45, 0x44, 0x5f, 0x46, 0x55, 0x4e, 
    0x43, 0x54, 0x49, 0x4f, 0x4e, 0x5f, 0x36, 0x35, 0x00, 0x5f, 0x52, 0x4e, 
    0x76, 0x58, 0x73, 0x5f, 0x4e, 0x74, 0x43, 0x73, 0x64, 0x31, 0x51, 0x4d, 
    0x75, 0x67, 0x79, 0x68, 0x69, 0x6f, 0x68, 0x5f, 0x35, 0x6c, 0x69, 0x62, 
    0x6f, 0x73, 0x39, 0x62, 0x75, 0x73, 0x5f, 0x62, 0x6c, 0x6f, 0x63, 0x6b, 
    0x4e, 0x74, 0x42, 0x34, 0x5f, 0x31, 0x34, 0x53, 0x68, 0x6d, 0x65, 0x6d, 
    0x42, 0x6c, 0x6f, 0x63, 0x6b, 0x50, 0x6f, 0x72, 0x74, 0x4e, 0x74, 0x4e, 
    0x74, 0x42, 0x36, 0x5f, 0x33, 0x62, 0x75, 0x73, 0x31, 0x34, 0x42, 0x6c, 
    0x6f, 0x63, 0x6b, 0x54, 0x72, 0x61, 0x6e, 0x73, 0x70, 0x6f, 0x72, 0x74, 
    0x31, 0x30, 0x73, 0x65, 0x74, 0x5f, 0x70, 0x75, 0x62, 0x6c, 0x69, 0x63, 
    0x00, 0x5f, 0x52, 0x4e, 0x76, 0x58, 0x73, 0x31, 0x5f, 0x4e, 0x74, 0x43, 
    0x73, 0x64, 0x31, 0x51, 0x4d, 0x75, 0x67, 0x79, 0x68, 0x69, 0x6f, 0x68, 
    0x5f, 0x35, 0x6c, 0x69, 0x62, 0x6f, 0x73, 0x31, 0x31, 0x62, 0x75, 0x73, 
    0x5f, 0x72, 0x75, 0x6e, 0x74, 0x69, 0x6d, 0x65, 0x4e, 0x74, 0x42, 0x35, 
    0x5f, 0x31, 0x30, 0x52, 0x75, 0x6e, 0x74, 0x69, 0x6d, 0x65, 0x43, 0x74, 
    0x78, 0x4e, 0x74, 0x4e, 0x74, 0x42, 0x37, 0x5f, 0x33, 0x62, 0x75, 0x73, 
    0x36, 0x42, 0x75, 0x73, 0x43, 0x74, 0x78, 0x32, 0x33, 0x72, 0x65, 0x67, 
    0x69, 0x73, 0x74, 0x65, 0x72, 0x5f, 0x70, 0x6f, 0x72, 0x74, 0x5f, 0x77, 
    0x69, 0x74, 0x68, 0x5f, 0x69, 0x6e, 0x66, 0x6f, 0x00, 0x5f, 0x52, 0x4e, 
    0x76, 0x4e, 0x74, 0x4e, 0x74, 0x43, 0x73, 0x6a, 0x75, 0x65, 0x6c, 0x76, 
    0x63, 0x4a, 0x38, 0x4a, 0x68, 0x35, 0x5f, 0x34, 0x63, 0x6f, 0x72, 0x65, 
    0x39, 0x70, 0x61, 0x6e, 0x69, 0x63, 0x6b, 0x69, 0x6e, 0x67, 0x31, 0x31, 
    0x70, 0x61, 0x6e, 0x69, 0x63, 0x5f, 0x63, 0x6f, 0x6e, 0x73, 0x74, 0x32, 
    0x33, 0x70, 0x61, 0x6e, 0x69, 0x63, 0x5f, 0x63, 0x6f, 0x6e, 0x73, 0x74, 
    0x5f, 0x64, 0x69, 0x76, 0x5f, 0x62, 0x79, 0x5f, 0x7a, 0x65, 0x72, 0x6f, 
    0x00, 0x24, 0x64, 0x00, 0x24, 0x78, 0x00, 0x4f, 0x55, 0x54, 0x4c, 0x49, 
    0x4e, 0x45, 0x44, 0x5f, 0x46, 0x55, 0x4e, 0x43, 0x54, 0x49, 0x4f, 0x4e, 
    0x5f, 0x32, 0x30, 0x00, 0x4f, 0x55, 0x54, 0x4c, 0x49, 0x4e, 0x45, 0x44, 
    0x5f, 0x46, 0x55, 0x4e, 0x43, 0x54, 0x49, 0x4f, 0x4e, 0x5f, 0x30, 0x00, 
    0x4f, 0x55, 0x54, 0x4c, 0x49, 0x4e, 0x45, 0x44, 0x5f, 0x46, 0x55, 0x4e, 
    0x43, 0x54, 0x49, 0x4f, 0x4e, 0x5f, 0x35, 0x00, 0x4f, 0x55, 0x54, 0x4c, 
    0x49, 0x4e, 0x45, 0x44, 0x5f, 0x46, 0x55, 0x4e, 0x43, 0x54, 0x49, 0x4f, 
    0x4e, 0x5f, 0x32, 0x35, 0x00, 0x4f, 0x55, 0x54, 0x4c, 0x49, 0x4e, 0x45, 
    0x44, 0x5f, 0x46, 0x55, 0x4e, 0x43, 0x54, 0x49, 0x4f, 0x4e, 0x5f, 0x31, 
    0x30, 0x00, 0x4f, 0x55, 0x54, 0x4c, 0x49, 0x4e, 0x45, 0x44, 0x5f, 0x46, 
    0x55, 0x4e, 0x43, 0x54, 0x49, 0x4f, 0x4e, 0x5f, 0x37, 0x33, 0x00, 0x4f, 
    0x55, 0x54, 0x4c, 0x49, 0x4e, 0x45, 0x44, 0x5f, 0x46, 0x55, 0x4e, 0x43, 
    0x54, 0x49, 0x4f, 0x4e, 0x5f, 0x31, 0x37, 0x00, 0x4f, 0x55, 0x54, 0x4c, 
    0x49, 0x4e, 0x45, 0x44, 0x5f, 0x46, 0x55, 0x4e, 0x43, 0x54, 0x49, 0x4f, 
    0x4e, 0x5f, 0x39, 0x00, 0x4f, 0x55, 0x54, 0x4c, 0x49, 0x4e, 0x45, 0x44, 
    0x5f, 0x46, 0x55, 0x4e, 0x43, 0x54, 0x49, 0x4f, 0x4e, 0x5f, 0x33, 0x31, 
    0x00, 0x4f, 0x55, 0x54, 0x4c, 0x49, 0x4e, 0x45, 0x44, 0x5f, 0x46, 0x55, 
    0x4e, 0x43, 0x54, 0x49, 0x4f, 0x4e, 0x5f, 0x33, 0x38, 0x00, 0x24, 0x78, 
    0x00, 0x24, 0x78, 0x00, 0x4f, 0x55, 0x54, 0x4c, 0x49, 0x4e, 0x45, 0x44, 
    0x5f, 0x46, 0x55, 0x4e, 0x43, 0x54, 0x49, 0x4f, 0x4e, 0x5f, 0x37, 0x00, 
    0x4f, 0x55, 0x54, 0x4c, 0x49, 0x4e, 0x45, 0x44, 0x5f, 0x46, 0x55, 0x4e, 
    0x43, 0x54, 0x49, 0x4f, 0x4e, 0x5f, 0x36, 0x00, 0x24, 0x78, 0x00, 0x4f, 
    0x55, 0x54, 0x4c, 0x49, 0x4e, 0x45, 0x44, 0x5f, 0x46, 0x55, 0x4e, 0x43, 
    0x54, 0x49, 0x4f, 0x4e, 0x5f, 0x34, 0x36, 0x00, 0x24, 0x78, 0x00, 0x4f, 
    0x55, 0x54, 0x4c, 0x49, 0x4e, 0x45, 0x44, 0x5f, 0x46, 0x55, 0x4e, 0x43, 
    0x54, 0x49, 0x4f, 0x4e, 0x5f, 0x33, 0x30, 0x00, 0x24, 0x78, 0x00, 0x4f, 
    0x55, 0x54, 0x4c, 0x49, 0x4e, 0x45, 0x44, 0x5f, 0x46, 0x55, 0x4e, 0x43, 
    0x54, 0x49, 0x4f, 0x4e, 0x5f, 0x33, 0x33, 0x00, 0x24, 0x78, 0x00, 0x4f, 
    0x55, 0x54, 0x4c, 0x49, 0x4e, 0x45, 0x44, 0x5f, 0x46, 0x55, 0x4e, 0x43, 
    0x54, 0x49, 0x4f, 0x4e, 0x5f, 0x36, 0x33, 0x00, 0x24, 0x78, 0x00, 0x24, 
    0x78, 0x00, 0x24, 0x78, 0x00, 0x4f, 0x55, 0x54, 0x4c, 0x49, 0x4e, 0x45, 
    0x44, 0x5f, 0x46, 0x55, 0x4e, 0x43, 0x54, 0x49, 0x4f, 0x4e, 0x5f, 0x31, 
    0x33, 0x00, 0x5f, 0x52, 0x4e, 0x76, 0x43, 0x73, 0x66, 0x62, 0x66, 0x4d, 
    0x69, 0x39, 0x66, 0x73, 0x36, 0x78, 0x4f, 0x5f, 0x37, 0x5f, 0x5f, 0x5f, 
    0x72, 0x75, 0x73, 0x74, 0x63, 0x32, 0x36, 0x5f, 0x5f, 0x5f, 0x72, 0x75, 
    0x73, 0x74, 0x5f, 0x61, 0x6c, 0x6c, 0x6f, 0x63, 0x5f, 0x65, 0x72, 0x72, 
    0x6f, 0x72, 0x5f, 0x68, 0x61, 0x6e, 0x64, 0x6c, 0x65, 0x72, 0x00, 0x24, 
    0x78, 0x00, 0x5f, 0x52, 0x4e, 0x76, 0x43, 0x73, 0x66, 0x62, 0x66, 0x4d, 
    0x69, 0x39, 0x66, 0x73, 0x36, 0x78, 0x4f, 0x5f, 0x37, 0x5f, 0x5f, 0x5f, 
    0x72, 0x75, 0x73, 0x74, 0x63, 0x32, 0x35, 0x5f, 0x5f, 0x5f, 0x72, 0x64, 
    0x6c, 0x5f, 0x61, 0x6c, 0x6c, 0x6f, 0x63, 0x5f, 0x65, 0x72, 0x72, 0x6f, 
    0x72, 0x5f, 0x68, 0x61, 0x6e, 0x64, 0x6c, 0x65, 0x72, 0x00, 0x24, 0x78, 
    0x00, 0x4f, 0x55, 0x54, 0x4c, 0x49, 0x4e, 0x45, 0x44, 0x5f, 0x46, 0x55, 
    0x4e, 0x43, 0x54, 0x49, 0x4f, 0x4e, 0x5f, 0x34, 0x37, 0x00, 0x4f, 0x55, 
    0x54, 0x4c, 0x49, 0x4e, 0x45, 0x44, 0x5f, 0x46, 0x55, 0x4e, 0x43, 0x54, 
    0x49, 0x4f, 0x4e, 0x5f, 0x37, 0x31, 0x00, 0x4f, 0x55, 0x54, 0x4c, 0x49, 
    0x4e, 0x45, 0x44, 0x5f, 0x46, 0x55, 0x4e, 0x43, 0x54, 0x49, 0x4f, 0x4e, 
    0x5f, 0x33, 0x36, 0x00, 0x24, 0x78, 0x00, 0x24, 0x78, 0x00, 0x24, 0x78, 
    0x00, 0x5f, 0x52, 0x4e, 0x76, 0x58, 0x73, 0x69, 0x5f, 0x4e, 0x74, 0x4e, 
    0x74, 0x4e, 0x74, 0x43, 0x73, 0x6a, 0x75, 0x65, 0x6c, 0x76, 0x63, 0x4a, 
    0x38, 0x4a, 0x68, 0x35, 0x5f, 0x34, 0x63, 0x6f, 0x72, 0x65, 0x33, 0x66, 
    0x6d, 0x74, 0x33, 0x6e, 0x75, 0x6d, 0x33, 0x69, 0x6d, 0x70, 0x6a, 0x4e, 
    0x74, 0x42, 0x39, 0x5f, 0x37, 0x44, 0x69, 0x73, 0x70, 0x6c, 0x61, 0x79, 
    0x33, 0x66, 0x6d, 0x74, 0x00, 0x5f, 0x52, 0x4e, 0x76, 0x4e, 0x74, 0x43, 
    0x73, 0x6a, 0x75, 0x65, 0x6c, 0x76, 0x63, 0x4a, 0x38, 0x4a, 0x68, 0x35, 
    0x5f, 0x34, 0x63, 0x6f, 0x72, 0x65, 0x39, 0x70, 0x61, 0x6e, 0x69, 0x63, 
    0x6b, 0x69, 0x6e, 0x67, 0x31, 0x38, 0x70, 0x61, 0x6e, 0x69, 0x63, 0x5f, 
    0x6e, 0x6f, 0x75, 0x6e, 0x77, 0x69, 0x6e, 0x64, 0x5f, 0x66, 0x6d, 0x74, 
    0x00, 0x5f, 0x52, 0x4e, 0x76, 0x4e, 0x74, 0x43, 0x73, 0x31, 0x61, 0x37, 
    0x54, 0x59, 0x51, 0x74, 0x6d, 0x61, 0x39, 0x6e, 0x5f, 0x35, 0x61, 0x6c, 
    0x6c, 0x6f, 0x63, 0x37, 0x72, 0x61, 0x77, 0x5f, 0x76, 0x65, 0x63, 0x31, 
    0x32, 0x68, 0x61, 0x6e, 0x64, 0x6c, 0x65, 0x5f, 0x65, 0x72, 0x72, 0x6f, 
    0x72, 0x00, 0x24, 0x78, 0x00, 0x5f, 0x52, 0x4e, 0x76, 0x4e, 0x74, 0x43, 
    0x73, 0x31, 0x61, 0x37, 0x54, 0x59, 0x51, 0x74, 0x6d, 0x61, 0x39, 0x6e, 
    0x5f, 0x35, 0x61, 0x6c, 0x6c, 0x6f, 0x63, 0x37, 0x72, 0x61, 0x77, 0x5f, 
    0x76, 0x65, 0x63, 0x31, 0x37, 0x63, 0x61, 0x70, 0x61, 0x63, 0x69, 0x74, 
    0x79, 0x5f, 0x6f, 0x76, 0x65, 0x72, 0x66, 0x6c, 0x6f, 0x77, 0x00, 0x24, 
    0x78, 0x00, 0x5f, 0x52, 0x4e, 0x76, 0x4e, 0x74, 0x43, 0x73, 0x6a, 0x75, 
    0x65, 0x6c, 0x76, 0x63, 0x4a, 0x38, 0x4a, 0x68, 0x35, 0x5f, 0x34, 0x63, 
    0x6f, 0x72, 0x65, 0x39, 0x70, 0x61, 0x6e, 0x69, 0x63, 0x6b, 0x69, 0x6e, 
    0x67, 0x39, 0x70, 0x61, 0x6e, 0x69, 0x63, 0x5f, 0x66, 0x6d, 0x74, 0x00, 
    0x5f, 0x52, 0x4e, 0x76, 0x4d, 0x4e, 0x74, 0x43, 0x73, 0x31, 0x61, 0x37, 
    0x54, 0x59, 0x51, 0x74, 0x6d, 0x61, 0x39, 0x6e, 0x5f, 0x35, 0x61, 0x6c, 
    0x6c, 0x6f, 0x63, 0x35, 0x61, 0x6c, 0x6c, 0x6f, 0x63, 0x4e, 0x74, 0x42, 
    0x32, 0x5f, 0x36, 0x47, 0x6c, 0x6f, 0x62, 0x61, 0x6c, 0x31, 0x30, 0x61, 
    0x6c, 0x6c, 0x6f, 0x63, 0x5f, 0x69, 0x6d, 0x70, 0x6c, 0x00, 0x24, 0x78, 
    0x00, 0x5f, 0x52, 0x4e, 0x76, 0x58, 0x73, 0x31, 0x5f, 0x4e, 0x74, 0x43, 
    0x73, 0x32, 0x70, 0x69, 0x5a, 0x71, 0x4c, 0x43, 0x37, 0x6f, 0x45, 0x34, 
    0x5f, 0x36, 0x6c, 0x69, 0x62, 0x73, 0x79, 0x73, 0x39, 0x61, 0x6c, 0x6c, 
    0x6f, 0x63, 0x61, 0x74, 0x6f, 0x72, 0x4e, 0x74, 0x42, 0x35, 0x5f, 0x31, 
    0x33, 0x46, 0x69, 0x6c, 0x61, 0x6d, 0x65, 0x6e, 0x74, 0x41, 0x6c, 0x6c, 
    0x6f, 0x63, 0x4e, 0x74, 0x4e, 0x74, 0x4e, 0x74, 0x43, 0x73, 0x6a, 0x75, 
    0x65, 0x6c, 0x76, 0x63, 0x4a, 0x38, 0x4a, 0x68, 0x35, 0x5f, 0x34, 0x63, 
    0x6f, 0x72, 0x65, 0x35, 0x61, 0x6c, 0x6c, 0x6f, 0x63, 0x36, 0x67, 0x6c, 
    0x6f, 0x62, 0x61, 0x6c, 0x31, 0x31, 0x47, 0x6c, 0x6f, 0x62, 0x61, 0x6c, 
    0x41, 0x6c, 0x6c, 0x6f, 0x63, 0x35, 0x61, 0x6c, 0x6c, 0x6f, 0x63, 0x00, 
    0x24, 0x78, 0x00, 0x5f, 0x52, 0x4e, 0x76, 0x4e, 0x74, 0x4e, 0x74, 0x43, 
    0x73, 0x6a, 0x75, 0x65, 0x6c, 0x76, 0x63, 0x4a, 0x38, 0x4a, 0x68, 0x35, 
    0x5f, 0x34, 0x63, 0x6f, 0x72, 0x65, 0x39, 0x70, 0x61, 0x6e, 0x69, 0x63, 
    0x6b, 0x69, 0x6e, 0x67, 0x31, 0x31, 0x70, 0x61, 0x6e, 0x69, 0x63, 0x5f, 
    0x63, 0x6f, 0x6e, 0x73, 0x74, 0x32, 0x33, 0x70, 0x61, 0x6e, 0x69, 0x63, 
    0x5f, 0x63, 0x6f, 0x6e, 0x73, 0x74, 0x5f, 0x72, 0x65, 0x6d, 0x5f, 0x62, 
    0x79, 0x5f, 0x7a, 0x65, 0x72, 0x6f, 0x00, 0x24, 0x78, 0x00, 0x5f, 0x52, 
    0x4e, 0x76, 0x4d, 0x4e, 0x74, 0x43, 0x73, 0x6a, 0x75, 0x65, 0x6c, 0x76, 
    0x63, 0x4a, 0x38, 0x4a, 0x68, 0x35, 0x5f, 0x34, 0x63, 0x6f, 0x72, 0x65, 
    0x35, 0x73, 0x6c, 0x69, 0x63, 0x65, 0x53, 0x68, 0x39, 0x65, 0x6e, 0x64, 
    0x73, 0x5f, 0x77, 0x69, 0x74, 0x68, 0x42, 0x34, 0x5f, 0x00, 0x24, 0x78, 
    0x00, 0x24, 0x78, 0x00, 0x24, 0x78, 0x00, 0x4f, 0x55, 0x54, 0x4c, 0x49, 
    0x4e, 0x45, 0x44, 0x5f, 0x46, 0x55, 0x4e, 0x43, 0x54, 0x49, 0x4f, 0x4e, 
    0x5f, 0x37, 0x34, 0x00, 0x5f, 0x52, 0x4e, 0x76, 0x4e, 0x76, 0x4d, 0x73, 
    0x61, 0x5f, 0x4e, 0x74, 0x43, 0x73, 0x6a, 0x75, 0x65, 0x6c, 0x76, 0x63, 
    0x4a, 0x38, 0x4a, 0x68, 0x35, 0x5f, 0x34, 0x63, 0x6f, 0x72, 0x65, 0x33, 
    0x66, 0x6d, 0x74, 0x4e, 0x74, 0x42, 0x37, 0x5f, 0x39, 0x46, 0x6f, 0x72, 
    0x6d, 0x61, 0x74, 0x74, 0x65, 0x72, 0x31, 0x32, 0x70, 0x61, 0x64, 0x5f, 
    0x69, 0x6e, 0x74, 0x65, 0x67, 0x72, 0x61, 0x6c, 0x31, 0x32, 0x77, 0x72, 
    0x69, 0x74, 0x65, 0x5f, 0x70, 0x72, 0x65, 0x66, 0x69, 0x78, 0x00, 0x5f, 
    0x52, 0x4e, 0x76, 0x4d, 0x73, 0x39, 0x5f, 0x4e, 0x74, 0x43, 0x73, 0x6a, 
    0x75, 0x65, 0x6c, 0x76, 0x63, 0x4a, 0x38, 0x4a, 0x68, 0x35, 0x5f, 0x34, 
    0x63, 0x6f, 0x72, 0x65, 0x33, 0x66, 0x6d, 0x74, 0x4e, 0x74, 0x42, 0x35, 
    0x5f, 0x31, 0x31, 0x50, 0x6f, 0x73, 0x74, 0x50, 0x61, 0x64, 0x64, 0x69, 
    0x6e, 0x67, 0x35, 0x77, 0x72, 0x69, 0x74, 0x65, 0x00, 0x4f, 0x55, 0x54, 
    0x4c, 0x49, 0x4e, 0x45, 0x44, 0x5f, 0x46, 0x55, 0x4e, 0x43, 0x54, 0x49, 
    0x4f, 0x4e, 0x5f, 0x34, 0x30, 0x00, 0x24, 0x78, 0x00, 0x5f, 0x52, 0x4e, 
    0x76, 0x43, 0x73, 0x66, 0x62, 0x66, 0x4d, 0x69, 0x39, 0x66, 0x73, 0x36, 
    0x78, 0x4f, 0x5f, 0x37, 0x5f, 0x5f, 0x5f, 0x72, 0x75, 0x73, 0x74, 0x63, 
    0x31, 0x37, 0x72, 0x75, 0x73, 0x74, 0x5f, 0x62, 0x65, 0x67, 0x69, 0x6e, 
    0x5f, 0x75, 0x6e, 0x77, 0x69, 0x6e, 0x64, 0x00, 0x24, 0x78, 0x00, 0x5f, 
    0x52, 0x4e, 0x76, 0x4e, 0x74, 0x43, 0x73, 0x6a, 0x75, 0x65, 0x6c, 0x76, 
    0x63, 0x4a, 0x38, 0x4a, 0x68, 0x35, 0x5f, 0x34, 0x63, 0x6f, 0x72, 0x65, 
    0x39, 0x70, 0x61, 0x6e, 0x69, 0x63, 0x6b, 0x69, 0x6e, 0x67, 0x35, 0x70, 
    0x61, 0x6e, 0x69, 0x63, 0x00, 0x24, 0x78, 0x00, 0x24, 0x78, 0x00, 0x5f, 
    0x52, 0x4e, 0x76, 0x4e, 0x76, 0x4e, 0x74, 0x43, 0x73, 0x6a, 0x75, 0x65, 
    0x6c, 0x76, 0x63, 0x4a, 0x38, 0x4a, 0x68, 0x35, 0x5f, 0x34, 0x63, 0x6f, 
    0x72, 0x65, 0x39, 0x70, 0x61, 0x6e, 0x69, 0x63, 0x6b, 0x69, 0x6e, 0x67, 
    0x31, 0x38, 0x70, 0x61, 0x6e, 0x69, 0x63, 0x5f, 0x6e, 0x6f, 0x75, 0x6e, 
    0x77, 0x69, 0x6e, 0x64, 0x5f, 0x66, 0x6d, 0x74, 0x37, 0x72, 0x75, 0x6e, 
    0x74, 0x69, 0x6d, 0x65, 0x00, 0x24, 0x78, 0x00, 0x24, 0x78, 0x00, 0x4f, 
    0x55, 0x54, 0x4c, 0x49, 0x4e, 0x45, 0x44, 0x5f, 0x46, 0x55, 0x4e, 0x43, 
    0x54, 0x49, 0x4f, 0x4e, 0x5f, 0x32, 0x00, 0x24, 0x78, 0x00, 0x5f, 0x52, 
    0x4e, 0x76, 0x4e, 0x76, 0x4e, 0x76, 0x4e, 0x74, 0x4e, 0x74, 0x43, 0x73, 
    0x6a, 0x75, 0x65, 0x6c, 0x76, 0x63, 0x4a, 0x38, 0x4a, 0x68, 0x35, 0x5f, 
    0x34, 0x63, 0x6f, 0x72, 0x65, 0x35, 0x73, 0x6c, 0x69, 0x63, 0x65, 0x35, 
    0x69, 0x6e, 0x64, 0x65, 0x78, 0x31, 0x36, 0x73, 0x6c, 0x69, 0x63, 0x65, 
    0x5f, 0x69, 0x6e, 0x64, 0x65, 0x78, 0x5f, 0x66, 0x61, 0x69, 0x6c, 0x38, 
    0x64, 0x6f, 0x5f, 0x70, 0x61, 0x6e, 0x69, 0x63, 0x37, 0x72, 0x75, 0x6e, 
    0x74, 0x69, 0x6d, 0x65, 0x00, 0x5f, 0x52, 0x4e, 0x76, 0x4e, 0x76, 0x4e, 
    0x76, 0x4e, 0x74, 0x4e, 0x74, 0x43, 0x73, 0x6a, 0x75, 0x65, 0x6c, 0x76, 
    0x63, 0x4a, 0x38, 0x4a, 0x68, 0x35, 0x5f, 0x34, 0x63, 0x6f, 0x72, 0x65, 
    0x35, 0x73, 0x6c, 0x69, 0x63, 0x65, 0x35, 0x69, 0x6e, 0x64, 0x65, 0x78, 
    0x31, 0x36, 0x73, 0x6c, 0x69, 0x63, 0x65, 0x5f, 0x69, 0x6e, 0x64, 0x65, 
    0x78, 0x5f, 0x66, 0x61, 0x69, 0x6c, 0x73, 0x5f, 0x38, 0x64, 0x6f, 0x5f, 
    0x70, 0x61, 0x6e, 0x69, 0x63, 0x37, 0x72, 0x75, 0x6e, 0x74, 0x69, 0x6d, 
    0x65, 0x00, 0x5f, 0x52, 0x4e, 0x76, 0x4e, 0x76, 0x4e, 0x76, 0x4e, 0x74, 
    0x4e, 0x74, 0x43, 0x73, 0x6a, 0x75, 0x65, 0x6c, 0x76, 0x63, 0x4a, 0x38, 
    0x4a, 0x68, 0x35, 0x5f, 0x34, 0x63, 0x6f, 0x72, 0x65, 0x35, 0x73, 0x6c, 
    0x69, 0x63, 0x65, 0x35, 0x69, 0x6e, 0x64, 0x65, 0x78, 0x31, 0x36, 0x73, 
    0x6c, 0x69, 0x63, 0x65, 0x5f, 0x69, 0x6e, 0x64, 0x65, 0x78, 0x5f, 0x66, 
    0x61, 0x69, 0x6c, 0x73, 0x30, 0x5f, 0x38, 0x64, 0x6f, 0x5f, 0x70, 0x61, 
    0x6e, 0x69, 0x63, 0x37, 0x72, 0x75, 0x6e, 0x74, 0x69, 0x6d, 0x65, 0x00, 
    0x5f, 0x52, 0x4e, 0x76, 0x4e, 0x76, 0x4e, 0x76, 0x4e, 0x74, 0x4e, 0x74, 
    0x43, 0x73, 0x6a, 0x75, 0x65, 0x6c, 0x76, 0x63, 0x4a, 0x38, 0x4a, 0x68, 
    0x35, 0x5f, 0x34, 0x63, 0x6f, 0x72, 0x65, 0x35, 0x73, 0x6c, 0x69, 0x63, 
    0x65, 0x35, 0x69, 0x6e, 0x64, 0x65, 0x78, 0x31, 0x36, 0x73, 0x6c, 0x69, 
    0x63, 0x65, 0x5f, 0x69, 0x6e, 0x64, 0x65, 0x78, 0x5f, 0x66, 0x61, 0x69, 
    0x6c, 0x73, 0x31, 0x5f, 0x38, 0x64, 0x6f, 0x5f, 0x70, 0x61, 0x6e, 0x69, 
    0x63, 0x37, 0x72, 0x75, 0x6e, 0x74, 0x69, 0x6d, 0x65, 0x00, 0x24, 0x78, 
    0x00, 0x4f, 0x55, 0x54, 0x4c, 0x49, 0x4e, 0x45, 0x44, 0x5f, 0x46, 0x55, 
    0x4e, 0x43, 0x54, 0x49, 0x4f, 0x4e, 0x5f, 0x38, 0x35, 0x00, 0x24, 0x78, 
    0x00, 0x24, 0x78, 0x00, 0x24, 0x78, 0x00, 0x24, 0x78, 0x00, 0x24, 0x78, 
    0x00, 0x5f, 0x52, 0x4e, 0x76, 0x4d, 0x73, 0x61, 0x5f, 0x4e, 0x74, 0x43, 
    0x73, 0x6a, 0x75, 0x65, 0x6c, 0x76, 0x63, 0x4a, 0x38, 0x4a, 0x68, 0x35, 
    0x5f, 0x34, 0x63, 0x6f, 0x72, 0x65, 0x33, 0x66, 0x6d, 0x74, 0x4e, 0x74, 
    0x42, 0x35, 0x5f, 0x39, 0x46, 0x6f, 0x72, 0x6d, 0x61, 0x74, 0x74, 0x65, 
    0x72, 0x37, 0x70, 0x61, 0x64, 0x64, 0x69, 0x6e, 0x67, 0x00, 0x24, 0x78, 
    0x00, 0x24, 0x64, 0x00, 0x5f, 0x52, 0x4e, 0x76, 0x4e, 0x74, 0x43, 0x73, 
    0x6a, 0x75, 0x65, 0x6c, 0x76, 0x63, 0x4a, 0x38, 0x4a, 0x68, 0x35, 0x5f, 
    0x34, 0x63, 0x6f, 0x72, 0x65, 0x33, 0x66, 0x6d, 0x74, 0x35, 0x77, 0x72, 
    0x69, 0x74, 0x65, 0x00, 0x24, 0x78, 0x00, 0x24, 0x78, 0x00, 0x5f, 0x52, 
    0x4e, 0x76, 0x4d, 0x73, 0x34, 0x5f, 0x4e, 0x74, 0x43, 0x73, 0x32, 0x70, 
    0x69, 0x5a, 0x71, 0x4c, 0x43, 0x37, 0x6f, 0x45, 0x34, 0x5f, 0x36, 0x6c, 
    0x69, 0x62, 0x73, 0x79, 0x73, 0x33, 0x69, 0x70, 0x63, 0x4e, 0x74, 0x42, 
    0x35, 0x5f, 0x33, 0x4d, 0x75, 0x78, 0x36, 0x72, 0x65, 0x6d, 0x6f, 0x76, 
    0x65, 0x00, 0x5f, 0x52, 0x4e, 0x76, 0x4d, 0x4e, 0x74, 0x43, 0x73, 0x64, 
    0x31, 0x51, 0x4d, 0x75, 0x67, 0x79, 0x68, 0x69, 0x6f, 0x68, 0x5f, 0x35, 
    0x6c, 0x69, 0x62, 0x6f, 0x73, 0x31, 0x31, 0x62, 0x75, 0x73, 0x5f, 0x72, 
    0x75, 0x6e, 0x74, 0x69, 0x6d, 0x65, 0x4e, 0x74, 0x42, 0x32, 0x5f, 0x31, 
    0x34, 0x48, 0x61, 0x6e, 0x64, 0x6c, 0x65, 0x52, 0x65, 0x67, 0x69, 0x73, 
    0x74, 0x72, 0x79, 0x36, 0x72, 0x65, 0x6d, 0x6f, 0x76, 0x65, 0x00, 0x24, 
    0x78, 0x00, 0x24, 0x78, 0x00, 0x5f, 0x52, 0x4e, 0x76, 0x58, 0x73, 0x34, 
    0x5f, 0x4e, 0x74, 0x4e, 0x74, 0x43, 0x73, 0x6a, 0x75, 0x65, 0x6c, 0x76, 
    0x63, 0x4a, 0x38, 0x4a, 0x68, 0x35, 0x5f, 0x34, 0x63, 0x6f, 0x72, 0x65, 
    0x35, 0x73, 0x6c, 0x69, 0x63, 0x65, 0x35, 0x69, 0x6e, 0x64, 0x65, 0x78, 
    0x49, 0x4e, 0x74, 0x4e, 0x74, 0x4e, 0x74, 0x42, 0x39, 0x5f, 0x33, 0x6f, 
    0x70, 0x73, 0x35, 0x72, 0x61, 0x6e, 0x67, 0x65, 0x37, 0x52, 0x61, 0x6e, 
    0x67, 0x65, 0x54, 0x6f, 0x6a, 0x45, 0x49, 0x4e, 0x74, 0x42, 0x35, 0x5f, 
    0x31, 0x30, 0x53, 0x6c, 0x69, 0x63, 0x65, 0x49, 0x6e, 0x64, 0x65, 0x78, 
    0x53, 0x68, 0x45, 0x39, 0x69, 0x6e, 0x64, 0x65, 0x78, 0x5f, 0x6d, 0x75, 
    0x74, 0x43, 0x73, 0x64, 0x31, 0x51, 0x4d, 0x75, 0x67, 0x79, 0x68, 0x69, 
    0x6f, 0x68, 0x5f, 0x35, 0x6c, 0x69, 0x62, 0x6f, 0x73, 0x2e, 0x34, 0x36, 
    0x34, 0x00, 0x24, 0x78, 0x00, 0x5f, 0x52, 0x4e, 0x76, 0x58, 0x73, 0x32, 
    0x5f, 0x4e, 0x74, 0x4e, 0x74, 0x43, 0x73, 0x6a, 0x75, 0x65, 0x6c, 0x76, 
    0x63, 0x4a, 0x38, 0x4a, 0x68, 0x35, 0x5f, 0x34, 0x63, 0x6f, 0x72, 0x65, 
    0x35, 0x73, 0x6c, 0x69, 0x63, 0x65, 0x35, 0x69, 0x6e, 0x64, 0x65, 0x78, 
    0x49, 0x4e, 0x74, 0x4e, 0x74, 0x4e, 0x74, 0x42, 0x39, 0x5f, 0x33, 0x6f, 
    0x70, 0x73, 0x35, 0x72, 0x61, 0x6e, 0x67, 0x65, 0x35, 0x52, 0x61, 0x6e, 
    0x67, 0x65, 0x6a, 0x45, 0x49, 0x4e, 0x74, 0x42, 0x35, 0x5f, 0x31, 0x30, 
    0x53, 0x6c, 0x69, 0x63, 0x65, 0x49, 0x6e, 0x64, 0x65, 0x78, 0x53, 0x68, 
    0x45, 0x39, 0x69, 0x6e, 0x64, 0x65, 0x78, 0x5f, 0x6d, 0x75, 0x74, 0x43, 
    0x73, 0x64, 0x31, 0x51, 0x4d, 0x75, 0x67, 0x79, 0x68, 0x69, 0x6f, 0x68, 
    0x5f, 0x35, 0x6c, 0x69, 0x62, 0x6f, 0x73, 0x2e, 0x34, 0x36, 0x35, 0x00, 
    0x24, 0x78, 0x00, 0x24, 0x78, 0x00, 0x4f, 0x55, 0x54, 0x4c, 0x49, 0x4e, 
    0x45, 0x44, 0x5f, 0x46, 0x55, 0x4e, 0x43, 0x54, 0x49, 0x4f, 0x4e, 0x5f, 
    0x37, 0x39, 0x00, 0x24, 0x78, 0x00, 0x24, 0x78, 0x00, 0x24, 0x78, 0x00, 
    0x24, 0x78, 0x00, 0x5f, 0x52, 0x49, 0x4e, 0x76, 0x4e, 0x74, 0x43, 0x73, 
    0x6a, 0x75, 0x65, 0x6c, 0x76, 0x63, 0x4a, 0x38, 0x4a, 0x68, 0x35, 0x5f, 
    0x34, 0x63, 0x6f, 0x72, 0x65, 0x33, 0x70, 0x74, 0x72, 0x31, 0x33, 0x64, 
    0x72, 0x6f, 0x70, 0x5f, 0x69, 0x6e, 0x5f, 0x70, 0x6c, 0x61, 0x63, 0x65, 
    0x4e, 0x74, 0x4e, 0x74, 0x43, 0x73, 0x64, 0x31, 0x51, 0x4d, 0x75, 0x67, 
    0x79, 0x68, 0x69, 0x6f, 0x68, 0x5f, 0x35, 0x6c, 0x69, 0x62, 0x6f, 0x73, 
    0x39, 0x62, 0x75, 0x73, 0x5f, 0x62, 0x6c, 0x6f, 0x63, 0x6b, 0x31, 0x34, 
    0x53, 0x68, 0x6d, 0x65, 0x6d, 0x42, 0x6c, 0x6f, 0x63, 0x6b, 0x50, 0x6f, 
    0x72, 0x74, 0x45, 0x42, 0x4b, 0x5f, 0x00, 0x24, 0x78, 0x00, 0x24, 0x78, 
    0x00, 0x5f, 0x52, 0x4e, 0x76, 0x4e, 0x74, 0x43, 0x73, 0x64, 0x31, 0x51, 
    0x4d, 0x75, 0x67, 0x79, 0x68, 0x69, 0x6f, 0x68, 0x5f, 0x35, 0x6c, 0x69, 
    0x62, 0x6f, 0x73, 0x34, 0x75, 0x6c, 0x6f, 0x67, 0x31, 0x33, 0x5f, 0x5f, 
    0x73, 0x74, 0x61, 0x72, 0x74, 0x5f, 0x72, 0x65, 0x63, 0x6f, 0x72, 0x64, 
    0x2e, 0x34, 0x38, 0x39, 0x00, 0x24, 0x78, 0x00, 0x24, 0x78, 0x00, 0x4f, 
    0x55, 0x54, 0x4c, 0x49, 0x4e, 0x45, 0x44, 0x5f, 0x46, 0x55, 0x4e, 0x43, 
    0x54, 0x49, 0x4f, 0x4e, 0x5f, 0x34, 0x33, 0x00, 0x5f, 0x52, 0x4e, 0x76, 
    0x4d, 0x73, 0x37, 0x5f, 0x4e, 0x74, 0x43, 0x73, 0x32, 0x70, 0x69, 0x5a, 
    0x71, 0x4c, 0x43, 0x37, 0x6f, 0x45, 0x34, 0x5f, 0x36, 0x6c, 0x69, 0x62, 
    0x73, 0x79, 0x73, 0x34, 0x72, 0x69, 0x6e, 0x67, 0x4e, 0x74, 0x42, 0x35, 
    0x5f, 0x39, 0x50, 0x6f, 0x6f, 0x6c, 0x41, 0x6c, 0x6c, 0x6f, 0x63, 0x33, 
    0x6e, 0x65, 0x77, 0x00, 0x4f, 0x55, 0x54, 0x4c, 0x49, 0x4e, 0x45, 0x44, 
    0x5f, 0x46, 0x55, 0x4e, 0x43, 0x54, 0x49, 0x4f, 0x4e, 0x5f, 0x38, 0x31, 
    0x00, 0x5f, 0x52, 0x49, 0x4e, 0x76, 0x4e, 0x74, 0x43, 0x73, 0x6a, 0x75, 
    0x65, 0x6c, 0x76, 0x63, 0x4a, 0x38, 0x4a, 0x68, 0x35, 0x5f, 0x34, 0x63, 
    0x6f, 0x72, 0x65, 0x33, 0x70, 0x74, 0x72, 0x31, 0x33, 0x64, 0x72, 0x6f, 
    0x70, 0x5f, 0x69, 0x6e, 0x5f, 0x70, 0x6c, 0x61, 0x63, 0x65, 0x49, 0x4e, 
    0x74, 0x4e, 0x74, 0x42, 0x34, 0x5f, 0x36, 0x6f, 0x70, 0x74, 0x69, 0x6f, 
    0x6e, 0x36, 0x4f, 0x70, 0x74, 0x69, 0x6f, 0x6e, 0x4e, 0x74, 0x4e, 0x74, 
    0x43, 0x73, 0x64, 0x31, 0x51, 0x4d, 0x75, 0x67, 0x79, 0x68, 0x69, 0x6f, 
    0x68, 0x5f, 0x35, 0x6c, 0x69, 0x62, 0x6f, 0x73, 0x39, 0x62, 0x75, 0x73, 
    0x5f, 0x62, 0x6c, 0x6f, 0x63, 0x6b, 0x31, 0x34, 0x53, 0x68, 0x6d, 0x65, 
    0x6d, 0x42, 0x6c, 0x6f, 0x63, 0x6b, 0x50, 0x6f, 0x72, 0x74, 0x45, 0x45, 
    0x42, 0x31, 0x36, 0x5f, 0x00, 0x4f, 0x55, 0x54, 0x4c, 0x49, 0x4e, 0x45, 
    0x44, 0x5f, 0x46, 0x55, 0x4e, 0x43, 0x54, 0x49, 0x4f, 0x4e, 0x5f, 0x31, 
    0x38, 0x00, 0x24, 0x78, 0x00, 0x5f, 0x52, 0x4e, 0x76, 0x4d, 0x73, 0x30, 
    0x5f, 0x4e, 0x74, 0x43, 0x73, 0x64, 0x31, 0x51, 0x4d, 0x75, 0x67, 0x79, 
    0x68, 0x69, 0x6f, 0x68, 0x5f, 0x35, 0x6c, 0x69, 0x62, 0x6f, 0x73, 0x31, 
    0x31, 0x62, 0x75, 0x73, 0x5f, 0x72, 0x75, 0x6e, 0x74, 0x69, 0x6d, 0x65, 
    0x4e, 0x74, 0x42, 0x35, 0x5f, 0x31, 0x30, 0x52, 0x75, 0x6e, 0x74, 0x69, 
    0x6d, 0x65, 0x43, 0x74, 0x78, 0x32, 0x36, 0x72, 0x65, 0x67, 0x69, 0x73, 
    0x74, 0x65, 0x72, 0x5f, 0x62, 0x6c, 0x6f, 0x63, 0x6b, 0x5f, 0x70, 0x6f, 
    0x72, 0x74, 0x5f, 0x68, 0x61, 0x6e, 0x64, 0x6c, 0x65, 0x00, 0x24, 0x78, 
    0x00, 0x24, 0x78, 0x00, 0x5f, 0x52, 0x4e, 0x76, 0x4e, 0x74, 0x43, 0x73, 
    0x32, 0x70, 0x69, 0x5a, 0x71, 0x4c, 0x43, 0x37, 0x6f, 0x45, 0x34, 0x5f, 
    0x36, 0x6c, 0x69, 0x62, 0x73, 0x79, 0x73, 0x37, 0x73, 0x79, 0x73, 0x63, 
    0x61, 0x6c, 0x6c, 0x34, 0x6f, 0x70, 0x65, 0x6e, 0x00, 0x24, 0x78, 0x00, 
    0x24, 0x78, 0x00, 0x5f, 0x52, 0x4e, 0x76, 0x58, 0x73, 0x34, 0x5f, 0x4e, 
    0x74, 0x4e, 0x74, 0x43, 0x73, 0x6a, 0x75, 0x65, 0x6c, 0x76, 0x63, 0x4a, 
    0x38, 0x4a, 0x68, 0x35, 0x5f, 0x34, 0x63, 0x6f, 0x72, 0x65, 0x35, 0x73, 
    0x6c, 0x69, 0x63, 0x65, 0x35, 0x69, 0x6e, 0x64, 0x65, 0x78, 0x49, 0x4e, 
    0x74, 0x4e, 0x74, 0x4e, 0x74, 0x42, 0x39, 0x5f, 0x33, 0x6f, 0x70, 0x73, 
    0x35, 0x72, 0x61, 0x6e, 0x67, 0x65, 0x37, 0x52, 0x61, 0x6e, 0x67, 0x65, 
    0x54, 0x6f, 0x6a, 0x45, 0x49, 0x4e, 0x74, 0x42, 0x35, 0x5f, 0x31, 0x30, 
    0x53, 0x6c, 0x69, 0x63, 0x65, 0x49, 0x6e, 0x64, 0x65, 0x78, 0x53, 0x68, 
    0x45, 0x39, 0x69, 0x6e, 0x64, 0x65, 0x78, 0x5f, 0x6d, 0x75, 0x74, 0x43, 
    0x73, 0x64, 0x31, 0x51, 0x4d, 0x75, 0x67, 0x79, 0x68, 0x69, 0x6f, 0x68, 
    0x5f, 0x35, 0x6c, 0x69, 0x62, 0x6f, 0x73, 0x2e, 0x35, 0x33, 0x32, 0x00, 
    0x24, 0x78, 0x00, 0x5f, 0x52, 0x4e, 0x76, 0x58, 0x73, 0x32, 0x5f, 0x4e, 
    0x74, 0x4e, 0x74, 0x43, 0x73, 0x6a, 0x75, 0x65, 0x6c, 0x76, 0x63, 0x4a, 
    0x38, 0x4a, 0x68, 0x35, 0x5f, 0x34, 0x63, 0x6f, 0x72, 0x65, 0x35, 0x73, 
    0x6c, 0x69, 0x63, 0x65, 0x35, 0x69, 0x6e, 0x64, 0x65, 0x78, 0x49, 0x4e, 
    0x74, 0x4e, 0x74, 0x4e, 0x74, 0x42, 0x39, 0x5f, 0x33, 0x6f, 0x70, 0x73, 
    0x35, 0x72, 0x61, 0x6e, 0x67, 0x65, 0x35, 0x52, 0x61, 0x6e, 0x67, 0x65, 
    0x6a, 0x45, 0x49, 0x4e, 0x74, 0x42, 0x35, 0x5f, 0x31, 0x30, 0x53, 0x6c, 
    0x69, 0x63, 0x65, 0x49, 0x6e, 0x64, 0x65, 0x78, 0x53, 0x68, 0x45, 0x39, 
    0x69, 0x6e, 0x64, 0x65, 0x78, 0x5f, 0x6d, 0x75, 0x74, 0x43, 0x73, 0x64, 
    0x31, 0x51, 0x4d, 0x75, 0x67, 0x79, 0x68, 0x69, 0x6f, 0x68, 0x5f, 0x35, 
    0x6c, 0x69, 0x62, 0x6f, 0x73, 0x2e, 0x35, 0x33, 0x33, 0x00, 0x24, 0x78, 
    0x00, 0x24, 0x78, 0x00, 0x24, 0x78, 0x00, 0x5f, 0x52, 0x4e, 0x76, 0x58, 
    0x73, 0x65, 0x5f, 0x4e, 0x74, 0x43, 0x73, 0x6a, 0x75, 0x65, 0x6c, 0x76, 
    0x63, 0x4a, 0x38, 0x4a, 0x68, 0x35, 0x5f, 0x34, 0x63, 0x6f, 0x72, 0x65, 
    0x35, 0x61, 0x72, 0x72, 0x61, 0x79, 0x41, 0x68, 0x6a, 0x32, 0x30, 0x30, 
    0x5f, 0x49, 0x4e, 0x74, 0x4e, 0x74, 0x4e, 0x74, 0x42, 0x37, 0x5f, 0x33, 
    0x6f, 0x70, 0x73, 0x35, 0x69, 0x6e, 0x64, 0x65, 0x78, 0x38, 0x49, 0x6e, 
    0x64, 0x65, 0x78, 0x4d, 0x75, 0x74, 0x49, 0x4e, 0x74, 0x4e, 0x74, 0x42, 
    0x49, 0x5f, 0x35, 0x72, 0x61, 0x6e, 0x67, 0x65, 0x35, 0x52, 0x61, 0x6e, 
    0x67, 0x65, 0x6a, 0x45, 0x45, 0x39, 0x69, 0x6e, 0x64, 0x65, 0x78, 0x5f, 
    0x6d, 0x75, 0x74, 0x43, 0x73, 0x64, 0x31, 0x51, 0x4d, 0x75, 0x67, 0x79, 
    0x68, 0x69, 0x6f, 0x68, 0x5f, 0x35, 0x6c, 0x69, 0x62, 0x6f, 0x73, 0x00, 
    0x24, 0x78, 0x00, 0x5f, 0x52, 0x4e, 0x76, 0x4d, 0x73, 0x31, 0x5f, 0x4e, 
    0x74, 0x43, 0x73, 0x64, 0x31, 0x51, 0x4d, 0x75, 0x67, 0x79, 0x68, 0x69, 
    0x6f, 0x68, 0x5f, 0x35, 0x6c, 0x69, 0x62, 0x6f, 0x73, 0x34, 0x75, 0x6c, 
    0x6f, 0x67, 0x4e, 0x74, 0x42, 0x35, 0x5f, 0x31, 0x33, 0x52, 0x65, 0x63, 
    0x6f, 0x72, 0x64, 0x42, 0x75, 0x69, 0x6c, 0x64, 0x65, 0x72, 0x35, 0x65, 
    0x76, 0x65, 0x6e, 0x74, 0x00, 0x24, 0x78, 0x00, 0x4f, 0x55, 0x54, 0x4c, 
    0x49, 0x4e, 0x45, 0x44, 0x5f, 0x46, 0x55, 0x4e, 0x43, 0x54, 0x49, 0x4f, 
    0x4e, 0x5f, 0x38, 0x33, 0x00, 0x4f, 0x55, 0x54, 0x4c, 0x49, 0x4e, 0x45, 
    0x44, 0x5f, 0x46, 0x55, 0x4e, 0x43, 0x54, 0x49, 0x4f, 0x4e, 0x5f, 0x32, 
    0x31, 0x00, 0x4f, 0x55, 0x54, 0x4c, 0x49, 0x4e, 0x45, 0x44, 0x5f, 0x46, 
    0x55, 0x4e, 0x43, 0x54, 0x49, 0x4f, 0x4e, 0x5f, 0x36, 0x30, 0x00, 0x4f, 
    0x55, 0x54, 0x4c, 0x49, 0x4e, 0x45, 0x44, 0x5f, 0x46, 0x55, 0x4e, 0x43, 
    0x54, 0x49, 0x4f, 0x4e, 0x5f, 0x38, 0x32, 0x00, 0x24, 0x78, 0x00, 0x5f, 
    0x52, 0x4e, 0x76, 0x4e, 0x74, 0x43, 0x73, 0x64, 0x31, 0x51, 0x4d, 0x75, 
    0x67, 0x79, 0x68, 0x69, 0x6f, 0x68, 0x5f, 0x35, 0x6c, 0x69, 0x62, 0x6f, 
    0x73, 0x34, 0x75, 0x6c, 0x6f, 0x67, 0x38, 0x4c, 0x4f, 0x47, 0x5f, 0x52, 
    0x49, 0x4e, 0x47, 0x00, 0x5f, 0x52, 0x4e, 0x76, 0x4d, 0x73, 0x31, 0x5f, 
    0x4e, 0x74, 0x43, 0x73, 0x64, 0x31, 0x51, 0x4d, 0x75, 0x67, 0x79, 0x68, 
    0x69, 0x6f, 0x68, 0x5f, 0x35, 0x6c, 0x69, 0x62, 0x6f, 0x73, 0x34, 0x75, 
    0x6c, 0x6f, 0x67, 0x4e, 0x74, 0x42, 0x35, 0x5f, 0x31, 0x33, 0x52, 0x65, 
    0x63, 0x6f, 0x72, 0x64, 0x42, 0x75, 0x69, 0x6c, 0x64, 0x65, 0x72, 0x36, 
    0x68, 0x65, 0x61, 0x64, 0x65, 0x72, 0x00, 0x24, 0x78, 0x00, 0x5f, 0x52, 
    0x4e, 0x76, 0x4e, 0x74, 0x43, 0x73, 0x64, 0x31, 0x51, 0x4d, 0x75, 0x67, 
    0x79, 0x68, 0x69, 0x6f, 0x68, 0x5f, 0x35, 0x6c, 0x69, 0x62, 0x6f, 0x73, 
    0x34, 0x75, 0x6c, 0x6f, 0x67, 0x39, 0x42, 0x4f, 0x4f, 0x54, 0x5f, 0x54, 
    0x49, 0x4d, 0x45, 0x00, 0x5f, 0x52, 0x4e, 0x76, 0x4d, 0x73, 0x31, 0x5f, 
    0x4e, 0x74, 0x43, 0x73, 0x64, 0x31, 0x51, 0x4d, 0x75, 0x67, 0x79, 0x68, 
    0x69, 0x6f, 0x68, 0x5f, 0x35, 0x6c, 0x69, 0x62, 0x6f, 0x73, 0x34, 0x75, 
    0x6c, 0x6f, 0x67, 0x4e, 0x74, 0x42, 0x35, 0x5f, 0x31, 0x33, 0x52, 0x65, 
    0x63, 0x6f, 0x72, 0x64, 0x42, 0x75, 0x69, 0x6c, 0x64, 0x65, 0x72, 0x36, 
    0x73, 0x75, 0x62, 0x73, 0x79, 0x73, 0x00, 0x24, 0x78, 0x00, 0x5f, 0x52, 
    0x4e, 0x76, 0x4d, 0x73, 0x31, 0x5f, 0x4e, 0x74, 0x43, 0x73, 0x64, 0x31, 
    0x51, 0x4d, 0x75, 0x67, 0x79, 0x68, 0x69, 0x6f, 0x68, 0x5f, 0x35, 0x6c, 
    0x69, 0x62, 0x6f, 0x73, 0x34, 0x75, 0x6c, 0x6f, 0x67, 0x4e, 0x74, 0x42, 
    0x35, 0x5f, 0x31, 0x33, 0x52, 0x65, 0x63, 0x6f, 0x72, 0x64, 0x42, 0x75, 
    0x69, 0x6c, 0x64, 0x65, 0x72, 0x38, 0x6b, 0x76, 0x5f, 0x63, 0x6f, 0x75, 
    0x6e, 0x74, 0x00, 0x24, 0x78, 0x00, 0x4f, 0x55, 0x54, 0x4c, 0x49, 0x4e, 
    0x45, 0x44, 0x5f, 0x46, 0x55, 0x4e, 0x43, 0x54, 0x49, 0x4f, 0x4e, 0x5f, 
    0x33, 0x35, 0x00, 0x5f, 0x52, 0x4e, 0x76, 0x4d, 0x73, 0x31, 0x5f, 0x4e, 
    0x74, 0x43, 0x73, 0x64, 0x31, 0x51, 0x4d, 0x75, 0x67, 0x79, 0x68, 0x69, 
    0x6f, 0x68, 0x5f, 0x35, 0x6c, 0x69, 0x62, 0x6f, 0x73, 0x34, 0x75, 0x6c, 
    0x6f, 0x67, 0x4e, 0x74, 0x42, 0x35, 0x5f, 0x31, 0x33, 0x52, 0x65, 0x63, 
    0x6f, 0x72, 0x64, 0x42, 0x75, 0x69, 0x6c, 0x64, 0x65, 0x72, 0x39, 0x63, 
    0x74, 0x78, 0x5f, 0x63, 0x6f, 0x75, 0x6e, 0x74, 0x00, 0x24, 0x78, 0x00, 
    0x24, 0x78, 0x00, 0x24, 0x78, 0x00, 0x24, 0x78, 0x00, 0x4f, 0x55, 0x54, 
    0x4c, 0x49, 0x4e, 0x45, 0x44, 0x5f, 0x46, 0x55, 0x4e, 0x43, 0x54, 0x49, 
    0x4f, 0x4e, 0x5f, 0x34, 0x34, 0x00, 0x4f, 0x55, 0x54, 0x4c, 0x49, 0x4e, 
    0x45, 0x44, 0x5f, 0x46, 0x55, 0x4e, 0x43, 0x54, 0x49, 0x4f, 0x4e, 0x5f, 
    0x36, 0x32, 0x00, 0x4f, 0x55, 0x54, 0x4c, 0x49, 0x4e, 0x45, 0x44, 0x5f, 
    0x46, 0x55, 0x4e, 0x43, 0x54, 0x49, 0x4f, 0x4e, 0x5f, 0x34, 0x32, 0x00, 
    0x24, 0x78, 0x00, 0x24, 0x78, 0x00, 0x24, 0x78, 0x00, 0x4f, 0x55, 0x54, 
    0x4c, 0x49, 0x4e, 0x45, 0x44, 0x5f, 0x46, 0x55, 0x4e, 0x43, 0x54, 0x49, 
    0x4f, 0x4e, 0x5f, 0x37, 0x38, 0x00, 0x24, 0x78, 0x00, 0x5f, 0x52, 0x4e, 
    0x76, 0x4d, 0x73, 0x30, 0x5f, 0x4e, 0x74, 0x43, 0x73, 0x31, 0x61, 0x37, 
    0x54, 0x59, 0x51, 0x74, 0x6d, 0x61, 0x39, 0x6e, 0x5f, 0x35, 0x61, 0x6c, 
    0x6c, 0x6f, 0x63, 0x37, 0x72, 0x61, 0x77, 0x5f, 0x76, 0x65, 0x63, 0x49, 
    0x4e, 0x74, 0x42, 0x35, 0x5f, 0x36, 0x52, 0x61, 0x77, 0x56, 0x65, 0x63, 
    0x49, 0x4e, 0x74, 0x4e, 0x74, 0x4e, 0x74, 0x43, 0x73, 0x39, 0x72, 0x49, 
    0x58, 0x75, 0x74, 0x6d, 0x38, 0x58, 0x4f, 0x7a, 0x5f, 0x34, 0x6c, 0x69, 
    0x62, 0x66, 0x31, 0x31, 0x63, 0x6f, 0x6c, 0x6c, 0x65, 0x63, 0x74, 0x69, 
    0x6f, 0x6e, 0x73, 0x38, 0x68, 0x61, 0x73, 0x68, 0x5f, 0x6d, 0x61, 0x70, 
    0x34, 0x53, 0x6c, 0x6f, 0x74, 0x4e, 0x74, 0x43, 0x73, 0x36, 0x48, 0x54, 
    0x41, 0x76, 0x4e, 0x79, 0x74, 0x30, 0x69, 0x74, 0x5f, 0x33, 0x61, 0x62, 
    0x69, 0x36, 0x48, 0x61, 0x6e, 0x64, 0x6c, 0x65, 0x6d, 0x45, 0x45, 0x38, 
    0x67, 0x72, 0x6f, 0x77, 0x5f, 0x6f, 0x6e, 0x65, 0x43, 0x73, 0x64, 0x31, 
    0x51, 0x4d, 0x75, 0x67, 0x79, 0x68, 0x69, 0x6f, 0x68, 0x5f, 0x35, 0x6c, 
    0x69, 0x62, 0x6f, 0x73, 0x00, 0x24, 0x78, 0x00, 0x5f, 0x52, 0x4e, 0x76, 
    0x58, 0x73, 0x31, 0x5f, 0x4e, 0x74, 0x43, 0x73, 0x32, 0x70, 0x69, 0x5a, 
    0x71, 0x4c, 0x43, 0x37, 0x6f, 0x45, 0x34, 0x5f, 0x36, 0x6c, 0x69, 0x62, 
    0x73, 0x79, 0x73, 0x39, 0x61, 0x6c, 0x6c, 0x6f, 0x63, 0x61, 0x74, 0x6f, 
    0x72, 0x4e, 0x74, 0x42, 0x35, 0x5f, 0x31, 0x33, 0x46, 0x69, 0x6c, 0x61, 
    0x6d, 0x65, 0x6e, 0x74, 0x41, 0x6c, 0x6c, 0x6f, 0x63, 0x4e, 0x74, 0x4e, 
    0x74, 0x4e, 0x74, 0x43, 0x73, 0x6a, 0x75, 0x65, 0x6c, 0x76, 0x63, 0x4a, 
    0x38, 0x4a, 0x68, 0x35, 0x5f, 0x34, 0x63, 0x6f, 0x72, 0x65, 0x35, 0x61, 
    0x6c, 0x6c, 0x6f, 0x63, 0x36, 0x67, 0x6c, 0x6f, 0x62, 0x61, 0x6c, 0x31, 
    0x31, 0x47, 0x6c, 0x6f, 0x62, 0x61, 0x6c, 0x41, 0x6c, 0x6c, 0x6f, 0x63, 
    0x37, 0x64, 0x65, 0x61, 0x6c, 0x6c, 0x6f, 0x63, 0x00, 0x5f, 0x52, 0x4e, 
    0x76, 0x58, 0x73, 0x31, 0x5f, 0x4e, 0x74, 0x43, 0x73, 0x31, 0x61, 0x37, 
    0x54, 0x59, 0x51, 0x74, 0x6d, 0x61, 0x39, 0x6e, 0x5f, 0x35, 0x61, 0x6c, 
    0x6c, 0x6f, 0x63, 0x37, 0x72, 0x61, 0x77, 0x5f, 0x76, 0x65, 0x63, 0x49, 
    0x4e, 0x74, 0x42, 0x35, 0x5f, 0x36, 0x52, 0x61, 0x77, 0x56, 0x65, 0x63, 
    0x49, 0x4e, 0x74, 0x4e, 0x74, 0x4e, 0x74, 0x43, 0x73, 0x39, 0x72, 0x49, 
    0x58, 0x75, 0x74, 0x6d, 0x38, 0x58, 0x4f, 0x7a, 0x5f, 0x34, 0x6c, 0x69, 
    0x62, 0x66, 0x31, 0x31, 0x63, 0x6f, 0x6c, 0x6c, 0x65, 0x63, 0x74, 0x69, 
    0x6f, 0x6e, 0x73, 0x38, 0x68, 0x61, 0x73, 0x68, 0x5f, 0x6d, 0x61, 0x70, 
    0x34, 0x53, 0x6c, 0x6f, 0x74, 0x4e, 0x74, 0x43, 0x73, 0x36, 0x48, 0x54, 
    0x41, 0x76, 0x4e, 0x79, 0x74, 0x30, 0x69, 0x74, 0x5f, 0x33, 0x61, 0x62, 
    0x69, 0x36, 0x48, 0x61, 0x6e, 0x64, 0x6c, 0x65, 0x6d, 0x45, 0x45, 0x4e, 
    0x74, 0x4e, 0x74, 0x4e, 0x74, 0x43, 0x73, 0x6a, 0x75, 0x65, 0x6c, 0x76, 
    0x63, 0x4a, 0x38, 0x4a, 0x68, 0x35, 0x5f, 0x34, 0x63, 0x6f, 0x72, 0x65, 
    0x33, 0x6f, 0x70, 0x73, 0x34, 0x64, 0x72, 0x6f, 0x70, 0x34, 0x44, 0x72, 
    0x6f, 0x70, 0x34, 0x64, 0x72, 0x6f, 0x70, 0x43, 0x73, 0x64, 0x31, 0x51, 
    0x4d, 0x75, 0x67, 0x79, 0x68, 0x69, 0x6f, 0x68, 0x5f, 0x35, 0x6c, 0x69, 
    0x62, 0x6f, 0x73, 0x00, 0x24, 0x78, 0x00, 0x5f, 0x52, 0x49, 0x4e, 0x76, 
    0x4e, 0x74, 0x4e, 0x74, 0x43, 0x73, 0x39, 0x72, 0x49, 0x58, 0x75, 0x74, 
    0x6d, 0x38, 0x58, 0x4f, 0x7a, 0x5f, 0x34, 0x6c, 0x69, 0x62, 0x66, 0x31, 
    0x31, 0x63, 0x6f, 0x6c, 0x6c, 0x65, 0x63, 0x74, 0x69, 0x6f, 0x6e, 0x73, 
    0x38, 0x68, 0x61, 0x73, 0x68, 0x5f, 0x6d, 0x61, 0x70, 0x37, 0x66, 0x78, 
    0x5f, 0x68, 0x61, 0x73, 0x68, 0x4e, 0x74, 0x43, 0x73, 0x36, 0x48, 0x54, 
    0x41, 0x76, 0x4e, 0x79, 0x74, 0x30, 0x69, 0x74, 0x5f, 0x33, 0x61, 0x62, 
    0x69, 0x36, 0x48, 0x61, 0x6e, 0x64, 0x6c, 0x65, 0x45, 0x43, 0x73, 0x64, 
    0x31, 0x51, 0x4d, 0x75, 0x67, 0x79, 0x68, 0x69, 0x6f, 0x68, 0x5f, 0x35, 
    0x6c, 0x69, 0x62, 0x6f, 0x73, 0x00, 0x24, 0x78, 0x00, 0x5f, 0x52, 0x4e, 
    0x76, 0x4d, 0x73, 0x31, 0x5f, 0x4e, 0x74, 0x4e, 0x74, 0x43, 0x73, 0x39, 
    0x72, 0x49, 0x58, 0x75, 0x74, 0x6d, 0x38, 0x58, 0x4f, 0x7a, 0x5f, 0x34, 
    0x6c, 0x69, 0x62, 0x66, 0x31, 0x31, 0x63, 0x6f, 0x6c, 0x6c, 0x65, 0x63, 
    0x74, 0x69, 0x6f, 0x6e, 0x73, 0x38, 0x68, 0x61, 0x73, 0x68, 0x5f, 0x6d, 
    0x61, 0x70, 0x49, 0x4e, 0x74, 0x42, 0x35, 0x5f, 0x37, 0x48, 0x61, 0x73, 
    0x68, 0x4d, 0x61, 0x70, 0x4e, 0x74, 0x43, 0x73, 0x36, 0x48, 0x54, 0x41, 
    0x76, 0x4e, 0x79, 0x74, 0x30, 0x69, 0x74, 0x5f, 0x33, 0x61, 0x62, 0x69, 
    0x36, 0x48, 0x61, 0x6e, 0x64, 0x6c, 0x65, 0x6d, 0x45, 0x31, 0x34, 0x69, 
    0x6e, 0x73, 0x65, 0x72, 0x74, 0x5f, 0x6e, 0x6f, 0x5f, 0x67, 0x72, 0x6f, 
    0x77, 0x43, 0x73, 0x64, 0x31, 0x51, 0x4d, 0x75, 0x67, 0x79, 0x68, 0x69, 
    0x6f, 0x68, 0x5f, 0x35, 0x6c, 0x69, 0x62, 0x6f, 0x73, 0x00, 0x24, 0x78, 
    0x00, 0x4f, 0x55, 0x54, 0x4c, 0x49, 0x4e, 0x45, 0x44, 0x5f, 0x46, 0x55, 
    0x4e, 0x43, 0x54, 0x49, 0x4f, 0x4e, 0x5f, 0x38, 0x00, 0x24, 0x78, 0x00, 
    0x24, 0x78, 0x00, 0x24, 0x78, 0x00, 0x24, 0x78, 0x00, 0x5f, 0x52, 0x4e, 
    0x76, 0x4d, 0x73, 0x37, 0x5f, 0x4e, 0x74, 0x43, 0x73, 0x32, 0x70, 0x69, 
    0x5a, 0x71, 0x4c, 0x43, 0x37, 0x6f, 0x45, 0x34, 0x5f, 0x36, 0x6c, 0x69, 
    0x62, 0x73, 0x79, 0x73, 0x34, 0x72, 0x69, 0x6e, 0x67, 0x4e, 0x74, 0x42, 
    0x35, 0x5f, 0x39, 0x50, 0x6f, 0x6f, 0x6c, 0x41, 0x6c, 0x6c, 0x6f, 0x63, 
    0x35, 0x72, 0x65, 0x73, 0x65, 0x74, 0x00, 0x24, 0x78, 0x00, 0x4f, 0x55, 
    0x54, 0x4c, 0x49, 0x4e, 0x45, 0x44, 0x5f, 0x46, 0x55, 0x4e, 0x43, 0x54, 
    0x49, 0x4f, 0x4e, 0x5f, 0x36, 0x39, 0x00, 0x24, 0x78, 0x00, 0x4f, 0x55, 
    0x54, 0x4c, 0x49, 0x4e, 0x45, 0x44, 0x5f, 0x46, 0x55, 0x4e, 0x43, 0x54, 
    0x49, 0x4f, 0x4e, 0x5f, 0x38, 0x36, 0x00, 0x4f, 0x55, 0x54, 0x4c, 0x49, 
    0x4e, 0x45, 0x44, 0x5f, 0x46, 0x55, 0x4e, 0x43, 0x54, 0x49, 0x4f, 0x4e, 
    0x5f, 0x36, 0x36, 0x00, 0x24, 0x78, 0x00, 0x24, 0x78, 0x00, 0x5f, 0x52, 
    0x4e, 0x76, 0x4d, 0x73, 0x5f, 0x4e, 0x74, 0x43, 0x73, 0x32, 0x70, 0x69, 
    0x5a, 0x71, 0x4c, 0x43, 0x37, 0x6f, 0x45, 0x34, 0x5f, 0x36, 0x6c, 0x69, 
    0x62, 0x73, 0x79, 0x73, 0x39, 0x64, 0x61, 0x74, 0x61, 0x5f, 0x70, 0x6f, 
    0x72, 0x74, 0x4e, 0x74, 0x42, 0x34, 0x5f, 0x38, 0x44, 0x61, 0x74, 0x61, 
    0x50, 0x6f, 0x72, 0x74, 0x39, 0x73, 0x69, 0x64, 0x65, 0x5f, 0x73, 0x65, 
    0x6e, 0x64, 0x00, 0x5f, 0x52, 0x4e, 0x76, 0x4d, 0x73, 0x5f, 0x4e, 0x74, 
    0x43, 0x73, 0x32, 0x70, 0x69, 0x5a, 0x71, 0x4c, 0x43, 0x37, 0x6f, 0x45, 
    0x34, 0x5f, 0x36, 0x6c, 0x69, 0x62, 0x73, 0x79, 0x73, 0x39, 0x64, 0x61, 
    0x74, 0x61, 0x5f, 0x70, 0x6f, 0x72, 0x74, 0x4e, 0x74, 0x42, 0x34, 0x5f, 
    0x38, 0x44, 0x61, 0x74, 0x61, 0x50, 0x6f, 0x72, 0x74, 0x31, 0x38, 0x70, 
    0x6f, 0x6c, 0x6c, 0x5f, 0x73, 0x69, 0x64, 0x65, 0x5f, 0x72, 0x65, 0x73, 
    0x70, 0x6f, 0x6e, 0x73, 0x65, 0x00, 0x5f, 0x52, 0x4e, 0x76, 0x4d, 0x73, 
    0x36, 0x5f, 0x4e, 0x74, 0x43, 0x73, 0x32, 0x70, 0x69, 0x5a, 0x71, 0x4c, 
    0x43, 0x37, 0x6f, 0x45, 0x34, 0x5f, 0x36, 0x6c, 0x69, 0x62, 0x73, 0x79, 
    0x73, 0x34, 0x72, 0x69, 0x6e, 0x67, 0x4e, 0x74, 0x42, 0x35, 0x5f, 0x31, 
    0x31, 0x4c, 0x61, 0x79, 0x65, 0x72, 0x65, 0x64, 0x52, 0x69, 0x6e, 0x67, 
    0x34, 0x77, 0x61, 0x69, 0x74, 0x00, 0x24, 0x78, 0x00, 0x24, 0x78, 0x00, 
    0x24, 0x78, 0x00, 0x24, 0x78, 0x00, 0x24, 0x78, 0x00, 0x4f, 0x55, 0x54, 
    0x4c, 0x49, 0x4e, 0x45, 0x44, 0x5f, 0x46, 0x55, 0x4e, 0x43, 0x54, 0x49, 
    0x4f, 0x4e, 0x5f, 0x38, 0x34, 0x00, 0x4f, 0x55, 0x54, 0x4c, 0x49, 0x4e, 
    0x45, 0x44, 0x5f, 0x46, 0x55, 0x4e, 0x43, 0x54, 0x49, 0x4f, 0x4e, 0x5f, 
    0x31, 0x31, 0x00, 0x4f, 0x55, 0x54, 0x4c, 0x49, 0x4e, 0x45, 0x44, 0x5f, 
    0x46, 0x55, 0x4e, 0x43, 0x54, 0x49, 0x4f, 0x4e, 0x5f, 0x32, 0x38, 0x00, 
    0x24, 0x78, 0x00, 0x24, 0x78, 0x00, 0x24, 0x78, 0x00, 0x24, 0x78, 0x00, 
    0x24, 0x78, 0x00, 0x24, 0x78, 0x00, 0x4f, 0x55, 0x54, 0x4c, 0x49, 0x4e, 
    0x45, 0x44, 0x5f, 0x46, 0x55, 0x4e, 0x43, 0x54, 0x49, 0x4f, 0x4e, 0x5f, 
    0x36, 0x38, 0x00, 0x24, 0x78, 0x00, 0x24, 0x78, 0x00, 0x5f, 0x52, 0x4e, 
    0x76, 0x58, 0x73, 0x31, 0x5f, 0x4e, 0x74, 0x4e, 0x74, 0x43, 0x73, 0x6a, 
    0x75, 0x65, 0x6c, 0x76, 0x63, 0x4a, 0x38, 0x4a, 0x68, 0x35, 0x5f, 0x34, 
    0x63, 0x6f, 0x72, 0x65, 0x35, 0x70, 0x61, 0x6e, 0x69, 0x63, 0x31, 0x30, 
    0x70, 0x61, 0x6e, 0x69, 0x63, 0x5f, 0x69, 0x6e, 0x66, 0x6f, 0x4e, 0x74, 
    0x42, 0x35, 0x5f, 0x31, 0x32, 0x50, 0x61, 0x6e, 0x69, 0x63, 0x4d, 0x65, 
    0x73, 0x73, 0x61, 0x67, 0x65, 0x4e, 0x74, 0x4e, 0x74, 0x42, 0x39, 0x5f, 
    0x33, 0x66, 0x6d, 0x74, 0x37, 0x44, 0x69, 0x73, 0x70, 0x6c, 0x61, 0x79, 
    0x33, 0x66, 0x6d, 0x74, 0x00, 0x5f, 0x52, 0x4e, 0x76, 0x59, 0x4e, 0x74, 
    0x4e, 0x76, 0x43, 0x73, 0x32, 0x70, 0x69, 0x5a, 0x71, 0x4c, 0x43, 0x37, 
    0x6f, 0x45, 0x34, 0x5f, 0x36, 0x6c, 0x69, 0x62, 0x73, 0x79, 0x73, 0x35, 
    0x70, 0x61, 0x6e, 0x69, 0x63, 0x39, 0x42, 0x75, 0x66, 0x57, 0x72, 0x69, 
    0x74, 0x65, 0x72, 0x4e, 0x74, 0x4e, 0x74, 0x43, 0x73, 0x6a, 0x75, 0x65, 
    0x6c, 0x76, 0x63, 0x4a, 0x38, 0x4a, 0x68, 0x35, 0x5f, 0x34, 0x63, 0x6f, 
    0x72, 0x65, 0x33, 0x66, 0x6d, 0x74, 0x35, 0x57, 0x72, 0x69, 0x74, 0x65, 
    0x39, 0x77, 0x72, 0x69, 0x74, 0x65, 0x5f, 0x66, 0x6d, 0x74, 0x42, 0x36, 
    0x5f, 0x00, 0x24, 0x78, 0x00, 0x24, 0x78, 0x00, 0x24, 0x78, 0x00, 0x5f, 
    0x52, 0x4e, 0x76, 0x58, 0x4e, 0x76, 0x43, 0x73, 0x32, 0x70, 0x69, 0x5a, 
    0x71, 0x4c, 0x43, 0x37, 0x6f, 0x45, 0x34, 0x5f, 0x36, 0x6c, 0x69, 0x62, 
    0x73, 0x79, 0x73, 0x35, 0x70, 0x61, 0x6e, 0x69, 0x63, 0x4e, 0x74, 0x42, 
    0x32, 0x5f, 0x39, 0x42, 0x75, 0x66, 0x57, 0x72, 0x69, 0x74, 0x65, 0x72, 
    0x4e, 0x74, 0x4e, 0x74, 0x43, 0x73, 0x6a, 0x75, 0x65, 0x6c, 0x76, 0x63, 
    0x4a, 0x38, 0x4a, 0x68, 0x35, 0x5f, 0x34, 0x63, 0x6f, 0x72, 0x65, 0x33, 
    0x66, 0x6d, 0x74, 0x35, 0x57, 0x72, 0x69, 0x74, 0x65, 0x39, 0x77, 0x72, 
    0x69, 0x74, 0x65, 0x5f, 0x73, 0x74, 0x72, 0x00, 0x24, 0x78, 0x00, 0x5f, 
    0x52, 0x4e, 0x76, 0x59, 0x4e, 0x74, 0x4e, 0x76, 0x43, 0x73, 0x32, 0x70, 
    0x69, 0x5a, 0x71, 0x4c, 0x43, 0x37, 0x6f, 0x45, 0x34, 0x5f, 0x36, 0x6c, 
    0x69, 0x62, 0x73, 0x79, 0x73, 0x35, 0x70, 0x61, 0x6e, 0x69, 0x63, 0x39, 
    0x42, 0x75, 0x66, 0x57, 0x72, 0x69, 0x74, 0x65, 0x72, 0x4e, 0x74, 0x4e, 
    0x74, 0x43, 0x73, 0x6a, 0x75, 0x65, 0x6c, 0x76, 0x63, 0x4a, 0x38, 0x4a, 
    0x68, 0x35, 0x5f, 0x34, 0x63, 0x6f, 0x72, 0x65, 0x33, 0x66, 0x6d, 0x74, 
    0x35, 0x57, 0x72, 0x69, 0x74, 0x65, 0x31, 0x30, 0x77, 0x72, 0x69, 0x74, 
    0x65, 0x5f, 0x63, 0x68, 0x61, 0x72, 0x42, 0x36, 0x5f, 0x00, 0x24, 0x78, 
    0x00, 0x5f, 0x52, 0x4e, 0x76, 0x4d, 0x73, 0x36, 0x5f, 0x4e, 0x74, 0x43, 
    0x73, 0x32, 0x70, 0x69, 0x5a, 0x71, 0x4c, 0x43, 0x37, 0x6f, 0x45, 0x34, 
    0x5f, 0x36, 0x6c, 0x69, 0x62, 0x73, 0x79, 0x73, 0x34, 0x72, 0x69, 0x6e, 
    0x67, 0x4e, 0x74, 0x42, 0x35, 0x5f, 0x31, 0x31, 0x4c, 0x61, 0x79, 0x65, 
    0x72, 0x65, 0x64, 0x52, 0x69, 0x6e, 0x67, 0x31, 0x31, 0x63, 0x71, 0x5f, 
    0x63, 0x6f, 0x6d, 0x70, 0x6c, 0x65, 0x74, 0x65, 0x00, 0x24, 0x78, 0x00, 
    0x24, 0x78, 0x00, 0x24, 0x78, 0x00, 0x5f, 0x52, 0x4e, 0x76, 0x4d, 0x73, 
    0x36, 0x5f, 0x4e, 0x74, 0x43, 0x73, 0x32, 0x70, 0x69, 0x5a, 0x71, 0x4c, 
    0x43, 0x37, 0x6f, 0x45, 0x34, 0x5f, 0x36, 0x6c, 0x69, 0x62, 0x73, 0x79, 
    0x73, 0x34, 0x72, 0x69, 0x6e, 0x67, 0x4e, 0x74, 0x42, 0x35, 0x5f, 0x31, 
    0x31, 0x4c, 0x61, 0x79, 0x65, 0x72, 0x65, 0x64, 0x52, 0x69, 0x6e, 0x67, 
    0x39, 0x73, 0x69, 0x64, 0x65, 0x5f, 0x70, 0x65, 0x65, 0x6b, 0x00, 0x24, 
    0x78, 0x00, 0x5f, 0x52, 0x4e, 0x76, 0x4d, 0x73, 0x36, 0x5f, 0x4e, 0x74, 
    0x43, 0x73, 0x32, 0x70, 0x69, 0x5a, 0x71, 0x4c, 0x43, 0x37, 0x6f, 0x45, 
    0x34, 0x5f, 0x36, 0x6c, 0x69, 0x62, 0x73, 0x79, 0x73, 0x34, 0x72, 0x69, 
    0x6e, 0x67, 0x4e, 0x74, 0x42, 0x35, 0x5f, 0x31, 0x31, 0x4c, 0x61, 0x79, 
    0x65, 0x72, 0x65, 0x64, 0x52, 0x69, 0x6e, 0x67, 0x39, 0x73, 0x69, 0x64, 
    0x65, 0x5f, 0x72, 0x65, 0x63, 0x76, 0x00, 0x24, 0x78, 0x00, 0x5f, 0x52, 
    0x4e, 0x76, 0x4d, 0x73, 0x36, 0x5f, 0x4e, 0x74, 0x43, 0x73, 0x32, 0x70, 
    0x69, 0x5a, 0x71, 0x4c, 0x43, 0x37, 0x6f, 0x45, 0x34, 0x5f, 0x36, 0x6c, 
    0x69, 0x62, 0x73, 0x79, 0x73, 0x34, 0x72, 0x69, 0x6e, 0x67, 0x4e, 0x74, 
    0x42, 0x35, 0x5f, 0x31, 0x31, 0x4c, 0x61, 0x79, 0x65, 0x72, 0x65, 0x64, 
    0x52, 0x69, 0x6e, 0x67, 0x39, 0x73, 0x71, 0x5f, 0x73, 0x75, 0x62, 0x6d, 
    0x69, 0x74, 0x00, 0x24, 0x78, 0x00, 0x24, 0x78, 0x00, 0x24, 0x78, 0x00, 
    0x24, 0x78, 0x00, 0x5f, 0x52, 0x4e, 0x76, 0x4d, 0x4e, 0x74, 0x43, 0x73, 
    0x32, 0x70, 0x69, 0x5a, 0x71, 0x4c, 0x43, 0x37, 0x6f, 0x45, 0x34, 0x5f, 
    0x36, 0x6c, 0x69, 0x62, 0x73, 0x79, 0x73, 0x35, 0x65, 0x72, 0x72, 0x6f, 
    0x72, 0x4e, 0x74, 0x42, 0x32, 0x5f, 0x38, 0x53, 0x79, 0x73, 0x45, 0x72, 
    0x72, 0x6f, 0x72, 0x31, 0x30, 0x66, 0x72, 0x6f, 0x6d, 0x5f, 0x65, 0x72, 
    0x72, 0x6e, 0x6f, 0x00, 0x24, 0x78, 0x00, 0x24, 0x64, 0x00, 0x24, 0x78, 
    0x00, 0x24, 0x78, 0x00, 0x24, 0x78, 0x00, 0x24, 0x78, 0x00, 0x24, 0x78, 
    0x00, 0x24, 0x78, 0x00, 0x24, 0x78, 0x00, 0x24, 0x78, 0x00, 0x4f, 0x55, 
    0x54, 0x4c, 0x49, 0x4e, 0x45, 0x44, 0x5f, 0x46, 0x55, 0x4e, 0x43, 0x54, 
    0x49, 0x4f, 0x4e, 0x5f, 0x32, 0x39, 0x00, 0x4f, 0x55, 0x54, 0x4c, 0x49, 
    0x4e, 0x45, 0x44, 0x5f, 0x46, 0x55, 0x4e, 0x43, 0x54, 0x49, 0x4f, 0x4e, 
    0x5f, 0x35, 0x33, 0x00, 0x24, 0x78, 0x00, 0x24, 0x78, 0x00, 0x24, 0x78, 
    0x00, 0x24, 0x78, 0x00, 0x24, 0x78, 0x00, 0x5f, 0x52, 0x4e, 0x76, 0x4d, 
    0x73, 0x5f, 0x4e, 0x74, 0x43, 0x73, 0x32, 0x70, 0x69, 0x5a, 0x71, 0x4c, 
    0x43, 0x37, 0x6f, 0x45, 0x34, 0x5f, 0x36, 0x6c, 0x69, 0x62, 0x73, 0x79, 
    0x73, 0x39, 0x64, 0x61, 0x74, 0x61, 0x5f, 0x70, 0x6f, 0x72, 0x74, 0x4e, 
    0x74, 0x42, 0x34, 0x5f, 0x38, 0x44, 0x61, 0x74, 0x61, 0x50, 0x6f, 0x72, 
    0x74, 0x34, 0x66, 0x72, 0x65, 0x65, 0x00, 0x24, 0x78, 0x00, 0x24, 0x78, 
    0x00, 0x24, 0x78, 0x00, 0x24, 0x78, 0x00, 0x5f, 0x52, 0x4e, 0x76, 0x4d, 
    0x4e, 0x74, 0x43, 0x73, 0x32, 0x70, 0x69, 0x5a, 0x71, 0x4c, 0x43, 0x37, 
    0x6f, 0x45, 0x34, 0x5f, 0x36, 0x6c, 0x69, 0x62, 0x73, 0x79, 0x73, 0x39, 
    0x61, 0x6c, 0x6c, 0x6f, 0x63, 0x61, 0x74, 0x6f, 0x72, 0x4e, 0x74, 0x42, 
    0x32, 0x5f, 0x34, 0x4c, 0x6f, 0x63, 0x6b, 0x37, 0x61, 0x63, 0x71, 0x75, 
    0x69, 0x72, 0x65, 0x00, 0x5f, 0x52, 0x4e, 0x76, 0x4d, 0x73, 0x30, 0x5f, 
    0x4e, 0x74, 0x43, 0x73, 0x32, 0x70, 0x69, 0x5a, 0x71, 0x4c, 0x43, 0x37, 
    0x6f, 0x45, 0x34, 0x5f, 0x36, 0x6c, 0x69, 0x62, 0x73, 0x79, 0x73, 0x39, 
    0x61, 0x6c, 0x6c, 0x6f, 0x63, 0x61, 0x74, 0x6f, 0x72, 0x4e, 0x74, 0x42, 
    0x35, 0x5f, 0x31, 0x33, 0x46, 0x69, 0x6c, 0x61, 0x6d, 0x65, 0x6e, 0x74, 
    0x41, 0x6c, 0x6c, 0x6f, 0x63, 0x31, 0x30, 0x66, 0x69, 0x6e, 0x64, 0x5f, 
    0x62, 0x6c, 0x6f, 0x63, 0x6b, 0x00, 0x5f, 0x52, 0x4e, 0x76, 0x43, 0x73, 
    0x32, 0x70, 0x69, 0x5a, 0x71, 0x4c, 0x43, 0x37, 0x6f, 0x45, 0x34, 0x5f, 
    0x36, 0x6c, 0x69, 0x62, 0x73, 0x79, 0x73, 0x39, 0x41, 0x4c, 0x4c, 0x4f, 
    0x43, 0x41, 0x54, 0x4f, 0x52, 0x00, 0x5f, 0x52, 0x4e, 0x76, 0x4d, 0x73, 
    0x30, 0x5f, 0x4e, 0x74, 0x43, 0x73, 0x32, 0x70, 0x69, 0x5a, 0x71, 0x4c, 
    0x43, 0x37, 0x6f, 0x45, 0x34, 0x5f, 0x36, 0x6c, 0x69, 0x62, 0x73, 0x79, 
    0x73, 0x39, 0x61, 0x6c, 0x6c, 0x6f, 0x63, 0x61, 0x74, 0x6f, 0x72, 0x4e, 
    0x74, 0x42, 0x35, 0x5f, 0x31, 0x33, 0x46, 0x69, 0x6c, 0x61, 0x6d, 0x65, 
    0x6e, 0x74, 0x41, 0x6c, 0x6c, 0x6f, 0x63, 0x31, 0x31, 0x69, 0x6e, 0x73, 
    0x65, 0x72, 0x74, 0x5f, 0x66, 0x72, 0x65, 0x65, 0x00, 0x24, 0x78, 0x00, 
    0x24, 0x78, 0x00, 0x24, 0x78, 0x00, 0x24, 0x78, 0x00, 0x24, 0x78, 0x00, 
    0x24, 0x78, 0x00, 0x5f, 0x52, 0x4e, 0x76, 0x58, 0x73, 0x32, 0x5f, 0x4e, 
    0x74, 0x4e, 0x74, 0x43, 0x73, 0x6a, 0x75, 0x65, 0x6c, 0x76, 0x63, 0x4a, 
    0x38, 0x4a, 0x68, 0x35, 0x5f, 0x34, 0x63, 0x6f, 0x72, 0x65, 0x35, 0x73, 
    0x6c, 0x69, 0x63, 0x65, 0x35, 0x69, 0x6e, 0x64, 0x65, 0x78, 0x49, 0x4e, 
    0x74, 0x4e, 0x74, 0x4e, 0x74, 0x42, 0x39, 0x5f, 0x33, 0x6f, 0x70, 0x73, 
    0x35, 0x72, 0x61, 0x6e, 0x67, 0x65, 0x35, 0x52, 0x61, 0x6e, 0x67, 0x65, 
    0x6a, 0x45, 0x49, 0x4e, 0x74, 0x42, 0x35, 0x5f, 0x31, 0x30, 0x53, 0x6c, 
    0x69, 0x63, 0x65, 0x49, 0x6e, 0x64, 0x65, 0x78, 0x53, 0x68, 0x45, 0x39, 
    0x69, 0x6e, 0x64, 0x65, 0x78, 0x5f, 0x6d, 0x75, 0x74, 0x43, 0x73, 0x62, 
    0x4a, 0x6c, 0x78, 0x50, 0x53, 0x47, 0x61, 0x57, 0x56, 0x7a, 0x5f, 0x35, 
    0x70, 0x61, 0x72, 0x74, 0x64, 0x2e, 0x39, 0x34, 0x30, 0x00, 0x24, 0x78, 
    0x00, 0x24, 0x78, 0x00, 0x5f, 0x52, 0x4e, 0x76, 0x43, 0x73, 0x62, 0x4a, 
    0x6c, 0x78, 0x50, 0x53, 0x47, 0x61, 0x57, 0x56, 0x7a, 0x5f, 0x35, 0x70, 
    0x61, 0x72, 0x74, 0x64, 0x31, 0x30, 0x66, 0x6f, 0x72, 0x6d, 0x61, 0x74, 
    0x5f, 0x75, 0x36, 0x34, 0x00, 0x24, 0x78, 0x00, 0x24, 0x78, 0x00, 0x24, 
    0x78, 0x00, 0x24, 0x78, 0x00, 0x24, 0x78, 0x00, 0x24, 0x78, 0x00, 0x24, 
    0x78, 0x00, 0x24, 0x78, 0x00, 0x24, 0x78, 0x00, 0x24, 0x78, 0x00, 0x24, 
    0x78, 0x00, 0x24, 0x78, 0x00, 0x24, 0x78, 0x00, 0x24, 0x78, 0x00, 0x24, 
    0x78, 0x00, 0x24, 0x78, 0x00, 0x24, 0x78, 0x00, 0x24, 0x78, 0x00, 0x24, 
    0x78, 0x00, 0x24, 0x78, 0x00, 0x24, 0x78, 0x00, 0x24, 0x78, 0x00, 0x24, 
    0x78, 0x00, 0x24, 0x78, 0x00, 0x24, 0x78, 0x00, 0x24, 0x78, 0x00, 0x24, 
    0x78, 0x00, 0x24, 0x78, 0x00, 0x24, 0x78, 0x00, 0x24, 0x78, 0x00, 0x24, 
    0x78, 0x00, 0x24, 0x78, 0x00, 0x24, 0x78, 0x00, 0x24, 0x78, 0x00, 0x24, 
    0x78, 0x00, 0x24, 0x78, 0x00, 0x24, 0x78, 0x00, 0x24, 0x78, 0x00, 0x24, 
    0x78, 0x00, 0x24, 0x78, 0x00, 0x24, 0x78, 0x00, 0x24, 0x78, 0x00, 0x24, 
    0x78, 0x00, 0x24, 0x78, 0x00, 0x24, 0x78, 0x00, 0x24, 0x78, 0x00, 0x24, 
    0x78, 0x00, 0x24, 0x78, 0x00, 0x24, 0x78, 0x00, 0x24, 0x78, 0x00, 0x24, 
    0x78, 0x00, 0x24, 0x78, 0x00, 0x24, 0x78, 0x00, 0x24, 0x78, 0x00, 0x24, 
    0x78, 0x00, 0x24, 0x78, 0x00, 0x24, 0x78, 0x00, 0x24, 0x78, 0x00, 0x24, 
    0x78, 0x00, 0x24, 0x78, 0x00, 0x24, 0x78, 0x00, 0x24, 0x78, 0x00, 0x24, 
    0x78, 0x00, 0x24, 0x78, 0x00, 0x24, 0x78, 0x00, 0x24, 0x78, 0x00, 0x24, 
    0x78, 0x00, 0x24, 0x78, 0x00, 0x24, 0x78, 0x00, 0x24, 0x78, 0x00, 0x24, 
    0x78, 0x00, 0x24, 0x78, 0x00, 0x24, 0x78, 0x00, 0x24, 0x78, 0x00, 0x24, 
    0x78, 0x00, 0x24, 0x78, 0x00, 0x24, 0x78, 0x00, 0x24, 0x78, 0x00, 0x24, 
    0x78, 0x00, 0x24, 0x78, 0x00, 0x24, 0x78, 0x00, 0x24, 0x78, 0x00, 0x24, 
    0x78, 0x00, 0x24, 0x78, 0x00, 0x24, 0x78, 0x00, 0x24, 0x78, 0x00, 0x24, 
    0x78, 0x00, 0x24, 0x78, 0x00, 0x24, 0x78, 0x00, 0x24, 0x78, 0x00, 0x24, 
    0x78, 0x00, 0x24, 0x78, 0x00, 0x24, 0x78, 0x00, 0x24, 0x64, 0x00, 0x24, 
    0x64, 0x00, 0x24, 0x64, 0x00, 0x24, 0x64, 0x00, 0x24, 0x64, 0x00, 0x24, 
    0x64, 0x00, 0x24, 0x64, 0x00, 0x24, 0x64, 0x00, 0x24, 0x64, 0x00, 0x24, 
    0x64, 0x00, 0x24, 0x64, 0x00, 0x24, 0x64, 0x00, 0x24, 0x64, 0x00, 0x24, 
    0x64, 0x00, 0x24, 0x64, 0x00, 0x24, 0x64, 0x00, 0x24, 0x64, 0x00, 0x24, 
    0x64, 0x00, 0x24, 0x64, 0x00, 0x24, 0x64, 0x00, 0x24, 0x64, 0x00, 0x24, 
    0x64, 0x00, 0x24, 0x64, 0x00, 0x24, 0x64, 0x00, 0x24, 0x64, 0x00, 0x24, 
    0x64, 0x00, 0x24, 0x64, 0x00, 0x24, 0x64, 0x00, 0x24, 0x64, 0x00, 0x24, 
    0x64, 0x00, 0x24, 0x64, 0x00, 0x24, 0x64, 0x00, 0x24, 0x64, 0x00, 0x24, 
    0x64, 0x00, 0x24, 0x64, 0x00, 0x24, 0x64, 0x00, 0x24, 0x64, 0x00, 0x24, 
    0x64, 0x00, 0x24, 0x64, 0x00, 0x24, 0x64, 0x00, 0x24, 0x64, 0x00, 0x24, 
    0x64, 0x00, 0x24, 0x64, 0x00, 0x24, 0x64, 0x00, 0x24, 0x64, 0x00, 0x24, 
    0x64, 0x00, 0x24, 0x64, 0x00, 0x24, 0x64, 0x00, 0x24, 0x64, 0x00, 0x24, 
    0x64, 0x00, 0x24, 0x64, 0x00, 0x24, 0x64, 0x00, 0x24, 0x64, 0x00, 0x24, 
    0x64, 0x00, 0x24, 0x64, 0x00, 0x24, 0x64, 0x00, 0x24, 0x64, 0x00, 0x24, 
    0x64, 0x00, 0x24, 0x64, 0x00, 0x24, 0x64, 0x00, 0x24, 0x64, 0x00, 0x24, 
    0x64, 0x00, 0x24, 0x64, 0x00, 0x24, 0x64, 0x00, 0x24, 0x64, 0x00, 0x24, 
    0x64, 0x00, 0x24, 0x64, 0x00, 0x24, 0x64, 0x00, 0x24, 0x64, 0x00, 0x24, 
    0x64, 0x00, 0x24, 0x64, 0x00, 0x24, 0x64, 0x00, 0x24, 0x64, 0x00, 0x24, 
    0x64, 0x00, 0x24, 0x64, 0x00, 0x24, 0x64, 0x00, 0x24, 0x64, 0x00, 0x24, 
    0x64, 0x00, 0x24, 0x64, 0x00, 0x24, 0x64, 0x00, 0x24, 0x64, 0x00, 0x24, 
    0x64, 0x00, 0x24, 0x64, 0x00, 0x24, 0x64, 0x00, 0x24, 0x64, 0x00, 0x24, 
    0x64, 0x00, 0x24, 0x64, 0x00, 0x24, 0x64, 0x00, 0x24, 0x64, 0x00, 0x24, 
    0x64, 0x00, 0x24, 0x64, 0x00, 0x24, 0x64, 0x00, 0x24, 0x64, 0x00, 0x24, 
    0x64, 0x00, 0x24, 0x64, 0x00, 0x24, 0x64, 0x00, 0x24, 0x64, 0x00, 0x24, 
    0x64, 0x00, 0x24, 0x64, 0x00, 0x24, 0x64, 0x00, 0x24, 0x64, 0x00, 0x24, 
    0x64, 0x00, 0x24, 0x64, 0x00, 0x24, 0x64, 0x00, 0x24, 0x64, 0x00, 0x24, 
    0x64, 0x00, 0x24, 0x64, 0x00, 0x24, 0x64, 0x00, 0x24, 0x64, 0x00, 0x24, 
    0x64, 0x00, 0x24, 0x64, 0x00, 0x24, 0x64, 0x00, 0x24, 0x64, 0x00, 0x24, 
    0x64, 0x00, 0x24, 0x64, 0x00, 0x24, 0x64, 0x00, 0x24, 0x64, 0x00, 0x24, 
    0x64, 0x00, 0x24, 0x64, 0x00, 0x24, 0x64, 0x00, 0x24, 0x64, 0x00, 0x24, 
    0x64, 0x00, 0x24, 0x64, 0x00, 0x24, 0x64, 0x00, 0x24, 0x64, 0x00, 0x24, 
    0x64, 0x00, 0x24, 0x64, 0x00, 0x24, 0x64, 0x00, 0x24, 0x64, 0x00, 0x24, 
    0x64, 0x00, 0x24, 0x64, 0x00, 0x24, 0x64, 0x00, 0x24, 0x64, 0x00, 0x24, 
    0x64, 0x00, 0x24, 0x64, 0x00, 0x24, 0x64, 0x00, 0x24, 0x64, 0x00, 0x24, 
    0x64, 0x00, 0x24, 0x64, 0x00, 0x24, 0x64, 0x00, 0x24, 0x64, 0x00, 0x24, 
    0x64, 0x00, 0x24, 0x64, 0x00, 0x24, 0x64, 0x00, 0x24, 0x64, 0x00, 0x24, 
    0x64, 0x00, 0x24, 0x64, 0x00, 0x24, 0x64, 0x00, 0x24, 0x64, 0x00, 0x24, 
    0x64, 0x00, 0x24, 0x64, 0x00, 0x24, 0x64, 0x00, 0x24, 0x64, 0x00, 0x24, 
    0x64, 0x00, 0x24, 0x64, 0x00, 0x24, 0x64, 0x00, 0x24, 0x64, 0x00, 0x24, 
    0x64, 0x00, 0x24, 0x64, 0x00, 0x24, 0x64, 0x00, 0x24, 0x64, 0x00, 0x24, 
    0x64, 0x00, 0x24, 0x64, 0x00, 0x24, 0x64, 0x00, 0x24, 0x64, 0x00, 0x24, 
    0x64, 0x00, 0x24, 0x64, 0x00, 0x24, 0x64, 0x00, 0x24, 0x64, 0x00, 0x24, 
    0x64, 0x00, 0x24, 0x64, 0x00, 0x24, 0x64, 0x00, 0x24, 0x64, 0x00, 0x24, 
    0x64, 0x00, 0x24, 0x64, 0x00, 0x24, 0x64, 0x00, 0x24, 0x64, 0x00, 0x24, 
    0x64, 0x00, 0x24, 0x64, 0x00, 0x24, 0x64, 0x00, 0x24, 0x64, 0x00, 0x24, 
    0x64, 0x00, 0x24, 0x64, 0x00, 0x24, 0x64, 0x00, 0x24, 0x64, 0x00, 0x24, 
    0x64, 0x00, 0x24, 0x64, 0x00, 0x24, 0x64, 0x00, 0x24, 0x64, 0x00, 0x24, 
    0x64, 0x00, 0x24, 0x64, 0x00, 0x24, 0x64, 0x00, 0x24, 0x64, 0x00, 0x24, 
    0x64, 0x00, 0x24, 0x64, 0x00, 0x24, 0x64, 0x00, 0x24, 0x64, 0x00, 0x24, 
    0x64, 0x00, 0x24, 0x64, 0x00, 0x24, 0x64, 0x00, 0x24, 0x64, 0x00, 0x24, 
    0x64, 0x00, 0x24, 0x64, 0x00, 0x24, 0x64, 0x00, 0x24, 0x64, 0x00, 0x24, 
    0x64, 0x00, 0x24, 0x64, 0x00, 0x24, 0x64, 0x00, 0x24, 0x64, 0x00, 0x24, 
    0x64, 0x00, 0x24, 0x64, 0x00, 0x24, 0x64, 0x00, 0x24, 0x64, 0x00, 0x24, 
    0x64, 0x00, 0x24, 0x64, 0x00, 0x24, 0x64, 0x00, 0x24, 0x64, 0x00, 0x24, 
    0x64, 0x00, 0x24, 0x64, 0x00, 0x24, 0x64, 0x00, 0x24, 0x64, 0x00, 0x24, 
    0x64, 0x00, 0x24, 0x64, 0x00, 0x24, 0x64, 0x00, 0x24, 0x64, 0x00, 0x24, 
    0x64, 0x00, 0x24, 0x64, 0x00, 0x24, 0x64, 0x00, 0x24, 0x64, 0x00, 0x24, 
    0x64, 0x00, 0x24, 0x64, 0x00, 0x24, 0x64, 0x00, 0x24, 0x64, 0x00, 0x24, 
    0x64, 0x00, 0x24, 0x64, 0x00, 0x24, 0x64, 0x00, 0x24, 0x64, 0x00, 0x24, 
    0x64, 0x00, 0x24, 0x64, 0x00, 0x24, 0x64, 0x00, 0x24, 0x64, 0x00, 0x24, 
    0x64, 0x00, 0x24, 0x64, 0x00, 0x24, 0x64, 0x00, 0x24, 0x64, 0x00, 0x24, 
    0x64, 0x00, 0x24, 0x64, 0x00, 0x24, 0x64, 0x00, 0x24, 0x64, 0x00, 0x24, 
    0x64, 0x00, 0x24, 0x64, 0x00, 0x24, 0x64, 0x00, 0x24, 0x64, 0x00, 0x24, 
    0x64, 0x00, 0x24, 0x64, 0x00, 0x24, 0x64, 0x00, 0x24, 0x64, 0x00, 0x24, 
    0x64, 0x00, 0x24, 0x64, 0x00, 0x24, 0x64, 0x00, 0x24, 0x64, 0x00, 0x24, 
    0x64, 0x00, 0x24, 0x64, 0x00, 0x24, 0x64, 0x00, 0x24, 0x64, 0x00, 0x24, 
    0x64, 0x00, 0x24, 0x64, 0x00, 0x24, 0x64, 0x00, 0x24, 0x64, 0x00, 0x24, 
    0x64, 0x00, 0x24, 0x64, 0x00, 0x24, 0x64, 0x00, 0x24, 0x64, 0x00, 0x24, 
    0x64, 0x00, 0x24, 0x64, 0x00, 0x24, 0x64, 0x00, 0x24, 0x64, 0x00, 0x24, 
    0x64, 0x00, 0x24, 0x64, 0x00, 0x24, 0x64, 0x00, 0x24, 0x64, 0x00, 0x24, 
    0x64, 0x00, 0x24, 0x64, 0x00, 0x24, 0x64, 0x00, 0x24, 0x64, 0x00, 0x24, 
    0x64, 0x00, 0x24, 0x64, 0x00, 0x24, 0x64, 0x00, 0x24, 0x64, 0x00, 0x24, 
    0x64, 0x00, 0x24, 0x64, 0x00, 0x24, 0x64, 0x00, 0x24, 0x64, 0x00, 0x24, 
    0x64, 0x00, 0x24, 0x64, 0x00, 0x24, 0x64, 0x00, 0x24, 0x64, 0x00, 0x24, 
    0x64, 0x00, 0x24, 0x64, 0x00, 0x24, 0x64, 0x00, 0x24, 0x64, 0x00, 0x24, 
    0x64, 0x00, 0x24, 0x64, 0x00, 0x24, 0x64, 0x00, 0x24, 0x64, 0x00, 0x24, 
    0x64, 0x00, 0x24, 0x64, 0x00, 0x24, 0x64, 0x00, 0x63, 0x6f, 0x6d, 0x70, 
    0x69, 0x6c, 0x65, 0x72, 0x5f, 0x62, 0x75, 0x69, 0x6c, 0x74, 0x69, 0x6e, 
    0x73, 0x2e, 0x36, 0x30, 0x37, 0x62, 0x38, 0x37, 0x36, 0x62, 0x65, 0x35, 
    0x37, 0x37, 0x36, 0x32, 0x32, 0x2d, 0x63, 0x67, 0x75, 0x2e, 0x30, 0x32, 
    0x00, 0x24, 0x78, 0x00, 0x24, 0x64, 0x00, 0x63, 0x6f, 0x6d, 0x70, 0x69, 
    0x6c, 0x65, 0x72, 0x5f, 0x62, 0x75, 0x69, 0x6c, 0x74, 0x69, 0x6e, 0x73, 
    0x2e, 0x36, 0x30, 0x37, 0x62, 0x38, 0x37, 0x36, 0x62, 0x65, 0x35, 0x37, 
    0x37, 0x36, 0x32, 0x32, 0x2d, 0x63, 0x67, 0x75, 0x2e, 0x30, 0x31, 0x00, 
    0x24, 0x64, 0x00, 0x63, 0x6f, 0x6d, 0x70, 0x69, 0x6c, 0x65, 0x72, 0x5f, 
    0x62, 0x75, 0x69, 0x6c, 0x74, 0x69, 0x6e, 0x73, 0x2e, 0x36, 0x30, 0x37, 
    0x62, 0x38, 0x37, 0x36, 0x62, 0x65, 0x35, 0x37, 0x37, 0x36, 0x32, 0x32, 
    0x2d, 0x63, 0x67, 0x75, 0x2e, 0x30, 0x36, 0x00, 0x24, 0x64, 0x00, 0x63, 
    0x6f, 0x6d, 0x70, 0x69, 0x6c, 0x65, 0x72, 0x5f, 0x62, 0x75, 0x69, 0x6c, 
    0x74, 0x69, 0x6e, 0x73, 0x2e, 0x36, 0x30, 0x37, 0x62, 0x38, 0x37, 0x36, 
    0x62, 0x65, 0x35, 0x37, 0x37, 0x36, 0x32, 0x32, 0x2d, 0x63, 0x67, 0x75, 
    0x2e, 0x30, 0x33, 0x00, 0x24, 0x64, 0x00, 0x63, 0x6f, 0x6d, 0x70, 0x69, 
    0x6c, 0x65, 0x72, 0x5f, 0x62, 0x75, 0x69, 0x6c, 0x74, 0x69, 0x6e, 0x73, 
    0x2e, 0x36, 0x30, 0x37, 0x62, 0x38, 0x37, 0x36, 0x62, 0x65, 0x35, 0x37, 
    0x37, 0x36, 0x32, 0x32, 0x2d, 0x63, 0x67, 0x75, 0x2e, 0x30, 0x30, 0x00, 
    0x24, 0x78, 0x00, 0x4f, 0x55, 0x54, 0x4c, 0x49, 0x4e, 0x45, 0x44, 0x5f, 
    0x46, 0x55, 0x4e, 0x43, 0x54, 0x49, 0x4f, 0x4e, 0x5f, 0x35, 0x00, 0x4f, 
    0x55, 0x54, 0x4c, 0x49, 0x4e, 0x45, 0x44, 0x5f, 0x46, 0x55, 0x4e, 0x43, 
    0x54, 0x49, 0x4f, 0x4e, 0x5f, 0x31, 0x33, 0x00, 0x4f, 0x55, 0x54, 0x4c, 
    0x49, 0x4e, 0x45, 0x44, 0x5f, 0x46, 0x55, 0x4e, 0x43, 0x54, 0x49, 0x4f, 
    0x4e, 0x5f, 0x38, 0x00, 0x4f, 0x55, 0x54, 0x4c, 0x49, 0x4e, 0x45, 0x44, 
    0x5f, 0x46, 0x55, 0x4e, 0x43, 0x54, 0x49, 0x4f, 0x4e, 0x5f, 0x34, 0x00, 
    0x24, 0x78, 0x00, 0x24, 0x78, 0x00, 0x24, 0x78, 0x00, 0x24, 0x78, 0x00, 
    0x24, 0x78, 0x00, 0x24, 0x64, 0x00, 0x63, 0x6f, 0x6d, 0x70, 0x69, 0x6c, 
    0x65, 0x72, 0x5f, 0x62, 0x75, 0x69, 0x6c, 0x74, 0x69, 0x6e, 0x73, 0x2e, 
    0x36, 0x30, 0x37, 0x62, 0x38, 0x37, 0x36, 0x62, 0x65, 0x35, 0x37, 0x37, 
    0x36, 0x32, 0x32, 0x2d, 0x63, 0x67, 0x75, 0x2e, 0x30, 0x34, 0x00, 0x24, 
    0x64, 0x00, 0x63, 0x6f, 0x6d, 0x70, 0x69, 0x6c, 0x65, 0x72, 0x5f, 0x62, 
    0x75, 0x69, 0x6c, 0x74, 0x69, 0x6e, 0x73, 0x2e, 0x36, 0x30, 0x37, 0x62, 
    0x38, 0x37, 0x36, 0x62, 0x65, 0x35, 0x37, 0x37, 0x36, 0x32, 0x32, 0x2d, 
    0x63, 0x67, 0x75, 0x2e, 0x30, 0x35, 0x00, 0x24, 0x64, 0x00, 0x63, 0x6f, 
    0x6d, 0x70, 0x69, 0x6c, 0x65, 0x72, 0x5f, 0x62, 0x75, 0x69, 0x6c, 0x74, 
    0x69, 0x6e, 0x73, 0x2e, 0x36, 0x30, 0x37, 0x62, 0x38, 0x37, 0x36, 0x62, 
    0x65, 0x35, 0x37, 0x37, 0x36, 0x32, 0x32, 0x2d, 0x63, 0x67, 0x75, 0x2e, 
    0x30, 0x37, 0x00, 0x24, 0x78, 0x00, 0x24, 0x64, 0x00, 0x63, 0x6f, 0x6d, 
    0x70, 0x69, 0x6c, 0x65, 0x72, 0x5f, 0x62, 0x75, 0x69, 0x6c, 0x74, 0x69, 
    0x6e, 0x73, 0x2e, 0x36, 0x30, 0x37, 0x62, 0x38, 0x37, 0x36, 0x62, 0x65, 
    0x35, 0x37, 0x37, 0x36, 0x32, 0x32, 0x2d, 0x63, 0x67, 0x75, 0x2e, 0x30, 
    0x38, 0x00, 0x24, 0x64, 0x00, 0x63, 0x6f, 0x6d, 0x70, 0x69, 0x6c, 0x65, 
    0x72, 0x5f, 0x62, 0x75, 0x69, 0x6c, 0x74, 0x69, 0x6e, 0x73, 0x2e, 0x36, 
    0x30, 0x37, 0x62, 0x38, 0x37, 0x36, 0x62, 0x65, 0x35, 0x37, 0x37, 0x36, 
    0x32, 0x32, 0x2d, 0x63, 0x67, 0x75, 0x2e, 0x30, 0x39, 0x00, 0x24, 0x64, 
    0x00, 0x63, 0x6f, 0x6d, 0x70, 0x69, 0x6c, 0x65, 0x72, 0x5f, 0x62, 0x75, 
    0x69, 0x6c, 0x74, 0x69, 0x6e, 0x73, 0x2e, 0x36, 0x30, 0x37, 0x62, 0x38, 
    0x37, 0x36, 0x62, 0x65, 0x35, 0x37, 0x37, 0x36, 0x32, 0x32, 0x2d, 0x63, 
    0x67, 0x75, 0x2e, 0x31, 0x30, 0x00, 0x24, 0x64, 0x00, 0x63, 0x6f, 0x6d, 
    0x70, 0x69, 0x6c, 0x65, 0x72, 0x5f, 0x62, 0x75, 0x69, 0x6c, 0x74, 0x69, 
    0x6e, 0x73, 0x2e, 0x36, 0x30, 0x37, 0x62, 0x38, 0x37, 0x36, 0x62, 0x65, 
    0x35, 0x37, 0x37, 0x36, 0x32, 0x32, 0x2d, 0x63, 0x67, 0x75, 0x2e, 0x31, 
    0x31, 0x00, 0x24, 0x64, 0x00, 0x63, 0x6f, 0x6d, 0x70, 0x69, 0x6c, 0x65, 
    0x72, 0x5f, 0x62, 0x75, 0x69, 0x6c, 0x74, 0x69, 0x6e, 0x73, 0x2e, 0x36, 
    0x30, 0x37, 0x62, 0x38, 0x37, 0x36, 0x62, 0x65, 0x35, 0x37, 0x37, 0x36, 
    0x32, 0x32, 0x2d, 0x63, 0x67, 0x75, 0x2e, 0x31, 0x32, 0x00, 0x24, 0x78, 
    0x00, 0x24, 0x64, 0x00, 0x63, 0x6f, 0x6d, 0x70, 0x69, 0x6c, 0x65, 0x72, 
    0x5f, 0x62, 0x75, 0x69, 0x6c, 0x74, 0x69, 0x6e, 0x73, 0x2e, 0x36, 0x30, 
    0x37, 0x62, 0x38, 0x37, 0x36, 0x62, 0x65, 0x35, 0x37, 0x37, 0x36, 0x32, 
    0x32, 0x2d, 0x63, 0x67, 0x75, 0x2e, 0x31, 0x33, 0x00, 0x24, 0x64, 0x00, 
    0x63, 0x6f, 0x6d, 0x70, 0x69, 0x6c, 0x65, 0x72, 0x5f, 0x62, 0x75, 0x69, 
    0x6c, 0x74, 0x69, 0x6e, 0x73, 0x2e, 0x36, 0x30, 0x37, 0x62, 0x38, 0x37, 
    0x36, 0x62, 0x65, 0x35, 0x37, 0x37, 0x36, 0x32, 0x32, 0x2d, 0x63, 0x67, 
    0x75, 0x2e, 0x31, 0x34, 0x00, 0x24, 0x64, 0x00, 0x63, 0x6f, 0x6d, 0x70, 
    0x69, 0x6c, 0x65, 0x72, 0x5f, 0x62, 0x75, 0x69, 0x6c, 0x74, 0x69, 0x6e, 
    0x73, 0x2e, 0x36, 0x30, 0x37, 0x62, 0x38, 0x37, 0x36, 0x62, 0x65, 0x35, 
    0x37, 0x37, 0x36, 0x32, 0x32, 0x2d, 0x63, 0x67, 0x75, 0x2e, 0x31, 0x35, 
    0x00, 0x24, 0x78, 0x00, 0x24, 0x64, 0x00, 0x5f, 0x73, 0x74, 0x61, 0x72, 
    0x74, 0x00, 0x6d, 0x61, 0x69, 0x6e, 0x00, 0x5f, 0x52, 0x49, 0x4e, 0x76, 
    0x4e, 0x74, 0x43, 0x73, 0x6a, 0x75, 0x65, 0x6c, 0x76, 0x63, 0x4a, 0x38, 
    0x4a, 0x68, 0x35, 0x5f, 0x34, 0x63, 0x6f, 0x72, 0x65, 0x35, 0x73, 0x6c, 
    0x69, 0x63, 0x65, 0x32, 0x30, 0x63, 0x6f, 0x70, 0x79, 0x5f, 0x66, 0x72, 
    0x6f, 0x6d, 0x5f, 0x73, 0x6c, 0x69, 0x63, 0x65, 0x5f, 0x69, 0x6d, 0x70, 
    0x6c, 0x68, 0x45, 0x43, 0x73, 0x77, 0x36, 0x36, 0x64, 0x78, 0x50, 0x53, 
    0x73, 0x30, 0x67, 0x5f, 0x31, 0x37, 0x63, 0x6f, 0x6d, 0x70, 0x69, 0x6c, 
    0x65, 0x72, 0x5f, 0x62, 0x75, 0x69, 0x6c, 0x74, 0x69, 0x6e, 0x73, 0x00, 
    0x6d, 0x65, 0x6d, 0x73, 0x65, 0x74, 0x00, 0x6d, 0x65, 0x6d, 0x63, 0x70, 
    0x79, 0x00, 0x5f, 0x52, 0x4e, 0x76, 0x4e, 0x74, 0x43, 0x73, 0x77, 0x36, 
    0x36, 0x64, 0x78, 0x50, 0x53, 0x73, 0x30, 0x67, 0x5f, 0x31, 0x37, 0x63, 
    0x6f, 0x6d, 0x70, 0x69, 0x6c, 0x65, 0x72, 0x5f, 0x62, 0x75, 0x69, 0x6c, 
    0x74, 0x69, 0x6e, 0x73, 0x33, 0x6d, 0x65, 0x6d, 0x36, 0x6d, 0x65, 0x6d, 
    0x63, 0x70, 0x79, 0x00, 0x5f, 0x52, 0x4e, 0x76, 0x4e, 0x74, 0x43, 0x73, 
    0x77, 0x36, 0x36, 0x64, 0x78, 0x50, 0x53, 0x73, 0x30, 0x67, 0x5f, 0x31, 
    0x37, 0x63, 0x6f, 0x6d, 0x70, 0x69, 0x6c, 0x65, 0x72, 0x5f, 0x62, 0x75, 
    0x69, 0x6c, 0x74, 0x69, 0x6e, 0x73, 0x33, 0x6d, 0x65, 0x6d, 0x36, 0x6d, 
    0x65, 0x6d, 0x73, 0x65, 0x74, 0x00, 0x5f, 0x52, 0x4e, 0x76, 0x4e, 0x74, 
    0x4e, 0x74, 0x43, 0x73, 0x77, 0x36, 0x36, 0x64, 0x78, 0x50, 0x53, 0x73, 
    0x30, 0x67, 0x5f, 0x31, 0x37, 0x63, 0x6f, 0x6d, 0x70, 0x69, 0x6c, 0x65, 
    0x72, 0x5f, 0x62, 0x75, 0x69, 0x6c, 0x74, 0x69, 0x6e, 0x73, 0x33, 0x6d, 
    0x65, 0x6d, 0x35, 0x69, 0x6d, 0x70, 0x6c, 0x73, 0x32, 0x30, 0x72, 0x65, 
    0x61, 0x64, 0x5f, 0x75, 0x73, 0x69, 0x7a, 0x65, 0x5f, 0x75, 0x6e, 0x61, 
    0x6c, 0x69, 0x67, 0x6e, 0x65, 0x64, 0x00, 0x55, 0x53, 0x45, 0x52, 0x5f, 
    0x42, 0x41, 0x53, 0x45, 0x00, 0x5f, 0x5f, 0x62, 0x73, 0x73, 0x5f, 0x73, 
    0x74, 0x61, 0x72, 0x74, 0x00, 0x5f, 0x5f, 0x62, 0x73, 0x73, 0x5f, 0x65, 
    0x6e, 0x64, 0x00, 0x00, 0x00, 0x00, 0x00, 0x00, 0x00, 0x00, 0x00, 0x00, 
    0x00, 0x00, 0x00, 0x00, 0x00, 0x00, 0x00, 0x00, 0x00, 0x00, 0x00, 0x00, 
    0x00, 0x00, 0x00, 0x00, 0x00, 0x00, 0x00, 0x00, 0x00, 0x00, 0x00, 0x00, 
    0x00, 0x00, 0x00, 0x00, 0x00, 0x00, 0x00, 0x00, 0x00, 0x00, 0x00, 0x00, 
    0x00, 0x00, 0x00, 0x00, 0x00, 0x00, 0x00, 0x00, 0x00, 0x00, 0x00, 0x00, 
    0x00, 0x00, 0x00, 0x00, 0x00, 0x00, 0x00, 0x00, 0x00, 0x00, 0x00, 0x00, 
    0x01, 0x00, 0x00, 0x00, 0x01, 0x00, 0x00, 0x00, 0x06, 0x00, 0x00, 0x00, 
    0x00, 0x00, 0x00, 0x00, 0x00, 0x00, 0x01, 0x40, 0x00, 0x00, 0x00, 0x00, 
    0x20, 0x01, 0x00, 0x00, 0x00, 0x00, 0x00, 0x00, 0xe4, 0x80, 0x00, 0x00, 
    0x00, 0x00, 0x00, 0x00, 0x00, 0x00, 0x00, 0x00, 0x00, 0x00, 0x00, 0x00, 
    0x04, 0x00, 0x00, 0x00, 0x00, 0x00, 0x00, 0x00, 0x00, 0x00, 0x00, 0x00, 
    0x00, 0x00, 0x00, 0x00, 0x07, 0x00, 0x00, 0x00, 0x01, 0x00, 0x00, 0x00, 
    0x32, 0x00, 0x00, 0x00, 0x00, 0x00, 0x00, 0x00, 0x00, 0x90, 0x01, 0x40, 
    0x00, 0x00, 0x00, 0x00, 0x00, 0x90, 0x00, 0x00, 0x00, 0x00, 0x00, 0x00, 
    0x30, 0x2b, 0x00, 0x00, 0x00, 0x00, 0x00, 0x00, 0x00, 0x00, 0x00, 0x00, 
    0x00, 0x00, 0x00, 0x00, 0x00, 0x10, 0x00, 0x00, 0x00, 0x00, 0x00, 0x00, 
    0x00, 0x00, 0x00, 0x00, 0x00, 0x00, 0x00, 0x00, 0x0f, 0x00, 0x00, 0x00, 
    0x01, 0x00, 0x00, 0x00, 0x03, 0x00, 0x00, 0x00, 0x00, 0x00, 0x00, 0x00, 
    0x00, 0xc0, 0x01, 0x40, 0x00, 0x00, 0x00, 0x00, 0x00, 0xc0, 0x00, 0x00, 
    0x00, 0x00, 0x00, 0x00, 0x00, 0x02, 0x00, 0x00, 0x00, 0x00, 0x00, 0x00, 
    0x00, 0x00, 0x00, 0x00, 0x00, 0x00, 0x00, 0x00, 0x00, 0x10, 0x00, 0x00, 
    0x00, 0x00, 0x00, 0x00, 0x00, 0x00, 0x00, 0x00, 0x00, 0x00, 0x00, 0x00, 
    0x15, 0x00, 0x00, 0x00, 0x08, 0x00, 0x00, 0x00, 0x03, 0x00, 0x00, 0x00, 
    0x00, 0x00, 0x00, 0x00, 0x00, 0xd0, 0x01, 0x40, 0x00, 0x00, 0x00, 0x00, 
    0x00, 0xc2, 0x00, 0x00, 0x00, 0x00, 0x00, 0x00, 0x28, 0x80, 0x00, 0x00, 
    0x00, 0x00, 0x00, 0x00, 0x00, 0x00, 0x00, 0x00, 0x00, 0x00, 0x00, 0x00, 
    0x00, 0x10, 0x00, 0x00, 0x00, 0x00, 0x00, 0x00, 0x00, 0x00, 0x00, 0x00, 
    0x00, 0x00, 0x00, 0x00, 0x1a, 0x00, 0x00, 0x00, 0x02, 0x00, 0x00, 0x00, 
    0x00, 0x00, 0x00, 0x00, 0x00, 0x00, 0x00, 0x00, 0x00, 0x00, 0x00, 0x00, 
    0x00, 0x00, 0x00, 0x00, 0x00, 0xc2, 0x00, 0x00, 0x00, 0x00, 0x00, 0x00, 
    0x28, 0x50, 0x00, 0x00, 0x00, 0x00, 0x00, 0x00, 0x07, 0x00, 0x00, 0x00, 
    0x52, 0x03, 0x00, 0x00, 0x08, 0x00, 0x00, 0x00, 0x00, 0x00, 0x00, 0x00, 
    0x18, 0x00, 0x00, 0x00, 0x00, 0x00, 0x00, 0x00, 0x22, 0x00, 0x00, 0x00, 
    0x03, 0x00, 0x00, 0x00, 0x00, 0x00, 0x00, 0x00, 0x00, 0x00, 0x00, 0x00, 
    0x00, 0x00, 0x00, 0x00, 0x00, 0x00, 0x00, 0x00, 0x28, 0x12, 0x01, 0x00, 
    0x00, 0x00, 0x00, 0x00, 0x34, 0x00, 0x00, 0x00, 0x00, 0x00, 0x00, 0x00, 
    0x00, 0x00, 0x00, 0x00, 0x00, 0x00, 0x00, 0x00, 0x01, 0x00, 0x00, 0x00, 
    0x00, 0x00, 0x00, 0x00, 0x00, 0x00, 0x00, 0x00, 0x00, 0x00, 0x00, 0x00, 
    0x2c, 0x00, 0x00, 0x00, 0x03, 0x00, 0x00, 0x00, 0x00, 0x00, 0x00, 0x00, 
    0x00, 0x00, 0x00, 0x00, 0x00, 0x00, 0x00, 0x00, 0x00, 0x00, 0x00, 0x00, 
    0x5c, 0x12, 0x01, 0x00, 0x00, 0x00, 0x00, 0x00, 0xbf, 0x43, 0x00, 0x00, 
    0x00, 0x00, 0x00, 0x00, 0x00, 0x00, 0x00, 0x00, 0x00, 0x00, 0x00, 0x00, 
    0x01, 0x00, 0x00, 0x00, 0x00, 0x00, 0x00, 0x00, 0x00, 0x00, 0x00, 0x00, 
    0x00, 0x00, 0x00, 0x00, 
];
