//! Auto-generated ELF binary for probed
//! Generated by cargo xtask

#[rustfmt::skip]
pub static PROBED_ELF: &[u8] = &[
    0x7f, 0x45, 0x4c, 0x46, 0x02, 0x01, 0x01, 0x00, 0x00, 0x00, 0x00, 0x00, 
    0x00, 0x00, 0x00, 0x00, 0x02, 0x00, 0xb7, 0x00, 0x01, 0x00, 0x00, 0x00, 
    0x00, 0x00, 0x01, 0x40, 0x00, 0x00, 0x00, 0x00, 0x40, 0x00, 0x00, 0x00, 
    0x00, 0x00, 0x00, 0x00, 0x78, 0x49, 0x00, 0x00, 0x00, 0x00, 0x00, 0x00, 
    0x00, 0x00, 0x00, 0x00, 0x40, 0x00, 0x38, 0x00, 0x04, 0x00, 0x40, 0x00, 
    0x07, 0x00, 0x05, 0x00, 0x01, 0x00, 0x00, 0x00, 0x05, 0x00, 0x00, 0x00, 
    0x20, 0x01, 0x00, 0x00, 0x00, 0x00, 0x00, 0x00, 0x00, 0x00, 0x01, 0x40, 
    0x00, 0x00, 0x00, 0x00, 0x00, 0x00, 0x01, 0x40, 0x00, 0x00, 0x00, 0x00, 
    0xfc, 0x13, 0x00, 0x00, 0x00, 0x00, 0x00, 0x00, 0xfc, 0x13, 0x00, 0x00, 
    0x00, 0x00, 0x00, 0x00, 0x04, 0x00, 0x00, 0x00, 0x00, 0x00, 0x00, 0x00, 
    0x01, 0x00, 0x00, 0x00, 0x04, 0x00, 0x00, 0x00, 0x00, 0x20, 0x00, 0x00, 
    0x00, 0x00, 0x00, 0x00, 0x00, 0x20, 0x01, 0x40, 0x00, 0x00, 0x00, 0x00, 
    0x00, 0x20, 0x01, 0x40, 0x00, 0x00, 0x00, 0x00, 0xe8, 0x06, 0x00, 0x00, 
    0x00, 0x00, 0x00, 0x00, 0xe8, 0x06, 0x00, 0x00, 0x00, 0x00, 0x00, 0x00, 
    0x00, 0x10, 0x00, 0x00, 0x00, 0x00, 0x00, 0x00, 0x01, 0x00, 0x00, 0x00, 
    0x06, 0x00, 0x00, 0x00, 0x00, 0x30, 0x00, 0x00, 0x00, 0x00, 0x00, 0x00, 
    0x00, 0x30, 0x01, 0x40, 0x00, 0x00, 0x00, 0x00, 0x00, 0x30, 0x01, 0x40, 
    0x00, 0x00, 0x00, 0x00, 0x00, 0x00, 0x00, 0x00, 0x00, 0x00, 0x00, 0x00, 
    0x28, 0x80, 0x00, 0x00, 0x00, 0x00, 0x00, 0x00, 0x00, 0x10, 0x00, 0x00, 
    0x00, 0x00, 0x00, 0x00, 0x51, 0xe5, 0x74, 0x64, 0x06, 0x00, 0x00, 0x00, 
    0x00, 0x00, 0x00, 0x00, 0x00, 0x00, 0x00, 0x00, 0x00, 0x00, 0x00, 0x00, 
    0x00, 0x00, 0x00, 0x00, 0x00, 0x00, 0x00, 0x00, 0x00, 0x00, 0x00, 0x00, 
    0x00, 0x00, 0x00, 0x00, 0x00, 0x00, 0x00, 0x00, 0x00, 0x00, 0x00, 0x00, 
    0x00, 0x00, 0x00, 0x00, 0x00, 0x00, 0x00, 0x00, 0x00, 0x00, 0x00, 0x00, 
    0x97, 0x00, 0x00, 0x94, 0x08, 0x00, 0x80, 0xd2, 0x01, 0x00, 0x00, 0xd4, 
    0x00, 0x00, 0x00, 0x14, 0xe1, 0x03, 0x00, 0xaa, 0x20, 0x02, 0x80, 0x52, 
    0x88, 0x0c, 0x80, 0x52, 0x02, 0x04, 0x80, 0x52, 0x01, 0x00, 0x00, 0xd4, 
    0x40, 0x00, 0xf8, 0xb7, 0xc0, 0x03, 0x5f, 0xd6, 0xfd, 0x7b, 0xbf, 0xa9, 
    0xff, 0x43, 0x08, 0xd1, 0x1f, 0x20, 0x03, 0xd5, 0x82, 0xfe, 0x00, 0x50, 
    0xe0, 0x23, 0x00, 0x91, 0xe1, 0x03, 0x1f, 0x2a, 0x23, 0x02, 0x80, 0x52, 
    0xe4, 0x03, 0x1f, 0x2a, 0x06, 0x00, 0x00, 0x94, 0xe0, 0x23, 0x00, 0x91, 
    0xd1, 0x02, 0x00, 0x94, 0xff, 0x43, 0x08, 0x91, 0xfd, 0x7b, 0xc1, 0xa8, 
    0xc0, 0x03, 0x5f, 0xd6, 0xfd, 0x0f, 0x1c, 0xf8, 0xfe, 0x5f, 0x01, 0xa9, 
    0x82, 0x04, 0x00, 0x94, 0xff, 0x43, 0x08, 0xd1, 0xf6, 0x03, 0x02, 0xaa, 
    0xf7, 0x03, 0x01, 0x2a, 0xf3, 0x03, 0x00, 0xaa, 0xe0, 0x23, 0x00, 0x91, 
    0xe1, 0x03, 0x1f, 0x2a, 0x02, 0x40, 0x80, 0x52, 0xf4, 0x03, 0x04, 0x2a, 
    0xf5, 0x03, 0x03, 0xaa, 0xd9, 0x04, 0x00, 0x94, 0x08, 0x01, 0x80, 0x52, 
    0x4a, 0x00, 0x00, 0xf0, 0xe8, 0x07, 0x01, 0xf9, 0x28, 0xe0, 0x3b, 0xd5, 
    0x09, 0xe0, 0x3b, 0xd5, 0x4a, 0x11, 0x40, 0xf9, 0x0a, 0x01, 0x00, 0xb4, 
    0x3f, 0x9d, 0x0f, 0xf1, 0x08, 0x01, 0x0a, 0xcb, 0x88, 0x01, 0x00, 0x54, 
    0x09, 0xb8, 0x8b, 0x52, 0x00, 0x01, 0x80, 0x52, 0x08, 0x09, 0xc9, 0x9a, 
    0x10, 0x00, 0x00, 0x14, 0x1f, 0x20, 0x03, 0xd5, 0x69, 0x7a, 0x05, 0x10, 
    0x2a, 0x7d, 0x5f, 0xc8, 0x2a, 0x01, 0x00, 0xb5, 0x28, 0xfd, 0x0a, 0xc8, 
    0xaa, 0xff, 0xff, 0x35, 0x07, 0x00, 0x00, 0x14, 0x0a, 0x7d, 0x80, 0x52, 
    0x00, 0x01, 0x80, 0x52, 0x29, 0x09, 0xca, 0x9a, 0x08, 0x09, 0xc9, 0x9a, 
    0x04, 0x00, 0x00, 0x14, 0x5f, 0x3f, 0x03, 0xd5, 0xe0, 0x07, 0x41, 0xf9, 
    0xe8, 0x03, 0x1f, 0x2a, 0x09, 0x7d, 0x08, 0x53, 0xe8, 0x2b, 0x00, 0x39, 
    0x0a, 0x7d, 0x10, 0x53, 0x08, 0x7d, 0x18, 0x53, 0x1f, 0x00, 0x08, 0xf1, 
    0xf7, 0x3b, 0x00, 0x39, 0xe9, 0x2f, 0x00, 0x39, 0xea, 0x33, 0x00, 0x39, 
    0xe8, 0x37, 0x00, 0x39, 0xff, 0x3f, 0x00, 0x39, 0xa2, 0x07, 0x00, 0x54, 
    0xf7, 0x23, 0x00, 0x91, 0xc8, 0x00, 0x80, 0x52, 0x1f, 0x20, 0x03, 0xd5, 
    0x63, 0x1f, 0x01, 0x10, 0xe8, 0x6a, 0x20, 0x38, 0xe0, 0x23, 0x00, 0x91, 
    0xe8, 0x07, 0x41, 0xf9, 0x01, 0x05, 0x00, 0x91, 0x02, 0x1d, 0x00, 0x91, 
    0x3e, 0x04, 0x00, 0x94, 0x1f, 0x20, 0x03, 0xd5, 0x02, 0xf5, 0x00, 0x10, 
    0x1f, 0x20, 0x03, 0xd5, 0xe4, 0x1e, 0x01, 0x10, 0xc3, 0x00, 0x80, 0x52, 
    0x71, 0x02, 0x00, 0x94, 0xe8, 0x07, 0x41, 0xf9, 0x00, 0x19, 0x00, 0x91, 
    0x1f, 0x00, 0x08, 0xf1, 0xe0, 0x07, 0x01, 0xf9, 0x62, 0x05, 0x00, 0x54, 
    0xf5, 0x6a, 0x20, 0x38, 0x1f, 0x20, 0x03, 0xd5, 0x23, 0x19, 0x01, 0x10, 
    0xe8, 0x07, 0x41, 0xf9, 0xe0, 0x23, 0x00, 0x91, 0x01, 0x05, 0x00, 0x91, 
    0x22, 0x00, 0x15, 0x8b, 0x2b, 0x04, 0x00, 0x94, 0x1f, 0x20, 0x03, 0xd5, 
    0x04, 0x19, 0x01, 0x10, 0xe2, 0x03, 0x16, 0xaa, 0xe3, 0x03, 0x15, 0xaa, 
    0x5f, 0x02, 0x00, 0x94, 0xe8, 0x07, 0x41, 0xf9, 0x00, 0x01, 0x15, 0x8b, 
    0x1f, 0x00, 0x08, 0xf1, 0xe0, 0x07, 0x01, 0xf9, 0x82, 0x03, 0x00, 0x54, 
    0xe8, 0x23, 0x00, 0x91, 0x1f, 0x69, 0x20, 0x38, 0xe9, 0x07, 0x41, 0xf9, 
    0x20, 0x05, 0x00, 0x91, 0x1f, 0x00, 0x08, 0xf1, 0xe0, 0x07, 0x01, 0xf9, 
    0x02, 0x03, 0x00, 0x54, 0x14, 0x69, 0x20, 0x38, 0xe1, 0x23, 0x00, 0x91, 
    0xe0, 0x03, 0x13, 0xaa, 0xe8, 0x07, 0x41, 0xf9, 0x02, 0x41, 0x80, 0x52, 
    0x08, 0x05, 0x00, 0x91, 0xe8, 0x07, 0x01, 0xf9, 0x7a, 0x04, 0x00, 0x94, 
    0xff, 0x43, 0x08, 0x91, 0xf4, 0x4f, 0x43, 0xa9, 0xf6, 0x57, 0x42, 0xa9, 
    0xfe, 0x5f, 0x41, 0xa9, 0xfd, 0x07, 0x44, 0xf8, 0xc0, 0x03, 0x5f, 0xd6, 
    0x1f, 0x20, 0x03, 0xd5, 0x62, 0x17, 0x01, 0x10, 0x09, 0x00, 0x00, 0x14, 
    0x1f, 0x20, 0x03, 0xd5, 0x42, 0x13, 0x01, 0x10, 0x06, 0x00, 0x00, 0x14, 
    0x1f, 0x20, 0x03, 0xd5, 0xa2, 0x19, 0x01, 0x10, 0x03, 0x00, 0x00, 0x14, 
    0x1f, 0x20, 0x03, 0xd5, 0x82, 0x18, 0x01, 0x10, 0x01, 0x40, 0x80, 0x52, 
    0xb1, 0x01, 0x00, 0x94, 0xfd, 0x0f, 0x1e, 0xf8, 0xfe, 0x4f, 0x01, 0xa9, 
    0xff, 0x83, 0x18, 0xd1, 0xff, 0x03, 0x00, 0xf9, 0x1f, 0x20, 0x03, 0xd5, 
    0x82, 0xef, 0x00, 0x10, 0xe0, 0x23, 0x00, 0x91, 0x41, 0x00, 0x80, 0x52, 
    0x03, 0x01, 0x80, 0x52, 0x24, 0x00, 0x80, 0x52, 0x53, 0x00, 0x80, 0x52, 
    0x77, 0xff, 0xff, 0x97, 0xe0, 0x07, 0x41, 0xf9, 0x08, 0xc4, 0x07, 0xd1, 
    0x1f, 0x05, 0x08, 0xb1, 0xa3, 0x06, 0x00, 0x54, 0x1f, 0xfc, 0x07, 0xf1, 
    0x08, 0x0c, 0x00, 0x54, 0xe8, 0x23, 0x00, 0x91, 0x89, 0x00, 0x80, 0x52, 
    0x09, 0x69, 0x20, 0x38, 0xe9, 0x07, 0x41, 0xf9, 0x20, 0x05, 0x00, 0x91, 
    0x1f, 0x00, 0x08, 0xf1, 0xe0, 0x07, 0x01, 0xf9, 0x62, 0x0b, 0x00, 0x54, 
    0xa9, 0x00, 0x80, 0x52, 0x09, 0x69, 0x20, 0x38, 0x1f, 0x20, 0x03, 0xd5, 
    0x43, 0x09, 0x01, 0x10, 0xe8, 0x07, 0x41, 0xf9, 0xe0, 0x23, 0x00, 0x91, 
    0x01, 0x05, 0x00, 0x91, 0x02, 0x15, 0x00, 0x91, 0xdc, 0x03, 0x00, 0x94, 
    0x1f, 0x20, 0x03, 0xd5, 0xe2, 0xeb, 0x00, 0x10, 0x1f, 0x20, 0x03, 0xd5, 
    0xe4, 0x08, 0x01, 0x10, 0x83, 0x00, 0x80, 0x52, 0x0f, 0x02, 0x00, 0x94, 
    0xe8, 0x07, 0x41, 0xf9, 0x00, 0x11, 0x00, 0x91, 0x1f, 0x04, 0x08, 0xf1, 
    0xe0, 0x07, 0x01, 0xf9, 0xe2, 0x07, 0x00, 0x54, 0x1f, 0xf1, 0x07, 0xf1, 
    0x20, 0x09, 0x00, 0x54, 0x89, 0x3f, 0x80, 0x52, 0xea, 0x23, 0x00, 0x91, 
    0x1f, 0x20, 0x03, 0xd5, 0xc4, 0x14, 0x01, 0x10, 0x23, 0x01, 0x08, 0xcb, 
    0x28, 0x01, 0x80, 0x52, 0x48, 0x69, 0x20, 0x38, 0x42, 0x01, 0x00, 0x8b, 
    0x20, 0x00, 0x80, 0x52, 0x41, 0x01, 0x80, 0x52, 0x08, 0x02, 0x00, 0x94, 
    0x1f, 0x20, 0x03, 0xd5, 0x02, 0xe9, 0x00, 0x10, 0x1f, 0x20, 0x03, 0xd5, 
    0x24, 0x14, 0x01, 0x10, 0x23, 0x01, 0x80, 0x52, 0xf7, 0x01, 0x00, 0x94, 
    0xe8, 0x07, 0x41, 0xf9, 0x08, 0x29, 0x00, 0x91, 0xe8, 0x07, 0x01, 0xf9, 
    0xe0, 0x43, 0x08, 0x91, 0xe1, 0x23, 0x00, 0x91, 0x02, 0x41, 0x80, 0x52, 
    0x1f, 0x04, 0x00, 0x94, 0xe0, 0x43, 0x08, 0x91, 0x06, 0x02, 0x00, 0x94, 
    0x1f, 0x20, 0x03, 0xd5, 0xc0, 0xe5, 0x00, 0x10, 0x21, 0xff, 0xff, 0x97, 
    0x00, 0x00, 0x00, 0xd0, 0x00, 0x80, 0x00, 0x91, 0x1e, 0xff, 0xff, 0x97, 
    0xa8, 0x00, 0x80, 0x52, 0xe0, 0x43, 0x08, 0x91, 0xff, 0x0f, 0x01, 0xf9, 
    0xe8, 0x13, 0x02, 0xb9, 0x9a, 0x03, 0x00, 0x94, 0xe0, 0x43, 0x08, 0x91, 
    0xf3, 0x13, 0x02, 0xb9, 0xff, 0x0f, 0x01, 0xf9, 0x96, 0x03, 0x00, 0x94, 
    0xc8, 0x00, 0x80, 0x52, 0xe0, 0x43, 0x08, 0x91, 0xff, 0x0f, 0x01, 0xf9, 
    0xe8, 0x13, 0x02, 0xb9, 0x91, 0x03, 0x00, 0x94, 0x1f, 0x20, 0x03, 0xd5, 
    0xe2, 0xe4, 0x00, 0x30, 0xe0, 0x63, 0x10, 0x91, 0x81, 0x00, 0x80, 0x52, 
    0x43, 0x02, 0x80, 0x52, 0xe4, 0x03, 0x1f, 0x2a, 0x1e, 0xff, 0xff, 0x97, 
    0xe0, 0x63, 0x10, 0x91, 0xe9, 0x01, 0x00, 0x94, 0x69, 0x02, 0x00, 0x94, 
    0xff, 0x83, 0x18, 0x91, 0xfe, 0x4f, 0x41, 0xa9, 0xfd, 0x07, 0x42, 0xf8, 
    0xc0, 0x03, 0x5f, 0xd6, 0x1f, 0x20, 0x03, 0xd5, 0xc3, 0x00, 0x01, 0x10, 
    0x01, 0x40, 0x80, 0x52, 0x02, 0x40, 0x80, 0x52, 0x0d, 0x00, 0x00, 0x94, 
    0x1f, 0x20, 0x03, 0xd5, 0x22, 0xfd, 0x00, 0x10, 0x03, 0x00, 0x00, 0x14, 
    0x1f, 0x20, 0x03, 0xd5, 0x82, 0xfd, 0x00, 0x10, 0x01, 0x40, 0x80, 0x52, 
    0x39, 0x01, 0x00, 0x94, 0x1f, 0x20, 0x03, 0xd5, 0x42, 0x0b, 0x01, 0x10, 
    0xe0, 0x03, 0x1f, 0xaa, 0xe1, 0x03, 0x1f, 0xaa, 0x34, 0x01, 0x00, 0x94, 
    0xfe, 0x0f, 0x1f, 0xf8, 0x1f, 0x00, 0x02, 0xeb, 0x89, 0x00, 0x00, 0x54, 
    0xe1, 0x03, 0x02, 0xaa, 0xe2, 0x03, 0x03, 0xaa, 0x0f, 0x00, 0x00, 0x94, 
    0x3f, 0x00, 0x02, 0xeb, 0xa9, 0x00, 0x00, 0x54, 0xe0, 0x03, 0x01, 0xaa, 
    0xe1, 0x03, 0x02, 0xaa, 0xe2, 0x03, 0x03, 0xaa, 0x11, 0x00, 0x00, 0x94, 
    0x1f, 0x00, 0x01, 0xeb, 0x69, 0x00, 0x00, 0x54, 0xe2, 0x03, 0x03, 0xaa, 
    0x1d, 0x00, 0x00, 0x94, 0xe0, 0x03, 0x01, 0xaa, 0xe1, 0x03, 0x02, 0xaa, 
    0xe2, 0x03, 0x03, 0xaa, 0x11, 0x00, 0x00, 0x94, 0xff, 0x03, 0x01, 0xd1, 
    0xfe, 0x07, 0x03, 0xa9, 0xe1, 0x03, 0x1e, 0xaa, 0x6c, 0x03, 0x00, 0x94, 
    0xfe, 0x03, 0x01, 0xaa, 0x00, 0x00, 0x00, 0xd0, 0x00, 0xb4, 0x09, 0x91, 
    0x52, 0x03, 0x00, 0x94, 0xff, 0x03, 0x01, 0xd1, 0xfe, 0x07, 0x03, 0xa9, 
    0xe1, 0x03, 0x1e, 0xaa, 0x64, 0x03, 0x00, 0x94, 0xfe, 0x03, 0x01, 0xaa, 
    0x00, 0x00, 0x00, 0xd0, 0x00, 0xd8, 0x08, 0x91, 0x4a, 0x03, 0x00, 0x94, 
    0xff, 0x03, 0x01, 0xd1, 0xfe, 0x07, 0x03, 0xa9, 0xe1, 0x03, 0x1e, 0xaa, 
    0x5c, 0x03, 0x00, 0x94, 0xfe, 0x03, 0x01, 0xaa, 0x00, 0x00, 0x00, 0xd0, 
    0x00, 0xd8, 0x08, 0x91, 0x42, 0x03, 0x00, 0x94, 0xff, 0x03, 0x01, 0xd1, 
    0xfe, 0x07, 0x03, 0xa9, 0xe1, 0x03, 0x1e, 0xaa, 0x54, 0x03, 0x00, 0x94, 
    0xfe, 0x03, 0x01, 0xaa, 0x00, 0x00, 0x00, 0xd0, 0x00, 0x5c, 0x06, 0x91, 
    0x3a, 0x03, 0x00, 0x94, 0xff, 0x03, 0x02, 0xd1, 0xfd, 0x7b, 0x02, 0xa9, 
    0xfc, 0x6f, 0x03, 0xa9, 0xfa, 0x67, 0x04, 0xa9, 0xf8, 0x5f, 0x05, 0xa9, 
    0xf6, 0x57, 0x06, 0xa9, 0xf4, 0x4f, 0x07, 0xa9, 0x09, 0x00, 0x40, 0xf9, 
    0xf3, 0x03, 0x01, 0xaa, 0x0a, 0x02, 0x80, 0x52, 0x0c, 0xe2, 0x84, 0x52, 
    0x8d, 0x0c, 0x80, 0x52, 0xee, 0x33, 0x00, 0x91, 0x1f, 0x20, 0x03, 0xd5, 
    0x48, 0xed, 0x00, 0x10, 0xeb, 0x03, 0x09, 0xaa, 0x7f, 0x9d, 0x0f, 0xf1, 
    0xc9, 0x02, 0x00, 0x54, 0x5f, 0x51, 0x00, 0xf1, 0xc2, 0x10, 0x00, 0x54, 
    0x6f, 0x09, 0xcc, 0x9a, 0xd2, 0x01, 0x0a, 0x8b, 0x4a, 0x11, 0x00, 0xd1, 
    0xeb, 0xad, 0x0c, 0x1b, 0x70, 0x3d, 0x00, 0x12, 0x10, 0x0a, 0xcd, 0x1a, 
    0x0b, 0xae, 0x0d, 0x1b, 0x10, 0x45, 0x30, 0x8b, 0x11, 0x02, 0x40, 0x39, 
    0x10, 0x06, 0x40, 0x39, 0x0b, 0x25, 0x2b, 0x8b, 0x51, 0x02, 0x00, 0x39, 
    0x71, 0x01, 0x40, 0x39, 0x6b, 0x05, 0x40, 0x39, 0x50, 0x06, 0x00, 0x39, 
    0x51, 0x0a, 0x00, 0x39, 0x4b, 0x0e, 0x00, 0x39, 0xeb, 0x03, 0x0f, 0xaa, 
    0xea, 0xff, 0xff, 0x17, 0x7f, 0x25, 0x00, 0xf1, 0x5a, 0x11, 0x00, 0x91, 
    0xe9, 0x01, 0x00, 0x54, 0x6a, 0x3d, 0x00, 0x12, 0x8c, 0x0c, 0x80, 0x52, 
    0xee, 0x33, 0x00, 0x91, 0x4a, 0x09, 0xcc, 0x1a, 0xcf, 0x01, 0x1a, 0x8b, 
    0x4b, 0xad, 0x0c, 0x1b, 0x4c, 0x0b, 0x00, 0xd1, 0xfa, 0x03, 0x0c, 0xaa, 
    0x0b, 0x25, 0x2b, 0x8b, 0x6d, 0x01, 0x40, 0x39, 0x6b, 0x05, 0x40, 0x39, 
    0xcd, 0x69, 0x2c, 0x38, 0xeb, 0xf1, 0x1f, 0x38, 0xeb, 0x03, 0x0a, 0xaa, 
    0x49, 0x00, 0x00, 0xb4, 0xeb, 0x00, 0x00, 0xb4, 0x69, 0x0d, 0x7f, 0xd3, 
    0x5a, 0x07, 0x00, 0xd1, 0x08, 0x01, 0x09, 0x8b, 0xe9, 0x33, 0x00, 0x91, 
    0x08, 0x05, 0x40, 0x39, 0x28, 0x69, 0x3a, 0x38, 0x68, 0x12, 0x40, 0xb9, 
    0x89, 0x02, 0x80, 0x52, 0x7d, 0x2a, 0x40, 0x79, 0x34, 0x01, 0x1a, 0xcb, 
    0x2a, 0x02, 0xa0, 0x52, 0xfb, 0x33, 0x00, 0x91, 0x09, 0x01, 0x6b, 0x92, 
    0x15, 0x5d, 0x17, 0x53, 0x9c, 0x56, 0x49, 0x8b, 0x3f, 0x01, 0x00, 0x71, 
    0x69, 0x05, 0x80, 0x52, 0x56, 0x01, 0x89, 0x1a, 0x9f, 0x03, 0x1d, 0xeb, 
    0x42, 0x03, 0x00, 0x54, 0x68, 0x04, 0xc0, 0x37, 0xf8, 0x02, 0x00, 0x94, 
    0x1f, 0x40, 0x44, 0x71, 0x80, 0x07, 0x00, 0x54, 0x79, 0x4e, 0x40, 0xa9, 
    0xf7, 0x03, 0x00, 0x2a, 0xf8, 0x03, 0x01, 0x2a, 0xe2, 0x03, 0x16, 0x2a, 
    0xe3, 0x03, 0x15, 0xaa, 0xe0, 0x03, 0x19, 0xaa, 0xe1, 0x03, 0x13, 0xaa, 
    0x4e, 0x00, 0x00, 0x94, 0x60, 0x06, 0x00, 0x37, 0x68, 0x0e, 0x40, 0xf9, 
    0x61, 0x03, 0x1a, 0x8b, 0xe0, 0x03, 0x19, 0xaa, 0xe2, 0x03, 0x14, 0xaa, 
    0x00, 0x01, 0x3f, 0xd6, 0xa0, 0x05, 0x00, 0x37, 0xe0, 0x03, 0x17, 0x2a, 
    0xe1, 0x03, 0x18, 0x2a, 0xe2, 0x03, 0x19, 0xaa, 0xe3, 0x03, 0x13, 0xaa, 
    0x82, 0x00, 0x00, 0x94, 0x28, 0x00, 0x00, 0x14, 0x77, 0x4e, 0x40, 0xa9, 
    0xe2, 0x03, 0x16, 0x2a, 0xe3, 0x03, 0x15, 0xaa, 0xe0, 0x03, 0x17, 0xaa, 
    0xe1, 0x03, 0x13, 0xaa, 0x3b, 0x00, 0x00, 0x94, 0x00, 0x04, 0x00, 0x37, 
    0x68, 0x0e, 0x40, 0xf9, 0xd1, 0x02, 0x00, 0x94, 0x1e, 0x00, 0x00, 0x14, 
    0x78, 0xe6, 0x40, 0xa9, 0x08, 0xfc, 0xb3, 0x52, 0x09, 0x06, 0x80, 0x52, 
    0x77, 0x02, 0x40, 0xf9, 0xe2, 0x03, 0x16, 0x2a, 0x09, 0x00, 0xa4, 0x72, 
    0xe3, 0x03, 0x15, 0xaa, 0x28, 0x03, 0x08, 0x0a, 0xe0, 0x03, 0x17, 0xaa, 
    0xe1, 0x03, 0x18, 0xaa, 0x08, 0x01, 0x09, 0x2a, 0x68, 0x12, 0x00, 0xb9, 
    0x2a, 0x00, 0x00, 0x94, 0xe0, 0x01, 0x00, 0x37, 0xc8, 0x02, 0x00, 0x94, 
    0x1f, 0x40, 0x44, 0x71, 0x80, 0x01, 0x00, 0x54, 0x08, 0x0f, 0x40, 0xf9, 
    0xf5, 0x03, 0x00, 0x2a, 0xf6, 0x03, 0x01, 0x2a, 0xbb, 0x02, 0x00, 0x94, 
    0xe0, 0x00, 0x00, 0x37, 0xe0, 0x03, 0x15, 0x2a, 0xe1, 0x03, 0x16, 0x2a, 
    0xe2, 0x03, 0x17, 0xaa, 0xe3, 0x03, 0x18, 0xaa, 0x5c, 0x00, 0x00, 0x94, 
    0x40, 0x01, 0x00, 0x36, 0x20, 0x00, 0x80, 0x52, 0xf4, 0x4f, 0x47, 0xa9, 
    0xf6, 0x57, 0x46, 0xa9, 0xf8, 0x5f, 0x45, 0xa9, 0xfa, 0x67, 0x44, 0xa9, 
    0xfc, 0x6f, 0x43, 0xa9, 0xfd, 0x7b, 0x42, 0xa9, 0xff, 0x03, 0x02, 0x91, 
    0xc0, 0x03, 0x5f, 0xd6, 0xe0, 0x03, 0x1f, 0x2a, 0x79, 0x0a, 0x00, 0xf9, 
    0xf6, 0xff, 0xff, 0x17, 0x1f, 0x20, 0x03, 0xd5, 0x02, 0xdb, 0x00, 0x10, 
    0x60, 0x00, 0x80, 0x92, 0x81, 0x02, 0x80, 0x52, 0x62, 0x00, 0x00, 0x94, 
    0xff, 0x03, 0x01, 0xd1, 0xfe, 0x1b, 0x00, 0xf9, 0xe8, 0x23, 0x00, 0x91, 
    0xe0, 0x87, 0x00, 0xa9, 0xe0, 0x63, 0x00, 0x91, 0xe8, 0x8b, 0x01, 0xa9, 
    0x28, 0x00, 0x80, 0x52, 0xe8, 0x53, 0x00, 0x79, 0xb9, 0x01, 0x00, 0x94, 
    0xfe, 0x57, 0xbe, 0xa9, 0xf4, 0x4f, 0x01, 0xa9, 0xf3, 0x03, 0x03, 0xaa, 
    0xf4, 0x03, 0x01, 0xaa, 0x5f, 0x40, 0x44, 0x71, 0xf5, 0x03, 0x00, 0xaa, 
    0x00, 0x01, 0x00, 0x54, 0x88, 0x12, 0x40, 0xf9, 0xe0, 0x03, 0x15, 0xaa, 
    0xe1, 0x03, 0x02, 0x2a, 0x00, 0x01, 0x3f, 0xd6, 0x60, 0x00, 0x00, 0x36, 
    0x20, 0x00, 0x80, 0x52, 0x0a, 0x00, 0x00, 0x14, 0x13, 0x01, 0x00, 0xb4, 
    0x83, 0x0e, 0x40, 0xf9, 0xe1, 0x03, 0x13, 0xaa, 0xe0, 0x03, 0x15, 0xaa, 
    0xf4, 0x4f, 0x41, 0xa9, 0xe2, 0x03, 0x1f, 0xaa, 0xfe, 0x57, 0xc2, 0xa8, 
    0x60, 0x00, 0x1f, 0xd6, 0xe0, 0x03, 0x1f, 0x2a, 0xf4, 0x4f, 0x41, 0xa9, 
    0xfe, 0x57, 0xc2, 0xa8, 0xc0, 0x03, 0x5f, 0xd6, 0xfe, 0x0f, 0x1c, 0xf8, 
    0xf8, 0x5f, 0x01, 0xa9, 0x92, 0x02, 0x00, 0x94, 0x08, 0x10, 0x40, 0xb9, 
    0x1f, 0x20, 0x03, 0xd5, 0x4a, 0xbe, 0x00, 0x10, 0xf3, 0x03, 0x01, 0x2a, 
    0x09, 0x79, 0x1d, 0x53, 0x8b, 0x00, 0x00, 0x10, 0x4c, 0x69, 0x69, 0x38, 
    0x6b, 0x09, 0x0c, 0x8b, 0x60, 0x01, 0x1f, 0xd6, 0xf6, 0x03, 0x01, 0x2a, 
    0x04, 0x00, 0x00, 0x14, 0xf6, 0x03, 0x1f, 0x2a, 0x02, 0x00, 0x00, 0x14, 
    0x76, 0x3e, 0x01, 0x53, 0x15, 0x5c, 0x40, 0xa9, 0x14, 0x51, 0x00, 0x12, 
    0xf8, 0x03, 0x1f, 0x2a, 0x08, 0x3f, 0x00, 0x12, 0x1f, 0x21, 0x36, 0x6b, 
    0x22, 0x01, 0x00, 0x54, 0xe8, 0x12, 0x40, 0xf9, 0xe0, 0x03, 0x15, 0xaa, 
    0xe1, 0x03, 0x14, 0x2a, 0x18, 0x07, 0x00, 0x11, 0x00, 0x01, 0x3f, 0xd6, 
    0x00, 0xff, 0x07, 0x36, 0x34, 0x02, 0xa0, 0x52, 0x02, 0x00, 0x00, 0x14, 
    0x61, 0x02, 0x16, 0x4b, 0xe0, 0x03, 0x14, 0x2a, 0xf4, 0x4f, 0x43, 0xa9, 
    0xf6, 0x57, 0x42, 0xa9, 0xf8, 0x5f, 0x41, 0xa9, 0xfe, 0x07, 0x44, 0xf8, 
    0xc0, 0x03, 0x5f, 0xd6, 0xfe, 0x0f, 0x1c, 0xf8, 0xf8, 0x5f, 0x01, 0xa9, 
    0x6c, 0x02, 0x00, 0x94, 0xf3, 0x03, 0x03, 0xaa, 0xf4, 0x03, 0x02, 0xaa, 
    0xf5, 0x03, 0x00, 0x2a, 0xf8, 0x03, 0x1f, 0x2a, 0x36, 0x3c, 0x00, 0x12, 
    0xf7, 0x03, 0x18, 0x2a, 0x1f, 0x03, 0x16, 0x6b, 0xe2, 0x00, 0x00, 0x54, 
    0x68, 0x12, 0x40, 0xf9, 0xe0, 0x03, 0x14, 0xaa, 0xe1, 0x03, 0x15, 0x2a, 
    0xf8, 0x06, 0x00, 0x11, 0x00, 0x01, 0x3f, 0xd6, 0x00, 0xff, 0xff, 0x34, 
    0xff, 0x02, 0x16, 0x6b, 0xf4, 0x4f, 0x43, 0xa9, 0xf6, 0x57, 0x42, 0xa9, 
    0xe0, 0x27, 0x9f, 0x1a, 0xf8, 0x5f, 0x41, 0xa9, 0xfe, 0x07, 0x44, 0xf8, 
    0xc0, 0x03, 0x5f, 0xd6, 0xff, 0x03, 0x01, 0xd1, 0xfe, 0x07, 0x03, 0xa9, 
    0xe8, 0xe3, 0x00, 0x91, 0x1f, 0x20, 0x03, 0xd5, 0xa9, 0xdf, 0xff, 0x10, 
    0xe0, 0xa3, 0x00, 0xa9, 0xe8, 0x23, 0x00, 0x91, 0x00, 0x00, 0x00, 0xd0, 
    0x00, 0xfc, 0x06, 0x91, 0x31, 0x02, 0x00, 0x94, 0xff, 0xc3, 0x01, 0xd1, 
    0xfe, 0x13, 0x00, 0xf9, 0xfa, 0x67, 0x03, 0xa9, 0xf8, 0x5f, 0x04, 0xa9, 
    0xf6, 0x57, 0x05, 0xa9, 0xf4, 0x4f, 0x06, 0xa9, 0xf3, 0x03, 0x03, 0xaa, 
    0xf7, 0x03, 0x02, 0xaa, 0xf5, 0x03, 0x01, 0xaa, 0xf4, 0x03, 0x00, 0xaa, 
    0x33, 0x0a, 0x00, 0x37, 0xb8, 0x0e, 0x40, 0xf9, 0x1a, 0x04, 0x80, 0x52, 
    0xf9, 0x03, 0x1f, 0xaa, 0x1a, 0x00, 0xac, 0x72, 0xf6, 0x03, 0x17, 0xaa, 
    0xc2, 0x16, 0x40, 0x38, 0xa2, 0x0a, 0x00, 0x34, 0xa2, 0x00, 0x38, 0x37, 
    0xd7, 0x02, 0x02, 0x8b, 0xe0, 0x03, 0x14, 0xaa, 0xe1, 0x03, 0x16, 0xaa, 
    0x09, 0x00, 0x00, 0x14, 0x5f, 0x00, 0x02, 0x71, 0x41, 0x01, 0x00, 0x54, 
    0xe8, 0x0a, 0x40, 0x39, 0xe9, 0x06, 0x40, 0x39, 0xe1, 0x0e, 0x00, 0x91, 
    0xe0, 0x03, 0x14, 0xaa, 0x22, 0x21, 0x08, 0xaa, 0x37, 0x00, 0x02, 0x8b, 
    0x00, 0x03, 0x3f, 0xd6, 0xe0, 0xfd, 0x07, 0x36, 0x47, 0x00, 0x00, 0x14, 
    0x5f, 0x00, 0x03, 0x71, 0xa1, 0x00, 0x00, 0x54, 0x68, 0x12, 0x19, 0x8b, 
    0xfa, 0x0f, 0x00, 0xf9, 0x00, 0x21, 0x40, 0xa9, 0x29, 0x00, 0x00, 0x14, 
    0xa2, 0x01, 0x00, 0x37, 0x08, 0x04, 0x80, 0x52, 0x08, 0x00, 0xac, 0x72, 
    0x82, 0x02, 0x08, 0x36, 0xc9, 0x06, 0x40, 0x39, 0xca, 0x26, 0x40, 0x38, 
    0x49, 0x21, 0x09, 0xaa, 0x42, 0x02, 0x10, 0x36, 0xca, 0x06, 0x40, 0x39, 
    0xcb, 0x26, 0x40, 0x38, 0x6a, 0x21, 0x0a, 0xaa, 0x02, 0x02, 0x18, 0x37, 
    0x12, 0x00, 0x00, 0x14, 0xe8, 0x1e, 0x40, 0x38, 0xe9, 0x0a, 0x40, 0x39, 
    0xea, 0x06, 0x40, 0x39, 0xeb, 0x0e, 0x40, 0x39, 0xf6, 0x12, 0x00, 0x91, 
    0x29, 0xbd, 0x70, 0xd3, 0x08, 0x21, 0x0a, 0xaa, 0x29, 0x61, 0x0b, 0xaa, 
    0x28, 0x01, 0x08, 0xaa, 0xc2, 0xfd, 0x0f, 0x37, 0xe9, 0x03, 0x1f, 0xaa, 
    0x02, 0xfe, 0x17, 0x37, 0xea, 0x03, 0x1f, 0xaa, 0x82, 0x00, 0x18, 0x36, 
    0xcb, 0x06, 0x40, 0x39, 0xcc, 0x26, 0x40, 0x38, 0x99, 0x21, 0x0b, 0xaa, 
    0x22, 0x02, 0x20, 0x37, 0x62, 0x00, 0x28, 0x36, 0x6a, 0x12, 0x0a, 0x8b, 
    0x4a, 0x11, 0x40, 0x79, 0x29, 0x7d, 0x60, 0xd3, 0x29, 0xc1, 0x0a, 0xaa, 
    0x6a, 0x12, 0x19, 0x8b, 0x28, 0x01, 0x08, 0xaa, 0xe8, 0x0f, 0x00, 0xf9, 
    0x40, 0x21, 0x40, 0xa9, 0xe1, 0x23, 0x00, 0x91, 0xf4, 0xd7, 0x00, 0xa9, 
    0x00, 0x01, 0x3f, 0xd6, 0xa0, 0x02, 0x00, 0x37, 0x39, 0x07, 0x00, 0x91, 
    0xf7, 0x03, 0x16, 0xaa, 0xb9, 0xff, 0xff, 0x17, 0x69, 0x12, 0x09, 0x8b, 
    0x29, 0x11, 0x40, 0x79, 0xe2, 0xfd, 0x2f, 0x37, 0xf0, 0xff, 0xff, 0x17, 
    0x62, 0xfe, 0x41, 0xd3, 0xa3, 0x0e, 0x40, 0xf9, 0xe0, 0x03, 0x14, 0xaa, 
    0xe1, 0x03, 0x17, 0xaa, 0xf4, 0x4f, 0x46, 0xa9, 0xf6, 0x57, 0x45, 0xa9, 
    0xfe, 0x13, 0x40, 0xf9, 0xf8, 0x5f, 0x44, 0xa9, 0xfa, 0x67, 0x43, 0xa9, 
    0xff, 0xc3, 0x01, 0x91, 0x60, 0x00, 0x1f, 0xd6, 0xe0, 0x03, 0x1f, 0x2a, 
    0x02, 0x00, 0x00, 0x14, 0x20, 0x00, 0x80, 0x52, 0xf4, 0x4f, 0x46, 0xa9, 
    0xfe, 0x13, 0x40, 0xf9, 0xf6, 0x57, 0x45, 0xa9, 0xf8, 0x5f, 0x44, 0xa9, 
    0xfa, 0x67, 0x43, 0xa9, 0xff, 0xc3, 0x01, 0x91, 0xc0, 0x03, 0x5f, 0xd6, 
    0xfe, 0x0f, 0x1f, 0xf8, 0xe8, 0x03, 0x00, 0xaa, 0xe0, 0x03, 0x01, 0xaa, 
    0xe1, 0x03, 0x08, 0xaa, 0x01, 0x00, 0x00, 0x94, 0xff, 0x03, 0x01, 0xd1, 
    0xfe, 0x07, 0x03, 0xa9, 0xe1, 0x03, 0x1e, 0xaa, 0xce, 0x01, 0x00, 0x94, 
    0xfe, 0x03, 0x01, 0xaa, 0x00, 0x00, 0x00, 0xd0, 0x00, 0xf4, 0x04, 0x91, 
    0xb4, 0x01, 0x00, 0x94, 0xe8, 0x03, 0x01, 0xaa, 0x3f, 0x00, 0x03, 0xeb, 
    0x81, 0x00, 0x00, 0x54, 0xe1, 0x03, 0x02, 0xaa, 0xe2, 0x03, 0x08, 0xaa, 
    0x2a, 0x02, 0x00, 0x14, 0xfe, 0x0f, 0x1f, 0xf8, 0xe0, 0x03, 0x08, 0xaa, 
    0xe1, 0x03, 0x03, 0xaa, 0xe2, 0x03, 0x04, 0xaa, 0xe9, 0xff, 0xff, 0x97, 
    0x28, 0x00, 0x00, 0xeb, 0x22, 0x20, 0x43, 0xfa, 0x48, 0x00, 0x00, 0x54, 
    0xb0, 0x01, 0x00, 0x14, 0xfe, 0x0f, 0x1f, 0xf8, 0xb4, 0x01, 0x00, 0x94, 
    0xe8, 0x03, 0x00, 0xaa, 0xe4, 0x03, 0x03, 0xaa, 0xe0, 0x03, 0x01, 0xaa, 
    0xe1, 0x03, 0x02, 0xaa, 0xe2, 0x03, 0x08, 0xaa, 0x03, 0x40, 0x80, 0x52, 
    0xf4, 0xff, 0xff, 0x17, 0xfe, 0x0f, 0x1f, 0xf8, 0x08, 0x18, 0x40, 0x39, 
    0x01, 0x00, 0x41, 0xf9, 0x1f, 0x11, 0x00, 0x71, 0x01, 0x00, 0x00, 0x79, 
    0xe2, 0x00, 0x00, 0x54, 0x1f, 0x20, 0x03, 0xd5, 0x62, 0xca, 0x00, 0x10, 
    0x71, 0x00, 0x00, 0x94, 0xa8, 0x09, 0x80, 0x52, 0x01, 0x00, 0x00, 0xd4, 
    0x61, 0x00, 0x00, 0x14, 0x1f, 0x20, 0x03, 0xd5, 0xe2, 0xc8, 0x00, 0x10, 
    0x6b, 0x00, 0x00, 0x94, 0x29, 0x04, 0x00, 0xd1, 0x1f, 0x20, 0x03, 0xd5, 
    0x6a, 0x21, 0x01, 0x10, 0x3f, 0xfd, 0x07, 0xf1, 0xe8, 0x05, 0x00, 0x54, 
    0x4b, 0x00, 0x00, 0xf0, 0x6b, 0x61, 0x00, 0x91, 0xe8, 0x03, 0x00, 0xaa, 
    0x69, 0x11, 0x00, 0x91, 0x60, 0x01, 0x40, 0xb9, 0x2c, 0x1c, 0x00, 0x11, 
    0x29, 0xfd, 0xdf, 0x88, 0x8c, 0x1d, 0x7d, 0x92, 0x2d, 0x01, 0x00, 0xcb, 
    0x1f, 0x00, 0x09, 0x6b, 0xae, 0x21, 0x40, 0x91, 0xa9, 0x31, 0x8e, 0x9a, 
    0x3f, 0x01, 0x0c, 0xeb, 0x88, 0x04, 0x00, 0x54, 0xed, 0x03, 0x1f, 0xaa, 
    0x4e, 0x00, 0x00, 0xf0, 0xce, 0x71, 0x00, 0x91, 0x4f, 0x00, 0x00, 0xf0, 
    0xef, 0x21, 0x00, 0x91, 0xbf, 0x01, 0x0c, 0xeb, 0xa2, 0x03, 0x00, 0x54, 
    0x69, 0x05, 0x40, 0xb9, 0x70, 0x01, 0x40, 0xb9, 0x3f, 0x01, 0x10, 0x6b, 
    0x20, 0x03, 0x00, 0x54, 0x3f, 0x21, 0x40, 0x71, 0xe2, 0x08, 0x00, 0x54, 
    0x31, 0x05, 0x00, 0x11, 0x52, 0x69, 0x69, 0x38, 0x31, 0x3a, 0x40, 0x92, 
    0x51, 0x69, 0x71, 0x38, 0x51, 0x22, 0x11, 0x2a, 0x32, 0x06, 0x08, 0x51, 
    0x5f, 0x06, 0x08, 0x31, 0xc9, 0x01, 0x00, 0x54, 0x30, 0x1e, 0x00, 0x11, 
    0x10, 0x1e, 0x1d, 0x12, 0x29, 0x01, 0x10, 0x0b, 0x29, 0x39, 0x00, 0x12, 
    0xc9, 0xfd, 0x9f, 0x88, 0xe9, 0x7d, 0x5f, 0xc8, 0x29, 0x05, 0x00, 0x91, 
    0xe9, 0x7d, 0x11, 0xc8, 0xb1, 0xff, 0xff, 0x35, 0xad, 0x01, 0x10, 0x8b, 
    0xe6, 0xff, 0xff, 0x17, 0x08, 0x00, 0x90, 0x52, 0x17, 0x00, 0x00, 0x14, 
    0xd0, 0xfd, 0x9f, 0x88, 0xe9, 0x03, 0x01, 0xaa, 0x09, 0x02, 0x00, 0xb4, 
    0x1f, 0x20, 0x40, 0xf1, 0xc2, 0x04, 0x00, 0x54, 0x0d, 0x15, 0x40, 0x38, 
    0x0e, 0x04, 0x00, 0x11, 0x4d, 0x69, 0x20, 0x38, 0xc0, 0x39, 0x40, 0x92, 
    0x29, 0x05, 0x00, 0xd1, 0x09, 0x01, 0x00, 0xb4, 0xf8, 0xff, 0xff, 0x17, 
    0x1f, 0x20, 0x40, 0xf1, 0x02, 0x04, 0x00, 0x54, 0x08, 0x04, 0x00, 0x11, 
    0x21, 0x04, 0x00, 0x91, 0x5f, 0x69, 0x20, 0x38, 0x00, 0x39, 0x40, 0x92, 
    0x3f, 0x00, 0x0c, 0xeb, 0x23, 0xff, 0xff, 0x54, 0x08, 0x01, 0x90, 0x52, 
    0x60, 0xfd, 0x9f, 0x88, 0x48, 0x01, 0x08, 0x8b, 0x09, 0x7d, 0x5f, 0xc8, 
    0x29, 0x05, 0x00, 0x91, 0x09, 0x7d, 0x0a, 0xc8, 0xaa, 0xff, 0xff, 0x35, 
    0x1f, 0x20, 0x03, 0xd5, 0x48, 0x17, 0x01, 0x10, 0x09, 0x7d, 0x5f, 0x88, 
    0x2a, 0x05, 0x00, 0x11, 0x0a, 0x7d, 0x0b, 0x88, 0xab, 0xff, 0xff, 0x35, 
    0x28, 0x3d, 0x00, 0x51, 0x1f, 0x41, 0x00, 0x31, 0xa2, 0x00, 0x00, 0x54, 
    0x08, 0x00, 0x00, 0xf0, 0x1f, 0x01, 0x00, 0xb9, 0xfe, 0x07, 0x41, 0xf8, 
    0x16, 0x00, 0x00, 0x14, 0xfe, 0x07, 0x41, 0xf8, 0xc0, 0x03, 0x5f, 0xd6, 
    0x1f, 0x20, 0x03, 0xd5, 0xa2, 0xb9, 0x00, 0x10, 0x03, 0x00, 0x00, 0x14, 
    0x1f, 0x20, 0x03, 0xd5, 0x82, 0xb8, 0x00, 0x10, 0x01, 0x00, 0x90, 0x52, 
    0xed, 0xfe, 0xff, 0x97, 0x1f, 0x20, 0x03, 0xd5, 0x82, 0xb6, 0x00, 0x10, 
    0xe0, 0x03, 0x09, 0xaa, 0xfb, 0xff, 0xff, 0x17, 0x3f, 0x04, 0x08, 0xf1, 
    0x42, 0x00, 0x00, 0x54, 0xc0, 0x03, 0x5f, 0xd6, 0xfe, 0x0f, 0x1f, 0xf8, 
    0xe3, 0x03, 0x02, 0xaa, 0xe0, 0x03, 0x1f, 0xaa, 0x02, 0x40, 0x80, 0x52, 
    0xae, 0xfd, 0xff, 0x97, 0xfd, 0x0f, 0x1c, 0xf8, 0xfe, 0x5f, 0x01, 0xa9, 
    0x34, 0x01, 0x00, 0x94, 0xff, 0x03, 0x08, 0xd1, 0x55, 0x00, 0x00, 0xf0, 
    0xb5, 0x62, 0x00, 0x91, 0x1f, 0x20, 0x03, 0xd5, 0x96, 0x12, 0x01, 0x10, 
    0x54, 0x00, 0x00, 0xf0, 0x94, 0x72, 0x00, 0x91, 0xf7, 0x03, 0x00, 0x91, 
    0x1f, 0x20, 0x03, 0xd5, 0x33, 0xbe, 0x00, 0x10, 0xe0, 0x03, 0x00, 0x91, 
    0xe1, 0x03, 0x1f, 0x2a, 0x02, 0x40, 0x80, 0x52, 0x87, 0x01, 0x00, 0x94, 
    0xa0, 0x06, 0x40, 0xb9, 0xa8, 0xfe, 0xdf, 0x88, 0x1f, 0x00, 0x08, 0x6b, 
    0x40, 0x04, 0x00, 0x54, 0x1f, 0x20, 0x40, 0x71, 0xc2, 0x04, 0x00, 0x54, 
    0x09, 0x04, 0x00, 0x11, 0xca, 0x6a, 0x60, 0x38, 0x29, 0x39, 0x40, 0x92, 
    0xc9, 0x6a, 0x69, 0x38, 0x41, 0x21, 0x09, 0x2a, 0x21, 0x03, 0x00, 0x34, 
    0x3f, 0x00, 0x08, 0x71, 0xe8, 0x02, 0x00, 0x54, 0xe8, 0x03, 0x1f, 0xaa, 
    0xe9, 0x03, 0x00, 0xaa, 0x3f, 0x00, 0x08, 0xeb, 0x00, 0x01, 0x00, 0x54, 
    0x0a, 0x05, 0x00, 0x91, 0xcb, 0x6a, 0x69, 0x38, 0x29, 0x05, 0x00, 0x11, 
    0xeb, 0x6a, 0x28, 0x38, 0x29, 0x39, 0x40, 0x92, 0xe8, 0x03, 0x0a, 0xaa, 
    0xf8, 0xff, 0xff, 0x17, 0x28, 0x1c, 0x00, 0x11, 0xe2, 0x03, 0x13, 0xaa, 
    0x08, 0x1d, 0x1d, 0x12, 0x08, 0x00, 0x08, 0x0b, 0xe0, 0x03, 0x00, 0x91, 
    0x08, 0x39, 0x00, 0x12, 0x88, 0xfe, 0x9f, 0x88, 0xc7, 0xff, 0xff, 0x97, 
    0xa8, 0x09, 0x80, 0x52, 0x01, 0x00, 0x00, 0xd4, 0xd9, 0xff, 0xff, 0x17, 
    0x88, 0xfe, 0x9f, 0x88, 0xff, 0x03, 0x08, 0x91, 0xf4, 0x4f, 0x43, 0xa9, 
    0xf6, 0x57, 0x42, 0xa9, 0xfe, 0x5f, 0x41, 0xa9, 0xfd, 0x07, 0x44, 0xf8, 
    0xc0, 0x03, 0x5f, 0xd6, 0x1f, 0x20, 0x03, 0xd5, 0x42, 0xae, 0x00, 0x10, 
    0x01, 0x00, 0x90, 0x52, 0xa1, 0xfe, 0xff, 0x97, 0xff, 0x03, 0x05, 0xd1, 
    0xfd, 0x7b, 0x10, 0xa9, 0xf8, 0x5f, 0x11, 0xa9, 0xf6, 0x57, 0x12, 0xa9, 
    0xf4, 0x4f, 0x13, 0xa9, 0x00, 0xe4, 0x00, 0x6f, 0x17, 0x04, 0x40, 0xf9, 
    0xf3, 0x03, 0x00, 0xaa, 0x49, 0x06, 0x80, 0x52, 0x1f, 0x20, 0x03, 0xd5, 
    0x22, 0xba, 0x00, 0x10, 0x1f, 0x20, 0x03, 0xd5, 0x24, 0xba, 0x00, 0x10, 
    0xe0, 0x03, 0x00, 0x91, 0xe1, 0x00, 0x80, 0x52, 0xe3, 0x00, 0x80, 0x52, 
    0xf8, 0x03, 0x00, 0x91, 0xe0, 0x83, 0x00, 0xad, 0xe0, 0x83, 0x01, 0xad, 
    0xe0, 0x03, 0x80, 0x3d, 0xf5, 0x22, 0x40, 0xa9, 0x1f, 0xc9, 0x00, 0xf1, 
    0x14, 0x31, 0x89, 0x9a, 0x10, 0xff, 0xff, 0x97, 0x96, 0x1e, 0x00, 0x91, 
    0x1f, 0x20, 0x03, 0xd5, 0x24, 0xb9, 0x00, 0x10, 0xe2, 0x03, 0x00, 0x91, 
    0xe0, 0x00, 0x80, 0x52, 0xe1, 0x03, 0x16, 0xaa, 0x03, 0x0a, 0x80, 0x52, 
    0x60, 0x00, 0x00, 0x94, 0x1f, 0x20, 0x03, 0xd5, 0x04, 0xb9, 0x00, 0x10, 
    0xe2, 0x03, 0x15, 0xaa, 0xe3, 0x03, 0x14, 0xaa, 0x03, 0xff, 0xff, 0x97, 
    0x48, 0x07, 0x80, 0x52, 0x08, 0x6b, 0x36, 0x38, 0xea, 0x12, 0x40, 0xb9, 
    0x88, 0x22, 0x00, 0x91, 0x09, 0x03, 0x08, 0x8b, 0xea, 0x04, 0x00, 0x35, 
    0x0a, 0x06, 0x80, 0x52, 0x2a, 0x01, 0x00, 0x39, 0x2a, 0x00, 0x80, 0x52, 
    0x42, 0x01, 0x08, 0x8b, 0x5f, 0x44, 0x01, 0xf1, 0x62, 0x08, 0x00, 0x54, 
    0xe0, 0x03, 0x1f, 0xaa, 0xe1, 0x03, 0x00, 0x91, 0x88, 0x09, 0x80, 0x52, 
    0x01, 0x00, 0x00, 0xd4, 0x00, 0xe4, 0x00, 0x6f, 0xe8, 0x43, 0x01, 0x91, 
    0x09, 0x10, 0x80, 0x52, 0x01, 0x00, 0x00, 0xd0, 0x21, 0x54, 0x06, 0x91, 
    0xe8, 0x27, 0x0d, 0xa9, 0x68, 0x02, 0x40, 0xf9, 0x1f, 0x20, 0x03, 0xd5, 
    0x09, 0x09, 0x00, 0x10, 0xe0, 0x43, 0x03, 0x91, 0xe2, 0xc3, 0x03, 0x91, 
    0xff, 0x23, 0x0e, 0xa9, 0xe8, 0xa3, 0x03, 0x91, 0xe0, 0x83, 0x02, 0xad, 
    0xe0, 0x83, 0x03, 0xad, 0xe0, 0x83, 0x04, 0xad, 0xe0, 0x83, 0x05, 0xad, 
    0xe8, 0x27, 0x0f, 0xa9, 0x42, 0x00, 0x00, 0x94, 0xe2, 0x73, 0x40, 0xf9, 
    0xe2, 0x00, 0x00, 0xb4, 0x5f, 0x04, 0x02, 0xf1, 0xc2, 0x05, 0x00, 0x54, 
    0xe0, 0x03, 0x1f, 0xaa, 0xe1, 0x43, 0x01, 0x91, 0x88, 0x09, 0x80, 0x52, 
    0x01, 0x00, 0x00, 0xd4, 0x3e, 0x00, 0x00, 0x94, 0x0c, 0x09, 0x80, 0x52, 
    0xeb, 0x03, 0x1f, 0xaa, 0x4d, 0x01, 0x80, 0x52, 0x8c, 0x01, 0x14, 0xcb, 
    0xee, 0x43, 0x01, 0x91, 0xff, 0xb3, 0x00, 0x79, 0xff, 0x2b, 0x00, 0xf9, 
    0x4a, 0x01, 0x00, 0x34, 0x7f, 0x29, 0x00, 0xf1, 0x02, 0x01, 0x00, 0x54, 
    0x4f, 0x09, 0xcd, 0x1a, 0xf0, 0xa9, 0x0d, 0x1b, 0xea, 0x03, 0x0f, 0x2a, 
    0x0f, 0x06, 0x1c, 0x32, 0xcf, 0x69, 0x2b, 0x38, 0x6b, 0x05, 0x00, 0x91, 
    0x0a, 0xff, 0xff, 0x35, 0x6d, 0x05, 0x00, 0xd1, 0x9f, 0x01, 0x0b, 0xeb, 
    0x8a, 0x31, 0x8b, 0x9a, 0xeb, 0x43, 0x01, 0x91, 0xe0, 0x03, 0x0d, 0xaa, 
    0x1f, 0x04, 0x00, 0xb1, 0xc0, 0xf8, 0xff, 0x54, 0xbf, 0x29, 0x00, 0xf1, 
    0xa2, 0x00, 0x00, 0x54, 0x6c, 0x69, 0x60, 0x38, 0x00, 0x04, 0x00, 0xd1, 
    0x2c, 0x15, 0x00, 0x38, 0xf9, 0xff, 0xff, 0x17, 0x1f, 0x20, 0x03, 0xd5, 
    0xa2, 0xac, 0x00, 0x10, 0x41, 0x01, 0x80, 0x52, 0x2e, 0xfe, 0xff, 0x97, 
    0x1f, 0x20, 0x03, 0xd5, 0x63, 0xaf, 0x00, 0x10, 0xe0, 0x03, 0x1f, 0xaa, 
    0xe1, 0x03, 0x02, 0xaa, 0x02, 0x0a, 0x80, 0x52, 0xf5, 0xfc, 0xff, 0x97, 
    0x1f, 0x20, 0x03, 0xd5, 0x63, 0xaf, 0x00, 0x10, 0xe0, 0x03, 0x1f, 0xaa, 
    0xe1, 0x03, 0x02, 0xaa, 0x02, 0x10, 0x80, 0x52, 0xef, 0xfc, 0xff, 0x97, 
    0x28, 0x00, 0x00, 0xeb, 0x22, 0x20, 0x43, 0xfa, 0x48, 0x00, 0x00, 0x54, 
    0x63, 0x00, 0x00, 0x14, 0xfe, 0x0f, 0x1f, 0xf8, 0x67, 0x00, 0x00, 0x94, 
    0x08, 0x00, 0x40, 0xf9, 0x20, 0x04, 0x40, 0xa9, 0x02, 0x0d, 0x40, 0xa9, 
    0x22, 0xfe, 0xff, 0x17, 0xe3, 0x03, 0x02, 0xaa, 0xe2, 0x03, 0x01, 0xaa, 
    0x1f, 0x20, 0x03, 0xd5, 0x61, 0xaf, 0x00, 0x10, 0x1d, 0xfe, 0xff, 0x17, 
    0x20, 0x00, 0x80, 0x52, 0xe8, 0x03, 0x1f, 0xaa, 0x01, 0x00, 0x00, 0xd4, 
    0x5f, 0x20, 0x03, 0xd5, 0xff, 0xff, 0xff, 0x17, 0xfe, 0x0f, 0x1d, 0xf8, 
    0xf6, 0x57, 0x01, 0xa9, 0xf4, 0x4f, 0x02, 0xa9, 0xf4, 0x03, 0x00, 0xaa, 
    0x00, 0x08, 0x40, 0xf9, 0xf3, 0x03, 0x01, 0xaa, 0x88, 0x0e, 0x40, 0xa9, 
    0x1f, 0x20, 0x03, 0xd5, 0x04, 0xac, 0x00, 0x10, 0x69, 0x00, 0x00, 0xcb, 
    0x3f, 0x01, 0x02, 0xeb, 0x35, 0x31, 0x82, 0x9a, 0xe2, 0x03, 0x08, 0xaa, 
    0xb6, 0x02, 0x00, 0x8b, 0xe1, 0x03, 0x16, 0xaa, 0xdd, 0xff, 0xff, 0x97, 
    0x1f, 0x20, 0x03, 0xd5, 0xa4, 0xab, 0x00, 0x10, 0xe2, 0x03, 0x13, 0xaa, 
    0xe3, 0x03, 0x15, 0xaa, 0x80, 0xfe, 0xff, 0x97, 0x96, 0x0a, 0x00, 0xf9, 
    0xf4, 0x4f, 0x42, 0xa9, 0xf6, 0x57, 0x41, 0xa9, 0xe0, 0x03, 0x1f, 0x2a, 
    0xfe, 0x07, 0x43, 0xf8, 0xc0, 0x03, 0x5f, 0xd6, 0xfe, 0x0f, 0x1f, 0xf8, 
    0x3f, 0x00, 0x02, 0x71, 0xff, 0x0f, 0x00, 0xb9, 0x82, 0x00, 0x00, 0x54, 
    0xe1, 0x33, 0x00, 0x39, 0x22, 0x00, 0x80, 0x52, 0x21, 0x00, 0x00, 0x14, 
    0x3f, 0x00, 0x20, 0x71, 0x22, 0x01, 0x00, 0x54, 0x28, 0x7c, 0x06, 0x53, 
    0x09, 0x10, 0x80, 0x52, 0x42, 0x00, 0x80, 0x52, 0x29, 0x14, 0x00, 0x33, 
    0x08, 0x05, 0x1a, 0x32, 0xe8, 0x33, 0x00, 0x39, 0xe9, 0x37, 0x00, 0x39, 
    0x17, 0x00, 0x00, 0x14, 0xe9, 0x0f, 0x80, 0x12, 0xe8, 0x0f, 0x80, 0x12, 
    0x3f, 0x40, 0x40, 0x71, 0x28, 0x14, 0x00, 0x33, 0x29, 0x2c, 0x06, 0x33, 
    0x02, 0x01, 0x00, 0x54, 0x2a, 0x7c, 0x0c, 0x53, 0xe9, 0x37, 0x00, 0x39, 
    0x62, 0x00, 0x80, 0x52, 0xe8, 0x3b, 0x00, 0x39, 0x49, 0x09, 0x1b, 0x32, 
    0xe9, 0x33, 0x00, 0x39, 0x0a, 0x00, 0x00, 0x14, 0x2a, 0x7c, 0x12, 0x53, 
    0x0b, 0x10, 0x80, 0x52, 0xe9, 0x3b, 0x00, 0x39, 0x2b, 0x44, 0x0c, 0x33, 
    0x82, 0x00, 0x80, 0x52, 0xe8, 0x3f, 0x00, 0x39, 0x49, 0x0d, 0x1c, 0x32, 
    0xe9, 0x33, 0x00, 0x39, 0xeb, 0x37, 0x00, 0x39, 0xe1, 0x33, 0x00, 0x91, 
    0xbd, 0xff, 0xff, 0x97, 0xe0, 0x03, 0x1f, 0x2a, 0xfe, 0x07, 0x41, 0xf8, 
    0xc0, 0x03, 0x5f, 0xd6, 0xe1, 0x43, 0x00, 0x91, 0xe9, 0xa3, 0x01, 0xa9, 
    0xe9, 0x17, 0x00, 0xf9, 0x62, 0xfd, 0xff, 0x17, 0xff, 0x13, 0x01, 0xf9, 
    0xff, 0x17, 0x01, 0xf9, 0x7d, 0xfb, 0xff, 0x17, 0x61, 0x03, 0x1a, 0x8b, 
    0xe0, 0x03, 0x17, 0xaa, 0xe2, 0x03, 0x14, 0xaa, 0x00, 0x01, 0x1f, 0xd6, 
    0x40, 0x00, 0x00, 0x8b, 0xe1, 0x03, 0x08, 0xaa, 0xc0, 0x03, 0x5f, 0xd6, 
    0xa1, 0x03, 0x1c, 0x4b, 0xe0, 0x03, 0x13, 0xaa, 0x78, 0xfd, 0xff, 0x17, 
    0xe2, 0x03, 0x03, 0xaa, 0xe3, 0x03, 0x04, 0xaa, 0x80, 0xfc, 0xff, 0x17, 
    0xe1, 0x07, 0x01, 0xf9, 0x49, 0xfe, 0xff, 0x17, 0xe8, 0x23, 0x00, 0x91, 
    0x1f, 0x20, 0x03, 0xd5, 0xe9, 0x95, 0xff, 0x10, 0xe0, 0xa3, 0x00, 0xa9, 
    0xe8, 0xe3, 0x00, 0x91, 0xc0, 0x03, 0x5f, 0xd6, 0xf6, 0x57, 0x02, 0xa9, 
    0xf4, 0x4f, 0x03, 0xa9, 0xc0, 0x03, 0x5f, 0xd6, 0x5f, 0x40, 0x00, 0xf1, 
    0x63, 0x01, 0x00, 0x54, 0xe8, 0x03, 0x00, 0x4b, 0xe9, 0x03, 0x01, 0xaa, 
    0xeb, 0x03, 0x00, 0xaa, 0x0a, 0x09, 0x40, 0x92, 0x08, 0x00, 0x0a, 0x8b, 
    0x7f, 0x01, 0x08, 0xeb, 0xc2, 0x00, 0x00, 0x54, 0x2c, 0x15, 0x40, 0x38, 
    0x6c, 0x15, 0x00, 0x38, 0xfc, 0xff, 0xff, 0x17, 0xe8, 0x03, 0x00, 0xaa, 
    0x27, 0x00, 0x00, 0x14, 0x29, 0x00, 0x0a, 0x8b, 0x4a, 0x00, 0x0a, 0xcb, 
    0xee, 0x03, 0x08, 0xaa, 0x4b, 0xf1, 0x7d, 0x92, 0x3f, 0x09, 0x40, 0xf2, 
    0xed, 0x03, 0x09, 0xaa, 0x0c, 0x01, 0x0b, 0x8b, 0x40, 0x03, 0x00, 0x54, 
    0xdf, 0x01, 0x0c, 0xeb, 0x42, 0x03, 0x00, 0x54, 0xf1, 0x03, 0x0d, 0xaa, 
    0xb0, 0x09, 0x40, 0x39, 0xaf, 0x05, 0x40, 0x39, 0x32, 0x4e, 0x40, 0x38, 
    0x21, 0x0a, 0x40, 0x39, 0xa2, 0x01, 0x40, 0x39, 0xa3, 0x0d, 0x40, 0x39, 
    0x10, 0xbe, 0x70, 0xd3, 0xa4, 0x15, 0x40, 0x39, 0x31, 0x0e, 0x40, 0x39, 
    0x21, 0x3c, 0x10, 0x53, 0x4f, 0x20, 0x0f, 0xaa, 0x10, 0x62, 0x03, 0xaa, 
    0xad, 0x21, 0x00, 0x91, 0x52, 0x22, 0x04, 0x2a, 0x31, 0x60, 0x11, 0x2a, 
    0x0f, 0x02, 0x0f, 0xaa, 0x30, 0x02, 0x12, 0x2a, 0xef, 0x81, 0x10, 0xaa, 
    0xcf, 0x85, 0x00, 0xf8, 0xea, 0xff, 0xff, 0x17, 0xaf, 0x85, 0x40, 0xf8, 
    0xcf, 0x85, 0x00, 0xf8, 0xdf, 0x01, 0x0c, 0xeb, 0xa3, 0xff, 0xff, 0x54, 
    0x08, 0x01, 0x0b, 0x8b, 0x21, 0x01, 0x0b, 0x8b, 0x42, 0x09, 0x40, 0x92, 
    0x09, 0x01, 0x02, 0x8b, 0x1f, 0x01, 0x09, 0xeb, 0x82, 0x00, 0x00, 0x54, 
    0x2a, 0x14, 0x40, 0x38, 0x0a, 0x15, 0x00, 0x38, 0xfc, 0xff, 0xff, 0x17, 
    0xc0, 0x03, 0x5f, 0xd6, 0x5f, 0x40, 0x00, 0xf1, 0x23, 0x01, 0x00, 0x54, 
    0xe8, 0x03, 0x00, 0x4b, 0xe9, 0x03, 0x00, 0xaa, 0x0a, 0x09, 0x40, 0x92, 
    0x08, 0x00, 0x0a, 0x8b, 0x3f, 0x01, 0x08, 0xeb, 0xa2, 0x00, 0x00, 0x54, 
    0x21, 0x15, 0x00, 0x38, 0xfd, 0xff, 0xff, 0x17, 0xea, 0x03, 0x00, 0xaa, 
    0x11, 0x00, 0x00, 0x14, 0x29, 0x1c, 0x00, 0x12, 0x0b, 0x01, 0x80, 0x52, 
    0x7f, 0x01, 0x01, 0xf1, 0xa2, 0x00, 0x00, 0x54, 0x2c, 0x21, 0xcb, 0x9a, 
    0x6b, 0xf9, 0x7f, 0xd3, 0x89, 0x01, 0x09, 0xaa, 0xfb, 0xff, 0xff, 0x17, 
    0x4b, 0x00, 0x0a, 0xcb, 0x6a, 0xf1, 0x7d, 0x92, 0x0a, 0x01, 0x0a, 0x8b, 
    0x1f, 0x01, 0x0a, 0xeb, 0x62, 0x00, 0x00, 0x54, 0x09, 0x85, 0x00, 0xf8, 
    0xfd, 0xff, 0xff, 0x17, 0x62, 0x09, 0x40, 0x92, 0x48, 0x01, 0x02, 0x8b, 
    0x5f, 0x01, 0x08, 0xeb, 0x62, 0x00, 0x00, 0x54, 0x41, 0x15, 0x00, 0x38, 
    0xfd, 0xff, 0xff, 0x17, 0xc0, 0x03, 0x5f, 0xd6, 0xa3, 0xff, 0xff, 0x17, 
    0xdd, 0xff, 0xff, 0x17, 0x00, 0x00, 0x00, 0x00, 0x00, 0x00, 0x00, 0x00, 
    0x00, 0x00, 0x00, 0x00, 0x00, 0x00, 0x00, 0x00, 0x00, 0x00, 0x00, 0x00, 
    0x00, 0x00, 0x00, 0x00, 0x00, 0x00, 0x00, 0x00, 0x00, 0x00, 0x00, 0x00, 
    0x00, 0x00, 0x00, 0x00, 0x00, 0x00, 0x00, 0x00, 0x00, 0x00, 0x00, 0x00, 
    0x00, 0x00, 0x00, 0x00, 0x00, 0x00, 0x00, 0x00, 0x00, 0x00, 0x00, 0x00, 
    0x00, 0x00, 0x00, 0x00, 0x00, 0x00, 0x00, 0x00, 0x00, 0x00, 0x00, 0x00, 
    0x00, 0x00, 0x00, 0x00, 0x00, 0x00, 0x00, 0x00, 0x00, 0x00, 0x00, 0x00, 
    0x00, 0x00, 0x00, 0x00, 0x00, 0x00, 0x00, 0x00, 0x00, 0x00, 0x00, 0x00, 
    0x00, 0x00, 0x00, 0x00, 0x00, 0x00, 0x00, 0x00, 0x00, 0x00, 0x00, 0x00, 
    0x00, 0x00, 0x00, 0x00, 0x00, 0x00, 0x00, 0x00, 0x00, 0x00, 0x00, 0x00, 
    0x00, 0x00, 0x00, 0x00, 0x00, 0x00, 0x00, 0x00, 0x00, 0x00, 0x00, 0x00, 
    0x00, 0x00, 0x00, 0x00, 0x00, 0x00, 0x00, 0x00, 0x00, 0x00, 0x00, 0x00, 
    0x00, 0x00, 0x00, 0x00, 0x00, 0x00, 0x00, 0x00, 0x00, 0x00, 0x00, 0x00, 
    0x00, 0x00, 0x00, 0x00, 0x00, 0x00, 0x00, 0x00, 0x00, 0x00, 0x00, 0x00, 
    0x00, 0x00, 0x00, 0x00, 0x00, 0x00, 0x00, 0x00, 0x00, 0x00, 0x00, 0x00, 
    0x00, 0x00, 0x00, 0x00, 0x00, 0x00, 0x00, 0x00, 0x00, 0x00, 0x00, 0x00, 
    0x00, 0x00, 0x00, 0x00, 0x00, 0x00, 0x00, 0x00, 0x00, 0x00, 0x00, 0x00, 
    0x00, 0x00, 0x00, 0x00, 0x00, 0x00, 0x00, 0x00, 0x00, 0x00, 0x00, 0x00, 
    0x00, 0x00, 0x00, 0x00, 0x00, 0x00, 0x00, 0x00, 0x00, 0x00, 0x00, 0x00, 
    0x00, 0x00, 0x00, 0x00, 0x00, 0x00, 0x00, 0x00, 0x00, 0x00, 0x00, 0x00, 
    0x00, 0x00, 0x00, 0x00, 0x00, 0x00, 0x00, 0x00, 0x00, 0x00, 0x00, 0x00, 
    0x00, 0x00, 0x00, 0x00, 0x00, 0x00, 0x00, 0x00, 0x00, 0x00, 0x00, 0x00, 
    0x00, 0x00, 0x00, 0x00, 0x00, 0x00, 0x00, 0x00, 0x00, 0x00, 0x00, 0x00, 
    0x00, 0x00, 0x00, 0x00, 0x00, 0x00, 0x00, 0x00, 0x00, 0x00, 0x00, 0x00, 
    0x00, 0x00, 0x00, 0x00, 0x00, 0x00, 0x00, 0x00, 0x00, 0x00, 0x00, 0x00, 
    0x00, 0x00, 0x00, 0x00, 0x00, 0x00, 0x00, 0x00, 0x00, 0x00, 0x00, 0x00, 
    0x00, 0x00, 0x00, 0x00, 0x00, 0x00, 0x00, 0x00, 0x00, 0x00, 0x00, 0x00, 
    0x00, 0x00, 0x00, 0x00, 0x00, 0x00, 0x00, 0x00, 0x00, 0x00, 0x00, 0x00, 
    0x00, 0x00, 0x00, 0x00, 0x00, 0x00, 0x00, 0x00, 0x00, 0x00, 0x00, 0x00, 
    0x00, 0x00, 0x00, 0x00, 0x00, 0x00, 0x00, 0x00, 0x00, 0x00, 0x00, 0x00, 
    0x00, 0x00, 0x00, 0x00, 0x00, 0x00, 0x00, 0x00, 0x00, 0x00, 0x00, 0x00, 
    0x00, 0x00, 0x00, 0x00, 0x00, 0x00, 0x00, 0x00, 0x00, 0x00, 0x00, 0x00, 
    0x00, 0x00, 0x00, 0x00, 0x00, 0x00, 0x00, 0x00, 0x00, 0x00, 0x00, 0x00, 
    0x00, 0x00, 0x00, 0x00, 0x00, 0x00, 0x00, 0x00, 0x00, 0x00, 0x00, 0x00, 
    0x00, 0x00, 0x00, 0x00, 0x00, 0x00, 0x00, 0x00, 0x00, 0x00, 0x00, 0x00, 
    0x00, 0x00, 0x00, 0x00, 0x00, 0x00, 0x00, 0x00, 0x00, 0x00, 0x00, 0x00, 
    0x00, 0x00, 0x00, 0x00, 0x00, 0x00, 0x00, 0x00, 0x00, 0x00, 0x00, 0x00, 
    0x00, 0x00, 0x00, 0x00, 0x00, 0x00, 0x00, 0x00, 0x00, 0x00, 0x00, 0x00, 
    0x00, 0x00, 0x00, 0x00, 0x00, 0x00, 0x00, 0x00, 0x00, 0x00, 0x00, 0x00, 
    0x00, 0x00, 0x00, 0x00, 0x00, 0x00, 0x00, 0x00, 0x00, 0x00, 0x00, 0x00, 
    0x00, 0x00, 0x00, 0x00, 0x00, 0x00, 0x00, 0x00, 0x00, 0x00, 0x00, 0x00, 
    0x00, 0x00, 0x00, 0x00, 0x00, 0x00, 0x00, 0x00, 0x00, 0x00, 0x00, 0x00, 
    0x00, 0x00, 0x00, 0x00, 0x00, 0x00, 0x00, 0x00, 0x00, 0x00, 0x00, 0x00, 
    0x00, 0x00, 0x00, 0x00, 0x00, 0x00, 0x00, 0x00, 0x00, 0x00, 0x00, 0x00, 
    0x00, 0x00, 0x00, 0x00, 0x00, 0x00, 0x00, 0x00, 0x00, 0x00, 0x00, 0x00, 
    0x00, 0x00, 0x00, 0x00, 0x00, 0x00, 0x00, 0x00, 0x00, 0x00, 0x00, 0x00, 
    0x00, 0x00, 0x00, 0x00, 0x00, 0x00, 0x00, 0x00, 0x00, 0x00, 0x00, 0x00, 
    0x00, 0x00, 0x00, 0x00, 0x00, 0x00, 0x00, 0x00, 0x00, 0x00, 0x00, 0x00, 
    0x00, 0x00, 0x00, 0x00, 0x00, 0x00, 0x00, 0x00, 0x00, 0x00, 0x00, 0x00, 
    0x00, 0x00, 0x00, 0x00, 0x00, 0x00, 0x00, 0x00, 0x00, 0x00, 0x00, 0x00, 
    0x00, 0x00, 0x00, 0x00, 0x00, 0x00, 0x00, 0x00, 0x00, 0x00, 0x00, 0x00, 
    0x00, 0x00, 0x00, 0x00, 0x00, 0x00, 0x00, 0x00, 0x00, 0x00, 0x00, 0x00, 
    0x00, 0x00, 0x00, 0x00, 0x00, 0x00, 0x00, 0x00, 0x00, 0x00, 0x00, 0x00, 
    0x00, 0x00, 0x00, 0x00, 0x00, 0x00, 0x00, 0x00, 0x00, 0x00, 0x00, 0x00, 
    0x00, 0x00, 0x00, 0x00, 0x00, 0x00, 0x00, 0x00, 0x00, 0x00, 0x00, 0x00, 
    0x00, 0x00, 0x00, 0x00, 0x00, 0x00, 0x00, 0x00, 0x00, 0x00, 0x00, 0x00, 
    0x00, 0x00, 0x00, 0x00, 0x00, 0x00, 0x00, 0x00, 0x00, 0x00, 0x00, 0x00, 
    0x00, 0x00, 0x00, 0x00, 0x00, 0x00, 0x00, 0x00, 0x00, 0x00, 0x00, 0x00, 
    0x00, 0x00, 0x00, 0x00, 0x00, 0x00, 0x00, 0x00, 0x00, 0x00, 0x00, 0x00, 
    0x00, 0x00, 0x00, 0x00, 0x00, 0x00, 0x00, 0x00, 0x00, 0x00, 0x00, 0x00, 
    0x00, 0x00, 0x00, 0x00, 0x00, 0x00, 0x00, 0x00, 0x00, 0x00, 0x00, 0x00, 
    0x00, 0x00, 0x00, 0x00, 0x00, 0x00, 0x00, 0x00, 0x00, 0x00, 0x00, 0x00, 
    0x00, 0x00, 0x00, 0x00, 0x00, 0x00, 0x00, 0x00, 0x00, 0x00, 0x00, 0x00, 
    0x00, 0x00, 0x00, 0x00, 0x00, 0x00, 0x00, 0x00, 0x00, 0x00, 0x00, 0x00, 
    0x00, 0x00, 0x00, 0x00, 0x00, 0x00, 0x00, 0x00, 0x00, 0x00, 0x00, 0x00, 
    0x00, 0x00, 0x00, 0x00, 0x00, 0x00, 0x00, 0x00, 0x00, 0x00, 0x00, 0x00, 
    0x00, 0x00, 0x00, 0x00, 0x00, 0x00, 0x00, 0x00, 0x00, 0x00, 0x00, 0x00, 
    0x00, 0x00, 0x00, 0x00, 0x00, 0x00, 0x00, 0x00, 0x00, 0x00, 0x00, 0x00, 
    0x00, 0x00, 0x00, 0x00, 0x00, 0x00, 0x00, 0x00, 0x00, 0x00, 0x00, 0x00, 
    0x00, 0x00, 0x00, 0x00, 0x00, 0x00, 0x00, 0x00, 0x00, 0x00, 0x00, 0x00, 
    0x00, 0x00, 0x00, 0x00, 0x00, 0x00, 0x00, 0x00, 0x00, 0x00, 0x00, 0x00, 
    0x00, 0x00, 0x00, 0x00, 0x00, 0x00, 0x00, 0x00, 0x00, 0x00, 0x00, 0x00, 
    0x00, 0x00, 0x00, 0x00, 0x00, 0x00, 0x00, 0x00, 0x00, 0x00, 0x00, 0x00, 
    0x00, 0x00, 0x00, 0x00, 0x00, 0x00, 0x00, 0x00, 0x00, 0x00, 0x00, 0x00, 
    0x00, 0x00, 0x00, 0x00, 0x00, 0x00, 0x00, 0x00, 0x00, 0x00, 0x00, 0x00, 
    0x00, 0x00, 0x00, 0x00, 0x00, 0x00, 0x00, 0x00, 0x00, 0x00, 0x00, 0x00, 
    0x00, 0x00, 0x00, 0x00, 0x00, 0x00, 0x00, 0x00, 0x00, 0x00, 0x00, 0x00, 
    0x00, 0x00, 0x00, 0x00, 0x00, 0x00, 0x00, 0x00, 0x00, 0x00, 0x00, 0x00, 
    0x00, 0x00, 0x00, 0x00, 0x00, 0x00, 0x00, 0x00, 0x00, 0x00, 0x00, 0x00, 
    0x00, 0x00, 0x00, 0x00, 0x00, 0x00, 0x00, 0x00, 0x00, 0x00, 0x00, 0x00, 
    0x00, 0x00, 0x00, 0x00, 0x00, 0x00, 0x00, 0x00, 0x00, 0x00, 0x00, 0x00, 
    0x00, 0x00, 0x00, 0x00, 0x00, 0x00, 0x00, 0x00, 0x00, 0x00, 0x00, 0x00, 
    0x00, 0x00, 0x00, 0x00, 0x00, 0x00, 0x00, 0x00, 0x00, 0x00, 0x00, 0x00, 
    0x00, 0x00, 0x00, 0x00, 0x00, 0x00, 0x00, 0x00, 0x00, 0x00, 0x00, 0x00, 
    0x00, 0x00, 0x00, 0x00, 0x00, 0x00, 0x00, 0x00, 0x00, 0x00, 0x00, 0x00, 
    0x00, 0x00, 0x00, 0x00, 0x00, 0x00, 0x00, 0x00, 0x00, 0x00, 0x00, 0x00, 
    0x00, 0x00, 0x00, 0x00, 0x00, 0x00, 0x00, 0x00, 0x00, 0x00, 0x00, 0x00, 
    0x00, 0x00, 0x00, 0x00, 0x00, 0x00, 0x00, 0x00, 0x00, 0x00, 0x00, 0x00, 
    0x00, 0x00, 0x00, 0x00, 0x00, 0x00, 0x00, 0x00, 0x00, 0x00, 0x00, 0x00, 
    0x00, 0x00, 0x00, 0x00, 0x00, 0x00, 0x00, 0x00, 0x00, 0x00, 0x00, 0x00, 
    0x00, 0x00, 0x00, 0x00, 0x00, 0x00, 0x00, 0x00, 0x00, 0x00, 0x00, 0x00, 
    0x00, 0x00, 0x00, 0x00, 0x00, 0x00, 0x00, 0x00, 0x00, 0x00, 0x00, 0x00, 
    0x00, 0x00, 0x00, 0x00, 0x00, 0x00, 0x00, 0x00, 0x00, 0x00, 0x00, 0x00, 
    0x00, 0x00, 0x00, 0x00, 0x00, 0x00, 0x00, 0x00, 0x00, 0x00, 0x00, 0x00, 
    0x00, 0x00, 0x00, 0x00, 0x00, 0x00, 0x00, 0x00, 0x00, 0x00, 0x00, 0x00, 
    0x00, 0x00, 0x00, 0x00, 0x00, 0x00, 0x00, 0x00, 0x00, 0x00, 0x00, 0x00, 
    0x00, 0x00, 0x00, 0x00, 0x00, 0x00, 0x00, 0x00, 0x00, 0x00, 0x00, 0x00, 
    0x00, 0x00, 0x00, 0x00, 0x00, 0x00, 0x00, 0x00, 0x00, 0x00, 0x00, 0x00, 
    0x00, 0x00, 0x00, 0x00, 0x00, 0x00, 0x00, 0x00, 0x00, 0x00, 0x00, 0x00, 
    0x00, 0x00, 0x00, 0x00, 0x00, 0x00, 0x00, 0x00, 0x00, 0x00, 0x00, 0x00, 
    0x00, 0x00, 0x00, 0x00, 0x00, 0x00, 0x00, 0x00, 0x00, 0x00, 0x00, 0x00, 
    0x00, 0x00, 0x00, 0x00, 0x00, 0x00, 0x00, 0x00, 0x00, 0x00, 0x00, 0x00, 
    0x00, 0x00, 0x00, 0x00, 0x00, 0x00, 0x00, 0x00, 0x00, 0x00, 0x00, 0x00, 
    0x00, 0x00, 0x00, 0x00, 0x00, 0x00, 0x00, 0x00, 0x00, 0x00, 0x00, 0x00, 
    0x00, 0x00, 0x00, 0x00, 0x00, 0x00, 0x00, 0x00, 0x00, 0x00, 0x00, 0x00, 
    0x00, 0x00, 0x00, 0x00, 0x00, 0x00, 0x00, 0x00, 0x00, 0x00, 0x00, 0x00, 
    0x00, 0x00, 0x00, 0x00, 0x00, 0x00, 0x00, 0x00, 0x00, 0x00, 0x00, 0x00, 
    0x00, 0x00, 0x00, 0x00, 0x00, 0x00, 0x00, 0x00, 0x00, 0x00, 0x00, 0x00, 
    0x00, 0x00, 0x00, 0x00, 0x00, 0x00, 0x00, 0x00, 0x00, 0x00, 0x00, 0x00, 
    0x00, 0x00, 0x00, 0x00, 0x00, 0x00, 0x00, 0x00, 0x00, 0x00, 0x00, 0x00, 
    0x00, 0x00, 0x00, 0x00, 0x00, 0x00, 0x00, 0x00, 0x00, 0x00, 0x00, 0x00, 
    0x00, 0x00, 0x00, 0x00, 0x00, 0x00, 0x00, 0x00, 0x00, 0x00, 0x00, 0x00, 
    0x00, 0x00, 0x00, 0x00, 0x00, 0x00, 0x00, 0x00, 0x00, 0x00, 0x00, 0x00, 
    0x00, 0x00, 0x00, 0x00, 0x00, 0x00, 0x00, 0x00, 0x00, 0x00, 0x00, 0x00, 
    0x00, 0x00, 0x00, 0x00, 0x00, 0x00, 0x00, 0x00, 0x00, 0x00, 0x00, 0x00, 
    0x00, 0x00, 0x00, 0x00, 0x00, 0x00, 0x00, 0x00, 0x00, 0x00, 0x00, 0x00, 
    0x00, 0x00, 0x00, 0x00, 0x00, 0x00, 0x00, 0x00, 0x00, 0x00, 0x00, 0x00, 
    0x00, 0x00, 0x00, 0x00, 0x00, 0x00, 0x00, 0x00, 0x00, 0x00, 0x00, 0x00, 
    0x00, 0x00, 0x00, 0x00, 0x00, 0x00, 0x00, 0x00, 0x00, 0x00, 0x00, 0x00, 
    0x00, 0x00, 0x00, 0x00, 0x00, 0x00, 0x00, 0x00, 0x00, 0x00, 0x00, 0x00, 
    0x00, 0x00, 0x00, 0x00, 0x00, 0x00, 0x00, 0x00, 0x00, 0x00, 0x00, 0x00, 
    0x00, 0x00, 0x00, 0x00, 0x00, 0x00, 0x00, 0x00, 0x00, 0x00, 0x00, 0x00, 
    0x00, 0x00, 0x00, 0x00, 0x00, 0x00, 0x00, 0x00, 0x00, 0x00, 0x00, 0x00, 
    0x00, 0x00, 0x00, 0x00, 0x00, 0x00, 0x00, 0x00, 0x00, 0x00, 0x00, 0x00, 
    0x00, 0x00, 0x00, 0x00, 0x00, 0x00, 0x00, 0x00, 0x00, 0x00, 0x00, 0x00, 
    0x00, 0x00, 0x00, 0x00, 0x00, 0x00, 0x00, 0x00, 0x00, 0x00, 0x00, 0x00, 
    0x00, 0x00, 0x00, 0x00, 0x00, 0x00, 0x00, 0x00, 0x00, 0x00, 0x00, 0x00, 
    0x00, 0x00, 0x00, 0x00, 0x00, 0x00, 0x00, 0x00, 0x00, 0x00, 0x00, 0x00, 
    0x00, 0x00, 0x00, 0x00, 0x00, 0x00, 0x00, 0x00, 0x00, 0x00, 0x00, 0x00, 
    0x00, 0x00, 0x00, 0x00, 0x00, 0x00, 0x00, 0x00, 0x00, 0x00, 0x00, 0x00, 
    0x00, 0x00, 0x00, 0x00, 0x00, 0x00, 0x00, 0x00, 0x00, 0x00, 0x00, 0x00, 
    0x00, 0x00, 0x00, 0x00, 0x00, 0x00, 0x00, 0x00, 0x00, 0x00, 0x00, 0x00, 
    0x00, 0x00, 0x00, 0x00, 0x00, 0x00, 0x00, 0x00, 0x00, 0x00, 0x00, 0x00, 
    0x00, 0x00, 0x00, 0x00, 0x00, 0x00, 0x00, 0x00, 0x00, 0x00, 0x00, 0x00, 
    0x00, 0x00, 0x00, 0x00, 0x00, 0x00, 0x00, 0x00, 0x00, 0x00, 0x00, 0x00, 
    0x00, 0x00, 0x00, 0x00, 0x00, 0x00, 0x00, 0x00, 0x00, 0x00, 0x00, 0x00, 
    0x00, 0x00, 0x00, 0x00, 0x00, 0x00, 0x00, 0x00, 0x00, 0x00, 0x00, 0x00, 
    0x00, 0x00, 0x00, 0x00, 0x00, 0x00, 0x00, 0x00, 0x00, 0x00, 0x00, 0x00, 
    0x00, 0x00, 0x00, 0x00, 0x00, 0x00, 0x00, 0x00, 0x00, 0x00, 0x00, 0x00, 
    0x00, 0x00, 0x00, 0x00, 0x00, 0x00, 0x00, 0x00, 0x00, 0x00, 0x00, 0x00, 
    0x00, 0x00, 0x00, 0x00, 0x00, 0x00, 0x00, 0x00, 0x00, 0x00, 0x00, 0x00, 
    0x00, 0x00, 0x00, 0x00, 0x00, 0x00, 0x00, 0x00, 0x00, 0x00, 0x00, 0x00, 
    0x00, 0x00, 0x00, 0x00, 0x00, 0x00, 0x00, 0x00, 0x00, 0x00, 0x00, 0x00, 
    0x00, 0x00, 0x00, 0x00, 0x00, 0x00, 0x00, 0x00, 0x00, 0x00, 0x00, 0x00, 
    0x00, 0x00, 0x00, 0x00, 0x00, 0x00, 0x00, 0x00, 0x00, 0x00, 0x00, 0x00, 
    0x00, 0x00, 0x00, 0x00, 0x00, 0x00, 0x00, 0x00, 0x00, 0x00, 0x00, 0x00, 
    0x00, 0x00, 0x00, 0x00, 0x00, 0x00, 0x00, 0x00, 0x00, 0x00, 0x00, 0x00, 
    0x00, 0x00, 0x00, 0x00, 0x00, 0x00, 0x00, 0x00, 0x00, 0x00, 0x00, 0x00, 
    0x00, 0x00, 0x00, 0x00, 0x00, 0x00, 0x00, 0x00, 0x00, 0x00, 0x00, 0x00, 
    0x00, 0x00, 0x00, 0x00, 0x00, 0x00, 0x00, 0x00, 0x00, 0x00, 0x00, 0x00, 
    0x00, 0x00, 0x00, 0x00, 0x00, 0x00, 0x00, 0x00, 0x00, 0x00, 0x00, 0x00, 
    0x00, 0x00, 0x00, 0x00, 0x00, 0x00, 0x00, 0x00, 0x00, 0x00, 0x00, 0x00, 
    0x00, 0x00, 0x00, 0x00, 0x00, 0x00, 0x00, 0x00, 0x00, 0x00, 0x00, 0x00, 
    0x00, 0x00, 0x00, 0x00, 0x00, 0x00, 0x00, 0x00, 0x00, 0x00, 0x00, 0x00, 
    0x00, 0x00, 0x00, 0x00, 0x00, 0x00, 0x00, 0x00, 0x00, 0x00, 0x00, 0x00, 
    0x00, 0x00, 0x00, 0x00, 0x00, 0x00, 0x00, 0x00, 0x00, 0x00, 0x00, 0x00, 
    0x00, 0x00, 0x00, 0x00, 0x00, 0x00, 0x00, 0x00, 0x00, 0x00, 0x00, 0x00, 
    0x00, 0x00, 0x00, 0x00, 0x00, 0x00, 0x00, 0x00, 0x00, 0x00, 0x00, 0x00, 
    0x00, 0x00, 0x00, 0x00, 0x00, 0x00, 0x00, 0x00, 0x00, 0x00, 0x00, 0x00, 
    0x00, 0x00, 0x00, 0x00, 0x00, 0x00, 0x00, 0x00, 0x00, 0x00, 0x00, 0x00, 
    0x00, 0x00, 0x00, 0x00, 0x00, 0x00, 0x00, 0x00, 0x00, 0x00, 0x00, 0x00, 
    0x00, 0x00, 0x00, 0x00, 0x00, 0x00, 0x00, 0x00, 0x00, 0x00, 0x00, 0x00, 
    0x00, 0x00, 0x00, 0x00, 0x00, 0x00, 0x00, 0x00, 0x00, 0x00, 0x00, 0x00, 
    0x00, 0x00, 0x00, 0x00, 0x00, 0x00, 0x00, 0x00, 0x00, 0x00, 0x00, 0x00, 
    0x00, 0x00, 0x00, 0x00, 0x00, 0x00, 0x00, 0x00, 0x00, 0x00, 0x00, 0x00, 
    0x00, 0x00, 0x00, 0x00, 0x00, 0x00, 0x00, 0x00, 0x00, 0x00, 0x00, 0x00, 
    0x00, 0x00, 0x00, 0x00, 0x00, 0x00, 0x00, 0x00, 0x00, 0x00, 0x00, 0x00, 
    0x00, 0x00, 0x00, 0x00, 0x00, 0x00, 0x00, 0x00, 0x00, 0x00, 0x00, 0x00, 
    0x00, 0x00, 0x00, 0x00, 0x00, 0x00, 0x00, 0x00, 0x00, 0x00, 0x00, 0x00, 
    0x00, 0x00, 0x00, 0x00, 0x00, 0x00, 0x00, 0x00, 0x00, 0x00, 0x00, 0x00, 
    0x00, 0x00, 0x00, 0x00, 0x00, 0x00, 0x00, 0x00, 0x00, 0x00, 0x00, 0x00, 
    0x00, 0x00, 0x00, 0x00, 0x00, 0x00, 0x00, 0x00, 0x00, 0x00, 0x00, 0x00, 
    0x00, 0x00, 0x00, 0x00, 0x00, 0x00, 0x00, 0x00, 0x00, 0x00, 0x00, 0x00, 
    0x00, 0x00, 0x00, 0x00, 0x00, 0x00, 0x00, 0x00, 0x00, 0x00, 0x00, 0x00, 
    0x00, 0x00, 0x00, 0x00, 0x00, 0x00, 0x00, 0x00, 0x00, 0x00, 0x00, 0x00, 
    0x00, 0x00, 0x00, 0x00, 0x00, 0x00, 0x00, 0x00, 0x00, 0x00, 0x00, 0x00, 
    0x00, 0x00, 0x00, 0x00, 0x00, 0x00, 0x00, 0x00, 0x00, 0x00, 0x00, 0x00, 
    0x00, 0x00, 0x00, 0x00, 0x00, 0x00, 0x00, 0x00, 0x00, 0x00, 0x00, 0x00, 
    0x00, 0x00, 0x00, 0x00, 0x00, 0x00, 0x00, 0x00, 0x00, 0x00, 0x00, 0x00, 
    0x00, 0x00, 0x00, 0x00, 0x00, 0x00, 0x00, 0x00, 0x00, 0x00, 0x00, 0x00, 
    0x00, 0x00, 0x00, 0x00, 0x00, 0x00, 0x00, 0x00, 0x00, 0x00, 0x00, 0x00, 
    0x00, 0x00, 0x00, 0x00, 0x00, 0x00, 0x00, 0x00, 0x00, 0x00, 0x00, 0x00, 
    0x00, 0x00, 0x00, 0x00, 0x00, 0x00, 0x00, 0x00, 0x00, 0x00, 0x00, 0x00, 
    0x00, 0x00, 0x00, 0x00, 0x00, 0x00, 0x00, 0x00, 0x00, 0x00, 0x00, 0x00, 
    0x00, 0x00, 0x00, 0x00, 0x00, 0x00, 0x00, 0x00, 0x00, 0x00, 0x00, 0x00, 
    0x00, 0x00, 0x00, 0x00, 0x00, 0x00, 0x00, 0x00, 0x00, 0x00, 0x00, 0x00, 
    0x00, 0x00, 0x00, 0x00, 0x00, 0x00, 0x00, 0x00, 0x00, 0x00, 0x00, 0x00, 
    0x00, 0x00, 0x00, 0x00, 0x00, 0x00, 0x00, 0x00, 0x00, 0x00, 0x00, 0x00, 
    0x00, 0x00, 0x00, 0x00, 0x00, 0x00, 0x00, 0x00, 0x00, 0x00, 0x00, 0x00, 
    0x00, 0x00, 0x00, 0x00, 0x00, 0x00, 0x00, 0x00, 0x00, 0x00, 0x00, 0x00, 
    0x00, 0x00, 0x00, 0x00, 0x00, 0x00, 0x00, 0x00, 0x00, 0x00, 0x00, 0x00, 
    0x00, 0x00, 0x00, 0x00, 0x00, 0x00, 0x00, 0x00, 0x00, 0x00, 0x00, 0x00, 
    0x00, 0x00, 0x00, 0x00, 0x00, 0x00, 0x00, 0x00, 0x00, 0x00, 0x00, 0x00, 
    0x00, 0x00, 0x00, 0x00, 0x00, 0x00, 0x00, 0x00, 0x00, 0x00, 0x00, 0x00, 
    0x00, 0x00, 0x00, 0x00, 0x00, 0x00, 0x00, 0x00, 0x00, 0x00, 0x00, 0x00, 
    0x00, 0x00, 0x00, 0x00, 0x00, 0x00, 0x00, 0x00, 0x00, 0x00, 0x00, 0x00, 
    0x00, 0x00, 0x00, 0x00, 0x00, 0x00, 0x00, 0x00, 0x00, 0x00, 0x00, 0x00, 
    0x00, 0x00, 0x00, 0x00, 0x00, 0x00, 0x00, 0x00, 0x00, 0x00, 0x00, 0x00, 
    0x00, 0x00, 0x00, 0x00, 0x00, 0x00, 0x00, 0x00, 0x00, 0x00, 0x00, 0x00, 
    0x00, 0x00, 0x00, 0x00, 0x00, 0x00, 0x00, 0x00, 0x00, 0x00, 0x00, 0x00, 
    0x00, 0x00, 0x00, 0x00, 0x00, 0x00, 0x00, 0x00, 0x00, 0x00, 0x00, 0x00, 
    0x00, 0x00, 0x00, 0x00, 0x00, 0x00, 0x00, 0x00, 0x00, 0x00, 0x00, 0x00, 
    0x00, 0x00, 0x00, 0x00, 0x00, 0x00, 0x00, 0x00, 0x00, 0x00, 0x00, 0x00, 
    0x00, 0x00, 0x00, 0x00, 0x00, 0x00, 0x00, 0x00, 0x00, 0x00, 0x00, 0x00, 
    0x00, 0x00, 0x00, 0x00, 0x00, 0x00, 0x00, 0x00, 0x00, 0x00, 0x00, 0x00, 
    0x00, 0x00, 0x00, 0x00, 0x00, 0x00, 0x00, 0x00, 0x00, 0x00, 0x00, 0x00, 
    0x00, 0x00, 0x00, 0x00, 0x00, 0x00, 0x00, 0x00, 0x00, 0x00, 0x00, 0x00, 
    0x00, 0x00, 0x00, 0x00, 0x00, 0x00, 0x00, 0x00, 0x00, 0x00, 0x00, 0x00, 
    0x00, 0x00, 0x00, 0x00, 0x00, 0x00, 0x00, 0x00, 0x00, 0x00, 0x00, 0x00, 
    0x00, 0x00, 0x00, 0x00, 0x00, 0x00, 0x00, 0x00, 0x00, 0x00, 0x00, 0x00, 
    0x00, 0x00, 0x00, 0x00, 0x00, 0x00, 0x00, 0x00, 0x00, 0x00, 0x00, 0x00, 
    0x00, 0x00, 0x00, 0x00, 0x00, 0x00, 0x00, 0x00, 0x00, 0x00, 0x00, 0x00, 
    0x00, 0x00, 0x00, 0x00, 0x00, 0x00, 0x00, 0x00, 0x00, 0x00, 0x00, 0x00, 
    0x00, 0x00, 0x00, 0x00, 0x00, 0x00, 0x00, 0x00, 0x00, 0x00, 0x00, 0x00, 
    0x00, 0x00, 0x00, 0x00, 0x00, 0x00, 0x00, 0x00, 0x00, 0x00, 0x00, 0x00, 
    0x00, 0x00, 0x00, 0x00, 0x00, 0x00, 0x00, 0x00, 0x00, 0x00, 0x00, 0x00, 
    0x00, 0x00, 0x00, 0x00, 0x00, 0x00, 0x00, 0x00, 0x00, 0x00, 0x00, 0x00, 
    0x00, 0x00, 0x00, 0x00, 0x00, 0x00, 0x00, 0x00, 0x00, 0x00, 0x00, 0x00, 
    0x00, 0x00, 0x00, 0x00, 0x00, 0x00, 0x00, 0x00, 0x00, 0x00, 0x00, 0x00, 
    0x00, 0x00, 0x00, 0x00, 0x00, 0x00, 0x00, 0x00, 0x00, 0x00, 0x00, 0x00, 
    0x00, 0x00, 0x00, 0x00, 0x00, 0x00, 0x00, 0x00, 0x00, 0x00, 0x00, 0x00, 
    0x00, 0x00, 0x00, 0x00, 0x00, 0x00, 0x00, 0x00, 0x00, 0x00, 0x00, 0x00, 
    0x00, 0x00, 0x00, 0x00, 0x00, 0x00, 0x00, 0x00, 0x00, 0x00, 0x00, 0x00, 
    0x00, 0x00, 0x00, 0x00, 0x00, 0x00, 0x00, 0x00, 0x00, 0x00, 0x00, 0x00, 
    0x00, 0x00, 0x00, 0x00, 0x00, 0x00, 0x00, 0x00, 0x00, 0x00, 0x00, 0x00, 
    0x00, 0x00, 0x00, 0x00, 0x00, 0x00, 0x00, 0x00, 0x00, 0x00, 0x00, 0x00, 
    0x00, 0x00, 0x00, 0x00, 0x00, 0x00, 0x00, 0x00, 0x00, 0x00, 0x00, 0x00, 
    0x00, 0x00, 0x00, 0x00, 0x00, 0x00, 0x00, 0x00, 0x00, 0x00, 0x00, 0x00, 
    0x00, 0x00, 0x00, 0x00, 0x00, 0x00, 0x00, 0x00, 0x00, 0x00, 0x00, 0x00, 
    0x00, 0x00, 0x00, 0x00, 0x00, 0x00, 0x00, 0x00, 0x00, 0x00, 0x00, 0x00, 
    0x00, 0x00, 0x00, 0x00, 0x00, 0x00, 0x00, 0x00, 0x00, 0x00, 0x00, 0x00, 
    0x00, 0x00, 0x00, 0x00, 0x00, 0x00, 0x00, 0x00, 0x00, 0x00, 0x00, 0x00, 
    0x00, 0x00, 0x00, 0x00, 0x00, 0x00, 0x00, 0x00, 0x02, 0x00, 0x04, 0x00, 
    0x70, 0x72, 0x6f, 0x62, 0x65, 0x64, 0x62, 0x75, 0x73, 0x5f, 0x63, 0x72, 
    0x65, 0x61, 0x74, 0x65, 0x5f, 0x66, 0x61, 0x69, 0x6c, 0x65, 0x64, 0x00, 
    0x00, 0x00, 0x00, 0x00, 0x04, 0x00, 0x00, 0x00, 0x00, 0x00, 0x00, 0x00, 
    0x00, 0x00, 0x00, 0x09, 0x00, 0x00, 0x00, 0x00, 0x00, 0x10, 0x00, 0x00, 
    0x00, 0x00, 0x00, 0x00, 0x21, 0x00, 0x00, 0x00, 0x00, 0x00, 0x00, 0x00, 
    0x00, 0x00, 0x01, 0x00, 0x00, 0x00, 0x00, 0x00, 0x00, 0x00, 0x00, 0x10, 
    0x40, 0x00, 0x00, 0x00, 0x00, 0x00, 0x00, 0x10, 0x00, 0x00, 0x00, 0x00, 
    0x00, 0x00, 0x00, 0x00, 0x00, 0x00, 0x00, 0x00, 0x70, 0x6c, 0x61, 0x74, 
    0x66, 0x6f, 0x72, 0x6d, 0x6e, 0x61, 0x6d, 0x65, 0x71, 0x65, 0x6d, 0x75, 
    0x2d, 0x76, 0x69, 0x72, 0x74, 0x62, 0x75, 0x73, 0x5f, 0x64, 0x69, 0x73, 
    0x63, 0x6f, 0x76, 0x65, 0x72, 0x79, 0x5f, 0x64, 0x6f, 0x6e, 0x65, 0x2f, 
    0x55, 0x73, 0x65, 0x72, 0x73, 0x2f, 0x74, 0x2e, 0x68, 0x65, 0x6c, 0x6f, 
    0x69, 0x6e, 0x2f, 0x67, 0x69, 0x74, 0x2f, 0x62, 0x61, 0x6e, 0x61, 0x6e, 
    0x61, 0x2f, 0x62, 0x70, 0x69, 0x2d, 0x72, 0x34, 0x2d, 0x6b, 0x65, 0x72, 
    0x6e, 0x65, 0x6c, 0x2f, 0x75, 0x73, 0x65, 0x72, 0x2f, 0x6c, 0x69, 0x62, 
    0x6f, 0x73, 0x2f, 0x73, 0x72, 0x63, 0x2f, 0x73, 0x65, 0x72, 0x69, 0x61, 
    0x6c, 0x69, 0x7a, 0x65, 0x2e, 0x72, 0x73, 0x00, 0x2f, 0x55, 0x73, 0x65, 
    0x72, 0x73, 0x2f, 0x74, 0x2e, 0x68, 0x65, 0x6c, 0x6f, 0x69, 0x6e, 0x2f, 
    0x2e, 0x72, 0x75, 0x73, 0x74, 0x75, 0x70, 0x2f, 0x74, 0x6f, 0x6f, 0x6c, 
    0x63, 0x68, 0x61, 0x69, 0x6e, 0x73, 0x2f, 0x6e, 0x69, 0x67, 0x68, 0x74, 
    0x6c, 0x79, 0x2d, 0x61, 0x61, 0x72, 0x63, 0x68, 0x36, 0x34, 0x2d, 0x61, 
    0x70, 0x70, 0x6c, 0x65, 0x2d, 0x64, 0x61, 0x72, 0x77, 0x69, 0x6e, 0x2f, 
    0x6c, 0x69, 0x62, 0x2f, 0x72, 0x75, 0x73, 0x74, 0x6c, 0x69, 0x62, 0x2f, 
    0x73, 0x72, 0x63, 0x2f, 0x72, 0x75, 0x73, 0x74, 0x2f, 0x6c, 0x69, 0x62, 
    0x72, 0x61, 0x72, 0x79, 0x2f, 0x63, 0x6f, 0x72, 0x65, 0x2f, 0x73, 0x72, 
    0x63, 0x2f, 0x66, 0x6d, 0x74, 0x2f, 0x6e, 0x75, 0x6d, 0x2e, 0x72, 0x73, 
    0x00, 0x26, 0x63, 0x6f, 0x70, 0x79, 0x5f, 0x66, 0x72, 0x6f, 0x6d, 0x5f, 
    0x73, 0x6c, 0x69, 0x63, 0x65, 0x3a, 0x20, 0x73, 0x6f, 0x75, 0x72, 0x63, 
    0x65, 0x20, 0x73, 0x6c, 0x69, 0x63, 0x65, 0x20, 0x6c, 0x65, 0x6e, 0x67, 
    0x74, 0x68, 0x20, 0x28, 0xc0, 0x2b, 0x29, 0x20, 0x64, 0x6f, 0x65, 0x73, 
    0x20, 0x6e, 0x6f, 0x74, 0x20, 0x6d, 0x61, 0x74, 0x63, 0x68, 0x20, 0x64, 
    0x65, 0x73, 0x74, 0x69, 0x6e, 0x61, 0x74, 0x69, 0x6f, 0x6e, 0x20, 0x73, 
    0x6c, 0x69, 0x63, 0x65, 0x20, 0x6c, 0x65, 0x6e, 0x67, 0x74, 0x68, 0x20, 
    0x28, 0xc0, 0x01, 0x29, 0x00, 0xc0, 0x00, 0x16, 0x73, 0x6c, 0x69, 0x63, 
    0x65, 0x20, 0x69, 0x6e, 0x64, 0x65, 0x78, 0x20, 0x73, 0x74, 0x61, 0x72, 
    0x74, 0x73, 0x20, 0x61, 0x74, 0x20, 0xc0, 0x0d, 0x20, 0x62, 0x75, 0x74, 
    0x20, 0x65, 0x6e, 0x64, 0x73, 0x20, 0x61, 0x74, 0x20, 0xc0, 0x00, 0x20, 
    0x69, 0x6e, 0x64, 0x65, 0x78, 0x20, 0x6f, 0x75, 0x74, 0x20, 0x6f, 0x66, 
    0x20, 0x62, 0x6f, 0x75, 0x6e, 0x64, 0x73, 0x3a, 0x20, 0x74, 0x68, 0x65, 
    0x20, 0x6c, 0x65, 0x6e, 0x20, 0x69, 0x73, 0x20, 0xc0, 0x12, 0x20, 0x62, 
    0x75, 0x74, 0x20, 0x74, 0x68, 0x65, 0x20, 0x69, 0x6e, 0x64, 0x65, 0x78, 
    0x20, 0x69, 0x73, 0x20, 0xc0, 0x00, 0x2f, 0x55, 0x73, 0x65, 0x72, 0x73, 
    0x2f, 0x74, 0x2e, 0x68, 0x65, 0x6c, 0x6f, 0x69, 0x6e, 0x2f, 0x67, 0x69, 
    0x74, 0x2f, 0x62, 0x61, 0x6e, 0x61, 0x6e, 0x61, 0x2f, 0x62, 0x70, 0x69, 
    0x2d, 0x72, 0x34, 0x2d, 0x6b, 0x65, 0x72, 0x6e, 0x65, 0x6c, 0x2f, 0x75, 
    0x73, 0x65, 0x72, 0x2f, 0x6c, 0x69, 0x62, 0x6f, 0x73, 0x2f, 0x73, 0x72, 
    0x63, 0x2f, 0x75, 0x6c, 0x6f, 0x67, 0x2e, 0x72, 0x73, 0x00, 0x10, 0x72, 
    0x61, 0x6e, 0x67, 0x65, 0x20, 0x65, 0x6e, 0x64, 0x20, 0x69, 0x6e, 0x64, 
    0x65, 0x78, 0x20, 0xc0, 0x22, 0x20, 0x6f, 0x75, 0x74, 0x20, 0x6f, 0x66, 
    0x20, 0x72, 0x61, 0x6e, 0x67, 0x65, 0x20, 0x66, 0x6f, 0x72, 0x20, 0x73, 
    0x6c, 0x69, 0x63, 0x65, 0x20, 0x6f, 0x66, 0x20, 0x6c, 0x65, 0x6e, 0x67, 
    0x74, 0x68, 0x20, 0xc0, 0x00, 0x12, 0x72, 0x61, 0x6e, 0x67, 0x65, 0x20, 
    0x73, 0x74, 0x61, 0x72, 0x74, 0x20, 0x69, 0x6e, 0x64, 0x65, 0x78, 0x20, 
    0xc0, 0x22, 0x20, 0x6f, 0x75, 0x74, 0x20, 0x6f, 0x66, 0x20, 0x72, 0x61, 
    0x6e, 0x67, 0x65, 0x20, 0x66, 0x6f, 0x72, 0x20, 0x73, 0x6c, 0x69, 0x63, 
    0x65, 0x20, 0x6f, 0x66, 0x20, 0x6c, 0x65, 0x6e, 0x67, 0x74, 0x68, 0x20, 
    0xc0, 0x00, 0x2f, 0x55, 0x73, 0x65, 0x72, 0x73, 0x2f, 0x74, 0x2e, 0x68, 
    0x65, 0x6c, 0x6f, 0x69, 0x6e, 0x2f, 0x67, 0x69, 0x74, 0x2f, 0x62, 0x61, 
    0x6e, 0x61, 0x6e, 0x61, 0x2f, 0x62, 0x70, 0x69, 0x2d, 0x72, 0x34, 0x2d, 
    0x6b, 0x65, 0x72, 0x6e, 0x65, 0x6c, 0x2f, 0x75, 0x73, 0x65, 0x72, 0x2f, 
    0x6c, 0x69, 0x62, 0x73, 0x79, 0x73, 0x2f, 0x73, 0x72, 0x63, 0x2f, 0x6c, 
    0x69, 0x62, 0x2e, 0x72, 0x73, 0x00, 0x00, 0x00, 0xcc, 0x20, 0x01, 0x40, 
    0x00, 0x00, 0x00, 0x00, 0x70, 0x00, 0x00, 0x00, 0x00, 0x00, 0x00, 0x00, 
    0x57, 0x02, 0x00, 0x00, 0x05, 0x00, 0x00, 0x00, 0x30, 0x30, 0x30, 0x31, 
    0x30, 0x32, 0x30, 0x33, 0x30, 0x34, 0x30, 0x35, 0x30, 0x36, 0x30, 0x37, 
    0x30, 0x38, 0x30, 0x39, 0x31, 0x30, 0x31, 0x31, 0x31, 0x32, 0x31, 0x33, 
    0x31, 0x34, 0x31, 0x35, 0x31, 0x36, 0x31, 0x37, 0x31, 0x38, 0x31, 0x39, 
    0x32, 0x30, 0x32, 0x31, 0x32, 0x32, 0x32, 0x33, 0x32, 0x34, 0x32, 0x35, 
    0x32, 0x36, 0x32, 0x37, 0x32, 0x38, 0x32, 0x39, 0x33, 0x30, 0x33, 0x31, 
    0x33, 0x32, 0x33, 0x33, 0x33, 0x34, 0x33, 0x35, 0x33, 0x36, 0x33, 0x37, 
    0x33, 0x38, 0x33, 0x39, 0x34, 0x30, 0x34, 0x31, 0x34, 0x32, 0x34, 0x33, 
    0x34, 0x34, 0x34, 0x35, 0x34, 0x36, 0x34, 0x37, 0x34, 0x38, 0x34, 0x39, 
    0x35, 0x30, 0x35, 0x31, 0x35, 0x32, 0x35, 0x33, 0x35, 0x34, 0x35, 0x35, 
    0x35, 0x36, 0x35, 0x37, 0x35, 0x38, 0x35, 0x39, 0x36, 0x30, 0x36, 0x31, 
    0x36, 0x32, 0x36, 0x33, 0x36, 0x34, 0x36, 0x35, 0x36, 0x36, 0x36, 0x37, 
    0x36, 0x38, 0x36, 0x39, 0x37, 0x30, 0x37, 0x31, 0x37, 0x32, 0x37, 0x33, 
    0x37, 0x34, 0x37, 0x35, 0x37, 0x36, 0x37, 0x37, 0x37, 0x38, 0x37, 0x39, 
    0x38, 0x30, 0x38, 0x31, 0x38, 0x32, 0x38, 0x33, 0x38, 0x34, 0x38, 0x35, 
    0x38, 0x36, 0x38, 0x37, 0x38, 0x38, 0x38, 0x39, 0x39, 0x30, 0x39, 0x31, 
    0x39, 0x32, 0x39, 0x33, 0x39, 0x34, 0x39, 0x35, 0x39, 0x36, 0x39, 0x37, 
    0x39, 0x38, 0x39, 0x39, 0xf6, 0x21, 0x01, 0x40, 0x00, 0x00, 0x00, 0x00, 
    0x3f, 0x00, 0x00, 0x00, 0x00, 0x00, 0x00, 0x00, 0x77, 0x01, 0x00, 0x00, 
    0x09, 0x00, 0x00, 0x00, 0xf6, 0x21, 0x01, 0x40, 0x00, 0x00, 0x00, 0x00, 
    0x3f, 0x00, 0x00, 0x00, 0x00, 0x00, 0x00, 0x00, 0x7b, 0x01, 0x00, 0x00, 
    0x09, 0x00, 0x00, 0x00, 0xf6, 0x21, 0x01, 0x40, 0x00, 0x00, 0x00, 0x00, 
    0x3f, 0x00, 0x00, 0x00, 0x00, 0x00, 0x00, 0x00, 0x7f, 0x01, 0x00, 0x00, 
    0x14, 0x00, 0x00, 0x00, 0xf6, 0x21, 0x01, 0x40, 0x00, 0x00, 0x00, 0x00, 
    0x3f, 0x00, 0x00, 0x00, 0x00, 0x00, 0x00, 0x00, 0x7f, 0x01, 0x00, 0x00, 
    0x33, 0x00, 0x00, 0x00, 0xf6, 0x21, 0x01, 0x40, 0x00, 0x00, 0x00, 0x00, 
    0x3f, 0x00, 0x00, 0x00, 0x00, 0x00, 0x00, 0x00, 0x83, 0x01, 0x00, 0x00, 
    0x35, 0x00, 0x00, 0x00, 0xf6, 0x21, 0x01, 0x40, 0x00, 0x00, 0x00, 0x00, 
    0x3f, 0x00, 0x00, 0x00, 0x00, 0x00, 0x00, 0x00, 0xaf, 0x00, 0x00, 0x00, 
    0x1a, 0x00, 0x00, 0x00, 0xf6, 0x21, 0x01, 0x40, 0x00, 0x00, 0x00, 0x00, 
    0x3f, 0x00, 0x00, 0x00, 0x00, 0x00, 0x00, 0x00, 0xc8, 0x00, 0x00, 0x00, 
    0x16, 0x00, 0x00, 0x00, 0xf6, 0x21, 0x01, 0x40, 0x00, 0x00, 0x00, 0x00, 
    0x3f, 0x00, 0x00, 0x00, 0x00, 0x00, 0x00, 0x00, 0x9c, 0x00, 0x00, 0x00, 
    0x0d, 0x00, 0x00, 0x00, 0xf6, 0x21, 0x01, 0x40, 0x00, 0x00, 0x00, 0x00, 
    0x3f, 0x00, 0x00, 0x00, 0x00, 0x00, 0x00, 0x00, 0x98, 0x00, 0x00, 0x00, 
    0x0d, 0x00, 0x00, 0x00, 0xf6, 0x21, 0x01, 0x40, 0x00, 0x00, 0x00, 0x00, 
    0x3f, 0x00, 0x00, 0x00, 0x00, 0x00, 0x00, 0x00, 0x5d, 0x01, 0x00, 0x00, 
    0x09, 0x00, 0x00, 0x00, 0xf6, 0x21, 0x01, 0x40, 0x00, 0x00, 0x00, 0x00, 
    0x3f, 0x00, 0x00, 0x00, 0x00, 0x00, 0x00, 0x00, 0x5f, 0x01, 0x00, 0x00, 
    0x14, 0x00, 0x00, 0x00, 0xf6, 0x21, 0x01, 0x40, 0x00, 0x00, 0x00, 0x00, 
    0x3f, 0x00, 0x00, 0x00, 0x00, 0x00, 0x00, 0x00, 0x5f, 0x01, 0x00, 0x00, 
    0x2f, 0x00, 0x00, 0x00, 0xf6, 0x21, 0x01, 0x40, 0x00, 0x00, 0x00, 0x00, 
    0x3f, 0x00, 0x00, 0x00, 0x00, 0x00, 0x00, 0x00, 0x93, 0x01, 0x00, 0x00, 
    0x28, 0x00, 0x00, 0x00, 0xf6, 0x21, 0x01, 0x40, 0x00, 0x00, 0x00, 0x00, 
    0x3f, 0x00, 0x00, 0x00, 0x00, 0x00, 0x00, 0x00, 0x8e, 0x01, 0x00, 0x00, 
    0x35, 0x00, 0x00, 0x00, 0xf6, 0x21, 0x01, 0x40, 0x00, 0x00, 0x00, 0x00, 
    0x3f, 0x00, 0x00, 0x00, 0x00, 0x00, 0x00, 0x00, 0x55, 0x01, 0x00, 0x00, 
    0x09, 0x00, 0x00, 0x00, 0xf6, 0x21, 0x01, 0x40, 0x00, 0x00, 0x00, 0x00, 
    0x3f, 0x00, 0x00, 0x00, 0x00, 0x00, 0x00, 0x00, 0x57, 0x01, 0x00, 0x00, 
    0x14, 0x00, 0x00, 0x00, 0xf6, 0x21, 0x01, 0x40, 0x00, 0x00, 0x00, 0x00, 
    0x3f, 0x00, 0x00, 0x00, 0x00, 0x00, 0x00, 0x00, 0x57, 0x01, 0x00, 0x00, 
    0x2f, 0x00, 0x00, 0x00, 0xf6, 0x21, 0x01, 0x40, 0x00, 0x00, 0x00, 0x00, 
    0x3f, 0x00, 0x00, 0x00, 0x00, 0x00, 0x00, 0x00, 0x69, 0x01, 0x00, 0x00, 
    0x09, 0x00, 0x00, 0x00, 0xf6, 0x21, 0x01, 0x40, 0x00, 0x00, 0x00, 0x00, 
    0x3f, 0x00, 0x00, 0x00, 0x00, 0x00, 0x00, 0x00, 0x64, 0x01, 0x00, 0x00, 
    0x09, 0x00, 0x00, 0x00, 0xf6, 0x21, 0x01, 0x40, 0x00, 0x00, 0x00, 0x00, 
    0x3f, 0x00, 0x00, 0x00, 0x00, 0x00, 0x00, 0x00, 0xe2, 0x02, 0x00, 0x00, 
    0x2c, 0x00, 0x00, 0x00, 0x87, 0x20, 0x01, 0x40, 0x00, 0x00, 0x00, 0x00, 
    0x44, 0x00, 0x00, 0x00, 0x00, 0x00, 0x00, 0x00, 0x7d, 0x00, 0x00, 0x00, 
    0x09, 0x00, 0x00, 0x00, 0x87, 0x20, 0x01, 0x40, 0x00, 0x00, 0x00, 0x00, 
    0x44, 0x00, 0x00, 0x00, 0x00, 0x00, 0x00, 0x00, 0x7e, 0x00, 0x00, 0x00, 
    0x0c, 0x00, 0x00, 0x00, 0x87, 0x20, 0x01, 0x40, 0x00, 0x00, 0x00, 0x00, 
    0x44, 0x00, 0x00, 0x00, 0x00, 0x00, 0x00, 0x00, 0x7e, 0x00, 0x00, 0x00, 
    0x19, 0x00, 0x00, 0x00, 0xa6, 0x22, 0x01, 0x40, 0x00, 0x00, 0x00, 0x00, 
    0x3f, 0x00, 0x00, 0x00, 0x00, 0x00, 0x00, 0x00, 0x7f, 0x00, 0x00, 0x00, 
    0x12, 0x00, 0x00, 0x00, 0x50, 0x41, 0x4e, 0x49, 0x43, 0x3a, 0x20, 0x00, 
    0xa6, 0x22, 0x01, 0x40, 0x00, 0x00, 0x00, 0x00, 0x3f, 0x00, 0x00, 0x00, 
    0x00, 0x00, 0x00, 0x00, 0x49, 0x00, 0x00, 0x00, 0x12, 0x00, 0x00, 0x00, 
    0xa6, 0x22, 0x01, 0x40, 0x00, 0x00, 0x00, 0x00, 0x3f, 0x00, 0x00, 0x00, 
    0x00, 0x00, 0x00, 0x00, 0x4a, 0x00, 0x00, 0x00, 0x0c, 0x00, 0x00, 0x00, 
    0xa6, 0x22, 0x01, 0x40, 0x00, 0x00, 0x00, 0x00, 0x3f, 0x00, 0x00, 0x00, 
    0x00, 0x00, 0x00, 0x00, 0x4a, 0x00, 0x00, 0x00, 0x1a, 0x00, 0x00, 0x00, 
    0xa6, 0x22, 0x01, 0x40, 0x00, 0x00, 0x00, 0x00, 0x3f, 0x00, 0x00, 0x00, 
    0x00, 0x00, 0x00, 0x00, 0x55, 0x00, 0x00, 0x00, 0x31, 0x00, 0x00, 0x00, 
    0xa6, 0x22, 0x01, 0x40, 0x00, 0x00, 0x00, 0x00, 0x3f, 0x00, 0x00, 0x00, 
    0x00, 0x00, 0x00, 0x00, 0x6a, 0x00, 0x00, 0x00, 0x39, 0x00, 0x00, 0x00, 
    0xa6, 0x22, 0x01, 0x40, 0x00, 0x00, 0x00, 0x00, 0x3f, 0x00, 0x00, 0x00, 
    0x00, 0x00, 0x00, 0x00, 0x5e, 0x00, 0x00, 0x00, 0x15, 0x00, 0x00, 0x00, 
    0xa6, 0x22, 0x01, 0x40, 0x00, 0x00, 0x00, 0x00, 0x3f, 0x00, 0x00, 0x00, 
    0x00, 0x00, 0x00, 0x00, 0x5e, 0x00, 0x00, 0x00, 0x2e, 0x00, 0x00, 0x00, 
    0x00, 0x00, 0x00, 0x00, 0x00, 0x00, 0x00, 0x00, 0x18, 0x00, 0x00, 0x00, 
    0x00, 0x00, 0x00, 0x00, 0x08, 0x00, 0x00, 0x00, 0x00, 0x00, 0x00, 0x00, 
    0xe8, 0x10, 0x01, 0x40, 0x00, 0x00, 0x00, 0x00, 0x54, 0x11, 0x01, 0x40, 
    0x00, 0x00, 0x00, 0x00, 0xc0, 0x10, 0x01, 0x40, 0x00, 0x00, 0x00, 0x00, 
    0x00, 0x00, 0x00, 0x00, 0x00, 0x00, 0x00, 0x00, 0x00, 0x00, 0x00, 0x00, 
    0x00, 0x00, 0x00, 0x00, 0x00, 0x00, 0x00, 0x00, 0x00, 0x00, 0x00, 0x00, 
    0x00, 0x00, 0x00, 0x00, 0x00, 0x00, 0x00, 0x00, 0x00, 0x00, 0x00, 0x00, 
    0x00, 0x00, 0x00, 0x00, 0x00, 0x00, 0x00, 0x00, 0x00, 0x00, 0x00, 0x00, 
    0x00, 0x00, 0x00, 0x00, 0x00, 0x00, 0x00, 0x00, 0x00, 0x00, 0x00, 0x00, 
    0x00, 0x00, 0x00, 0x00, 0x00, 0x00, 0x00, 0x00, 0x00, 0x00, 0x00, 0x00, 
    0x00, 0x00, 0x00, 0x00, 0x00, 0x00, 0x00, 0x00, 0x00, 0x00, 0x00, 0x00, 
    0x00, 0x00, 0x00, 0x00, 0x00, 0x00, 0x00, 0x00, 0x00, 0x00, 0x00, 0x00, 
    0x00, 0x00, 0x00, 0x00, 0x00, 0x00, 0x00, 0x00, 0x00, 0x00, 0x00, 0x00, 
    0x00, 0x00, 0x00, 0x00, 0x00, 0x00, 0x00, 0x00, 0x00, 0x00, 0x00, 0x00, 
    0x00, 0x00, 0x00, 0x00, 0x00, 0x00, 0x00, 0x00, 0x00, 0x00, 0x00, 0x00, 
    0x00, 0x00, 0x00, 0x00, 0x00, 0x00, 0x00, 0x00, 0x00, 0x00, 0x00, 0x00, 
    0x00, 0x00, 0x00, 0x00, 0x00, 0x00, 0x00, 0x00, 0x00, 0x00, 0x00, 0x00, 
    0x00, 0x00, 0x00, 0x00, 0x00, 0x00, 0x00, 0x00, 0x00, 0x00, 0x00, 0x00, 
    0x00, 0x00, 0x00, 0x00, 0x00, 0x00, 0x00, 0x00, 0x00, 0x00, 0x00, 0x00, 
    0x00, 0x00, 0x00, 0x00, 0x00, 0x00, 0x00, 0x00, 0x00, 0x00, 0x00, 0x00, 
    0x00, 0x00, 0x00, 0x00, 0x00, 0x00, 0x00, 0x00, 0x00, 0x00, 0x00, 0x00, 
    0x00, 0x00, 0x00, 0x00, 0x00, 0x00, 0x00, 0x00, 0x00, 0x00, 0x00, 0x00, 
    0x00, 0x00, 0x00, 0x00, 0x00, 0x00, 0x00, 0x00, 0x00, 0x00, 0x00, 0x00, 
    0x00, 0x00, 0x00, 0x00, 0x00, 0x00, 0x00, 0x00, 0x00, 0x00, 0x00, 0x00, 
    0x00, 0x00, 0x00, 0x00, 0x00, 0x00, 0x00, 0x00, 0x00, 0x00, 0x00, 0x00, 
    0x00, 0x00, 0x00, 0x00, 0x00, 0x00, 0x00, 0x00, 0x00, 0x00, 0x00, 0x00, 
    0x00, 0x00, 0x00, 0x00, 0x00, 0x00, 0x00, 0x00, 0x00, 0x00, 0x00, 0x00, 
    0x00, 0x00, 0x00, 0x00, 0x00, 0x00, 0x00, 0x00, 0x00, 0x00, 0x00, 0x00, 
    0x00, 0x00, 0x00, 0x00, 0x00, 0x00, 0x00, 0x00, 0x00, 0x00, 0x00, 0x00, 
    0x00, 0x00, 0x00, 0x00, 0x00, 0x00, 0x00, 0x00, 0x00, 0x00, 0x00, 0x00, 
    0x00, 0x00, 0x00, 0x00, 0x00, 0x00, 0x00, 0x00, 0x00, 0x00, 0x00, 0x00, 
    0x00, 0x00, 0x00, 0x00, 0x00, 0x00, 0x00, 0x00, 0x00, 0x00, 0x00, 0x00, 
    0x00, 0x00, 0x00, 0x00, 0x00, 0x00, 0x00, 0x00, 0x00, 0x00, 0x00, 0x00, 
    0x00, 0x00, 0x00, 0x00, 0x00, 0x00, 0x00, 0x00, 0x00, 0x00, 0x00, 0x00, 
    0x00, 0x00, 0x00, 0x00, 0x00, 0x00, 0x00, 0x00, 0x00, 0x00, 0x00, 0x00, 
    0x00, 0x00, 0x00, 0x00, 0x00, 0x00, 0x00, 0x00, 0x00, 0x00, 0x00, 0x00, 
    0x00, 0x00, 0x00, 0x00, 0x00, 0x00, 0x00, 0x00, 0x00, 0x00, 0x00, 0x00, 
    0x00, 0x00, 0x00, 0x00, 0x00, 0x00, 0x00, 0x00, 0x00, 0x00, 0x00, 0x00, 
    0x00, 0x00, 0x00, 0x00, 0x00, 0x00, 0x00, 0x00, 0x00, 0x00, 0x00, 0x00, 
    0x00, 0x00, 0x00, 0x00, 0x00, 0x00, 0x00, 0x00, 0x00, 0x00, 0x00, 0x00, 
    0x00, 0x00, 0x00, 0x00, 0x00, 0x00, 0x00, 0x00, 0x00, 0x00, 0x00, 0x00, 
    0x00, 0x00, 0x00, 0x00, 0x00, 0x00, 0x00, 0x00, 0x00, 0x00, 0x00, 0x00, 
    0x00, 0x00, 0x00, 0x00, 0x00, 0x00, 0x00, 0x00, 0x00, 0x00, 0x00, 0x00, 
    0x00, 0x00, 0x00, 0x00, 0x00, 0x00, 0x00, 0x00, 0x00, 0x00, 0x00, 0x00, 
    0x00, 0x00, 0x00, 0x00, 0x00, 0x00, 0x00, 0x00, 0x00, 0x00, 0x00, 0x00, 
    0x00, 0x00, 0x00, 0x00, 0x00, 0x00, 0x00, 0x00, 0x00, 0x00, 0x00, 0x00, 
    0x00, 0x00, 0x00, 0x00, 0x00, 0x00, 0x00, 0x00, 0x00, 0x00, 0x00, 0x00, 
    0x00, 0x00, 0x00, 0x00, 0x00, 0x00, 0x00, 0x00, 0x00, 0x00, 0x00, 0x00, 
    0x00, 0x00, 0x00, 0x00, 0x00, 0x00, 0x00, 0x00, 0x00, 0x00, 0x00, 0x00, 
    0x00, 0x00, 0x00, 0x00, 0x00, 0x00, 0x00, 0x00, 0x00, 0x00, 0x00, 0x00, 
    0x00, 0x00, 0x00, 0x00, 0x00, 0x00, 0x00, 0x00, 0x00, 0x00, 0x00, 0x00, 
    0x00, 0x00, 0x00, 0x00, 0x00, 0x00, 0x00, 0x00, 0x00, 0x00, 0x00, 0x00, 
    0x00, 0x00, 0x00, 0x00, 0x00, 0x00, 0x00, 0x00, 0x00, 0x00, 0x00, 0x00, 
    0x00, 0x00, 0x00, 0x00, 0x00, 0x00, 0x00, 0x00, 0x00, 0x00, 0x00, 0x00, 
    0x00, 0x00, 0x00, 0x00, 0x00, 0x00, 0x00, 0x00, 0x00, 0x00, 0x00, 0x00, 
    0x00, 0x00, 0x00, 0x00, 0x00, 0x00, 0x00, 0x00, 0x00, 0x00, 0x00, 0x00, 
    0x00, 0x00, 0x00, 0x00, 0x00, 0x00, 0x00, 0x00, 0x00, 0x00, 0x00, 0x00, 
    0x00, 0x00, 0x00, 0x00, 0x00, 0x00, 0x00, 0x00, 0x00, 0x00, 0x00, 0x00, 
    0x00, 0x00, 0x00, 0x00, 0x00, 0x00, 0x00, 0x00, 0x00, 0x00, 0x00, 0x00, 
    0x00, 0x00, 0x00, 0x00, 0x00, 0x00, 0x00, 0x00, 0x00, 0x00, 0x00, 0x00, 
    0x00, 0x00, 0x00, 0x00, 0x00, 0x00, 0x00, 0x00, 0x00, 0x00, 0x00, 0x00, 
    0x00, 0x00, 0x00, 0x00, 0x00, 0x00, 0x00, 0x00, 0x00, 0x00, 0x00, 0x00, 
    0x00, 0x00, 0x00, 0x00, 0x00, 0x00, 0x00, 0x00, 0x00, 0x00, 0x00, 0x00, 
    0x00, 0x00, 0x00, 0x00, 0x00, 0x00, 0x00, 0x00, 0x00, 0x00, 0x00, 0x00, 
    0x00, 0x00, 0x00, 0x00, 0x00, 0x00, 0x00, 0x00, 0x00, 0x00, 0x00, 0x00, 
    0x00, 0x00, 0x00, 0x00, 0x00, 0x00, 0x00, 0x00, 0x00, 0x00, 0x00, 0x00, 
    0x00, 0x00, 0x00, 0x00, 0x00, 0x00, 0x00, 0x00, 0x00, 0x00, 0x00, 0x00, 
    0x00, 0x00, 0x00, 0x00, 0x00, 0x00, 0x00, 0x00, 0x00, 0x00, 0x00, 0x00, 
    0x00, 0x00, 0x00, 0x00, 0x00, 0x00, 0x00, 0x00, 0x00, 0x00, 0x00, 0x00, 
    0x00, 0x00, 0x00, 0x00, 0x00, 0x00, 0x00, 0x00, 0x00, 0x00, 0x00, 0x00, 
    0x00, 0x00, 0x00, 0x00, 0x00, 0x00, 0x00, 0x00, 0x00, 0x00, 0x00, 0x00, 
    0x00, 0x00, 0x00, 0x00, 0x00, 0x00, 0x00, 0x00, 0x00, 0x00, 0x00, 0x00, 
    0x00, 0x00, 0x00, 0x00, 0x00, 0x00, 0x00, 0x00, 0x00, 0x00, 0x00, 0x00, 
    0x00, 0x00, 0x00, 0x00, 0x00, 0x00, 0x00, 0x00, 0x00, 0x00, 0x00, 0x00, 
    0x00, 0x00, 0x00, 0x00, 0x00, 0x00, 0x00, 0x00, 0x00, 0x00, 0x00, 0x00, 
    0x00, 0x00, 0x00, 0x00, 0x00, 0x00, 0x00, 0x00, 0x00, 0x00, 0x00, 0x00, 
    0x00, 0x00, 0x00, 0x00, 0x00, 0x00, 0x00, 0x00, 0x00, 0x00, 0x00, 0x00, 
    0x00, 0x00, 0x00, 0x00, 0x00, 0x00, 0x00, 0x00, 0x00, 0x00, 0x00, 0x00, 
    0x00, 0x00, 0x00, 0x00, 0x00, 0x00, 0x00, 0x00, 0x00, 0x00, 0x00, 0x00, 
    0x00, 0x00, 0x00, 0x00, 0x00, 0x00, 0x00, 0x00, 0x00, 0x00, 0x00, 0x00, 
    0x00, 0x00, 0x00, 0x00, 0x00, 0x00, 0x00, 0x00, 0x00, 0x00, 0x00, 0x00, 
    0x00, 0x00, 0x00, 0x00, 0x00, 0x00, 0x00, 0x00, 0x00, 0x00, 0x00, 0x00, 
    0x00, 0x00, 0x00, 0x00, 0x00, 0x00, 0x00, 0x00, 0x00, 0x00, 0x00, 0x00, 
    0x00, 0x00, 0x00, 0x00, 0x00, 0x00, 0x00, 0x00, 0x00, 0x00, 0x00, 0x00, 
    0x00, 0x00, 0x00, 0x00, 0x00, 0x00, 0x00, 0x00, 0x00, 0x00, 0x00, 0x00, 
    0x00, 0x00, 0x00, 0x00, 0x00, 0x00, 0x00, 0x00, 0x00, 0x00, 0x00, 0x00, 
    0x00, 0x00, 0x00, 0x00, 0x00, 0x00, 0x00, 0x00, 0x00, 0x00, 0x00, 0x00, 
    0x00, 0x00, 0x00, 0x00, 0x00, 0x00, 0x00, 0x00, 0x00, 0x00, 0x00, 0x00, 
    0x00, 0x00, 0x00, 0x00, 0x00, 0x00, 0x00, 0x00, 0x00, 0x00, 0x00, 0x00, 
    0x00, 0x00, 0x00, 0x00, 0x00, 0x00, 0x00, 0x00, 0x00, 0x00, 0x00, 0x00, 
    0x00, 0x00, 0x00, 0x00, 0x00, 0x00, 0x00, 0x00, 0x00, 0x00, 0x00, 0x00, 
    0x00, 0x00, 0x00, 0x00, 0x00, 0x00, 0x00, 0x00, 0x00, 0x00, 0x00, 0x00, 
    0x00, 0x00, 0x00, 0x00, 0x00, 0x00, 0x00, 0x00, 0x00, 0x00, 0x00, 0x00, 
    0x00, 0x00, 0x00, 0x00, 0x00, 0x00, 0x00, 0x00, 0x00, 0x00, 0x00, 0x00, 
    0x00, 0x00, 0x00, 0x00, 0x00, 0x00, 0x00, 0x00, 0x00, 0x00, 0x00, 0x00, 
    0x00, 0x00, 0x00, 0x00, 0x00, 0x00, 0x00, 0x00, 0x00, 0x00, 0x00, 0x00, 
    0x00, 0x00, 0x00, 0x00, 0x00, 0x00, 0x00, 0x00, 0x00, 0x00, 0x00, 0x00, 
    0x00, 0x00, 0x00, 0x00, 0x00, 0x00, 0x00, 0x00, 0x00, 0x00, 0x00, 0x00, 
    0x00, 0x00, 0x00, 0x00, 0x00, 0x00, 0x00, 0x00, 0x00, 0x00, 0x00, 0x00, 
    0x00, 0x00, 0x00, 0x00, 0x00, 0x00, 0x00, 0x00, 0x00, 0x00, 0x00, 0x00, 
    0x00, 0x00, 0x00, 0x00, 0x00, 0x00, 0x00, 0x00, 0x00, 0x00, 0x00, 0x00, 
    0x00, 0x00, 0x00, 0x00, 0x00, 0x00, 0x00, 0x00, 0x00, 0x00, 0x00, 0x00, 
    0x00, 0x00, 0x00, 0x00, 0x00, 0x00, 0x00, 0x00, 0x00, 0x00, 0x00, 0x00, 
    0x00, 0x00, 0x00, 0x00, 0x00, 0x00, 0x00, 0x00, 0x00, 0x00, 0x00, 0x00, 
    0x00, 0x00, 0x00, 0x00, 0x00, 0x00, 0x00, 0x00, 0x00, 0x00, 0x00, 0x00, 
    0x00, 0x00, 0x00, 0x00, 0x00, 0x00, 0x00, 0x00, 0x00, 0x00, 0x00, 0x00, 
    0x00, 0x00, 0x00, 0x00, 0x00, 0x00, 0x00, 0x00, 0x00, 0x00, 0x00, 0x00, 
    0x00, 0x00, 0x00, 0x00, 0x00, 0x00, 0x00, 0x00, 0x00, 0x00, 0x00, 0x00, 
    0x00, 0x00, 0x00, 0x00, 0x00, 0x00, 0x00, 0x00, 0x00, 0x00, 0x00, 0x00, 
    0x00, 0x00, 0x00, 0x00, 0x00, 0x00, 0x00, 0x00, 0x00, 0x00, 0x00, 0x00, 
    0x00, 0x00, 0x00, 0x00, 0x00, 0x00, 0x00, 0x00, 0x00, 0x00, 0x00, 0x00, 
    0x00, 0x00, 0x00, 0x00, 0x00, 0x00, 0x00, 0x00, 0x00, 0x00, 0x00, 0x00, 
    0x00, 0x00, 0x00, 0x00, 0x00, 0x00, 0x00, 0x00, 0x00, 0x00, 0x00, 0x00, 
    0x00, 0x00, 0x00, 0x00, 0x00, 0x00, 0x00, 0x00, 0x00, 0x00, 0x00, 0x00, 
    0x00, 0x00, 0x00, 0x00, 0x00, 0x00, 0x00, 0x00, 0x00, 0x00, 0x00, 0x00, 
    0x00, 0x00, 0x00, 0x00, 0x00, 0x00, 0x00, 0x00, 0x00, 0x00, 0x00, 0x00, 
    0x00, 0x00, 0x00, 0x00, 0x00, 0x00, 0x00, 0x00, 0x00, 0x00, 0x00, 0x00, 
    0x00, 0x00, 0x00, 0x00, 0x00, 0x00, 0x00, 0x00, 0x00, 0x00, 0x00, 0x00, 
    0x00, 0x00, 0x00, 0x00, 0x00, 0x00, 0x00, 0x00, 0x00, 0x00, 0x00, 0x00, 
    0x00, 0x00, 0x00, 0x00, 0x00, 0x00, 0x00, 0x00, 0x00, 0x00, 0x00, 0x00, 
    0x00, 0x00, 0x00, 0x00, 0x00, 0x00, 0x00, 0x00, 0x00, 0x00, 0x00, 0x00, 
    0x00, 0x00, 0x00, 0x00, 0x00, 0x00, 0x00, 0x00, 0x00, 0x00, 0x00, 0x00, 
    0x00, 0x00, 0x00, 0x00, 0x00, 0x00, 0x00, 0x00, 0x00, 0x00, 0x00, 0x00, 
    0x00, 0x00, 0x00, 0x00, 0x00, 0x00, 0x00, 0x00, 0x00, 0x00, 0x00, 0x00, 
    0x00, 0x00, 0x00, 0x00, 0x00, 0x00, 0x00, 0x00, 0x00, 0x00, 0x00, 0x00, 
    0x00, 0x00, 0x00, 0x00, 0x00, 0x00, 0x00, 0x00, 0x00, 0x00, 0x00, 0x00, 
    0x00, 0x00, 0x00, 0x00, 0x00, 0x00, 0x00, 0x00, 0x00, 0x00, 0x00, 0x00, 
    0x00, 0x00, 0x00, 0x00, 0x00, 0x00, 0x00, 0x00, 0x00, 0x00, 0x00, 0x00, 
    0x00, 0x00, 0x00, 0x00, 0x00, 0x00, 0x00, 0x00, 0x00, 0x00, 0x00, 0x00, 
    0x00, 0x00, 0x00, 0x00, 0x00, 0x00, 0x00, 0x00, 0x00, 0x00, 0x00, 0x00, 
    0x00, 0x00, 0x00, 0x00, 0x00, 0x00, 0x00, 0x00, 0x00, 0x00, 0x00, 0x00, 
    0x00, 0x00, 0x00, 0x00, 0x00, 0x00, 0x00, 0x00, 0x00, 0x00, 0x00, 0x00, 
    0x00, 0x00, 0x00, 0x00, 0x00, 0x00, 0x00, 0x00, 0x00, 0x00, 0x00, 0x00, 
    0x00, 0x00, 0x00, 0x00, 0x00, 0x00, 0x00, 0x00, 0x00, 0x00, 0x00, 0x00, 
    0x00, 0x00, 0x00, 0x00, 0x00, 0x00, 0x00, 0x00, 0x00, 0x00, 0x00, 0x00, 
    0x00, 0x00, 0x00, 0x00, 0x00, 0x00, 0x00, 0x00, 0x00, 0x00, 0x00, 0x00, 
    0x00, 0x00, 0x00, 0x00, 0x00, 0x00, 0x00, 0x00, 0x00, 0x00, 0x00, 0x00, 
    0x00, 0x00, 0x00, 0x00, 0x00, 0x00, 0x00, 0x00, 0x00, 0x00, 0x00, 0x00, 
    0x00, 0x00, 0x00, 0x00, 0x00, 0x00, 0x00, 0x00, 0x00, 0x00, 0x00, 0x00, 
    0x00, 0x00, 0x00, 0x00, 0x00, 0x00, 0x00, 0x00, 0x00, 0x00, 0x00, 0x00, 
    0x00, 0x00, 0x00, 0x00, 0x00, 0x00, 0x00, 0x00, 0x00, 0x00, 0x00, 0x00, 
    0x00, 0x00, 0x00, 0x00, 0x00, 0x00, 0x00, 0x00, 0x00, 0x00, 0x00, 0x00, 
    0x00, 0x00, 0x00, 0x00, 0x00, 0x00, 0x00, 0x00, 0x00, 0x00, 0x00, 0x00, 
    0x00, 0x00, 0x00, 0x00, 0x00, 0x00, 0x00, 0x00, 0x00, 0x00, 0x00, 0x00, 
    0x00, 0x00, 0x00, 0x00, 0x00, 0x00, 0x00, 0x00, 0x00, 0x00, 0x00, 0x00, 
    0x00, 0x00, 0x00, 0x00, 0x00, 0x00, 0x00, 0x00, 0x00, 0x00, 0x00, 0x00, 
    0x00, 0x00, 0x00, 0x00, 0x00, 0x00, 0x00, 0x00, 0x00, 0x00, 0x00, 0x00, 
    0x00, 0x00, 0x00, 0x00, 0x00, 0x00, 0x00, 0x00, 0x00, 0x00, 0x00, 0x00, 
    0x00, 0x00, 0x00, 0x00, 0x00, 0x00, 0x00, 0x00, 0x00, 0x00, 0x00, 0x00, 
    0x00, 0x00, 0x00, 0x00, 0x00, 0x00, 0x00, 0x00, 0x00, 0x00, 0x00, 0x00, 
    0x00, 0x00, 0x00, 0x00, 0x00, 0x00, 0x00, 0x00, 0x00, 0x00, 0x00, 0x00, 
    0x00, 0x00, 0x00, 0x00, 0x00, 0x00, 0x00, 0x00, 0x00, 0x00, 0x00, 0x00, 
    0x00, 0x00, 0x00, 0x00, 0x00, 0x00, 0x00, 0x00, 0x00, 0x00, 0x00, 0x00, 
    0x00, 0x00, 0x00, 0x00, 0x00, 0x00, 0x00, 0x00, 0x00, 0x00, 0x00, 0x00, 
    0x00, 0x00, 0x00, 0x00, 0x00, 0x00, 0x00, 0x00, 0x00, 0x00, 0x00, 0x00, 
    0x00, 0x00, 0x00, 0x00, 0x00, 0x00, 0x00, 0x00, 0x00, 0x00, 0x00, 0x00, 
    0x00, 0x00, 0x00, 0x00, 0x00, 0x00, 0x00, 0x00, 0x00, 0x00, 0x00, 0x00, 
    0x00, 0x00, 0x00, 0x00, 0x00, 0x00, 0x00, 0x00, 0x00, 0x00, 0x00, 0x00, 
    0x00, 0x00, 0x00, 0x00, 0x00, 0x00, 0x00, 0x00, 0x00, 0x00, 0x00, 0x00, 
    0x00, 0x00, 0x00, 0x00, 0x00, 0x00, 0x00, 0x00, 0x00, 0x00, 0x00, 0x00, 
    0x00, 0x00, 0x00, 0x00, 0x00, 0x00, 0x00, 0x00, 0x00, 0x00, 0x00, 0x00, 
    0x00, 0x00, 0x00, 0x00, 0x00, 0x00, 0x00, 0x00, 0x00, 0x00, 0x00, 0x00, 
    0x00, 0x00, 0x00, 0x00, 0x00, 0x00, 0x00, 0x00, 0x00, 0x00, 0x00, 0x00, 
    0x00, 0x00, 0x00, 0x00, 0x00, 0x00, 0x00, 0x00, 0x00, 0x00, 0x00, 0x00, 
    0x00, 0x00, 0x00, 0x00, 0x00, 0x00, 0x00, 0x00, 0x00, 0x00, 0x00, 0x00, 
    0x00, 0x00, 0x00, 0x00, 0x00, 0x00, 0x00, 0x00, 0x00, 0x00, 0x00, 0x00, 
    0x00, 0x00, 0x00, 0x00, 0x00, 0x00, 0x00, 0x00, 0x00, 0x00, 0x00, 0x00, 
    0x00, 0x00, 0x00, 0x00, 0x00, 0x00, 0x00, 0x00, 0x00, 0x00, 0x00, 0x00, 
    0x00, 0x00, 0x00, 0x00, 0x00, 0x00, 0x00, 0x00, 0x00, 0x00, 0x00, 0x00, 
    0x00, 0x00, 0x00, 0x00, 0x00, 0x00, 0x00, 0x00, 0x00, 0x00, 0x00, 0x00, 
    0x00, 0x00, 0x00, 0x00, 0x00, 0x00, 0x00, 0x00, 0x00, 0x00, 0x00, 0x00, 
    0x00, 0x00, 0x00, 0x00, 0x00, 0x00, 0x00, 0x00, 0x00, 0x00, 0x00, 0x00, 
    0x00, 0x00, 0x00, 0x00, 0x00, 0x00, 0x00, 0x00, 0x00, 0x00, 0x00, 0x00, 
    0x00, 0x00, 0x00, 0x00, 0x00, 0x00, 0x00, 0x00, 0x00, 0x00, 0x00, 0x00, 
    0x00, 0x00, 0x00, 0x00, 0x00, 0x00, 0x00, 0x00, 0x00, 0x00, 0x00, 0x00, 
    0x00, 0x00, 0x00, 0x00, 0x00, 0x00, 0x00, 0x00, 0x00, 0x00, 0x00, 0x00, 
    0x00, 0x00, 0x00, 0x00, 0x00, 0x00, 0x00, 0x00, 0x00, 0x00, 0x00, 0x00, 
    0x00, 0x00, 0x00, 0x00, 0x00, 0x00, 0x00, 0x00, 0x00, 0x00, 0x00, 0x00, 
    0x00, 0x00, 0x00, 0x00, 0x00, 0x00, 0x00, 0x00, 0x00, 0x00, 0x00, 0x00, 
    0x00, 0x00, 0x00, 0x00, 0x00, 0x00, 0x00, 0x00, 0x00, 0x00, 0x00, 0x00, 
    0x00, 0x00, 0x00, 0x00, 0x00, 0x00, 0x00, 0x00, 0x00, 0x00, 0x00, 0x00, 
    0x00, 0x00, 0x00, 0x00, 0x00, 0x00, 0x00, 0x00, 0x00, 0x00, 0x00, 0x00, 
    0x00, 0x00, 0x00, 0x00, 0x00, 0x00, 0x00, 0x00, 0x00, 0x00, 0x00, 0x00, 
    0x00, 0x00, 0x00, 0x00, 0x00, 0x00, 0x00, 0x00, 0x00, 0x00, 0x00, 0x00, 
    0x00, 0x00, 0x00, 0x00, 0x00, 0x00, 0x00, 0x00, 0x00, 0x00, 0x00, 0x00, 
    0x00, 0x00, 0x00, 0x00, 0x00, 0x00, 0x00, 0x00, 0x00, 0x00, 0x00, 0x00, 
    0x00, 0x00, 0x00, 0x00, 0x00, 0x00, 0x00, 0x00, 0x00, 0x00, 0x00, 0x00, 
    0x00, 0x00, 0x00, 0x00, 0x00, 0x00, 0x00, 0x00, 0x00, 0x00, 0x00, 0x00, 
    0x00, 0x00, 0x00, 0x00, 0x00, 0x00, 0x00, 0x00, 0x00, 0x00, 0x00, 0x00, 
    0x00, 0x00, 0x00, 0x00, 0x00, 0x00, 0x00, 0x00, 0x00, 0x00, 0x00, 0x00, 
    0x00, 0x00, 0x00, 0x00, 0x00, 0x00, 0x00, 0x00, 0x00, 0x00, 0x00, 0x00, 
    0x00, 0x00, 0x00, 0x00, 0x00, 0x00, 0x00, 0x00, 0x00, 0x00, 0x00, 0x00, 
    0x00, 0x00, 0x00, 0x00, 0x00, 0x00, 0x00, 0x00, 0x00, 0x00, 0x00, 0x00, 
    0x00, 0x00, 0x00, 0x00, 0x00, 0x00, 0x00, 0x00, 0x00, 0x00, 0x00, 0x00, 
    0x00, 0x00, 0x00, 0x00, 0x00, 0x00, 0x00, 0x00, 0x00, 0x00, 0x00, 0x00, 
    0x00, 0x00, 0x00, 0x00, 0x00, 0x00, 0x00, 0x00, 0x00, 0x00, 0x00, 0x00, 
    0x00, 0x00, 0x00, 0x00, 0x00, 0x00, 0x00, 0x00, 0x00, 0x00, 0x00, 0x00, 
    0x00, 0x00, 0x00, 0x00, 0x00, 0x00, 0x00, 0x00, 0x00, 0x00, 0x00, 0x00, 
    0x00, 0x00, 0x00, 0x00, 0x00, 0x00, 0x00, 0x00, 0x00, 0x00, 0x00, 0x00, 
    0x00, 0x00, 0x00, 0x00, 0x00, 0x00, 0x00, 0x00, 0x00, 0x00, 0x00, 0x00, 
    0x01, 0x00, 0x00, 0x00, 0x04, 0x00, 0xf1, 0xff, 0x00, 0x00, 0x00, 0x00, 
    0x00, 0x00, 0x00, 0x00, 0x00, 0x00, 0x00, 0x00, 0x00, 0x00, 0x00, 0x00, 
    0x1f, 0x00, 0x00, 0x00, 0x00, 0x00, 0x01, 0x00, 0x00, 0x00, 0x01, 0x40, 
    0x00, 0x00, 0x00, 0x00, 0x00, 0x00, 0x00, 0x00, 0x00, 0x00, 0x00, 0x00, 
    0x22, 0x00, 0x00, 0x00, 0x02, 0x00, 0x01, 0x00, 0x10, 0x00, 0x01, 0x40, 
    0x00, 0x00, 0x00, 0x00, 0x54, 0x00, 0x00, 0x00, 0x00, 0x00, 0x00, 0x00, 
    0x48, 0x00, 0x00, 0x00, 0x00, 0x00, 0x01, 0x00, 0x10, 0x00, 0x01, 0x40, 
    0x00, 0x00, 0x00, 0x00, 0x00, 0x00, 0x00, 0x00, 0x00, 0x00, 0x00, 0x00, 
    0x4b, 0x00, 0x00, 0x00, 0x02, 0x00, 0x01, 0x00, 0x64, 0x00, 0x01, 0x40, 
    0x00, 0x00, 0x00, 0x00, 0xf8, 0x01, 0x00, 0x00, 0x00, 0x00, 0x00, 0x00, 
    0x7b, 0x00, 0x00, 0x00, 0x02, 0x00, 0x01, 0x00, 0x98, 0x0b, 0x01, 0x40, 
    0x00, 0x00, 0x00, 0x00, 0xe4, 0x01, 0x00, 0x00, 0x00, 0x00, 0x00, 0x00, 
    0xba, 0x00, 0x00, 0x00, 0x00, 0x00, 0x01, 0x00, 0x64, 0x00, 0x01, 0x40, 
    0x00, 0x00, 0x00, 0x00, 0x00, 0x00, 0x00, 0x00, 0x00, 0x00, 0x00, 0x00, 
    0xbd, 0x00, 0x00, 0x00, 0x02, 0x00, 0x01, 0x00, 0x74, 0x12, 0x01, 0x40, 
    0x00, 0x00, 0x00, 0x00, 0x0c, 0x00, 0x00, 0x00, 0x00, 0x00, 0x00, 0x00, 
    0xd1, 0x00, 0x00, 0x00, 0x01, 0x00, 0x03, 0x00, 0x20, 0xb0, 0x01, 0x40, 
    0x00, 0x00, 0x00, 0x00, 0x08, 0x00, 0x00, 0x00, 0x00, 0x00, 0x00, 0x00, 
    0xfb, 0x00, 0x00, 0x00, 0x02, 0x00, 0x01, 0x00, 0x54, 0x12, 0x01, 0x40, 
    0x00, 0x00, 0x00, 0x00, 0x08, 0x00, 0x00, 0x00, 0x00, 0x00, 0x00, 0x00, 
    0x0f, 0x01, 0x00, 0x00, 0x02, 0x00, 0x01, 0x00, 0x38, 0x0b, 0x01, 0x40, 
    0x00, 0x00, 0x00, 0x00, 0x2c, 0x00, 0x00, 0x00, 0x00, 0x00, 0x00, 0x00, 
    0x4b, 0x01, 0x00, 0x00, 0x02, 0x00, 0x01, 0x00, 0x1c, 0x09, 0x01, 0x40, 
    0x00, 0x00, 0x00, 0x00, 0x28, 0x00, 0x00, 0x00, 0x00, 0x00, 0x00, 0x00, 
    0x83, 0x01, 0x00, 0x00, 0x00, 0x00, 0x01, 0x00, 0x5c, 0x02, 0x01, 0x40, 
    0x00, 0x00, 0x00, 0x00, 0x00, 0x00, 0x00, 0x00, 0x00, 0x00, 0x00, 0x00, 
    0x86, 0x01, 0x00, 0x00, 0x02, 0x00, 0x01, 0x00, 0x64, 0x0b, 0x01, 0x40, 
    0x00, 0x00, 0x00, 0x00, 0x18, 0x00, 0x00, 0x00, 0x00, 0x00, 0x00, 0x00, 
    0x01, 0x02, 0x00, 0x00, 0x02, 0x00, 0x01, 0x00, 0x14, 0x12, 0x01, 0x40, 
    0x00, 0x00, 0x00, 0x00, 0x0c, 0x00, 0x00, 0x00, 0x00, 0x00, 0x00, 0x00, 
    0x15, 0x02, 0x00, 0x00, 0x02, 0x00, 0x01, 0x00, 0x9c, 0x0d, 0x01, 0x40, 
    0x00, 0x00, 0x00, 0x00, 0x00, 0x01, 0x00, 0x00, 0x00, 0x00, 0x00, 0x00, 
    0x3b, 0x02, 0x00, 0x00, 0x02, 0x00, 0x01, 0x00, 0x50, 0x04, 0x01, 0x40, 
    0x00, 0x00, 0x00, 0x00, 0x50, 0x00, 0x00, 0x00, 0x00, 0x00, 0x00, 0x00, 
    0x75, 0x02, 0x00, 0x00, 0x00, 0x00, 0x01, 0x00, 0x50, 0x04, 0x01, 0x40, 
    0x00, 0x00, 0x00, 0x00, 0x00, 0x00, 0x00, 0x00, 0x00, 0x00, 0x00, 0x00, 
    0x78, 0x02, 0x00, 0x00, 0x02, 0x00, 0x01, 0x00, 0xa0, 0x04, 0x01, 0x40, 
    0x00, 0x00, 0x00, 0x00, 0x20, 0x00, 0x00, 0x00, 0x00, 0x00, 0x00, 0x00, 
    0xc7, 0x02, 0x00, 0x00, 0x02, 0x00, 0x01, 0x00, 0xc0, 0x04, 0x01, 0x40, 
    0x00, 0x00, 0x00, 0x00, 0x20, 0x00, 0x00, 0x00, 0x00, 0x00, 0x00, 0x00, 
    0x18, 0x03, 0x00, 0x00, 0x02, 0x00, 0x01, 0x00, 0x00, 0x05, 0x01, 0x40, 
    0x00, 0x00, 0x00, 0x00, 0x20, 0x00, 0x00, 0x00, 0x00, 0x00, 0x00, 0x00, 
    0x6a, 0x03, 0x00, 0x00, 0x02, 0x00, 0x01, 0x00, 0xe0, 0x04, 0x01, 0x40, 
    0x00, 0x00, 0x00, 0x00, 0x20, 0x00, 0x00, 0x00, 0x00, 0x00, 0x00, 0x00, 
    0xbc, 0x03, 0x00, 0x00, 0x00, 0x00, 0x01, 0x00, 0xa0, 0x04, 0x01, 0x40, 
    0x00, 0x00, 0x00, 0x00, 0x00, 0x00, 0x00, 0x00, 0x00, 0x00, 0x00, 0x00, 
    0xbf, 0x03, 0x00, 0x00, 0x02, 0x00, 0x01, 0x00, 0x5c, 0x12, 0x01, 0x40, 
    0x00, 0x00, 0x00, 0x00, 0x18, 0x00, 0x00, 0x00, 0x00, 0x00, 0x00, 0x00, 
    0xd3, 0x03, 0x00, 0x00, 0x02, 0x00, 0x01, 0x00, 0x04, 0x12, 0x01, 0x40, 
    0x00, 0x00, 0x00, 0x00, 0x10, 0x00, 0x00, 0x00, 0x00, 0x00, 0x00, 0x00, 
    0xe7, 0x03, 0x00, 0x00, 0x00, 0x00, 0x01, 0x00, 0xc0, 0x04, 0x01, 0x40, 
    0x00, 0x00, 0x00, 0x00, 0x00, 0x00, 0x00, 0x00, 0x00, 0x00, 0x00, 0x00, 
    0xea, 0x03, 0x00, 0x00, 0x00, 0x00, 0x01, 0x00, 0xe0, 0x04, 0x01, 0x40, 
    0x00, 0x00, 0x00, 0x00, 0x00, 0x00, 0x00, 0x00, 0x00, 0x00, 0x00, 0x00, 
    0xed, 0x03, 0x00, 0x00, 0x00, 0x00, 0x01, 0x00, 0x00, 0x05, 0x01, 0x40, 
    0x00, 0x00, 0x00, 0x00, 0x00, 0x00, 0x00, 0x00, 0x00, 0x00, 0x00, 0x00, 
    0xf0, 0x03, 0x00, 0x00, 0x02, 0x00, 0x01, 0x00, 0x20, 0x05, 0x01, 0x40, 
    0x00, 0x00, 0x00, 0x00, 0x78, 0x02, 0x00, 0x00, 0x00, 0x00, 0x00, 0x00, 
    0x30, 0x04, 0x00, 0x00, 0x00, 0x00, 0x01, 0x00, 0x20, 0x05, 0x01, 0x40, 
    0x00, 0x00, 0x00, 0x00, 0x00, 0x00, 0x00, 0x00, 0x00, 0x00, 0x00, 0x00, 
    0x33, 0x04, 0x00, 0x00, 0x02, 0x00, 0x01, 0x00, 0x3c, 0x12, 0x01, 0x40, 
    0x00, 0x00, 0x00, 0x00, 0x0c, 0x00, 0x00, 0x00, 0x00, 0x00, 0x00, 0x00, 
    0x47, 0x04, 0x00, 0x00, 0x02, 0x00, 0x01, 0x00, 0xbc, 0x07, 0x01, 0x40, 
    0x00, 0x00, 0x00, 0x00, 0x68, 0x00, 0x00, 0x00, 0x00, 0x00, 0x00, 0x00, 
    0x96, 0x04, 0x00, 0x00, 0x02, 0x00, 0x01, 0x00, 0xbc, 0x08, 0x01, 0x40, 
    0x00, 0x00, 0x00, 0x00, 0x60, 0x00, 0x00, 0x00, 0x00, 0x00, 0x00, 0x00, 
    0xd0, 0x04, 0x00, 0x00, 0x02, 0x00, 0x01, 0x00, 0x20, 0x12, 0x01, 0x40, 
    0x00, 0x00, 0x00, 0x00, 0x10, 0x00, 0x00, 0x00, 0x00, 0x00, 0x00, 0x00, 
    0xe4, 0x04, 0x00, 0x00, 0x02, 0x00, 0x01, 0x00, 0x98, 0x07, 0x01, 0x40, 
    0x00, 0x00, 0x00, 0x00, 0x24, 0x00, 0x00, 0x00, 0x00, 0x00, 0x00, 0x00, 
    0x12, 0x05, 0x00, 0x00, 0x00, 0x00, 0x01, 0x00, 0x98, 0x07, 0x01, 0x40, 
    0x00, 0x00, 0x00, 0x00, 0x00, 0x00, 0x00, 0x00, 0x00, 0x00, 0x00, 0x00, 
    0x15, 0x05, 0x00, 0x00, 0x02, 0x00, 0x01, 0x00, 0x9c, 0x0e, 0x01, 0x40, 
    0x00, 0x00, 0x00, 0x00, 0xfc, 0x01, 0x00, 0x00, 0x00, 0x00, 0x00, 0x00, 
    0x44, 0x05, 0x00, 0x00, 0x00, 0x00, 0x01, 0x00, 0xbc, 0x07, 0x01, 0x40, 
    0x00, 0x00, 0x00, 0x00, 0x00, 0x00, 0x00, 0x00, 0x00, 0x00, 0x00, 0x00, 
    0x47, 0x05, 0x00, 0x00, 0x02, 0x00, 0x01, 0x00, 0x24, 0x08, 0x01, 0x40, 
    0x00, 0x00, 0x00, 0x00, 0x98, 0x00, 0x00, 0x00, 0x00, 0x00, 0x00, 0x00, 
    0x80, 0x05, 0x00, 0x00, 0x00, 0x00, 0x01, 0x00, 0x24, 0x08, 0x01, 0x40, 
    0x00, 0x00, 0x00, 0x00, 0x00, 0x00, 0x00, 0x00, 0x00, 0x00, 0x00, 0x00, 
    0x83, 0x05, 0x00, 0x00, 0x00, 0x00, 0x02, 0x00, 0x00, 0x20, 0x01, 0x40, 
    0x00, 0x00, 0x00, 0x00, 0x00, 0x00, 0x00, 0x00, 0x00, 0x00, 0x00, 0x00, 
    0x86, 0x05, 0x00, 0x00, 0x00, 0x00, 0x01, 0x00, 0xbc, 0x08, 0x01, 0x40, 
    0x00, 0x00, 0x00, 0x00, 0x00, 0x00, 0x00, 0x00, 0x00, 0x00, 0x00, 0x00, 
    0x89, 0x05, 0x00, 0x00, 0x00, 0x00, 0x01, 0x00, 0x1c, 0x09, 0x01, 0x40, 
    0x00, 0x00, 0x00, 0x00, 0x00, 0x00, 0x00, 0x00, 0x00, 0x00, 0x00, 0x00, 
    0x8c, 0x05, 0x00, 0x00, 0x02, 0x00, 0x01, 0x00, 0x44, 0x09, 0x01, 0x40, 
    0x00, 0x00, 0x00, 0x00, 0xc0, 0x01, 0x00, 0x00, 0x00, 0x00, 0x00, 0x00, 
    0xb0, 0x05, 0x00, 0x00, 0x00, 0x00, 0x01, 0x00, 0x44, 0x09, 0x01, 0x40, 
    0x00, 0x00, 0x00, 0x00, 0x00, 0x00, 0x00, 0x00, 0x00, 0x00, 0x00, 0x00, 
    0xb3, 0x05, 0x00, 0x00, 0x02, 0x00, 0x01, 0x00, 0x04, 0x0b, 0x01, 0x40, 
    0x00, 0x00, 0x00, 0x00, 0x14, 0x00, 0x00, 0x00, 0x00, 0x00, 0x00, 0x00, 
    0xfe, 0x05, 0x00, 0x00, 0x00, 0x00, 0x01, 0x00, 0x04, 0x0b, 0x01, 0x40, 
    0x00, 0x00, 0x00, 0x00, 0x00, 0x00, 0x00, 0x00, 0x00, 0x00, 0x00, 0x00, 
    0x01, 0x06, 0x00, 0x00, 0x02, 0x00, 0x01, 0x00, 0x18, 0x0b, 0x01, 0x40, 
    0x00, 0x00, 0x00, 0x00, 0x20, 0x00, 0x00, 0x00, 0x00, 0x00, 0x00, 0x00, 
    0x61, 0x06, 0x00, 0x00, 0x00, 0x00, 0x01, 0x00, 0x18, 0x0b, 0x01, 0x40, 
    0x00, 0x00, 0x00, 0x00, 0x00, 0x00, 0x00, 0x00, 0x00, 0x00, 0x00, 0x00, 
    0x64, 0x06, 0x00, 0x00, 0x00, 0x00, 0x01, 0x00, 0x38, 0x0b, 0x01, 0x40, 
    0x00, 0x00, 0x00, 0x00, 0x00, 0x00, 0x00, 0x00, 0x00, 0x00, 0x00, 0x00, 
    0x67, 0x06, 0x00, 0x00, 0x00, 0x00, 0x01, 0x00, 0x64, 0x0b, 0x01, 0x40, 
    0x00, 0x00, 0x00, 0x00, 0x00, 0x00, 0x00, 0x00, 0x00, 0x00, 0x00, 0x00, 
    0x6a, 0x06, 0x00, 0x00, 0x02, 0x00, 0x01, 0x00, 0x30, 0x12, 0x01, 0x40, 
    0x00, 0x00, 0x00, 0x00, 0x0c, 0x00, 0x00, 0x00, 0x00, 0x00, 0x00, 0x00, 
    0x7e, 0x06, 0x00, 0x00, 0x02, 0x00, 0x01, 0x00, 0x48, 0x12, 0x01, 0x40, 
    0x00, 0x00, 0x00, 0x00, 0x0c, 0x00, 0x00, 0x00, 0x00, 0x00, 0x00, 0x00, 
    0x92, 0x06, 0x00, 0x00, 0x02, 0x00, 0x01, 0x00, 0x7c, 0x0b, 0x01, 0x40, 
    0x00, 0x00, 0x00, 0x00, 0x1c, 0x00, 0x00, 0x00, 0x00, 0x00, 0x00, 0x00, 
    0x0f, 0x07, 0x00, 0x00, 0x00, 0x00, 0x01, 0x00, 0x7c, 0x0b, 0x01, 0x40, 
    0x00, 0x00, 0x00, 0x00, 0x00, 0x00, 0x00, 0x00, 0x00, 0x00, 0x00, 0x00, 
    0x12, 0x07, 0x00, 0x00, 0x00, 0x00, 0x01, 0x00, 0x98, 0x0b, 0x01, 0x40, 
    0x00, 0x00, 0x00, 0x00, 0x00, 0x00, 0x00, 0x00, 0x00, 0x00, 0x00, 0x00, 
    0x15, 0x07, 0x00, 0x00, 0x02, 0x00, 0x01, 0x00, 0x7c, 0x0d, 0x01, 0x40, 
    0x00, 0x00, 0x00, 0x00, 0x20, 0x00, 0x00, 0x00, 0x00, 0x00, 0x00, 0x00, 
    0x8d, 0x07, 0x00, 0x00, 0x01, 0x00, 0x03, 0x00, 0x08, 0x30, 0x01, 0x40, 
    0x00, 0x00, 0x00, 0x00, 0x18, 0x80, 0x00, 0x00, 0x00, 0x00, 0x00, 0x00, 
    0xb6, 0x07, 0x00, 0x00, 0x01, 0x00, 0x03, 0x00, 0x00, 0x30, 0x01, 0x40, 
    0x00, 0x00, 0x00, 0x00, 0x04, 0x00, 0x00, 0x00, 0x00, 0x00, 0x00, 0x00, 
    0xe3, 0x07, 0x00, 0x00, 0x00, 0x00, 0x01, 0x00, 0x7c, 0x0d, 0x01, 0x40, 
    0x00, 0x00, 0x00, 0x00, 0x00, 0x00, 0x00, 0x00, 0x00, 0x00, 0x00, 0x00, 
    0xe6, 0x07, 0x00, 0x00, 0x00, 0x00, 0x01, 0x00, 0x9c, 0x0d, 0x01, 0x40, 
    0x00, 0x00, 0x00, 0x00, 0x00, 0x00, 0x00, 0x00, 0x00, 0x00, 0x00, 0x00, 
    0xe9, 0x07, 0x00, 0x00, 0x00, 0x00, 0x01, 0x00, 0x9c, 0x0e, 0x01, 0x40, 
    0x00, 0x00, 0x00, 0x00, 0x00, 0x00, 0x00, 0x00, 0x00, 0x00, 0x00, 0x00, 
    0xec, 0x07, 0x00, 0x00, 0x02, 0x00, 0x01, 0x00, 0x98, 0x10, 0x01, 0x40, 
    0x00, 0x00, 0x00, 0x00, 0x18, 0x00, 0x00, 0x00, 0x00, 0x00, 0x00, 0x00, 
    0x68, 0x08, 0x00, 0x00, 0x02, 0x00, 0x01, 0x00, 0xb0, 0x10, 0x01, 0x40, 
    0x00, 0x00, 0x00, 0x00, 0x10, 0x00, 0x00, 0x00, 0x00, 0x00, 0x00, 0x00, 
    0xc4, 0x08, 0x00, 0x00, 0x02, 0x00, 0x01, 0x00, 0xc0, 0x10, 0x01, 0x40, 
    0x00, 0x00, 0x00, 0x00, 0x14, 0x00, 0x00, 0x00, 0x00, 0x00, 0x00, 0x00, 
    0x21, 0x09, 0x00, 0x00, 0x02, 0x00, 0x01, 0x00, 0xd4, 0x10, 0x01, 0x40, 
    0x00, 0x00, 0x00, 0x00, 0x14, 0x00, 0x00, 0x00, 0x00, 0x00, 0x00, 0x00, 
    0x4a, 0x09, 0x00, 0x00, 0x00, 0x00, 0x01, 0x00, 0x98, 0x10, 0x01, 0x40, 
    0x00, 0x00, 0x00, 0x00, 0x00, 0x00, 0x00, 0x00, 0x00, 0x00, 0x00, 0x00, 
    0x4d, 0x09, 0x00, 0x00, 0x00, 0x00, 0x01, 0x00, 0xb0, 0x10, 0x01, 0x40, 
    0x00, 0x00, 0x00, 0x00, 0x00, 0x00, 0x00, 0x00, 0x00, 0x00, 0x00, 0x00, 
    0x50, 0x09, 0x00, 0x00, 0x00, 0x00, 0x01, 0x00, 0xc0, 0x10, 0x01, 0x40, 
    0x00, 0x00, 0x00, 0x00, 0x00, 0x00, 0x00, 0x00, 0x00, 0x00, 0x00, 0x00, 
    0x53, 0x09, 0x00, 0x00, 0x00, 0x00, 0x01, 0x00, 0xd4, 0x10, 0x01, 0x40, 
    0x00, 0x00, 0x00, 0x00, 0x00, 0x00, 0x00, 0x00, 0x00, 0x00, 0x00, 0x00, 
    0x56, 0x09, 0x00, 0x00, 0x02, 0x00, 0x01, 0x00, 0xe8, 0x10, 0x01, 0x40, 
    0x00, 0x00, 0x00, 0x00, 0x6c, 0x00, 0x00, 0x00, 0x00, 0x00, 0x00, 0x00, 
    0xb3, 0x09, 0x00, 0x00, 0x00, 0x00, 0x01, 0x00, 0xe8, 0x10, 0x01, 0x40, 
    0x00, 0x00, 0x00, 0x00, 0x00, 0x00, 0x00, 0x00, 0x00, 0x00, 0x00, 0x00, 
    0xb6, 0x09, 0x00, 0x00, 0x02, 0x00, 0x01, 0x00, 0x54, 0x11, 0x01, 0x40, 
    0x00, 0x00, 0x00, 0x00, 0xb0, 0x00, 0x00, 0x00, 0x00, 0x00, 0x00, 0x00, 
    0x15, 0x0a, 0x00, 0x00, 0x00, 0x00, 0x01, 0x00, 0x54, 0x11, 0x01, 0x40, 
    0x00, 0x00, 0x00, 0x00, 0x00, 0x00, 0x00, 0x00, 0x00, 0x00, 0x00, 0x00, 
    0x18, 0x0a, 0x00, 0x00, 0x00, 0x00, 0x01, 0x00, 0x04, 0x12, 0x01, 0x40, 
    0x00, 0x00, 0x00, 0x00, 0x00, 0x00, 0x00, 0x00, 0x00, 0x00, 0x00, 0x00, 
    0x1b, 0x0a, 0x00, 0x00, 0x00, 0x00, 0x01, 0x00, 0x14, 0x12, 0x01, 0x40, 
    0x00, 0x00, 0x00, 0x00, 0x00, 0x00, 0x00, 0x00, 0x00, 0x00, 0x00, 0x00, 
    0x1e, 0x0a, 0x00, 0x00, 0x00, 0x00, 0x01, 0x00, 0x20, 0x12, 0x01, 0x40, 
    0x00, 0x00, 0x00, 0x00, 0x00, 0x00, 0x00, 0x00, 0x00, 0x00, 0x00, 0x00, 
    0x21, 0x0a, 0x00, 0x00, 0x00, 0x00, 0x01, 0x00, 0x30, 0x12, 0x01, 0x40, 
    0x00, 0x00, 0x00, 0x00, 0x00, 0x00, 0x00, 0x00, 0x00, 0x00, 0x00, 0x00, 
    0x24, 0x0a, 0x00, 0x00, 0x00, 0x00, 0x01, 0x00, 0x3c, 0x12, 0x01, 0x40, 
    0x00, 0x00, 0x00, 0x00, 0x00, 0x00, 0x00, 0x00, 0x00, 0x00, 0x00, 0x00, 
    0x27, 0x0a, 0x00, 0x00, 0x00, 0x00, 0x01, 0x00, 0x48, 0x12, 0x01, 0x40, 
    0x00, 0x00, 0x00, 0x00, 0x00, 0x00, 0x00, 0x00, 0x00, 0x00, 0x00, 0x00, 
    0x2a, 0x0a, 0x00, 0x00, 0x00, 0x00, 0x01, 0x00, 0x54, 0x12, 0x01, 0x40, 
    0x00, 0x00, 0x00, 0x00, 0x00, 0x00, 0x00, 0x00, 0x00, 0x00, 0x00, 0x00, 
    0x2d, 0x0a, 0x00, 0x00, 0x00, 0x00, 0x01, 0x00, 0x5c, 0x12, 0x01, 0x40, 
    0x00, 0x00, 0x00, 0x00, 0x00, 0x00, 0x00, 0x00, 0x00, 0x00, 0x00, 0x00, 
    0x30, 0x0a, 0x00, 0x00, 0x00, 0x00, 0x01, 0x00, 0x74, 0x12, 0x01, 0x40, 
    0x00, 0x00, 0x00, 0x00, 0x00, 0x00, 0x00, 0x00, 0x00, 0x00, 0x00, 0x00, 
    0x33, 0x0a, 0x00, 0x00, 0x00, 0x00, 0x02, 0x00, 0x04, 0x20, 0x01, 0x40, 
    0x00, 0x00, 0x00, 0x00, 0x00, 0x00, 0x00, 0x00, 0x00, 0x00, 0x00, 0x00, 
    0x36, 0x0a, 0x00, 0x00, 0x00, 0x00, 0x02, 0x00, 0x0a, 0x20, 0x01, 0x40, 
    0x00, 0x00, 0x00, 0x00, 0x00, 0x00, 0x00, 0x00, 0x00, 0x00, 0x00, 0x00, 
    0x39, 0x0a, 0x00, 0x00, 0x00, 0x00, 0x02, 0x00, 0x40, 0x20, 0x01, 0x40, 
    0x00, 0x00, 0x00, 0x00, 0x00, 0x00, 0x00, 0x00, 0x00, 0x00, 0x00, 0x00, 
    0x3c, 0x0a, 0x00, 0x00, 0x00, 0x00, 0x02, 0x00, 0x60, 0x20, 0x01, 0x40, 
    0x00, 0x00, 0x00, 0x00, 0x00, 0x00, 0x00, 0x00, 0x00, 0x00, 0x00, 0x00, 
    0x3f, 0x0a, 0x00, 0x00, 0x00, 0x00, 0x02, 0x00, 0x68, 0x20, 0x01, 0x40, 
    0x00, 0x00, 0x00, 0x00, 0x00, 0x00, 0x00, 0x00, 0x00, 0x00, 0x00, 0x00, 
    0x42, 0x0a, 0x00, 0x00, 0x00, 0x00, 0x02, 0x00, 0x6c, 0x20, 0x01, 0x40, 
    0x00, 0x00, 0x00, 0x00, 0x00, 0x00, 0x00, 0x00, 0x00, 0x00, 0x00, 0x00, 
    0x45, 0x0a, 0x00, 0x00, 0x00, 0x00, 0x02, 0x00, 0x75, 0x20, 0x01, 0x40, 
    0x00, 0x00, 0x00, 0x00, 0x00, 0x00, 0x00, 0x00, 0x00, 0x00, 0x00, 0x00, 
    0x48, 0x0a, 0x00, 0x00, 0x00, 0x00, 0x02, 0x00, 0xcc, 0x20, 0x01, 0x40, 
    0x00, 0x00, 0x00, 0x00, 0x00, 0x00, 0x00, 0x00, 0x00, 0x00, 0x00, 0x00, 
    0x4b, 0x0a, 0x00, 0x00, 0x00, 0x00, 0x02, 0x00, 0xe8, 0x22, 0x01, 0x40, 
    0x00, 0x00, 0x00, 0x00, 0x00, 0x00, 0x00, 0x00, 0x00, 0x00, 0x00, 0x00, 
    0x4e, 0x0a, 0x00, 0x00, 0x00, 0x00, 0x02, 0x00, 0x00, 0x23, 0x01, 0x40, 
    0x00, 0x00, 0x00, 0x00, 0x00, 0x00, 0x00, 0x00, 0x00, 0x00, 0x00, 0x00, 
    0x51, 0x0a, 0x00, 0x00, 0x00, 0x00, 0x02, 0x00, 0xc8, 0x23, 0x01, 0x40, 
    0x00, 0x00, 0x00, 0x00, 0x00, 0x00, 0x00, 0x00, 0x00, 0x00, 0x00, 0x00, 
    0x54, 0x0a, 0x00, 0x00, 0x00, 0x00, 0x02, 0x00, 0xe0, 0x23, 0x01, 0x40, 
    0x00, 0x00, 0x00, 0x00, 0x00, 0x00, 0x00, 0x00, 0x00, 0x00, 0x00, 0x00, 
    0x57, 0x0a, 0x00, 0x00, 0x00, 0x00, 0x02, 0x00, 0xf8, 0x23, 0x01, 0x40, 
    0x00, 0x00, 0x00, 0x00, 0x00, 0x00, 0x00, 0x00, 0x00, 0x00, 0x00, 0x00, 
    0x5a, 0x0a, 0x00, 0x00, 0x00, 0x00, 0x02, 0x00, 0x10, 0x24, 0x01, 0x40, 
    0x00, 0x00, 0x00, 0x00, 0x00, 0x00, 0x00, 0x00, 0x00, 0x00, 0x00, 0x00, 
    0x5d, 0x0a, 0x00, 0x00, 0x00, 0x00, 0x02, 0x00, 0x28, 0x24, 0x01, 0x40, 
    0x00, 0x00, 0x00, 0x00, 0x00, 0x00, 0x00, 0x00, 0x00, 0x00, 0x00, 0x00, 
    0x60, 0x0a, 0x00, 0x00, 0x00, 0x00, 0x02, 0x00, 0x40, 0x24, 0x01, 0x40, 
    0x00, 0x00, 0x00, 0x00, 0x00, 0x00, 0x00, 0x00, 0x00, 0x00, 0x00, 0x00, 
    0x63, 0x0a, 0x00, 0x00, 0x00, 0x00, 0x02, 0x00, 0x58, 0x24, 0x01, 0x40, 
    0x00, 0x00, 0x00, 0x00, 0x00, 0x00, 0x00, 0x00, 0x00, 0x00, 0x00, 0x00, 
    0x66, 0x0a, 0x00, 0x00, 0x00, 0x00, 0x02, 0x00, 0x70, 0x24, 0x01, 0x40, 
    0x00, 0x00, 0x00, 0x00, 0x00, 0x00, 0x00, 0x00, 0x00, 0x00, 0x00, 0x00, 
    0x69, 0x0a, 0x00, 0x00, 0x00, 0x00, 0x02, 0x00, 0x88, 0x24, 0x01, 0x40, 
    0x00, 0x00, 0x00, 0x00, 0x00, 0x00, 0x00, 0x00, 0x00, 0x00, 0x00, 0x00, 
    0x6c, 0x0a, 0x00, 0x00, 0x00, 0x00, 0x02, 0x00, 0xa0, 0x24, 0x01, 0x40, 
    0x00, 0x00, 0x00, 0x00, 0x00, 0x00, 0x00, 0x00, 0x00, 0x00, 0x00, 0x00, 
    0x6f, 0x0a, 0x00, 0x00, 0x00, 0x00, 0x02, 0x00, 0xb8, 0x24, 0x01, 0x40, 
    0x00, 0x00, 0x00, 0x00, 0x00, 0x00, 0x00, 0x00, 0x00, 0x00, 0x00, 0x00, 
    0x72, 0x0a, 0x00, 0x00, 0x00, 0x00, 0x02, 0x00, 0xd0, 0x24, 0x01, 0x40, 
    0x00, 0x00, 0x00, 0x00, 0x00, 0x00, 0x00, 0x00, 0x00, 0x00, 0x00, 0x00, 
    0x75, 0x0a, 0x00, 0x00, 0x00, 0x00, 0x02, 0x00, 0xe8, 0x24, 0x01, 0x40, 
    0x00, 0x00, 0x00, 0x00, 0x00, 0x00, 0x00, 0x00, 0x00, 0x00, 0x00, 0x00, 
    0x78, 0x0a, 0x00, 0x00, 0x00, 0x00, 0x02, 0x00, 0x00, 0x25, 0x01, 0x40, 
    0x00, 0x00, 0x00, 0x00, 0x00, 0x00, 0x00, 0x00, 0x00, 0x00, 0x00, 0x00, 
    0x7b, 0x0a, 0x00, 0x00, 0x00, 0x00, 0x02, 0x00, 0x18, 0x25, 0x01, 0x40, 
    0x00, 0x00, 0x00, 0x00, 0x00, 0x00, 0x00, 0x00, 0x00, 0x00, 0x00, 0x00, 
    0x7e, 0x0a, 0x00, 0x00, 0x00, 0x00, 0x02, 0x00, 0x30, 0x25, 0x01, 0x40, 
    0x00, 0x00, 0x00, 0x00, 0x00, 0x00, 0x00, 0x00, 0x00, 0x00, 0x00, 0x00, 
    0x81, 0x0a, 0x00, 0x00, 0x00, 0x00, 0x02, 0x00, 0x48, 0x25, 0x01, 0x40, 
    0x00, 0x00, 0x00, 0x00, 0x00, 0x00, 0x00, 0x00, 0x00, 0x00, 0x00, 0x00, 
    0x84, 0x0a, 0x00, 0x00, 0x00, 0x00, 0x02, 0x00, 0x60, 0x25, 0x01, 0x40, 
    0x00, 0x00, 0x00, 0x00, 0x00, 0x00, 0x00, 0x00, 0x00, 0x00, 0x00, 0x00, 
    0x87, 0x0a, 0x00, 0x00, 0x00, 0x00, 0x02, 0x00, 0x78, 0x25, 0x01, 0x40, 
    0x00, 0x00, 0x00, 0x00, 0x00, 0x00, 0x00, 0x00, 0x00, 0x00, 0x00, 0x00, 
    0x8a, 0x0a, 0x00, 0x00, 0x00, 0x00, 0x03, 0x00, 0x00, 0x30, 0x01, 0x40, 
    0x00, 0x00, 0x00, 0x00, 0x00, 0x00, 0x00, 0x00, 0x00, 0x00, 0x00, 0x00, 
    0x8d, 0x0a, 0x00, 0x00, 0x00, 0x00, 0x03, 0x00, 0x08, 0x30, 0x01, 0x40, 
    0x00, 0x00, 0x00, 0x00, 0x00, 0x00, 0x00, 0x00, 0x00, 0x00, 0x00, 0x00, 
    0x90, 0x0a, 0x00, 0x00, 0x00, 0x00, 0x03, 0x00, 0x20, 0xb0, 0x01, 0x40, 
    0x00, 0x00, 0x00, 0x00, 0x00, 0x00, 0x00, 0x00, 0x00, 0x00, 0x00, 0x00, 
    0x93, 0x0a, 0x00, 0x00, 0x00, 0x00, 0x02, 0x00, 0x90, 0x25, 0x01, 0x40, 
    0x00, 0x00, 0x00, 0x00, 0x00, 0x00, 0x00, 0x00, 0x00, 0x00, 0x00, 0x00, 
    0x96, 0x0a, 0x00, 0x00, 0x00, 0x00, 0x02, 0x00, 0xa8, 0x25, 0x01, 0x40, 
    0x00, 0x00, 0x00, 0x00, 0x00, 0x00, 0x00, 0x00, 0x00, 0x00, 0x00, 0x00, 
    0x99, 0x0a, 0x00, 0x00, 0x00, 0x00, 0x02, 0x00, 0xc0, 0x25, 0x01, 0x40, 
    0x00, 0x00, 0x00, 0x00, 0x00, 0x00, 0x00, 0x00, 0x00, 0x00, 0x00, 0x00, 
    0x9c, 0x0a, 0x00, 0x00, 0x00, 0x00, 0x02, 0x00, 0xd8, 0x25, 0x01, 0x40, 
    0x00, 0x00, 0x00, 0x00, 0x00, 0x00, 0x00, 0x00, 0x00, 0x00, 0x00, 0x00, 
    0x9f, 0x0a, 0x00, 0x00, 0x00, 0x00, 0x02, 0x00, 0xf0, 0x25, 0x01, 0x40, 
    0x00, 0x00, 0x00, 0x00, 0x00, 0x00, 0x00, 0x00, 0x00, 0x00, 0x00, 0x00, 
    0xa2, 0x0a, 0x00, 0x00, 0x00, 0x00, 0x02, 0x00, 0x08, 0x26, 0x01, 0x40, 
    0x00, 0x00, 0x00, 0x00, 0x00, 0x00, 0x00, 0x00, 0x00, 0x00, 0x00, 0x00, 
    0xa5, 0x0a, 0x00, 0x00, 0x00, 0x00, 0x02, 0x00, 0x10, 0x26, 0x01, 0x40, 
    0x00, 0x00, 0x00, 0x00, 0x00, 0x00, 0x00, 0x00, 0x00, 0x00, 0x00, 0x00, 
    0xa8, 0x0a, 0x00, 0x00, 0x00, 0x00, 0x02, 0x00, 0x28, 0x26, 0x01, 0x40, 
    0x00, 0x00, 0x00, 0x00, 0x00, 0x00, 0x00, 0x00, 0x00, 0x00, 0x00, 0x00, 
    0xab, 0x0a, 0x00, 0x00, 0x00, 0x00, 0x02, 0x00, 0x40, 0x26, 0x01, 0x40, 
    0x00, 0x00, 0x00, 0x00, 0x00, 0x00, 0x00, 0x00, 0x00, 0x00, 0x00, 0x00, 
    0xae, 0x0a, 0x00, 0x00, 0x00, 0x00, 0x02, 0x00, 0x58, 0x26, 0x01, 0x40, 
    0x00, 0x00, 0x00, 0x00, 0x00, 0x00, 0x00, 0x00, 0x00, 0x00, 0x00, 0x00, 
    0xb1, 0x0a, 0x00, 0x00, 0x00, 0x00, 0x02, 0x00, 0x70, 0x26, 0x01, 0x40, 
    0x00, 0x00, 0x00, 0x00, 0x00, 0x00, 0x00, 0x00, 0x00, 0x00, 0x00, 0x00, 
    0xb4, 0x0a, 0x00, 0x00, 0x00, 0x00, 0x02, 0x00, 0x88, 0x26, 0x01, 0x40, 
    0x00, 0x00, 0x00, 0x00, 0x00, 0x00, 0x00, 0x00, 0x00, 0x00, 0x00, 0x00, 
    0xb7, 0x0a, 0x00, 0x00, 0x00, 0x00, 0x02, 0x00, 0xa0, 0x26, 0x01, 0x40, 
    0x00, 0x00, 0x00, 0x00, 0x00, 0x00, 0x00, 0x00, 0x00, 0x00, 0x00, 0x00, 
    0xba, 0x0a, 0x00, 0x00, 0x00, 0x00, 0x02, 0x00, 0xb8, 0x26, 0x01, 0x40, 
    0x00, 0x00, 0x00, 0x00, 0x00, 0x00, 0x00, 0x00, 0x00, 0x00, 0x00, 0x00, 
    0xbd, 0x0a, 0x00, 0x00, 0x00, 0x00, 0xf1, 0xff, 0x00, 0x00, 0x00, 0x00, 
    0x00, 0x00, 0x00, 0x00, 0x00, 0x00, 0x00, 0x00, 0x00, 0x00, 0x00, 0x00, 
    0xc0, 0x0a, 0x00, 0x00, 0x04, 0x00, 0xf1, 0xff, 0x00, 0x00, 0x00, 0x00, 
    0x00, 0x00, 0x00, 0x00, 0x00, 0x00, 0x00, 0x00, 0x00, 0x00, 0x00, 0x00, 
    0xe9, 0x0a, 0x00, 0x00, 0x00, 0x00, 0x01, 0x00, 0x80, 0x12, 0x01, 0x40, 
    0x00, 0x00, 0x00, 0x00, 0x00, 0x00, 0x00, 0x00, 0x00, 0x00, 0x00, 0x00, 
    0xec, 0x0a, 0x00, 0x00, 0x00, 0x00, 0x01, 0x00, 0x6c, 0x13, 0x01, 0x40, 
    0x00, 0x00, 0x00, 0x00, 0x00, 0x00, 0x00, 0x00, 0x00, 0x00, 0x00, 0x00, 
    0xef, 0x0a, 0x00, 0x00, 0x00, 0x00, 0x01, 0x00, 0xf4, 0x13, 0x01, 0x40, 
    0x00, 0x00, 0x00, 0x00, 0x00, 0x00, 0x00, 0x00, 0x00, 0x00, 0x00, 0x00, 
    0xf2, 0x0a, 0x00, 0x00, 0x00, 0x00, 0x01, 0x00, 0xf8, 0x13, 0x01, 0x40, 
    0x00, 0x00, 0x00, 0x00, 0x00, 0x00, 0x00, 0x00, 0x00, 0x00, 0x00, 0x00, 
    0xf5, 0x0a, 0x00, 0x00, 0x00, 0x00, 0xf1, 0xff, 0x00, 0x00, 0x00, 0x00, 
    0x00, 0x00, 0x00, 0x00, 0x00, 0x00, 0x00, 0x00, 0x00, 0x00, 0x00, 0x00, 
    0x04, 0x0b, 0x00, 0x00, 0x02, 0x02, 0x01, 0x00, 0xf8, 0x13, 0x01, 0x40, 
    0x00, 0x00, 0x00, 0x00, 0x04, 0x00, 0x00, 0x00, 0x00, 0x00, 0x00, 0x00, 
    0x0b, 0x0b, 0x00, 0x00, 0x02, 0x02, 0x01, 0x00, 0xf4, 0x13, 0x01, 0x40, 
    0x00, 0x00, 0x00, 0x00, 0x04, 0x00, 0x00, 0x00, 0x00, 0x00, 0x00, 0x00, 
    0x12, 0x0b, 0x00, 0x00, 0x02, 0x02, 0x01, 0x00, 0x80, 0x12, 0x01, 0x40, 
    0x00, 0x00, 0x00, 0x00, 0xec, 0x00, 0x00, 0x00, 0x00, 0x00, 0x00, 0x00, 
    0x45, 0x0b, 0x00, 0x00, 0x02, 0x02, 0x01, 0x00, 0x6c, 0x13, 0x01, 0x40, 
    0x00, 0x00, 0x00, 0x00, 0x88, 0x00, 0x00, 0x00, 0x00, 0x00, 0x00, 0x00, 
    0xf8, 0x0a, 0x00, 0x00, 0x12, 0x00, 0x01, 0x00, 0x00, 0x00, 0x01, 0x40, 
    0x00, 0x00, 0x00, 0x00, 0x10, 0x00, 0x00, 0x00, 0x00, 0x00, 0x00, 0x00, 
    0xff, 0x0a, 0x00, 0x00, 0x12, 0x00, 0x01, 0x00, 0x5c, 0x02, 0x01, 0x40, 
    0x00, 0x00, 0x00, 0x00, 0xf4, 0x01, 0x00, 0x00, 0x00, 0x00, 0x00, 0x00, 
    0x78, 0x0b, 0x00, 0x00, 0x10, 0x00, 0xf1, 0xff, 0x00, 0x00, 0x01, 0x40, 
    0x00, 0x00, 0x00, 0x00, 0x00, 0x00, 0x00, 0x00, 0x00, 0x00, 0x00, 0x00, 
    0x82, 0x0b, 0x00, 0x00, 0x10, 0x00, 0x03, 0x00, 0x00, 0x30, 0x01, 0x40, 
    0x00, 0x00, 0x00, 0x00, 0x00, 0x00, 0x00, 0x00, 0x00, 0x00, 0x00, 0x00, 
    0x8e, 0x0b, 0x00, 0x00, 0x10, 0x00, 0x03, 0x00, 0x28, 0xb0, 0x01, 0x40, 
    0x00, 0x00, 0x00, 0x00, 0x00, 0x00, 0x00, 0x00, 0x00, 0x00, 0x00, 0x00, 
    0x00, 0x2e, 0x74, 0x65, 0x78, 0x74, 0x00, 0x2e, 0x72, 0x6f, 0x64, 0x61, 
    0x74, 0x61, 0x00, 0x2e, 0x62, 0x73, 0x73, 0x00, 0x2e, 0x73, 0x79, 0x6d, 
    0x74, 0x61, 0x62, 0x00, 0x2e, 0x73, 0x68, 0x73, 0x74, 0x72, 0x74, 0x61, 
    0x62, 0x00, 0x2e, 0x73, 0x74, 0x72, 0x74, 0x61, 0x62, 0x00, 0x00, 0x70, 
    0x72, 0x6f, 0x62, 0x65, 0x64, 0x2e, 0x31, 0x33, 0x39, 0x61, 0x37, 0x31, 
    0x63, 0x38, 0x66, 0x31, 0x38, 0x39, 0x65, 0x31, 0x30, 0x39, 0x2d, 0x63, 
    0x67, 0x75, 0x2e, 0x30, 0x00, 0x24, 0x78, 0x00, 0x5f, 0x52, 0x4e, 0x76, 
    0x43, 0x73, 0x31, 0x47, 0x6c, 0x7a, 0x6b, 0x35, 0x57, 0x4d, 0x67, 0x62, 
    0x74, 0x5f, 0x36, 0x70, 0x72, 0x6f, 0x62, 0x65, 0x64, 0x31, 0x30, 0x62, 
    0x75, 0x73, 0x5f, 0x63, 0x72, 0x65, 0x61, 0x74, 0x65, 0x00, 0x24, 0x78, 
    0x00, 0x5f, 0x52, 0x4e, 0x76, 0x4e, 0x74, 0x43, 0x73, 0x68, 0x33, 0x78, 
    0x67, 0x6b, 0x74, 0x31, 0x34, 0x42, 0x72, 0x79, 0x5f, 0x35, 0x6c, 0x69, 
    0x62, 0x6f, 0x73, 0x34, 0x75, 0x6c, 0x6f, 0x67, 0x31, 0x33, 0x5f, 0x5f, 
    0x73, 0x74, 0x61, 0x72, 0x74, 0x5f, 0x72, 0x65, 0x63, 0x6f, 0x72, 0x64, 
    0x00, 0x5f, 0x52, 0x4e, 0x76, 0x4d, 0x73, 0x31, 0x5f, 0x4e, 0x74, 0x43, 
    0x73, 0x68, 0x33, 0x78, 0x67, 0x6b, 0x74, 0x31, 0x34, 0x42, 0x72, 0x79, 
    0x5f, 0x35, 0x6c, 0x69, 0x62, 0x6f, 0x73, 0x34, 0x75, 0x6c, 0x6f, 0x67, 
    0x4e, 0x74, 0x42, 0x35, 0x5f, 0x31, 0x33, 0x52, 0x65, 0x63, 0x6f, 0x72, 
    0x64, 0x42, 0x75, 0x69, 0x6c, 0x64, 0x65, 0x72, 0x36, 0x66, 0x69, 0x6e, 
    0x69, 0x73, 0x68, 0x00, 0x24, 0x78, 0x00, 0x4f, 0x55, 0x54, 0x4c, 0x49, 
    0x4e, 0x45, 0x44, 0x5f, 0x46, 0x55, 0x4e, 0x43, 0x54, 0x49, 0x4f, 0x4e, 
    0x5f, 0x38, 0x00, 0x5f, 0x52, 0x4e, 0x76, 0x4e, 0x74, 0x43, 0x73, 0x68, 
    0x33, 0x78, 0x67, 0x6b, 0x74, 0x31, 0x34, 0x42, 0x72, 0x79, 0x5f, 0x35, 
    0x6c, 0x69, 0x62, 0x6f, 0x73, 0x34, 0x75, 0x6c, 0x6f, 0x67, 0x39, 0x42, 
    0x4f, 0x4f, 0x54, 0x5f, 0x54, 0x49, 0x4d, 0x45, 0x00, 0x4f, 0x55, 0x54, 
    0x4c, 0x49, 0x4e, 0x45, 0x44, 0x5f, 0x46, 0x55, 0x4e, 0x43, 0x54, 0x49, 
    0x4f, 0x4e, 0x5f, 0x36, 0x00, 0x5f, 0x52, 0x49, 0x4e, 0x76, 0x4e, 0x74, 
    0x43, 0x73, 0x62, 0x5a, 0x34, 0x39, 0x39, 0x72, 0x32, 0x6e, 0x42, 0x51, 
    0x48, 0x5f, 0x34, 0x63, 0x6f, 0x72, 0x65, 0x35, 0x73, 0x6c, 0x69, 0x63, 
    0x65, 0x32, 0x30, 0x63, 0x6f, 0x70, 0x79, 0x5f, 0x66, 0x72, 0x6f, 0x6d, 
    0x5f, 0x73, 0x6c, 0x69, 0x63, 0x65, 0x5f, 0x69, 0x6d, 0x70, 0x6c, 0x68, 
    0x45, 0x42, 0x34, 0x5f, 0x00, 0x5f, 0x52, 0x4e, 0x76, 0x4e, 0x74, 0x43, 
    0x73, 0x62, 0x5a, 0x34, 0x39, 0x39, 0x72, 0x32, 0x6e, 0x42, 0x51, 0x48, 
    0x5f, 0x34, 0x63, 0x6f, 0x72, 0x65, 0x39, 0x70, 0x61, 0x6e, 0x69, 0x63, 
    0x6b, 0x69, 0x6e, 0x67, 0x31, 0x38, 0x70, 0x61, 0x6e, 0x69, 0x63, 0x5f, 
    0x62, 0x6f, 0x75, 0x6e, 0x64, 0x73, 0x5f, 0x63, 0x68, 0x65, 0x63, 0x6b, 
    0x00, 0x24, 0x78, 0x00, 0x5f, 0x52, 0x4e, 0x76, 0x58, 0x73, 0x32, 0x5f, 
    0x4e, 0x74, 0x4e, 0x74, 0x43, 0x73, 0x62, 0x5a, 0x34, 0x39, 0x39, 0x72, 
    0x32, 0x6e, 0x42, 0x51, 0x48, 0x5f, 0x34, 0x63, 0x6f, 0x72, 0x65, 0x35, 
    0x73, 0x6c, 0x69, 0x63, 0x65, 0x35, 0x69, 0x6e, 0x64, 0x65, 0x78, 0x49, 
    0x4e, 0x74, 0x4e, 0x74, 0x4e, 0x74, 0x42, 0x39, 0x5f, 0x33, 0x6f, 0x70, 
    0x73, 0x35, 0x72, 0x61, 0x6e, 0x67, 0x65, 0x35, 0x52, 0x61, 0x6e, 0x67, 
    0x65, 0x6a, 0x45, 0x49, 0x4e, 0x74, 0x42, 0x35, 0x5f, 0x31, 0x30, 0x53, 
    0x6c, 0x69, 0x63, 0x65, 0x49, 0x6e, 0x64, 0x65, 0x78, 0x53, 0x68, 0x45, 
    0x39, 0x69, 0x6e, 0x64, 0x65, 0x78, 0x5f, 0x6d, 0x75, 0x74, 0x43, 0x73, 
    0x68, 0x33, 0x78, 0x67, 0x6b, 0x74, 0x31, 0x34, 0x42, 0x72, 0x79, 0x5f, 
    0x35, 0x6c, 0x69, 0x62, 0x6f, 0x73, 0x00, 0x4f, 0x55, 0x54, 0x4c, 0x49, 
    0x4e, 0x45, 0x44, 0x5f, 0x46, 0x55, 0x4e, 0x43, 0x54, 0x49, 0x4f, 0x4e, 
    0x5f, 0x31, 0x00, 0x5f, 0x52, 0x4e, 0x76, 0x4e, 0x74, 0x43, 0x73, 0x68, 
    0x33, 0x78, 0x67, 0x6b, 0x74, 0x31, 0x34, 0x42, 0x72, 0x79, 0x5f, 0x35, 
    0x6c, 0x69, 0x62, 0x6f, 0x73, 0x34, 0x75, 0x6c, 0x6f, 0x67, 0x35, 0x66, 
    0x6c, 0x75, 0x73, 0x68, 0x00, 0x5f, 0x52, 0x4e, 0x76, 0x4e, 0x74, 0x4e, 
    0x74, 0x43, 0x73, 0x62, 0x5a, 0x34, 0x39, 0x39, 0x72, 0x32, 0x6e, 0x42, 
    0x51, 0x48, 0x5f, 0x34, 0x63, 0x6f, 0x72, 0x65, 0x35, 0x73, 0x6c, 0x69, 
    0x63, 0x65, 0x35, 0x69, 0x6e, 0x64, 0x65, 0x78, 0x31, 0x36, 0x73, 0x6c, 
    0x69, 0x63, 0x65, 0x5f, 0x69, 0x6e, 0x64, 0x65, 0x78, 0x5f, 0x66, 0x61, 
    0x69, 0x6c, 0x00, 0x24, 0x78, 0x00, 0x5f, 0x52, 0x4e, 0x76, 0x4e, 0x76, 
    0x4e, 0x76, 0x4e, 0x74, 0x4e, 0x74, 0x43, 0x73, 0x62, 0x5a, 0x34, 0x39, 
    0x39, 0x72, 0x32, 0x6e, 0x42, 0x51, 0x48, 0x5f, 0x34, 0x63, 0x6f, 0x72, 
    0x65, 0x35, 0x73, 0x6c, 0x69, 0x63, 0x65, 0x35, 0x69, 0x6e, 0x64, 0x65, 
    0x78, 0x31, 0x36, 0x73, 0x6c, 0x69, 0x63, 0x65, 0x5f, 0x69, 0x6e, 0x64, 
    0x65, 0x78, 0x5f, 0x66, 0x61, 0x69, 0x6c, 0x38, 0x64, 0x6f, 0x5f, 0x70, 
    0x61, 0x6e, 0x69, 0x63, 0x37, 0x72, 0x75, 0x6e, 0x74, 0x69, 0x6d, 0x65, 
    0x00, 0x5f, 0x52, 0x4e, 0x76, 0x4e, 0x76, 0x4e, 0x76, 0x4e, 0x74, 0x4e, 
    0x74, 0x43, 0x73, 0x62, 0x5a, 0x34, 0x39, 0x39, 0x72, 0x32, 0x6e, 0x42, 
    0x51, 0x48, 0x5f, 0x34, 0x63, 0x6f, 0x72, 0x65, 0x35, 0x73, 0x6c, 0x69, 
    0x63, 0x65, 0x35, 0x69, 0x6e, 0x64, 0x65, 0x78, 0x31, 0x36, 0x73, 0x6c, 
    0x69, 0x63, 0x65, 0x5f, 0x69, 0x6e, 0x64, 0x65, 0x78, 0x5f, 0x66, 0x61, 
    0x69, 0x6c, 0x73, 0x5f, 0x38, 0x64, 0x6f, 0x5f, 0x70, 0x61, 0x6e, 0x69, 
    0x63, 0x37, 0x72, 0x75, 0x6e, 0x74, 0x69, 0x6d, 0x65, 0x00, 0x5f, 0x52, 
    0x4e, 0x76, 0x4e, 0x76, 0x4e, 0x76, 0x4e, 0x74, 0x4e, 0x74, 0x43, 0x73, 
    0x62, 0x5a, 0x34, 0x39, 0x39, 0x72, 0x32, 0x6e, 0x42, 0x51, 0x48, 0x5f, 
    0x34, 0x63, 0x6f, 0x72, 0x65, 0x35, 0x73, 0x6c, 0x69, 0x63, 0x65, 0x35, 
    0x69, 0x6e, 0x64, 0x65, 0x78, 0x31, 0x36, 0x73, 0x6c, 0x69, 0x63, 0x65, 
    0x5f, 0x69, 0x6e, 0x64, 0x65, 0x78, 0x5f, 0x66, 0x61, 0x69, 0x6c, 0x73, 
    0x30, 0x5f, 0x38, 0x64, 0x6f, 0x5f, 0x70, 0x61, 0x6e, 0x69, 0x63, 0x37, 
    0x72, 0x75, 0x6e, 0x74, 0x69, 0x6d, 0x65, 0x00, 0x5f, 0x52, 0x4e, 0x76, 
    0x4e, 0x76, 0x4e, 0x76, 0x4e, 0x74, 0x4e, 0x74, 0x43, 0x73, 0x62, 0x5a, 
    0x34, 0x39, 0x39, 0x72, 0x32, 0x6e, 0x42, 0x51, 0x48, 0x5f, 0x34, 0x63, 
    0x6f, 0x72, 0x65, 0x35, 0x73, 0x6c, 0x69, 0x63, 0x65, 0x35, 0x69, 0x6e, 
    0x64, 0x65, 0x78, 0x31, 0x36, 0x73, 0x6c, 0x69, 0x63, 0x65, 0x5f, 0x69, 
    0x6e, 0x64, 0x65, 0x78, 0x5f, 0x66, 0x61, 0x69, 0x6c, 0x73, 0x31, 0x5f, 
    0x38, 0x64, 0x6f, 0x5f, 0x70, 0x61, 0x6e, 0x69, 0x63, 0x37, 0x72, 0x75, 
    0x6e, 0x74, 0x69, 0x6d, 0x65, 0x00, 0x24, 0x78, 0x00, 0x4f, 0x55, 0x54, 
    0x4c, 0x49, 0x4e, 0x45, 0x44, 0x5f, 0x46, 0x55, 0x4e, 0x43, 0x54, 0x49, 
    0x4f, 0x4e, 0x5f, 0x37, 0x00, 0x4f, 0x55, 0x54, 0x4c, 0x49, 0x4e, 0x45, 
    0x44, 0x5f, 0x46, 0x55, 0x4e, 0x43, 0x54, 0x49, 0x4f, 0x4e, 0x5f, 0x30, 
    0x00, 0x24, 0x78, 0x00, 0x24, 0x78, 0x00, 0x24, 0x78, 0x00, 0x5f, 0x52, 
    0x4e, 0x76, 0x58, 0x73, 0x69, 0x5f, 0x4e, 0x74, 0x4e, 0x74, 0x4e, 0x74, 
    0x43, 0x73, 0x62, 0x5a, 0x34, 0x39, 0x39, 0x72, 0x32, 0x6e, 0x42, 0x51, 
    0x48, 0x5f, 0x34, 0x63, 0x6f, 0x72, 0x65, 0x33, 0x66, 0x6d, 0x74, 0x33, 
    0x6e, 0x75, 0x6d, 0x33, 0x69, 0x6d, 0x70, 0x6a, 0x4e, 0x74, 0x42, 0x39, 
    0x5f, 0x37, 0x44, 0x69, 0x73, 0x70, 0x6c, 0x61, 0x79, 0x33, 0x66, 0x6d, 
    0x74, 0x00, 0x24, 0x78, 0x00, 0x4f, 0x55, 0x54, 0x4c, 0x49, 0x4e, 0x45, 
    0x44, 0x5f, 0x46, 0x55, 0x4e, 0x43, 0x54, 0x49, 0x4f, 0x4e, 0x5f, 0x34, 
    0x00, 0x5f, 0x52, 0x4e, 0x76, 0x4e, 0x76, 0x4d, 0x73, 0x61, 0x5f, 0x4e, 
    0x74, 0x43, 0x73, 0x62, 0x5a, 0x34, 0x39, 0x39, 0x72, 0x32, 0x6e, 0x42, 
    0x51, 0x48, 0x5f, 0x34, 0x63, 0x6f, 0x72, 0x65, 0x33, 0x66, 0x6d, 0x74, 
    0x4e, 0x74, 0x42, 0x37, 0x5f, 0x39, 0x46, 0x6f, 0x72, 0x6d, 0x61, 0x74, 
    0x74, 0x65, 0x72, 0x31, 0x32, 0x70, 0x61, 0x64, 0x5f, 0x69, 0x6e, 0x74, 
    0x65, 0x67, 0x72, 0x61, 0x6c, 0x31, 0x32, 0x77, 0x72, 0x69, 0x74, 0x65, 
    0x5f, 0x70, 0x72, 0x65, 0x66, 0x69, 0x78, 0x00, 0x5f, 0x52, 0x4e, 0x76, 
    0x4d, 0x73, 0x39, 0x5f, 0x4e, 0x74, 0x43, 0x73, 0x62, 0x5a, 0x34, 0x39, 
    0x39, 0x72, 0x32, 0x6e, 0x42, 0x51, 0x48, 0x5f, 0x34, 0x63, 0x6f, 0x72, 
    0x65, 0x33, 0x66, 0x6d, 0x74, 0x4e, 0x74, 0x42, 0x35, 0x5f, 0x31, 0x31, 
    0x50, 0x6f, 0x73, 0x74, 0x50, 0x61, 0x64, 0x64, 0x69, 0x6e, 0x67, 0x35, 
    0x77, 0x72, 0x69, 0x74, 0x65, 0x00, 0x4f, 0x55, 0x54, 0x4c, 0x49, 0x4e, 
    0x45, 0x44, 0x5f, 0x46, 0x55, 0x4e, 0x43, 0x54, 0x49, 0x4f, 0x4e, 0x5f, 
    0x32, 0x00, 0x5f, 0x52, 0x4e, 0x76, 0x4e, 0x74, 0x43, 0x73, 0x62, 0x5a, 
    0x34, 0x39, 0x39, 0x72, 0x32, 0x6e, 0x42, 0x51, 0x48, 0x5f, 0x34, 0x63, 
    0x6f, 0x72, 0x65, 0x39, 0x70, 0x61, 0x6e, 0x69, 0x63, 0x6b, 0x69, 0x6e, 
    0x67, 0x39, 0x70, 0x61, 0x6e, 0x69, 0x63, 0x5f, 0x66, 0x6d, 0x74, 0x00, 
    0x24, 0x78, 0x00, 0x5f, 0x52, 0x4e, 0x76, 0x43, 0x73, 0x66, 0x62, 0x66, 
    0x4d, 0x69, 0x39, 0x66, 0x73, 0x36, 0x78, 0x4f, 0x5f, 0x37, 0x5f, 0x5f, 
    0x5f, 0x72, 0x75, 0x73, 0x74, 0x63, 0x31, 0x37, 0x72, 0x75, 0x73, 0x74, 
    0x5f, 0x62, 0x65, 0x67, 0x69, 0x6e, 0x5f, 0x75, 0x6e, 0x77, 0x69, 0x6e, 
    0x64, 0x00, 0x24, 0x78, 0x00, 0x5f, 0x52, 0x4e, 0x76, 0x4d, 0x73, 0x61, 
    0x5f, 0x4e, 0x74, 0x43, 0x73, 0x62, 0x5a, 0x34, 0x39, 0x39, 0x72, 0x32, 
    0x6e, 0x42, 0x51, 0x48, 0x5f, 0x34, 0x63, 0x6f, 0x72, 0x65, 0x33, 0x66, 
    0x6d, 0x74, 0x4e, 0x74, 0x42, 0x35, 0x5f, 0x39, 0x46, 0x6f, 0x72, 0x6d, 
    0x61, 0x74, 0x74, 0x65, 0x72, 0x37, 0x70, 0x61, 0x64, 0x64, 0x69, 0x6e, 
    0x67, 0x00, 0x24, 0x78, 0x00, 0x24, 0x64, 0x00, 0x24, 0x78, 0x00, 0x24, 
    0x78, 0x00, 0x5f, 0x52, 0x4e, 0x76, 0x4e, 0x74, 0x43, 0x73, 0x62, 0x5a, 
    0x34, 0x39, 0x39, 0x72, 0x32, 0x6e, 0x42, 0x51, 0x48, 0x5f, 0x34, 0x63, 
    0x6f, 0x72, 0x65, 0x33, 0x66, 0x6d, 0x74, 0x35, 0x77, 0x72, 0x69, 0x74, 
    0x65, 0x00, 0x24, 0x78, 0x00, 0x5f, 0x52, 0x4e, 0x76, 0x4e, 0x76, 0x4e, 
    0x74, 0x43, 0x73, 0x62, 0x5a, 0x34, 0x39, 0x39, 0x72, 0x32, 0x6e, 0x42, 
    0x51, 0x48, 0x5f, 0x34, 0x63, 0x6f, 0x72, 0x65, 0x35, 0x73, 0x6c, 0x69, 
    0x63, 0x65, 0x32, 0x30, 0x63, 0x6f, 0x70, 0x79, 0x5f, 0x66, 0x72, 0x6f, 
    0x6d, 0x5f, 0x73, 0x6c, 0x69, 0x63, 0x65, 0x5f, 0x69, 0x6d, 0x70, 0x6c, 
    0x31, 0x37, 0x6c, 0x65, 0x6e, 0x5f, 0x6d, 0x69, 0x73, 0x6d, 0x61, 0x74, 
    0x63, 0x68, 0x5f, 0x66, 0x61, 0x69, 0x6c, 0x00, 0x24, 0x78, 0x00, 0x5f, 
    0x52, 0x4e, 0x76, 0x4e, 0x76, 0x4e, 0x76, 0x4e, 0x76, 0x4e, 0x74, 0x43, 
    0x73, 0x62, 0x5a, 0x34, 0x39, 0x39, 0x72, 0x32, 0x6e, 0x42, 0x51, 0x48, 
    0x5f, 0x34, 0x63, 0x6f, 0x72, 0x65, 0x35, 0x73, 0x6c, 0x69, 0x63, 0x65, 
    0x32, 0x30, 0x63, 0x6f, 0x70, 0x79, 0x5f, 0x66, 0x72, 0x6f, 0x6d, 0x5f, 
    0x73, 0x6c, 0x69, 0x63, 0x65, 0x5f, 0x69, 0x6d, 0x70, 0x6c, 0x31, 0x37, 
    0x6c, 0x65, 0x6e, 0x5f, 0x6d, 0x69, 0x73, 0x6d, 0x61, 0x74, 0x63, 0x68, 
    0x5f, 0x66, 0x61, 0x69, 0x6c, 0x38, 0x64, 0x6f, 0x5f, 0x70, 0x61, 0x6e, 
    0x69, 0x63, 0x37, 0x72, 0x75, 0x6e, 0x74, 0x69, 0x6d, 0x65, 0x00, 0x24, 
    0x78, 0x00, 0x24, 0x78, 0x00, 0x24, 0x78, 0x00, 0x4f, 0x55, 0x54, 0x4c, 
    0x49, 0x4e, 0x45, 0x44, 0x5f, 0x46, 0x55, 0x4e, 0x43, 0x54, 0x49, 0x4f, 
    0x4e, 0x5f, 0x33, 0x00, 0x4f, 0x55, 0x54, 0x4c, 0x49, 0x4e, 0x45, 0x44, 
    0x5f, 0x46, 0x55, 0x4e, 0x43, 0x54, 0x49, 0x4f, 0x4e, 0x5f, 0x35, 0x00, 
    0x5f, 0x52, 0x4e, 0x76, 0x58, 0x73, 0x65, 0x5f, 0x4e, 0x74, 0x43, 0x73, 
    0x62, 0x5a, 0x34, 0x39, 0x39, 0x72, 0x32, 0x6e, 0x42, 0x51, 0x48, 0x5f, 
    0x34, 0x63, 0x6f, 0x72, 0x65, 0x35, 0x61, 0x72, 0x72, 0x61, 0x79, 0x41, 
    0x68, 0x6a, 0x32, 0x30, 0x30, 0x5f, 0x49, 0x4e, 0x74, 0x4e, 0x74, 0x4e, 
    0x74, 0x42, 0x37, 0x5f, 0x33, 0x6f, 0x70, 0x73, 0x35, 0x69, 0x6e, 0x64, 
    0x65, 0x78, 0x38, 0x49, 0x6e, 0x64, 0x65, 0x78, 0x4d, 0x75, 0x74, 0x49, 
    0x4e, 0x74, 0x4e, 0x74, 0x42, 0x49, 0x5f, 0x35, 0x72, 0x61, 0x6e, 0x67, 
    0x65, 0x35, 0x52, 0x61, 0x6e, 0x67, 0x65, 0x6a, 0x45, 0x45, 0x39, 0x69, 
    0x6e, 0x64, 0x65, 0x78, 0x5f, 0x6d, 0x75, 0x74, 0x43, 0x73, 0x68, 0x33, 
    0x78, 0x67, 0x6b, 0x74, 0x31, 0x34, 0x42, 0x72, 0x79, 0x5f, 0x35, 0x6c, 
    0x69, 0x62, 0x6f, 0x73, 0x00, 0x24, 0x78, 0x00, 0x24, 0x78, 0x00, 0x5f, 
    0x52, 0x4e, 0x76, 0x58, 0x73, 0x64, 0x5f, 0x4e, 0x74, 0x43, 0x73, 0x62, 
    0x5a, 0x34, 0x39, 0x39, 0x72, 0x32, 0x6e, 0x42, 0x51, 0x48, 0x5f, 0x34, 
    0x63, 0x6f, 0x72, 0x65, 0x35, 0x61, 0x72, 0x72, 0x61, 0x79, 0x41, 0x68, 
    0x6a, 0x32, 0x30, 0x30, 0x5f, 0x49, 0x4e, 0x74, 0x4e, 0x74, 0x4e, 0x74, 
    0x42, 0x37, 0x5f, 0x33, 0x6f, 0x70, 0x73, 0x35, 0x69, 0x6e, 0x64, 0x65, 
    0x78, 0x35, 0x49, 0x6e, 0x64, 0x65, 0x78, 0x49, 0x4e, 0x74, 0x4e, 0x74, 
    0x42, 0x49, 0x5f, 0x35, 0x72, 0x61, 0x6e, 0x67, 0x65, 0x37, 0x52, 0x61, 
    0x6e, 0x67, 0x65, 0x54, 0x6f, 0x6a, 0x45, 0x45, 0x35, 0x69, 0x6e, 0x64, 
    0x65, 0x78, 0x43, 0x73, 0x68, 0x33, 0x78, 0x67, 0x6b, 0x74, 0x31, 0x34, 
    0x42, 0x72, 0x79, 0x5f, 0x35, 0x6c, 0x69, 0x62, 0x6f, 0x73, 0x00, 0x5f, 
    0x52, 0x4e, 0x76, 0x4e, 0x74, 0x43, 0x73, 0x68, 0x33, 0x78, 0x67, 0x6b, 
    0x74, 0x31, 0x34, 0x42, 0x72, 0x79, 0x5f, 0x35, 0x6c, 0x69, 0x62, 0x6f, 
    0x73, 0x34, 0x75, 0x6c, 0x6f, 0x67, 0x38, 0x4c, 0x4f, 0x47, 0x5f, 0x52, 
    0x49, 0x4e, 0x47, 0x00, 0x5f, 0x52, 0x4e, 0x76, 0x4e, 0x74, 0x43, 0x73, 
    0x68, 0x33, 0x78, 0x67, 0x6b, 0x74, 0x31, 0x34, 0x42, 0x72, 0x79, 0x5f, 
    0x35, 0x6c, 0x69, 0x62, 0x6f, 0x73, 0x34, 0x75, 0x6c, 0x6f, 0x67, 0x31, 
    0x31, 0x52, 0x49, 0x4e, 0x47, 0x5f, 0x57, 0x52, 0x49, 0x54, 0x45, 0x53, 
    0x00, 0x24, 0x78, 0x00, 0x24, 0x78, 0x00, 0x24, 0x78, 0x00, 0x5f, 0x52, 
    0x4e, 0x76, 0x58, 0x73, 0x32, 0x5f, 0x4e, 0x74, 0x4e, 0x74, 0x43, 0x73, 
    0x62, 0x5a, 0x34, 0x39, 0x39, 0x72, 0x32, 0x6e, 0x42, 0x51, 0x48, 0x5f, 
    0x34, 0x63, 0x6f, 0x72, 0x65, 0x35, 0x73, 0x6c, 0x69, 0x63, 0x65, 0x35, 
    0x69, 0x6e, 0x64, 0x65, 0x78, 0x49, 0x4e, 0x74, 0x4e, 0x74, 0x4e, 0x74, 
    0x42, 0x39, 0x5f, 0x33, 0x6f, 0x70, 0x73, 0x35, 0x72, 0x61, 0x6e, 0x67, 
    0x65, 0x35, 0x52, 0x61, 0x6e, 0x67, 0x65, 0x6a, 0x45, 0x49, 0x4e, 0x74, 
    0x42, 0x35, 0x5f, 0x31, 0x30, 0x53, 0x6c, 0x69, 0x63, 0x65, 0x49, 0x6e, 
    0x64, 0x65, 0x78, 0x53, 0x68, 0x45, 0x39, 0x69, 0x6e, 0x64, 0x65, 0x78, 
    0x5f, 0x6d, 0x75, 0x74, 0x43, 0x73, 0x31, 0x61, 0x48, 0x73, 0x59, 0x6e, 
    0x34, 0x4b, 0x38, 0x45, 0x4e, 0x5f, 0x36, 0x6c, 0x69, 0x62, 0x73, 0x79, 
    0x73, 0x00, 0x5f, 0x52, 0x4e, 0x76, 0x58, 0x73, 0x31, 0x5f, 0x4e, 0x74, 
    0x4e, 0x74, 0x43, 0x73, 0x62, 0x5a, 0x34, 0x39, 0x39, 0x72, 0x32, 0x6e, 
    0x42, 0x51, 0x48, 0x5f, 0x34, 0x63, 0x6f, 0x72, 0x65, 0x35, 0x70, 0x61, 
    0x6e, 0x69, 0x63, 0x31, 0x30, 0x70, 0x61, 0x6e, 0x69, 0x63, 0x5f, 0x69, 
    0x6e, 0x66, 0x6f, 0x4e, 0x74, 0x42, 0x35, 0x5f, 0x31, 0x32, 0x50, 0x61, 
    0x6e, 0x69, 0x63, 0x4d, 0x65, 0x73, 0x73, 0x61, 0x67, 0x65, 0x4e, 0x74, 
    0x4e, 0x74, 0x42, 0x39, 0x5f, 0x33, 0x66, 0x6d, 0x74, 0x37, 0x44, 0x69, 
    0x73, 0x70, 0x6c, 0x61, 0x79, 0x33, 0x66, 0x6d, 0x74, 0x00, 0x5f, 0x52, 
    0x4e, 0x76, 0x59, 0x4e, 0x74, 0x4e, 0x76, 0x43, 0x73, 0x31, 0x61, 0x48, 
    0x73, 0x59, 0x6e, 0x34, 0x4b, 0x38, 0x45, 0x4e, 0x5f, 0x36, 0x6c, 0x69, 
    0x62, 0x73, 0x79, 0x73, 0x35, 0x70, 0x61, 0x6e, 0x69, 0x63, 0x39, 0x42, 
    0x75, 0x66, 0x57, 0x72, 0x69, 0x74, 0x65, 0x72, 0x4e, 0x74, 0x4e, 0x74, 
    0x43, 0x73, 0x62, 0x5a, 0x34, 0x39, 0x39, 0x72, 0x32, 0x6e, 0x42, 0x51, 
    0x48, 0x5f, 0x34, 0x63, 0x6f, 0x72, 0x65, 0x33, 0x66, 0x6d, 0x74, 0x35, 
    0x57, 0x72, 0x69, 0x74, 0x65, 0x39, 0x77, 0x72, 0x69, 0x74, 0x65, 0x5f, 
    0x66, 0x6d, 0x74, 0x42, 0x36, 0x5f, 0x00, 0x5f, 0x52, 0x4e, 0x76, 0x4e, 
    0x74, 0x43, 0x73, 0x31, 0x61, 0x48, 0x73, 0x59, 0x6e, 0x34, 0x4b, 0x38, 
    0x45, 0x4e, 0x5f, 0x36, 0x6c, 0x69, 0x62, 0x73, 0x79, 0x73, 0x37, 0x73, 
    0x79, 0x73, 0x63, 0x61, 0x6c, 0x6c, 0x34, 0x65, 0x78, 0x69, 0x74, 0x00, 
    0x24, 0x78, 0x00, 0x24, 0x78, 0x00, 0x24, 0x78, 0x00, 0x24, 0x78, 0x00, 
    0x5f, 0x52, 0x4e, 0x76, 0x58, 0x4e, 0x76, 0x43, 0x73, 0x31, 0x61, 0x48, 
    0x73, 0x59, 0x6e, 0x34, 0x4b, 0x38, 0x45, 0x4e, 0x5f, 0x36, 0x6c, 0x69, 
    0x62, 0x73, 0x79, 0x73, 0x35, 0x70, 0x61, 0x6e, 0x69, 0x63, 0x4e, 0x74, 
    0x42, 0x32, 0x5f, 0x39, 0x42, 0x75, 0x66, 0x57, 0x72, 0x69, 0x74, 0x65, 
    0x72, 0x4e, 0x74, 0x4e, 0x74, 0x43, 0x73, 0x62, 0x5a, 0x34, 0x39, 0x39, 
    0x72, 0x32, 0x6e, 0x42, 0x51, 0x48, 0x5f, 0x34, 0x63, 0x6f, 0x72, 0x65, 
    0x33, 0x66, 0x6d, 0x74, 0x35, 0x57, 0x72, 0x69, 0x74, 0x65, 0x39, 0x77, 
    0x72, 0x69, 0x74, 0x65, 0x5f, 0x73, 0x74, 0x72, 0x00, 0x24, 0x78, 0x00, 
    0x5f, 0x52, 0x4e, 0x76, 0x59, 0x4e, 0x74, 0x4e, 0x76, 0x43, 0x73, 0x31, 
    0x61, 0x48, 0x73, 0x59, 0x6e, 0x34, 0x4b, 0x38, 0x45, 0x4e, 0x5f, 0x36, 
    0x6c, 0x69, 0x62, 0x73, 0x79, 0x73, 0x35, 0x70, 0x61, 0x6e, 0x69, 0x63, 
    0x39, 0x42, 0x75, 0x66, 0x57, 0x72, 0x69, 0x74, 0x65, 0x72, 0x4e, 0x74, 
    0x4e, 0x74, 0x43, 0x73, 0x62, 0x5a, 0x34, 0x39, 0x39, 0x72, 0x32, 0x6e, 
    0x42, 0x51, 0x48, 0x5f, 0x34, 0x63, 0x6f, 0x72, 0x65, 0x33, 0x66, 0x6d, 
    0x74, 0x35, 0x57, 0x72, 0x69, 0x74, 0x65, 0x31, 0x30, 0x77, 0x72, 0x69, 
    0x74, 0x65, 0x5f, 0x63, 0x68, 0x61, 0x72, 0x42, 0x36, 0x5f, 0x00, 0x24, 
    0x78, 0x00, 0x24, 0x78, 0x00, 0x24, 0x78, 0x00, 0x24, 0x78, 0x00, 0x24, 
    0x78, 0x00, 0x24, 0x78, 0x00, 0x24, 0x78, 0x00, 0x24, 0x78, 0x00, 0x24, 
    0x78, 0x00, 0x24, 0x78, 0x00, 0x24, 0x64, 0x00, 0x24, 0x64, 0x00, 0x24, 
    0x64, 0x00, 0x24, 0x64, 0x00, 0x24, 0x64, 0x00, 0x24, 0x64, 0x00, 0x24, 
    0x64, 0x00, 0x24, 0x64, 0x00, 0x24, 0x64, 0x00, 0x24, 0x64, 0x00, 0x24, 
    0x64, 0x00, 0x24, 0x64, 0x00, 0x24, 0x64, 0x00, 0x24, 0x64, 0x00, 0x24, 
    0x64, 0x00, 0x24, 0x64, 0x00, 0x24, 0x64, 0x00, 0x24, 0x64, 0x00, 0x24, 
    0x64, 0x00, 0x24, 0x64, 0x00, 0x24, 0x64, 0x00, 0x24, 0x64, 0x00, 0x24, 
    0x64, 0x00, 0x24, 0x64, 0x00, 0x24, 0x64, 0x00, 0x24, 0x64, 0x00, 0x24, 
    0x64, 0x00, 0x24, 0x64, 0x00, 0x24, 0x64, 0x00, 0x24, 0x64, 0x00, 0x24, 
    0x64, 0x00, 0x24, 0x64, 0x00, 0x24, 0x64, 0x00, 0x24, 0x64, 0x00, 0x24, 
    0x64, 0x00, 0x24, 0x64, 0x00, 0x24, 0x64, 0x00, 0x24, 0x64, 0x00, 0x24, 
    0x64, 0x00, 0x24, 0x64, 0x00, 0x24, 0x64, 0x00, 0x24, 0x64, 0x00, 0x24, 
    0x64, 0x00, 0x24, 0x64, 0x00, 0x24, 0x64, 0x00, 0x24, 0x64, 0x00, 0x24, 
    0x64, 0x00, 0x63, 0x6f, 0x6d, 0x70, 0x69, 0x6c, 0x65, 0x72, 0x5f, 0x62, 
    0x75, 0x69, 0x6c, 0x74, 0x69, 0x6e, 0x73, 0x2e, 0x39, 0x62, 0x36, 0x33, 
    0x37, 0x66, 0x61, 0x65, 0x36, 0x62, 0x34, 0x65, 0x38, 0x63, 0x64, 0x66, 
    0x2d, 0x63, 0x67, 0x75, 0x2e, 0x30, 0x00, 0x24, 0x78, 0x00, 0x24, 0x78, 
    0x00, 0x24, 0x78, 0x00, 0x24, 0x78, 0x00, 0x24, 0x64, 0x00, 0x5f, 0x73, 
    0x74, 0x61, 0x72, 0x74, 0x00, 0x6d, 0x61, 0x69, 0x6e, 0x00, 0x6d, 0x65, 
    0x6d, 0x73, 0x65, 0x74, 0x00, 0x6d, 0x65, 0x6d, 0x63, 0x70, 0x79, 0x00, 
    0x5f, 0x52, 0x4e, 0x76, 0x4e, 0x74, 0x43, 0x73, 0x64, 0x6c, 0x38, 0x34, 
    0x42, 0x33, 0x68, 0x64, 0x66, 0x74, 0x6a, 0x5f, 0x31, 0x37, 0x63, 0x6f, 
    0x6d, 0x70, 0x69, 0x6c, 0x65, 0x72, 0x5f, 0x62, 0x75, 0x69, 0x6c, 0x74, 
    0x69, 0x6e, 0x73, 0x33, 0x6d, 0x65, 0x6d, 0x36, 0x6d, 0x65, 0x6d, 0x63, 
    0x70, 0x79, 0x00, 0x5f, 0x52, 0x4e, 0x76, 0x4e, 0x74, 0x43, 0x73, 0x64, 
    0x6c, 0x38, 0x34, 0x42, 0x33, 0x68, 0x64, 0x66, 0x74, 0x6a, 0x5f, 0x31, 
    0x37, 0x63, 0x6f, 0x6d, 0x70, 0x69, 0x6c, 0x65, 0x72, 0x5f, 0x62, 0x75, 
    0x69, 0x6c, 0x74, 0x69, 0x6e, 0x73, 0x33, 0x6d, 0x65, 0x6d, 0x36, 0x6d, 
    0x65, 0x6d, 0x73, 0x65, 0x74, 0x00, 0x55, 0x53, 0x45, 0x52, 0x5f, 0x42, 
    0x41, 0x53, 0x45, 0x00, 0x5f, 0x5f, 0x62, 0x73, 0x73, 0x5f, 0x73, 0x74, 
    0x61, 0x72, 0x74, 0x00, 0x5f, 0x5f, 0x62, 0x73, 0x73, 0x5f, 0x65, 0x6e, 
    0x64, 0x00, 0x00, 0x00, 0x00, 0x00, 0x00, 0x00, 0x00, 0x00, 0x00, 0x00, 
    0x00, 0x00, 0x00, 0x00, 0x00, 0x00, 0x00, 0x00, 0x00, 0x00, 0x00, 0x00, 
    0x00, 0x00, 0x00, 0x00, 0x00, 0x00, 0x00, 0x00, 0x00, 0x00, 0x00, 0x00, 
    0x00, 0x00, 0x00, 0x00, 0x00, 0x00, 0x00, 0x00, 0x00, 0x00, 0x00, 0x00, 
    0x00, 0x00, 0x00, 0x00, 0x00, 0x00, 0x00, 0x00, 0x00, 0x00, 0x00, 0x00, 
    0x00, 0x00, 0x00, 0x00, 0x00, 0x00, 0x00, 0x00, 0x01, 0x00, 0x00, 0x00, 
    0x01, 0x00, 0x00, 0x00, 0x06, 0x00, 0x00, 0x00, 0x00, 0x00, 0x00, 0x00, 
    0x00, 0x00, 0x01, 0x40, 0x00, 0x00, 0x00, 0x00, 0x20, 0x01, 0x00, 0x00, 
    0x00, 0x00, 0x00, 0x00, 0xfc, 0x13, 0x00, 0x00, 0x00, 0x00, 0x00, 0x00, 
    0x00, 0x00, 0x00, 0x00, 0x00, 0x00, 0x00, 0x00, 0x04, 0x00, 0x00, 0x00, 
    0x00, 0x00, 0x00, 0x00, 0x00, 0x00, 0x00, 0x00, 0x00, 0x00, 0x00, 0x00, 
    0x07, 0x00, 0x00, 0x00, 0x01, 0x00, 0x00, 0x00, 0x32, 0x00, 0x00, 0x00, 
    0x00, 0x00, 0x00, 0x00, 0x00, 0x20, 0x01, 0x40, 0x00, 0x00, 0x00, 0x00, 
    0x00, 0x20, 0x00, 0x00, 0x00, 0x00, 0x00, 0x00, 0xe8, 0x06, 0x00, 0x00, 
    0x00, 0x00, 0x00, 0x00, 0x00, 0x00, 0x00, 0x00, 0x00, 0x00, 0x00, 0x00, 
    0x00, 0x10, 0x00, 0x00, 0x00, 0x00, 0x00, 0x00, 0x00, 0x00, 0x00, 0x00, 
    0x00, 0x00, 0x00, 0x00, 0x0f, 0x00, 0x00, 0x00, 0x08, 0x00, 0x00, 0x00, 
    0x03, 0x00, 0x00, 0x00, 0x00, 0x00, 0x00, 0x00, 0x00, 0x30, 0x01, 0x40, 
    0x00, 0x00, 0x00, 0x00, 0x00, 0x30, 0x00, 0x00, 0x00, 0x00, 0x00, 0x00, 
    0x28, 0x80, 0x00, 0x00, 0x00, 0x00, 0x00, 0x00, 0x00, 0x00, 0x00, 0x00, 
    0x00, 0x00, 0x00, 0x00, 0x00, 0x10, 0x00, 0x00, 0x00, 0x00, 0x00, 0x00, 
    0x00, 0x00, 0x00, 0x00, 0x00, 0x00, 0x00, 0x00, 0x14, 0x00, 0x00, 0x00, 
    0x02, 0x00, 0x00, 0x00, 0x00, 0x00, 0x00, 0x00, 0x00, 0x00, 0x00, 0x00, 
    0x00, 0x00, 0x00, 0x00, 0x00, 0x00, 0x00, 0x00, 0x00, 0x30, 0x00, 0x00, 
    0x00, 0x00, 0x00, 0x00, 0xb0, 0x0d, 0x00, 0x00, 0x00, 0x00, 0x00, 0x00, 
    0x06, 0x00, 0x00, 0x00, 0x8d, 0x00, 0x00, 0x00, 0x08, 0x00, 0x00, 0x00, 
    0x00, 0x00, 0x00, 0x00, 0x18, 0x00, 0x00, 0x00, 0x00, 0x00, 0x00, 0x00, 
    0x1c, 0x00, 0x00, 0x00, 0x03, 0x00, 0x00, 0x00, 0x00, 0x00, 0x00, 0x00, 
    0x00, 0x00, 0x00, 0x00, 0x00, 0x00, 0x00, 0x00, 0x00, 0x00, 0x00, 0x00, 
    0xb0, 0x3d, 0x00, 0x00, 0x00, 0x00, 0x00, 0x00, 0x2e, 0x00, 0x00, 0x00, 
    0x00, 0x00, 0x00, 0x00, 0x00, 0x00, 0x00, 0x00, 0x00, 0x00, 0x00, 0x00, 
    0x01, 0x00, 0x00, 0x00, 0x00, 0x00, 0x00, 0x00, 0x00, 0x00, 0x00, 0x00, 
    0x00, 0x00, 0x00, 0x00, 0x26, 0x00, 0x00, 0x00, 0x03, 0x00, 0x00, 0x00, 
    0x00, 0x00, 0x00, 0x00, 0x00, 0x00, 0x00, 0x00, 0x00, 0x00, 0x00, 0x00, 
    0x00, 0x00, 0x00, 0x00, 0xde, 0x3d, 0x00, 0x00, 0x00, 0x00, 0x00, 0x00, 
    0x98, 0x0b, 0x00, 0x00, 0x00, 0x00, 0x00, 0x00, 0x00, 0x00, 0x00, 0x00, 
    0x00, 0x00, 0x00, 0x00, 0x01, 0x00, 0x00, 0x00, 0x00, 0x00, 0x00, 0x00, 
    0x00, 0x00, 0x00, 0x00, 0x00, 0x00, 0x00, 0x00, 
];
